ticker,ts_utc,close
XLY,2025-01-06T14:30:00Z,228.18
XLY,2025-01-06T14:31:00Z,228.145
XLY,2025-01-06T14:32:00Z,228.43
XLY,2025-01-06T14:33:00Z,228.37
XLY,2025-01-06T14:34:00Z,228.04
XLY,2025-01-06T14:35:00Z,228.06
XLY,2025-01-06T14:36:00Z,227.82
XLY,2025-01-06T14:37:00Z,227.94
XLY,2025-01-06T14:39:00Z,227.6
XLY,2025-01-06T14:40:00Z,227.7
XLY,2025-01-06T14:42:00Z,227.865
XLY,2025-01-06T14:43:00Z,227.87
XLY,2025-01-06T14:44:00Z,227.67
XLY,2025-01-06T14:45:00Z,227.81
XLY,2025-01-06T14:46:00Z,227.82
XLY,2025-01-06T14:47:00Z,227.75
XLY,2025-01-06T14:48:00Z,227.59
XLY,2025-01-06T14:50:00Z,227.58
XLY,2025-01-06T14:51:00Z,227.49
XLY,2025-01-06T14:53:00Z,228.065
XLY,2025-01-06T14:54:00Z,228.15
XLY,2025-01-06T14:55:00Z,228.29
XLY,2025-01-06T14:56:00Z,227.89
XLY,2025-01-06T14:57:00Z,227.81
XLY,2025-01-06T14:58:00Z,227.9
XLY,2025-01-06T15:00:00Z,227.79
XLY,2025-01-06T15:03:00Z,227.96
TSLA,2025-01-06T13:12:00Z,420.0
TSLA,2025-01-06T13:50:00Z,421.01
TSLA,2025-01-06T14:01:00Z,421.45
TSLA,2025-01-06T14:19:00Z,420.43
TSLA,2025-01-06T14:30:00Z,421.98
TSLA,2025-01-06T14:31:00Z,420.5
TSLA,2025-01-06T14:32:00Z,424.89
TSLA,2025-01-06T14:33:00Z,422.64
TSLA,2025-01-06T14:34:00Z,421.99
TSLA,2025-01-06T14:35:00Z,420.4
TSLA,2025-01-06T14:36:00Z,421.32
TSLA,2025-01-06T14:37:00Z,419.7
TSLA,2025-01-06T14:38:00Z,418.09
TSLA,2025-01-06T14:39:00Z,417.29
TSLA,2025-01-06T14:40:00Z,420.635
TSLA,2025-01-06T14:41:00Z,420.7
TSLA,2025-01-06T14:42:00Z,421.01
TSLA,2025-01-06T14:43:00Z,420.17
TSLA,2025-01-06T14:44:00Z,418.0
TSLA,2025-01-06T14:45:00Z,418.66
TSLA,2025-01-06T14:46:00Z,417.28
TSLA,2025-01-06T14:47:00Z,418.31
TSLA,2025-01-06T14:48:00Z,418.36
TSLA,2025-01-06T14:49:00Z,418.16
TSLA,2025-01-06T14:50:00Z,417.3
TSLA,2025-01-06T14:51:00Z,416.66
TSLA,2025-01-06T14:52:00Z,417.73
TSLA,2025-01-06T14:53:00Z,420.79
TSLA,2025-01-06T14:54:00Z,420.695
TSLA,2025-01-06T14:55:00Z,420.75
TSLA,2025-01-06T14:56:00Z,418.21
TSLA,2025-01-06T14:57:00Z,419.07
TSLA,2025-01-06T14:58:00Z,418.61
TSLA,2025-01-06T14:59:00Z,417.99
TSLA,2025-01-06T15:00:00Z,417.79
TSLA,2025-01-06T15:01:00Z,416.0
TSLA,2025-01-06T15:02:00Z,417.12
TSLA,2025-01-06T15:03:00Z,416.9
TSLA,2025-01-06T15:04:00Z,414.48
TSLA,2025-01-06T15:05:00Z,413.58
AMZN,2025-01-06T14:30:00Z,226.825
AMZN,2025-01-06T14:31:00Z,226.12
AMZN,2025-01-06T14:32:00Z,225.67
AMZN,2025-01-06T14:33:00Z,225.83
AMZN,2025-01-06T14:34:00Z,226.22
AMZN,2025-01-06T14:35:00Z,226.105
AMZN,2025-01-06T14:36:00Z,226.24
AMZN,2025-01-06T14:37:00Z,226.405
AMZN,2025-01-06T14:38:00Z,226.26
AMZN,2025-01-06T14:39:00Z,225.83
AMZN,2025-01-06T14:40:00Z,226.0
AMZN,2025-01-06T14:41:00Z,225.46
AMZN,2025-01-06T14:42:00Z,224.9
AMZN,2025-01-06T14:43:00Z,225.25
AMZN,2025-01-06T14:44:00Z,225.185
AMZN,2025-01-06T14:45:00Z,225.74
AMZN,2025-01-06T14:46:00Z,225.855
AMZN,2025-01-06T14:47:00Z,225.745
AMZN,2025-01-06T14:48:00Z,225.78
AMZN,2025-01-06T14:49:00Z,226.05
AMZN,2025-01-06T14:50:00Z,225.86
AMZN,2025-01-06T14:51:00Z,225.75
AMZN,2025-01-06T14:52:00Z,225.6
AMZN,2025-01-06T14:53:00Z,225.8
AMZN,2025-01-06T14:54:00Z,225.93
AMZN,2025-01-06T14:55:00Z,226.27
AMZN,2025-01-06T14:56:00Z,225.81
AMZN,2025-01-06T14:57:00Z,225.85
AMZN,2025-01-06T14:58:00Z,225.93
AMZN,2025-01-06T14:59:00Z,225.92
AMZN,2025-01-06T15:00:00Z,225.97
AMZN,2025-01-06T15:01:00Z,226.13
AMZN,2025-01-06T15:02:00Z,226.45
AMZN,2025-01-06T15:03:00Z,226.41
AMZN,2025-01-06T15:04:00Z,226.47
AMZN,2025-01-06T15:05:00Z,226.19
MCD,2025-01-28T14:30:00Z,292.065
MCD,2025-01-28T14:31:00Z,291.82
MCD,2025-01-28T14:32:00Z,291.905
MCD,2025-01-28T14:34:00Z,291.87
MCD,2025-01-28T14:35:00Z,292.21
MCD,2025-01-28T14:36:00Z,293.115
MCD,2025-01-28T14:37:00Z,293.285
MCD,2025-01-28T14:38:00Z,293.07
MCD,2025-01-28T14:39:00Z,293.3
MCD,2025-01-28T14:40:00Z,293.43
MCD,2025-01-28T14:41:00Z,293.24
MCD,2025-01-28T14:42:00Z,293.29
MCD,2025-01-28T14:43:00Z,294.2
MCD,2025-01-28T14:44:00Z,294.18
MCD,2025-01-28T14:45:00Z,294.28
MCD,2025-01-28T14:46:00Z,294.19
MCD,2025-01-28T14:48:00Z,294.18
MCD,2025-01-28T14:49:00Z,293.965
MCD,2025-01-28T14:50:00Z,294.085
MCD,2025-01-28T14:51:00Z,294.0
MCD,2025-01-28T14:52:00Z,293.91
MCD,2025-01-28T14:53:00Z,294.12
MCD,2025-01-28T14:54:00Z,294.2
MCD,2025-01-28T14:55:00Z,293.96
MCD,2025-01-28T14:56:00Z,293.665
MCD,2025-01-28T14:57:00Z,293.83
MCD,2025-01-28T14:58:00Z,293.62
MCD,2025-01-28T14:59:00Z,293.71
MCD,2025-01-28T15:00:00Z,293.14
MCD,2025-01-28T15:01:00Z,293.08
MCD,2025-01-28T15:03:00Z,293.69
MCD,2025-01-28T15:04:00Z,293.85
XLY,2025-01-28T14:30:00Z,230.5
XLY,2025-01-28T14:31:00Z,230.31
XLY,2025-01-28T14:32:00Z,229.8
XLY,2025-01-28T14:33:00Z,229.89
XLY,2025-01-28T14:34:00Z,230.05
XLY,2025-01-28T14:35:00Z,229.85
XLY,2025-01-28T14:38:00Z,229.82
XLY,2025-01-28T14:41:00Z,229.9
XLY,2025-01-28T14:45:00Z,229.93
XLY,2025-01-28T14:47:00Z,229.67
XLY,2025-01-28T14:48:00Z,229.75
XLY,2025-01-28T14:49:00Z,229.88
XLY,2025-01-28T14:50:00Z,229.84
XLY,2025-01-28T14:51:00Z,229.905
XLY,2025-01-28T14:55:00Z,230.48
XLY,2025-01-28T14:58:00Z,230.39
XLY,2025-01-28T14:59:00Z,230.56
XLY,2025-01-28T15:00:00Z,230.575
XLY,2025-01-28T15:01:00Z,230.74
XLY,2025-01-28T15:03:00Z,231.1
XLY,2025-01-28T15:04:00Z,231.15
XLY,2025-01-28T15:05:00Z,231.04
TSLA,2025-01-29T14:30:00Z,395.795
TSLA,2025-01-29T14:31:00Z,394.265
TSLA,2025-01-29T14:32:00Z,396.6
TSLA,2025-01-29T14:33:00Z,398.54
TSLA,2025-01-29T14:34:00Z,396.18
TSLA,2025-01-29T14:35:00Z,395.99
TSLA,2025-01-29T14:36:00Z,395.08
TSLA,2025-01-29T14:37:00Z,393.62
TSLA,2025-01-29T14:38:00Z,392.82
TSLA,2025-01-29T14:39:00Z,392.25
TSLA,2025-01-29T14:40:00Z,393.49
TSLA,2025-01-29T14:41:00Z,393.15
TSLA,2025-01-29T14:42:00Z,393.55
TSLA,2025-01-29T14:43:00Z,394.11
TSLA,2025-01-29T14:44:00Z,394.47
TSLA,2025-01-29T14:45:00Z,393.26
TSLA,2025-01-29T14:46:00Z,393.47
TSLA,2025-01-29T14:47:00Z,393.27
TSLA,2025-01-29T14:48:00Z,392.93
TSLA,2025-01-29T14:49:00Z,392.4
TSLA,2025-01-29T14:50:00Z,392.65
TSLA,2025-01-29T14:51:00Z,392.955
TSLA,2025-01-29T14:52:00Z,393.92
TSLA,2025-01-29T14:53:00Z,394.19
TSLA,2025-01-29T14:54:00Z,393.98
TSLA,2025-01-29T14:55:00Z,394.0
TSLA,2025-01-29T14:56:00Z,394.61
TSLA,2025-01-29T14:57:00Z,394.33
TSLA,2025-01-29T14:58:00Z,393.53
TSLA,2025-01-29T14:59:00Z,393.24
TSLA,2025-01-29T15:00:00Z,393.625
TSLA,2025-01-29T15:01:00Z,392.645
TSLA,2025-01-29T15:02:00Z,393.095
TSLA,2025-01-29T15:03:00Z,392.97
TSLA,2025-01-29T15:04:00Z,393.53
TSLA,2025-01-29T15:05:00Z,393.615
XLY,2025-01-29T14:30:00Z,232.285
XLY,2025-01-29T14:31:00Z,231.98
XLY,2025-01-29T14:32:00Z,232.135
XLY,2025-01-29T14:33:00Z,232.385
XLY,2025-01-29T14:34:00Z,232.34
XLY,2025-01-29T14:36:00Z,231.865
XLY,2025-01-29T14:37:00Z,232.06
XLY,2025-01-29T14:39:00Z,232.17
XLY,2025-01-29T14:40:00Z,232.05
XLY,2025-01-29T14:41:00Z,231.81
XLY,2025-01-29T14:42:00Z,231.69
XLY,2025-01-29T14:45:00Z,231.64
XLY,2025-01-29T14:47:00Z,231.68
XLY,2025-01-29T14:50:00Z,231.62
XLY,2025-01-29T14:51:00Z,231.715
XLY,2025-01-29T14:52:00Z,231.715
XLY,2025-01-29T14:55:00Z,231.685
XLY,2025-01-29T14:56:00Z,231.59
XLY,2025-01-29T14:59:00Z,231.53
XLY,2025-01-29T15:00:00Z,231.505
XLY,2025-01-29T15:01:00Z,231.535
XLY,2025-01-29T15:02:00Z,231.58
XLY,2025-01-29T15:03:00Z,231.525
AMZN,2025-02-07T14:30:00Z,231.67
AMZN,2025-02-07T14:31:00Z,233.45
AMZN,2025-02-07T14:32:00Z,233.465
AMZN,2025-02-07T14:33:00Z,233.73
AMZN,2025-02-07T14:34:00Z,233.16
AMZN,2025-02-07T14:35:00Z,233.285
AMZN,2025-02-07T14:36:00Z,233.03
AMZN,2025-02-07T14:37:00Z,233.26
AMZN,2025-02-07T14:38:00Z,233.75
AMZN,2025-02-07T14:39:00Z,233.815
AMZN,2025-02-07T14:40:00Z,233.975
AMZN,2025-02-07T14:41:00Z,234.5
AMZN,2025-02-07T14:42:00Z,234.475
AMZN,2025-02-07T14:43:00Z,234.26
AMZN,2025-02-07T14:44:00Z,234.27
AMZN,2025-02-07T14:45:00Z,233.82
AMZN,2025-02-07T14:46:00Z,233.075
AMZN,2025-02-07T14:47:00Z,232.46
AMZN,2025-02-07T14:48:00Z,233.39
AMZN,2025-02-07T14:49:00Z,233.6
AMZN,2025-02-07T14:50:00Z,233.845
AMZN,2025-02-07T14:51:00Z,233.88
AMZN,2025-02-07T14:52:00Z,234.26
AMZN,2025-02-07T14:53:00Z,234.415
AMZN,2025-02-07T14:54:00Z,234.04
AMZN,2025-02-07T14:55:00Z,233.935
AMZN,2025-02-07T14:56:00Z,233.62
AMZN,2025-02-07T14:57:00Z,233.28
AMZN,2025-02-07T14:58:00Z,232.94
AMZN,2025-02-07T14:59:00Z,232.86
AMZN,2025-02-07T15:00:00Z,231.95
AMZN,2025-02-07T15:01:00Z,230.9
AMZN,2025-02-07T15:02:00Z,230.445
AMZN,2025-02-07T15:03:00Z,230.255
AMZN,2025-02-07T15:04:00Z,229.98
AMZN,2025-02-07T15:05:00Z,230.15
AMZN,2025-02-07T15:06:00Z,230.6
AMZN,2025-02-07T15:07:00Z,229.905
AMZN,2025-02-07T15:08:00Z,229.98
AMZN,2025-02-07T15:09:00Z,230.255
AMZN,2025-02-07T15:10:00Z,229.58
AMZN,2025-02-07T15:11:00Z,229.3
AMZN,2025-02-07T15:12:00Z,228.67
AMZN,2025-02-07T15:13:00Z,228.72
AMZN,2025-02-07T15:14:00Z,229.17
AMZN,2025-02-07T15:15:00Z,229.56
XLY,2025-02-07T14:30:00Z,228.6
XLY,2025-02-07T14:31:00Z,229.105
XLY,2025-02-07T14:32:00Z,229.49
XLY,2025-02-07T14:33:00Z,229.92
XLY,2025-02-07T14:34:00Z,229.76
XLY,2025-02-07T14:36:00Z,229.45
XLY,2025-02-07T14:37:00Z,229.41
XLY,2025-02-07T14:39:00Z,229.71
XLY,2025-02-07T14:40:00Z,229.55
XLY,2025-02-07T14:41:00Z,229.51
XLY,2025-02-07T14:42:00Z,229.86
XLY,2025-02-07T14:45:00Z,229.9
XLY,2025-02-07T14:46:00Z,229.83
XLY,2025-02-07T14:47:00Z,229.78
XLY,2025-02-07T14:50:00Z,230.07
XLY,2025-02-07T14:51:00Z,230.07
XLY,2025-02-07T14:53:00Z,230.16
XLY,2025-02-07T14:54:00Z,229.91
XLY,2025-02-07T14:55:00Z,229.785
XLY,2025-02-07T14:56:00Z,229.625
XLY,2025-02-07T14:57:00Z,229.63
XLY,2025-02-07T14:58:00Z,229.62
XLY,2025-02-07T14:59:00Z,229.56
XLY,2025-02-07T15:00:00Z,229.04
XLY,2025-02-07T15:01:00Z,228.61
XLY,2025-02-07T15:02:00Z,228.245
XLY,2025-02-07T15:03:00Z,228.475
XLY,2025-02-07T15:04:00Z,227.95
XLY,2025-02-07T15:05:00Z,227.88
XLY,2025-02-07T15:07:00Z,228.02
XLY,2025-02-07T15:08:00Z,228.21
XLY,2025-02-07T15:09:00Z,228.15
XLY,2025-02-07T15:10:00Z,227.6
XLY,2025-02-07T15:11:00Z,227.73
XLY,2025-02-07T15:12:00Z,227.4
XLY,2025-02-07T15:13:00Z,227.21
XLY,2025-02-07T15:14:00Z,227.44
AMZN,2025-02-18T14:30:00Z,228.8
AMZN,2025-02-18T14:31:00Z,228.69
AMZN,2025-02-18T14:32:00Z,228.225
AMZN,2025-02-18T14:33:00Z,228.44
AMZN,2025-02-18T14:34:00Z,228.77
AMZN,2025-02-18T14:35:00Z,228.6
AMZN,2025-02-18T14:36:00Z,228.52
AMZN,2025-02-18T14:37:00Z,228.685
AMZN,2025-02-18T14:38:00Z,228.66
AMZN,2025-02-18T14:39:00Z,228.58
AMZN,2025-02-18T14:40:00Z,228.68
AMZN,2025-02-18T14:41:00Z,228.74
AMZN,2025-02-18T14:42:00Z,229.0
AMZN,2025-02-18T14:43:00Z,228.47
AMZN,2025-02-18T14:44:00Z,228.475
AMZN,2025-02-18T14:45:00Z,228.34
AMZN,2025-02-18T14:46:00Z,228.215
AMZN,2025-02-18T14:47:00Z,227.95
AMZN,2025-02-18T14:48:00Z,228.105
AMZN,2025-02-18T14:49:00Z,228.03
AMZN,2025-02-18T14:50:00Z,227.84
AMZN,2025-02-18T14:51:00Z,227.98
AMZN,2025-02-18T14:52:00Z,228.1
AMZN,2025-02-18T14:53:00Z,228.1
AMZN,2025-02-18T14:54:00Z,228.11
AMZN,2025-02-18T14:55:00Z,228.09
AMZN,2025-02-18T14:56:00Z,228.13
AMZN,2025-02-18T14:57:00Z,227.88
AMZN,2025-02-18T14:58:00Z,227.99
AMZN,2025-02-18T14:59:00Z,227.6
AMZN,2025-02-18T15:00:00Z,227.57
AMZN,2025-02-18T15:01:00Z,227.2
AMZN,2025-02-18T15:02:00Z,226.84
AMZN,2025-02-18T15:03:00Z,226.855
AMZN,2025-02-18T15:04:00Z,226.68
AMZN,2025-02-18T15:05:00Z,226.77
XLY,2025-02-18T14:30:00Z,227.045
XLY,2025-02-18T14:31:00Z,226.845
XLY,2025-02-18T14:32:00Z,226.78
XLY,2025-02-18T14:33:00Z,226.59
XLY,2025-02-18T14:34:00Z,226.3
XLY,2025-02-18T14:35:00Z,226.07
XLY,2025-02-18T14:36:00Z,225.91
XLY,2025-02-18T14:37:00Z,225.9
XLY,2025-02-18T14:38:00Z,226.015
XLY,2025-02-18T14:39:00Z,225.99
XLY,2025-02-18T14:40:00Z,226.235
XLY,2025-02-18T14:41:00Z,226.21
XLY,2025-02-18T14:44:00Z,226.3
XLY,2025-02-18T14:45:00Z,226.32
XLY,2025-02-18T14:46:00Z,226.175
XLY,2025-02-18T14:47:00Z,226.12
XLY,2025-02-18T14:48:00Z,226.21
XLY,2025-02-18T14:49:00Z,226.2
XLY,2025-02-18T14:51:00Z,226.4
XLY,2025-02-18T14:52:00Z,226.49
XLY,2025-02-18T14:53:00Z,226.47
XLY,2025-02-18T14:54:00Z,226.52
XLY,2025-02-18T14:55:00Z,226.5
XLY,2025-02-18T14:56:00Z,226.43
XLY,2025-02-18T14:57:00Z,226.39
XLY,2025-02-18T14:58:00Z,226.49
XLY,2025-02-18T15:01:00Z,225.98
XLY,2025-02-18T15:03:00Z,225.855
XLY,2025-02-18T15:04:00Z,226.03
XLY,2025-02-18T15:05:00Z,225.965
TSLA,2025-02-19T14:06:00Z,353.61
TSLA,2025-02-19T14:12:00Z,353.37
TSLA,2025-02-19T14:24:00Z,353.1
TSLA,2025-02-19T14:25:00Z,353.1
TSLA,2025-02-19T14:30:00Z,355.72
TSLA,2025-02-19T14:31:00Z,357.225
TSLA,2025-02-19T14:32:00Z,357.14
TSLA,2025-02-19T14:33:00Z,357.97
TSLA,2025-02-19T14:34:00Z,358.28
TSLA,2025-02-19T14:35:00Z,358.655
TSLA,2025-02-19T14:36:00Z,358.52
TSLA,2025-02-19T14:37:00Z,358.03
TSLA,2025-02-19T14:38:00Z,358.13
TSLA,2025-02-19T14:39:00Z,358.38
TSLA,2025-02-19T14:40:00Z,359.22
TSLA,2025-02-19T14:41:00Z,359.29
TSLA,2025-02-19T14:42:00Z,359.87
TSLA,2025-02-19T14:43:00Z,360.74
TSLA,2025-02-19T14:44:00Z,361.06
TSLA,2025-02-19T14:45:00Z,361.02
TSLA,2025-02-19T14:46:00Z,361.56
TSLA,2025-02-19T14:47:00Z,362.45
TSLA,2025-02-19T14:48:00Z,364.305
TSLA,2025-02-19T14:49:00Z,364.86
TSLA,2025-02-19T14:50:00Z,363.78
TSLA,2025-02-19T14:51:00Z,363.61
TSLA,2025-02-19T14:52:00Z,364.06
TSLA,2025-02-19T14:53:00Z,364.945
TSLA,2025-02-19T14:54:00Z,364.2
TSLA,2025-02-19T14:55:00Z,364.34
TSLA,2025-02-19T14:56:00Z,364.59
TSLA,2025-02-19T14:57:00Z,364.52
TSLA,2025-02-19T14:58:00Z,363.88
TSLA,2025-02-19T14:59:00Z,363.64
TSLA,2025-02-19T15:00:00Z,363.97
TSLA,2025-02-19T15:01:00Z,364.45
TSLA,2025-02-19T15:02:00Z,365.38
TSLA,2025-02-19T15:03:00Z,364.795
TSLA,2025-02-19T15:04:00Z,364.345
TSLA,2025-02-19T15:05:00Z,363.86
XLY,2025-02-19T14:30:00Z,225.19
XLY,2025-02-19T14:31:00Z,225.08
XLY,2025-02-19T14:32:00Z,225.38
XLY,2025-02-19T14:33:00Z,225.41
XLY,2025-02-19T14:34:00Z,225.32
XLY,2025-02-19T14:36:00Z,225.12
XLY,2025-02-19T14:37:00Z,225.21
XLY,2025-02-19T14:38:00Z,225.16
XLY,2025-02-19T14:39:00Z,225.13
XLY,2025-02-19T14:40:00Z,225.31
XLY,2025-02-19T14:43:00Z,225.35
XLY,2025-02-19T14:44:00Z,225.36
XLY,2025-02-19T14:45:00Z,225.36
XLY,2025-02-19T14:47:00Z,225.42
XLY,2025-02-19T14:48:00Z,225.49
XLY,2025-02-19T14:49:00Z,225.5
XLY,2025-02-19T14:53:00Z,225.68
XLY,2025-02-19T15:00:00Z,225.76
TSLA,2025-02-20T13:18:00Z,361.93
TSLA,2025-02-20T14:11:00Z,361.71
TSLA,2025-02-20T14:30:00Z,359.3
TSLA,2025-02-20T14:31:00Z,359.28
TSLA,2025-02-20T14:32:00Z,359.35
TSLA,2025-02-20T14:33:00Z,358.14
TSLA,2025-02-20T14:34:00Z,358.47
TSLA,2025-02-20T14:35:00Z,356.59
TSLA,2025-02-20T14:36:00Z,355.61
TSLA,2025-02-20T14:37:00Z,355.13
TSLA,2025-02-20T14:38:00Z,356.35
TSLA,2025-02-20T14:39:00Z,356.55
TSLA,2025-02-20T14:40:00Z,356.91
TSLA,2025-02-20T14:41:00Z,357.67
TSLA,2025-02-20T14:42:00Z,358.44
TSLA,2025-02-20T14:43:00Z,357.855
TSLA,2025-02-20T14:44:00Z,357.78
TSLA,2025-02-20T14:45:00Z,356.11
TSLA,2025-02-20T14:46:00Z,355.765
TSLA,2025-02-20T14:47:00Z,354.53
TSLA,2025-02-20T14:48:00Z,354.73
TSLA,2025-02-20T14:49:00Z,354.695
TSLA,2025-02-20T14:50:00Z,353.99
TSLA,2025-02-20T14:51:00Z,353.07
TSLA,2025-02-20T14:52:00Z,352.81
TSLA,2025-02-20T14:53:00Z,351.0
TSLA,2025-02-20T14:54:00Z,351.41
TSLA,2025-02-20T14:55:00Z,351.855
TSLA,2025-02-20T14:56:00Z,352.9
TSLA,2025-02-20T14:57:00Z,351.52
TSLA,2025-02-20T14:58:00Z,350.85
TSLA,2025-02-20T14:59:00Z,350.51
TSLA,2025-02-20T15:00:00Z,349.62
TSLA,2025-02-20T15:01:00Z,348.3
TSLA,2025-02-20T15:02:00Z,350.03
TSLA,2025-02-20T15:03:00Z,350.495
TSLA,2025-02-20T15:04:00Z,350.27
TSLA,2025-02-20T15:05:00Z,351.35
XLY,2025-02-20T14:30:00Z,225.29
XLY,2025-02-20T14:31:00Z,225.17
XLY,2025-02-20T14:32:00Z,225.11
XLY,2025-02-20T14:33:00Z,225.14
XLY,2025-02-20T14:34:00Z,224.87
XLY,2025-02-20T14:37:00Z,224.7
XLY,2025-02-20T14:40:00Z,224.66
XLY,2025-02-20T14:41:00Z,224.63
XLY,2025-02-20T14:43:00Z,224.67
XLY,2025-02-20T14:44:00Z,224.41
XLY,2025-02-20T14:45:00Z,224.27
XLY,2025-02-20T14:46:00Z,224.2
XLY,2025-02-20T14:49:00Z,223.87
XLY,2025-02-20T14:50:00Z,223.72
XLY,2025-02-20T14:51:00Z,223.76
XLY,2025-02-20T14:52:00Z,223.52
XLY,2025-02-20T14:53:00Z,223.29
XLY,2025-02-20T14:54:00Z,223.25
XLY,2025-02-20T14:55:00Z,223.285
XLY,2025-02-20T14:56:00Z,223.225
XLY,2025-02-20T14:57:00Z,223.14
XLY,2025-02-20T14:58:00Z,223.04
XLY,2025-02-20T14:59:00Z,223.0
XLY,2025-02-20T15:00:00Z,222.96
XLY,2025-02-20T15:01:00Z,222.76
XLY,2025-02-20T15:02:00Z,222.7
XLY,2025-02-20T15:03:00Z,222.91
XLY,2025-02-20T15:04:00Z,222.97
XLY,2025-02-20T15:05:00Z,223.0
AAPL,2025-02-24T13:01:00Z,243.86
AAPL,2025-02-24T13:28:00Z,244.04
AAPL,2025-02-24T13:32:00Z,243.78
AAPL,2025-02-24T13:33:00Z,243.72
AAPL,2025-02-24T13:34:00Z,243.79
AAPL,2025-02-24T13:35:00Z,243.75
AAPL,2025-02-24T13:36:00Z,243.75
AAPL,2025-02-24T13:43:00Z,244.39
AAPL,2025-02-24T13:44:00Z,244.49
AAPL,2025-02-24T13:56:00Z,244.42
AAPL,2025-02-24T14:08:00Z,243.52
AAPL,2025-02-24T14:14:00Z,244.0
AAPL,2025-02-24T14:18:00Z,243.53
AAPL,2025-02-24T14:19:00Z,243.38
AAPL,2025-02-24T14:20:00Z,243.46
AAPL,2025-02-24T14:22:00Z,243.42
AAPL,2025-02-24T14:23:00Z,243.41
AAPL,2025-02-24T14:24:00Z,243.57
AAPL,2025-02-24T14:30:00Z,245.88
AAPL,2025-02-24T14:31:00Z,246.75
AAPL,2025-02-24T14:32:00Z,247.795
AAPL,2025-02-24T14:33:00Z,246.69
AAPL,2025-02-24T14:34:00Z,246.14
AAPL,2025-02-24T14:35:00Z,246.16
AAPL,2025-02-24T14:36:00Z,246.065
AAPL,2025-02-24T14:37:00Z,246.09
AAPL,2025-02-24T14:38:00Z,246.145
AAPL,2025-02-24T14:39:00Z,245.675
AAPL,2025-02-24T14:40:00Z,245.295
AAPL,2025-02-24T14:41:00Z,245.11
AAPL,2025-02-24T14:42:00Z,245.625
AAPL,2025-02-24T14:43:00Z,245.74
AAPL,2025-02-24T14:44:00Z,246.05
AAPL,2025-02-24T14:45:00Z,245.87
AAPL,2025-02-24T14:46:00Z,245.865
AAPL,2025-02-24T14:47:00Z,246.115
AAPL,2025-02-24T14:48:00Z,246.28
AAPL,2025-02-24T14:49:00Z,245.99
AAPL,2025-02-24T14:50:00Z,246.23
AAPL,2025-02-24T14:51:00Z,247.01
AAPL,2025-02-24T14:52:00Z,247.3
AAPL,2025-02-24T14:53:00Z,246.9
AAPL,2025-02-24T14:54:00Z,247.18
AAPL,2025-02-24T14:55:00Z,247.13
AAPL,2025-02-24T14:56:00Z,247.3
AAPL,2025-02-24T14:57:00Z,247.405
AAPL,2025-02-24T14:58:00Z,247.7
AAPL,2025-02-24T14:59:00Z,248.065
AAPL,2025-02-24T15:00:00Z,248.185
AAPL,2025-02-24T15:01:00Z,247.65
AAPL,2025-02-24T15:02:00Z,247.86
AAPL,2025-02-24T15:03:00Z,247.83
AAPL,2025-02-24T15:04:00Z,247.78
AAPL,2025-02-24T15:05:00Z,247.78
XLK,2025-02-24T14:30:00Z,235.69
XLK,2025-02-24T14:31:00Z,235.94
XLK,2025-02-24T14:32:00Z,236.19
XLK,2025-02-24T14:33:00Z,235.86
XLK,2025-02-24T14:34:00Z,235.47
XLK,2025-02-24T14:35:00Z,235.28
XLK,2025-02-24T14:36:00Z,235.24
XLK,2025-02-24T14:37:00Z,235.13
XLK,2025-02-24T14:38:00Z,234.93
XLK,2025-02-24T14:39:00Z,234.81
XLK,2025-02-24T14:40:00Z,234.635
XLK,2025-02-24T14:41:00Z,234.4
XLK,2025-02-24T14:42:00Z,234.44
XLK,2025-02-24T14:43:00Z,234.25
XLK,2025-02-24T14:44:00Z,234.295
XLK,2025-02-24T14:45:00Z,234.65
XLK,2025-02-24T14:46:00Z,234.8
XLK,2025-02-24T14:47:00Z,234.97
XLK,2025-02-24T14:48:00Z,234.99
XLK,2025-02-24T14:49:00Z,234.5
XLK,2025-02-24T14:51:00Z,234.48
XLK,2025-02-24T14:52:00Z,233.91
XLK,2025-02-24T14:53:00Z,233.59
XLK,2025-02-24T14:55:00Z,233.35
XLK,2025-02-24T14:56:00Z,233.65
XLK,2025-02-24T14:57:00Z,233.28
XLK,2025-02-24T14:58:00Z,233.22
XLK,2025-02-24T14:59:00Z,233.06
XLK,2025-02-24T15:00:00Z,233.18
XLK,2025-02-24T15:01:00Z,232.56
XLK,2025-02-24T15:03:00Z,232.27
XLK,2025-02-24T15:04:00Z,232.0
TSLA,2025-02-24T14:50:00Z,336.355
TSLA,2025-02-24T14:51:00Z,335.16
TSLA,2025-02-24T14:52:00Z,333.54
TSLA,2025-02-24T14:53:00Z,332.5
TSLA,2025-02-24T14:54:00Z,333.16
TSLA,2025-02-24T14:55:00Z,331.65
TSLA,2025-02-24T14:56:00Z,331.26
TSLA,2025-02-24T14:57:00Z,329.44
TSLA,2025-02-24T14:58:00Z,328.88
TSLA,2025-02-24T14:59:00Z,329.08
TSLA,2025-02-24T15:00:00Z,329.8
TSLA,2025-02-24T15:01:00Z,327.31
TSLA,2025-02-24T15:02:00Z,327.84
TSLA,2025-02-24T15:03:00Z,325.86
TSLA,2025-02-24T15:04:00Z,325.705
TSLA,2025-02-24T15:05:00Z,325.86
TSLA,2025-02-24T15:06:00Z,325.435
TSLA,2025-02-24T15:07:00Z,325.03
TSLA,2025-02-24T15:08:00Z,327.675
TSLA,2025-02-24T15:09:00Z,328.4
TSLA,2025-02-24T15:10:00Z,330.55
TSLA,2025-02-24T15:11:00Z,330.54
TSLA,2025-02-24T15:12:00Z,330.68
TSLA,2025-02-24T15:13:00Z,331.045
TSLA,2025-02-24T15:14:00Z,331.23
TSLA,2025-02-24T15:15:00Z,331.38
TSLA,2025-02-24T15:16:00Z,331.935
TSLA,2025-02-24T15:17:00Z,331.635
TSLA,2025-02-24T15:18:00Z,329.93
TSLA,2025-02-24T15:19:00Z,328.93
TSLA,2025-02-24T15:20:00Z,328.83
TSLA,2025-02-24T15:21:00Z,328.93
TSLA,2025-02-24T15:22:00Z,327.795
TSLA,2025-02-24T15:23:00Z,327.26
TSLA,2025-02-24T15:24:00Z,328.925
TSLA,2025-02-24T15:25:00Z,328.04
TSLA,2025-02-24T15:26:00Z,329.29
TSLA,2025-02-24T15:27:00Z,328.09
TSLA,2025-02-24T15:28:00Z,327.5
TSLA,2025-02-24T15:29:00Z,326.495
TSLA,2025-02-24T15:30:00Z,327.825
TSLA,2025-02-24T15:31:00Z,328.09
TSLA,2025-02-24T15:32:00Z,329.2
TSLA,2025-02-24T15:33:00Z,328.02
TSLA,2025-02-24T15:34:00Z,328.59
TSLA,2025-02-24T15:35:00Z,328.425
TSLA,2025-02-24T15:36:00Z,328.7
TSLA,2025-02-24T15:37:00Z,328.94
TSLA,2025-02-24T15:38:00Z,329.205
TSLA,2025-02-24T15:39:00Z,329.005
TSLA,2025-02-24T15:40:00Z,328.835
TSLA,2025-02-24T15:41:00Z,329.225
TSLA,2025-02-24T15:42:00Z,328.98
TSLA,2025-02-24T15:43:00Z,328.88
TSLA,2025-02-24T15:44:00Z,328.4
TSLA,2025-02-24T15:45:00Z,328.5
TSLA,2025-02-24T15:46:00Z,327.55
TSLA,2025-02-24T15:47:00Z,327.985
TSLA,2025-02-24T15:48:00Z,327.855
TSLA,2025-02-24T15:49:00Z,329.18
TSLA,2025-02-24T15:50:00Z,329.63
TSLA,2025-02-24T15:51:00Z,329.235
TSLA,2025-02-24T15:52:00Z,329.11
TSLA,2025-02-24T15:53:00Z,328.14
TSLA,2025-02-24T15:54:00Z,328.045
TSLA,2025-02-24T15:55:00Z,328.39
TSLA,2025-02-24T15:56:00Z,327.82
TSLA,2025-02-24T15:57:00Z,328.21
TSLA,2025-02-24T15:58:00Z,328.305
TSLA,2025-02-24T15:59:00Z,328.31
TSLA,2025-02-24T16:00:00Z,328.0
TSLA,2025-02-24T16:01:00Z,326.93
TSLA,2025-02-24T16:02:00Z,327.42
TSLA,2025-02-24T16:03:00Z,328.61
TSLA,2025-02-24T16:04:00Z,328.35
TSLA,2025-02-24T16:05:00Z,329.02
TSLA,2025-02-24T16:06:00Z,330.005
TSLA,2025-02-24T16:07:00Z,330.08
TSLA,2025-02-24T16:08:00Z,329.86
TSLA,2025-02-24T16:09:00Z,330.0
TSLA,2025-02-24T16:10:00Z,329.71
TSLA,2025-02-24T16:11:00Z,330.36
TSLA,2025-02-24T16:12:00Z,330.24
TSLA,2025-02-24T16:13:00Z,330.01
TSLA,2025-02-24T16:14:00Z,330.79
TSLA,2025-02-24T16:15:00Z,330.96
TSLA,2025-02-24T16:16:00Z,330.99
TSLA,2025-02-24T16:17:00Z,331.045
TSLA,2025-02-24T16:18:00Z,330.99
TSLA,2025-02-24T16:19:00Z,330.92
TSLA,2025-02-24T16:20:00Z,331.18
TSLA,2025-02-24T16:21:00Z,330.885
TSLA,2025-02-24T16:22:00Z,330.75
TSLA,2025-02-24T16:23:00Z,331.365
TSLA,2025-02-24T16:24:00Z,331.945
TSLA,2025-02-24T16:25:00Z,332.73
TSLA,2025-02-24T16:26:00Z,333.445
TSLA,2025-02-24T16:27:00Z,333.745
TSLA,2025-02-24T16:28:00Z,334.055
TSLA,2025-02-24T16:29:00Z,333.91
TSLA,2025-02-24T16:30:00Z,333.6
TSLA,2025-02-24T16:31:00Z,333.48
TSLA,2025-02-24T16:32:00Z,334.045
TSLA,2025-02-24T16:33:00Z,333.99
TSLA,2025-02-24T16:34:00Z,333.735
TSLA,2025-02-24T16:35:00Z,334.11
TSLA,2025-02-24T16:36:00Z,334.44
TSLA,2025-02-24T16:37:00Z,333.87
TSLA,2025-02-24T16:38:00Z,333.48
TSLA,2025-02-24T16:39:00Z,333.01
TSLA,2025-02-24T16:40:00Z,332.745
TSLA,2025-02-24T16:41:00Z,333.4
TSLA,2025-02-24T16:42:00Z,333.935
TSLA,2025-02-24T16:43:00Z,334.375
TSLA,2025-02-24T16:44:00Z,334.72
TSLA,2025-02-24T16:45:00Z,334.65
TSLA,2025-02-24T16:46:00Z,334.15
TSLA,2025-02-24T16:47:00Z,334.095
TSLA,2025-02-24T16:48:00Z,334.08
TSLA,2025-02-24T16:49:00Z,333.58
TSLA,2025-02-24T16:50:00Z,333.345
TSLA,2025-02-24T16:51:00Z,333.69
TSLA,2025-02-24T16:52:00Z,333.425
TSLA,2025-02-24T16:53:00Z,333.725
TSLA,2025-02-24T16:54:00Z,333.89
TSLA,2025-02-24T16:55:00Z,334.17
TSLA,2025-02-24T16:56:00Z,333.92
TSLA,2025-02-24T16:57:00Z,333.41
TSLA,2025-02-24T16:58:00Z,332.375
TSLA,2025-02-24T16:59:00Z,332.44
TSLA,2025-02-24T17:00:00Z,332.89
TSLA,2025-02-24T17:01:00Z,333.09
TSLA,2025-02-24T17:02:00Z,333.59
TSLA,2025-02-24T17:03:00Z,334.46
TSLA,2025-02-24T17:04:00Z,334.705
TSLA,2025-02-24T17:05:00Z,335.18
TSLA,2025-02-24T17:06:00Z,335.05
TSLA,2025-02-24T17:07:00Z,335.27
TSLA,2025-02-24T17:08:00Z,335.21
TSLA,2025-02-24T17:09:00Z,335.53
TSLA,2025-02-24T17:10:00Z,336.215
TSLA,2025-02-24T17:11:00Z,336.82
TSLA,2025-02-24T17:12:00Z,336.595
TSLA,2025-02-24T17:13:00Z,336.28
TSLA,2025-02-24T17:14:00Z,336.34
TSLA,2025-02-24T17:15:00Z,336.79
TSLA,2025-02-24T17:16:00Z,337.13
TSLA,2025-02-24T17:17:00Z,337.48
TSLA,2025-02-24T17:18:00Z,337.91
TSLA,2025-02-24T17:19:00Z,337.98
TSLA,2025-02-24T17:20:00Z,338.34
TSLA,2025-02-24T17:21:00Z,338.56
TSLA,2025-02-24T17:22:00Z,338.73
TSLA,2025-02-24T17:23:00Z,338.375
TSLA,2025-02-24T17:24:00Z,338.31
XLY,2025-02-24T14:51:00Z,218.43
XLY,2025-02-24T14:52:00Z,218.265
XLY,2025-02-24T14:53:00Z,217.92
XLY,2025-02-24T14:54:00Z,218.01
XLY,2025-02-24T14:55:00Z,217.87
XLY,2025-02-24T14:56:00Z,217.83
XLY,2025-02-24T14:57:00Z,217.48
XLY,2025-02-24T14:58:00Z,217.37
XLY,2025-02-24T14:59:00Z,217.38
XLY,2025-02-24T15:00:00Z,217.595
XLY,2025-02-24T15:01:00Z,217.55
XLY,2025-02-24T15:02:00Z,217.26
XLY,2025-02-24T15:03:00Z,216.99
XLY,2025-02-24T15:04:00Z,216.8
XLY,2025-02-24T15:05:00Z,216.89
XLY,2025-02-24T15:06:00Z,216.81
XLY,2025-02-24T15:07:00Z,216.68
XLY,2025-02-24T15:08:00Z,217.1
XLY,2025-02-24T15:09:00Z,217.22
XLY,2025-02-24T15:10:00Z,217.415
XLY,2025-02-24T15:11:00Z,217.575
XLY,2025-02-24T15:12:00Z,217.575
XLY,2025-02-24T15:13:00Z,217.67
XLY,2025-02-24T15:14:00Z,217.78
XLY,2025-02-24T15:17:00Z,217.755
XLY,2025-02-24T15:18:00Z,217.535
XLY,2025-02-24T15:19:00Z,217.335
XLY,2025-02-24T15:21:00Z,217.49
XLY,2025-02-24T15:24:00Z,217.835
XLY,2025-02-24T15:26:00Z,217.825
XLY,2025-02-24T15:27:00Z,217.75
XLY,2025-02-24T15:29:00Z,217.46
XLY,2025-02-24T15:30:00Z,217.68
XLY,2025-02-24T15:31:00Z,217.64
XLY,2025-02-24T15:33:00Z,217.49
XLY,2025-02-24T15:36:00Z,217.45
XLY,2025-02-24T15:42:00Z,217.43
XLY,2025-02-24T15:43:00Z,217.55
XLY,2025-02-24T15:44:00Z,217.45
XLY,2025-02-24T15:46:00Z,217.13
XLY,2025-02-24T15:47:00Z,217.16
XLY,2025-02-24T15:48:00Z,217.195
XLY,2025-02-24T15:50:00Z,217.57
XLY,2025-02-24T15:51:00Z,217.44
XLY,2025-02-24T15:56:00Z,217.09
XLY,2025-02-24T15:57:00Z,217.09
XLY,2025-02-24T15:58:00Z,217.14
XLY,2025-02-24T15:59:00Z,217.33
XLY,2025-02-24T16:00:00Z,217.29
XLY,2025-02-24T16:01:00Z,217.16
XLY,2025-02-24T16:04:00Z,217.36
XLY,2025-02-24T16:05:00Z,217.39
XLY,2025-02-24T16:06:00Z,217.445
XLY,2025-02-24T16:08:00Z,217.41
XLY,2025-02-24T16:09:00Z,217.49
XLY,2025-02-24T16:10:00Z,217.45
XLY,2025-02-24T16:11:00Z,217.49
XLY,2025-02-24T16:12:00Z,217.59
XLY,2025-02-24T16:14:00Z,217.68
XLY,2025-02-24T16:17:00Z,217.77
XLY,2025-02-24T16:18:00Z,217.81
XLY,2025-02-24T16:19:00Z,217.785
XLY,2025-02-24T16:26:00Z,218.33
XLY,2025-02-24T16:27:00Z,218.49
XLY,2025-02-24T16:34:00Z,218.52
XLY,2025-02-24T16:36:00Z,218.51
XLY,2025-02-24T16:39:00Z,218.245
XLY,2025-02-24T16:41:00Z,218.27
XLY,2025-02-24T16:42:00Z,218.48
XLY,2025-02-24T16:45:00Z,218.59
XLY,2025-02-24T16:48:00Z,218.61
XLY,2025-02-24T16:49:00Z,218.51
XLY,2025-02-24T16:51:00Z,218.41
XLY,2025-02-24T16:53:00Z,218.3
XLY,2025-02-24T16:57:00Z,218.23
XLY,2025-02-24T17:01:00Z,218.14
XLY,2025-02-24T17:06:00Z,218.47
XLY,2025-02-24T17:07:00Z,218.41
XLY,2025-02-24T17:09:00Z,218.4
XLY,2025-02-24T17:18:00Z,218.71
XLY,2025-02-24T17:19:00Z,218.76
XLY,2025-02-24T17:20:00Z,218.92
XLY,2025-02-24T17:21:00Z,218.93
TSLA,2025-02-26T13:47:00Z,306.69
TSLA,2025-02-26T14:30:00Z,303.515
TSLA,2025-02-26T14:31:00Z,305.12
TSLA,2025-02-26T14:32:00Z,305.235
TSLA,2025-02-26T14:33:00Z,304.28
TSLA,2025-02-26T14:34:00Z,305.53
TSLA,2025-02-26T14:35:00Z,307.04
TSLA,2025-02-26T14:36:00Z,308.46
TSLA,2025-02-26T14:37:00Z,307.8
TSLA,2025-02-26T14:38:00Z,307.94
TSLA,2025-02-26T14:39:00Z,308.37
TSLA,2025-02-26T14:40:00Z,307.11
TSLA,2025-02-26T14:41:00Z,306.15
TSLA,2025-02-26T14:42:00Z,305.34
TSLA,2025-02-26T14:43:00Z,306.25
TSLA,2025-02-26T14:44:00Z,306.43
TSLA,2025-02-26T14:45:00Z,307.24
TSLA,2025-02-26T14:46:00Z,307.205
TSLA,2025-02-26T14:47:00Z,308.26
TSLA,2025-02-26T14:48:00Z,307.31
TSLA,2025-02-26T14:49:00Z,307.865
TSLA,2025-02-26T14:50:00Z,307.395
TSLA,2025-02-26T14:51:00Z,307.84
TSLA,2025-02-26T14:52:00Z,308.18
TSLA,2025-02-26T14:53:00Z,307.635
TSLA,2025-02-26T14:54:00Z,307.53
TSLA,2025-02-26T14:55:00Z,306.51
TSLA,2025-02-26T14:56:00Z,305.28
TSLA,2025-02-26T14:57:00Z,304.2
TSLA,2025-02-26T14:58:00Z,305.515
TSLA,2025-02-26T14:59:00Z,305.61
TSLA,2025-02-26T15:00:00Z,304.55
TSLA,2025-02-26T15:01:00Z,304.68
TSLA,2025-02-26T15:02:00Z,304.485
TSLA,2025-02-26T15:03:00Z,305.39
TSLA,2025-02-26T15:04:00Z,304.53
TSLA,2025-02-26T15:05:00Z,304.78
XLY,2025-02-26T14:30:00Z,217.84
XLY,2025-02-26T14:31:00Z,218.0
XLY,2025-02-26T14:32:00Z,217.7
XLY,2025-02-26T14:33:00Z,217.55
XLY,2025-02-26T14:34:00Z,217.77
XLY,2025-02-26T14:35:00Z,217.83
XLY,2025-02-26T14:36:00Z,218.11
XLY,2025-02-26T14:38:00Z,218.22
XLY,2025-02-26T14:39:00Z,218.21
XLY,2025-02-26T14:41:00Z,217.99
XLY,2025-02-26T14:42:00Z,217.34
XLY,2025-02-26T14:44:00Z,217.6
XLY,2025-02-26T14:45:00Z,217.61
XLY,2025-02-26T14:46:00Z,217.6
XLY,2025-02-26T14:47:00Z,217.8
XLY,2025-02-26T14:48:00Z,217.89
XLY,2025-02-26T14:50:00Z,218.18
XLY,2025-02-26T14:51:00Z,218.21
XLY,2025-02-26T14:52:00Z,218.29
XLY,2025-02-26T14:53:00Z,218.3
XLY,2025-02-26T14:55:00Z,218.19
XLY,2025-02-26T14:57:00Z,218.08
XLY,2025-02-26T14:58:00Z,218.23
XLY,2025-02-26T14:59:00Z,218.23
XLY,2025-02-26T15:00:00Z,217.91
AAPL,2025-02-26T13:21:00Z,245.91
AAPL,2025-02-26T13:23:00Z,245.99
AAPL,2025-02-26T13:33:00Z,245.92
AAPL,2025-02-26T13:51:00Z,245.41
AAPL,2025-02-26T13:53:00Z,245.62
AAPL,2025-02-26T14:07:00Z,245.68
AAPL,2025-02-26T14:15:00Z,245.49
AAPL,2025-02-26T14:17:00Z,245.32
AAPL,2025-02-26T14:18:00Z,245.33
AAPL,2025-02-26T14:19:00Z,245.51
AAPL,2025-02-26T14:28:00Z,244.33
AAPL,2025-02-26T14:30:00Z,243.64
AAPL,2025-02-26T14:31:00Z,243.47
AAPL,2025-02-26T14:32:00Z,243.575
AAPL,2025-02-26T14:33:00Z,243.405
AAPL,2025-02-26T14:34:00Z,243.57
AAPL,2025-02-26T14:35:00Z,242.92
AAPL,2025-02-26T14:36:00Z,242.04
AAPL,2025-02-26T14:37:00Z,242.35
AAPL,2025-02-26T14:38:00Z,242.48
AAPL,2025-02-26T14:39:00Z,242.44
AAPL,2025-02-26T14:40:00Z,241.965
AAPL,2025-02-26T14:41:00Z,242.17
AAPL,2025-02-26T14:42:00Z,241.64
AAPL,2025-02-26T14:43:00Z,241.95
AAPL,2025-02-26T14:44:00Z,242.02
AAPL,2025-02-26T14:45:00Z,242.59
AAPL,2025-02-26T14:46:00Z,242.2
AAPL,2025-02-26T14:47:00Z,242.44
AAPL,2025-02-26T14:48:00Z,243.4
AAPL,2025-02-26T14:49:00Z,243.36
AAPL,2025-02-26T14:50:00Z,243.06
AAPL,2025-02-26T14:51:00Z,243.55
AAPL,2025-02-26T14:52:00Z,243.64
AAPL,2025-02-26T14:53:00Z,243.58
AAPL,2025-02-26T14:54:00Z,243.86
AAPL,2025-02-26T14:55:00Z,243.71
AAPL,2025-02-26T14:56:00Z,243.52
AAPL,2025-02-26T14:57:00Z,243.48
AAPL,2025-02-26T14:58:00Z,243.585
AAPL,2025-02-26T14:59:00Z,243.41
AAPL,2025-02-26T15:00:00Z,243.36
AAPL,2025-02-26T15:01:00Z,243.59
AAPL,2025-02-26T15:02:00Z,243.52
AAPL,2025-02-26T15:03:00Z,243.745
AAPL,2025-02-26T15:04:00Z,243.63
AAPL,2025-02-26T15:05:00Z,243.59
XLK,2025-02-26T14:30:00Z,230.3
XLK,2025-02-26T14:31:00Z,230.72
XLK,2025-02-26T14:32:00Z,230.37
XLK,2025-02-26T14:33:00Z,230.23
XLK,2025-02-26T14:34:00Z,230.3
XLK,2025-02-26T14:35:00Z,230.18
XLK,2025-02-26T14:36:00Z,230.27
XLK,2025-02-26T14:37:00Z,230.78
XLK,2025-02-26T14:38:00Z,231.06
XLK,2025-02-26T14:40:00Z,231.03
XLK,2025-02-26T14:41:00Z,231.08
XLK,2025-02-26T14:42:00Z,230.565
XLK,2025-02-26T14:43:00Z,230.76
XLK,2025-02-26T14:44:00Z,230.86
XLK,2025-02-26T14:45:00Z,230.86
XLK,2025-02-26T14:46:00Z,230.68
XLK,2025-02-26T14:47:00Z,231.06
XLK,2025-02-26T14:48:00Z,231.17
XLK,2025-02-26T14:49:00Z,231.14
XLK,2025-02-26T14:51:00Z,231.1
XLK,2025-02-26T14:52:00Z,231.59
XLK,2025-02-26T14:53:00Z,231.44
XLK,2025-02-26T14:54:00Z,231.725
XLK,2025-02-26T14:55:00Z,231.81
XLK,2025-02-26T14:56:00Z,231.5
XLK,2025-02-26T14:57:00Z,231.31
XLK,2025-02-26T14:58:00Z,231.555
XLK,2025-02-26T14:59:00Z,231.62
XLK,2025-02-26T15:00:00Z,231.665
XLK,2025-02-26T15:01:00Z,231.46
XLK,2025-02-26T15:02:00Z,231.47
XLK,2025-02-26T15:03:00Z,231.85
XLK,2025-02-26T15:04:00Z,231.82
XLK,2025-02-26T15:05:00Z,231.55
TSLA,2025-02-26T17:33:00Z,300.42
TSLA,2025-02-26T17:34:00Z,300.045
TSLA,2025-02-26T17:35:00Z,299.15
TSLA,2025-02-26T17:36:00Z,299.61
TSLA,2025-02-26T17:37:00Z,299.72
TSLA,2025-02-26T17:38:00Z,299.995
TSLA,2025-02-26T17:39:00Z,300.22
TSLA,2025-02-26T17:40:00Z,299.505
TSLA,2025-02-26T17:41:00Z,299.99
TSLA,2025-02-26T17:42:00Z,299.51
TSLA,2025-02-26T17:43:00Z,299.48
TSLA,2025-02-26T17:44:00Z,299.14
TSLA,2025-02-26T17:45:00Z,299.515
TSLA,2025-02-26T17:46:00Z,299.25
TSLA,2025-02-26T17:47:00Z,299.13
TSLA,2025-02-26T17:48:00Z,299.455
TSLA,2025-02-26T17:49:00Z,299.71
TSLA,2025-02-26T17:50:00Z,299.005
TSLA,2025-02-26T17:51:00Z,299.21
TSLA,2025-02-26T17:52:00Z,297.76
TSLA,2025-02-26T17:53:00Z,298.31
TSLA,2025-02-26T17:54:00Z,297.98
TSLA,2025-02-26T17:55:00Z,297.675
TSLA,2025-02-26T17:56:00Z,296.86
TSLA,2025-02-26T17:57:00Z,296.15
TSLA,2025-02-26T17:58:00Z,296.54
TSLA,2025-02-26T17:59:00Z,296.485
TSLA,2025-02-26T18:00:00Z,296.755
TSLA,2025-02-26T18:01:00Z,296.54
TSLA,2025-02-26T18:02:00Z,297.06
TSLA,2025-02-26T18:03:00Z,296.9
TSLA,2025-02-26T18:04:00Z,296.285
TSLA,2025-02-26T18:05:00Z,295.91
TSLA,2025-02-26T18:06:00Z,295.835
TSLA,2025-02-26T18:07:00Z,295.5
TSLA,2025-02-26T18:08:00Z,295.57
TSLA,2025-02-26T18:09:00Z,296.66
TSLA,2025-02-26T18:10:00Z,297.13
TSLA,2025-02-26T18:11:00Z,296.79
TSLA,2025-02-26T18:12:00Z,295.85
TSLA,2025-02-26T18:13:00Z,295.885
TSLA,2025-02-26T18:14:00Z,295.91
TSLA,2025-02-26T18:15:00Z,295.395
TSLA,2025-02-26T18:16:00Z,295.655
TSLA,2025-02-26T18:17:00Z,295.49
TSLA,2025-02-26T18:18:00Z,294.675
TSLA,2025-02-26T18:19:00Z,295.71
TSLA,2025-02-26T18:20:00Z,295.705
TSLA,2025-02-26T18:21:00Z,296.375
TSLA,2025-02-26T18:22:00Z,296.605
TSLA,2025-02-26T18:23:00Z,296.785
TSLA,2025-02-26T18:24:00Z,296.19
TSLA,2025-02-26T18:25:00Z,295.7
TSLA,2025-02-26T18:26:00Z,295.02
TSLA,2025-02-26T18:27:00Z,295.19
TSLA,2025-02-26T18:28:00Z,294.21
TSLA,2025-02-26T18:29:00Z,293.51
TSLA,2025-02-26T18:30:00Z,294.36
TSLA,2025-02-26T18:31:00Z,294.26
TSLA,2025-02-26T18:32:00Z,294.525
TSLA,2025-02-26T18:33:00Z,294.43
TSLA,2025-02-26T18:34:00Z,294.24
TSLA,2025-02-26T18:35:00Z,294.2
TSLA,2025-02-26T18:36:00Z,294.46
TSLA,2025-02-26T18:37:00Z,293.9
TSLA,2025-02-26T18:38:00Z,293.84
TSLA,2025-02-26T18:39:00Z,293.44
TSLA,2025-02-26T18:40:00Z,293.485
TSLA,2025-02-26T18:41:00Z,293.37
TSLA,2025-02-26T18:42:00Z,292.98
TSLA,2025-02-26T18:43:00Z,293.1
TSLA,2025-02-26T18:44:00Z,293.67
TSLA,2025-02-26T18:45:00Z,293.455
TSLA,2025-02-26T18:46:00Z,292.595
TSLA,2025-02-26T18:47:00Z,292.84
TSLA,2025-02-26T18:48:00Z,292.52
TSLA,2025-02-26T18:49:00Z,292.185
TSLA,2025-02-26T18:50:00Z,292.565
TSLA,2025-02-26T18:51:00Z,292.79
TSLA,2025-02-26T18:52:00Z,292.2
TSLA,2025-02-26T18:53:00Z,292.505
TSLA,2025-02-26T18:54:00Z,292.36
TSLA,2025-02-26T18:55:00Z,292.015
TSLA,2025-02-26T18:56:00Z,291.805
TSLA,2025-02-26T18:57:00Z,292.18
TSLA,2025-02-26T18:58:00Z,291.57
TSLA,2025-02-26T18:59:00Z,291.49
TSLA,2025-02-26T19:00:00Z,292.26
TSLA,2025-02-26T19:01:00Z,292.115
TSLA,2025-02-26T19:02:00Z,292.69
TSLA,2025-02-26T19:03:00Z,292.65
TSLA,2025-02-26T19:04:00Z,290.98
TSLA,2025-02-26T19:05:00Z,290.41
TSLA,2025-02-26T19:06:00Z,290.915
TSLA,2025-02-26T19:07:00Z,289.45
TSLA,2025-02-26T19:08:00Z,289.69
TSLA,2025-02-26T19:09:00Z,290.325
TSLA,2025-02-26T19:10:00Z,290.115
TSLA,2025-02-26T19:11:00Z,290.68
TSLA,2025-02-26T19:12:00Z,291.53
TSLA,2025-02-26T19:13:00Z,291.33
TSLA,2025-02-26T19:14:00Z,291.21
TSLA,2025-02-26T19:15:00Z,291.075
TSLA,2025-02-26T19:16:00Z,290.73
TSLA,2025-02-26T19:17:00Z,291.05
TSLA,2025-02-26T19:18:00Z,291.8
TSLA,2025-02-26T19:19:00Z,291.58
TSLA,2025-02-26T19:20:00Z,292.365
TSLA,2025-02-26T19:21:00Z,292.06
TSLA,2025-02-26T19:22:00Z,292.69
TSLA,2025-02-26T19:23:00Z,292.11
TSLA,2025-02-26T19:24:00Z,291.15
TSLA,2025-02-26T19:25:00Z,290.74
TSLA,2025-02-26T19:26:00Z,290.63
TSLA,2025-02-26T19:27:00Z,290.67
TSLA,2025-02-26T19:28:00Z,290.22
TSLA,2025-02-26T19:29:00Z,290.25
TSLA,2025-02-26T19:30:00Z,290.775
TSLA,2025-02-26T19:31:00Z,290.9
TSLA,2025-02-26T19:32:00Z,290.96
TSLA,2025-02-26T19:33:00Z,291.335
TSLA,2025-02-26T19:34:00Z,291.83
TSLA,2025-02-26T19:35:00Z,291.99
TSLA,2025-02-26T19:36:00Z,292.39
TSLA,2025-02-26T19:37:00Z,291.805
TSLA,2025-02-26T19:38:00Z,292.385
TSLA,2025-02-26T19:39:00Z,291.91
TSLA,2025-02-26T19:40:00Z,291.73
TSLA,2025-02-26T19:41:00Z,292.11
TSLA,2025-02-26T19:42:00Z,291.7
TSLA,2025-02-26T19:43:00Z,291.26
TSLA,2025-02-26T19:44:00Z,291.12
TSLA,2025-02-26T19:45:00Z,291.25
TSLA,2025-02-26T19:46:00Z,291.335
TSLA,2025-02-26T19:47:00Z,291.06
TSLA,2025-02-26T19:48:00Z,290.94
TSLA,2025-02-26T19:49:00Z,290.77
TSLA,2025-02-26T19:50:00Z,290.67
TSLA,2025-02-26T19:51:00Z,290.585
TSLA,2025-02-26T19:52:00Z,290.58
TSLA,2025-02-26T19:53:00Z,290.64
TSLA,2025-02-26T19:54:00Z,290.77
TSLA,2025-02-26T19:55:00Z,290.315
TSLA,2025-02-26T19:56:00Z,290.32
TSLA,2025-02-26T19:57:00Z,289.94
TSLA,2025-02-26T19:58:00Z,289.34
TSLA,2025-02-26T19:59:00Z,289.085
TSLA,2025-02-26T20:00:00Z,289.085
TSLA,2025-02-26T20:01:00Z,289.91
TSLA,2025-02-26T20:02:00Z,290.11
TSLA,2025-02-26T20:03:00Z,289.325
TSLA,2025-02-26T20:04:00Z,289.79
TSLA,2025-02-26T20:05:00Z,290.29
TSLA,2025-02-26T20:06:00Z,290.98
TSLA,2025-02-26T20:07:00Z,290.82
XLY,2025-02-26T17:33:00Z,218.375
XLY,2025-02-26T17:34:00Z,218.345
XLY,2025-02-26T17:37:00Z,218.21
XLY,2025-02-26T17:41:00Z,217.905
XLY,2025-02-26T17:43:00Z,218.06
XLY,2025-02-26T17:44:00Z,217.96
XLY,2025-02-26T17:45:00Z,217.965
XLY,2025-02-26T17:47:00Z,217.83
XLY,2025-02-26T17:50:00Z,217.88
XLY,2025-02-26T17:52:00Z,217.5
XLY,2025-02-26T17:53:00Z,217.56
XLY,2025-02-26T17:54:00Z,217.52
XLY,2025-02-26T17:56:00Z,217.275
XLY,2025-02-26T17:58:00Z,217.07
XLY,2025-02-26T17:59:00Z,217.175
XLY,2025-02-26T18:00:00Z,217.18
XLY,2025-02-26T18:02:00Z,217.145
XLY,2025-02-26T18:04:00Z,217.11
XLY,2025-02-26T18:05:00Z,217.17
XLY,2025-02-26T18:06:00Z,217.0
XLY,2025-02-26T18:07:00Z,216.92
XLY,2025-02-26T18:08:00Z,216.9
XLY,2025-02-26T18:10:00Z,217.22
XLY,2025-02-26T18:12:00Z,216.99
XLY,2025-02-26T18:15:00Z,216.74
XLY,2025-02-26T18:17:00Z,216.625
XLY,2025-02-26T18:22:00Z,217.05
XLY,2025-02-26T18:23:00Z,217.07
XLY,2025-02-26T18:24:00Z,216.95
XLY,2025-02-26T18:25:00Z,216.83
XLY,2025-02-26T18:27:00Z,216.71
XLY,2025-02-26T18:28:00Z,216.57
XLY,2025-02-26T18:29:00Z,216.28
XLY,2025-02-26T18:30:00Z,216.415
XLY,2025-02-26T18:32:00Z,216.4
XLY,2025-02-26T18:33:00Z,216.45
XLY,2025-02-26T18:36:00Z,216.46
XLY,2025-02-26T18:37:00Z,216.4
XLY,2025-02-26T18:39:00Z,216.33
XLY,2025-02-26T18:40:00Z,216.27
XLY,2025-02-26T18:41:00Z,216.21
XLY,2025-02-26T18:42:00Z,216.14
XLY,2025-02-26T18:44:00Z,216.21
XLY,2025-02-26T18:46:00Z,216.295
XLY,2025-02-26T18:47:00Z,216.01
XLY,2025-02-26T18:49:00Z,215.93
XLY,2025-02-26T18:50:00Z,215.925
XLY,2025-02-26T18:51:00Z,216.04
XLY,2025-02-26T18:52:00Z,215.86
XLY,2025-02-26T18:53:00Z,215.895
XLY,2025-02-26T18:54:00Z,215.92
XLY,2025-02-26T18:55:00Z,215.75
XLY,2025-02-26T18:56:00Z,215.77
XLY,2025-02-26T18:57:00Z,215.73
XLY,2025-02-26T18:58:00Z,215.67
XLY,2025-02-26T18:59:00Z,215.735
XLY,2025-02-26T19:00:00Z,215.68
XLY,2025-02-26T19:01:00Z,215.73
XLY,2025-02-26T19:02:00Z,215.81
XLY,2025-02-26T19:06:00Z,215.39
XLY,2025-02-26T19:07:00Z,215.18
XLY,2025-02-26T19:09:00Z,215.13
XLY,2025-02-26T19:10:00Z,215.24
XLY,2025-02-26T19:17:00Z,215.57
XLY,2025-02-26T19:18:00Z,215.63
XLY,2025-02-26T19:24:00Z,215.82
XLY,2025-02-26T19:26:00Z,215.72
XLY,2025-02-26T19:27:00Z,215.785
XLY,2025-02-26T19:29:00Z,215.635
XLY,2025-02-26T19:30:00Z,215.66
XLY,2025-02-26T19:31:00Z,215.75
XLY,2025-02-26T19:32:00Z,215.73
XLY,2025-02-26T19:35:00Z,215.89
XLY,2025-02-26T19:37:00Z,215.96
XLY,2025-02-26T19:39:00Z,215.95
XLY,2025-02-26T19:40:00Z,215.93
XLY,2025-02-26T19:41:00Z,216.02
XLY,2025-02-26T19:42:00Z,216.09
XLY,2025-02-26T19:43:00Z,216.02
XLY,2025-02-26T19:47:00Z,215.835
XLY,2025-02-26T19:50:00Z,215.72
XLY,2025-02-26T19:51:00Z,215.67
XLY,2025-02-26T19:52:00Z,215.72
XLY,2025-02-26T19:54:00Z,215.74
XLY,2025-02-26T19:56:00Z,215.61
XLY,2025-02-26T19:57:00Z,215.47
XLY,2025-02-26T19:58:00Z,215.35
XLY,2025-02-26T19:59:00Z,215.31
XLY,2025-02-26T20:00:00Z,215.295
XLY,2025-02-26T20:01:00Z,215.55
XLY,2025-02-26T20:03:00Z,215.3
XLY,2025-02-26T20:04:00Z,215.31
XLY,2025-02-26T20:07:00Z,215.54
AMZN,2025-03-11T12:57:00Z,194.18
AMZN,2025-03-11T13:02:00Z,194.15
AMZN,2025-03-11T13:07:00Z,194.5
AMZN,2025-03-11T13:09:00Z,194.42
AMZN,2025-03-11T13:11:00Z,194.35
AMZN,2025-03-11T13:13:00Z,194.25
AMZN,2025-03-11T13:15:00Z,194.26
AMZN,2025-03-11T13:22:00Z,194.09
AMZN,2025-03-11T13:23:00Z,194.1
AMZN,2025-03-11T13:24:00Z,194.0
AMZN,2025-03-11T13:25:00Z,192.2
AMZN,2025-03-11T13:30:00Z,194.53
AMZN,2025-03-11T13:31:00Z,194.95
AMZN,2025-03-11T13:32:00Z,195.32
AMZN,2025-03-11T13:33:00Z,195.6
AMZN,2025-03-11T13:34:00Z,195.655
AMZN,2025-03-11T13:35:00Z,196.095
AMZN,2025-03-11T13:36:00Z,196.83
AMZN,2025-03-11T13:37:00Z,197.45
AMZN,2025-03-11T13:38:00Z,196.73
AMZN,2025-03-11T13:39:00Z,197.57
AMZN,2025-03-11T13:40:00Z,197.43
AMZN,2025-03-11T13:41:00Z,197.18
AMZN,2025-03-11T13:42:00Z,197.865
AMZN,2025-03-11T13:43:00Z,198.1
AMZN,2025-03-11T13:44:00Z,198.545
AMZN,2025-03-11T13:45:00Z,197.98
AMZN,2025-03-11T13:46:00Z,198.86
AMZN,2025-03-11T13:47:00Z,198.985
AMZN,2025-03-11T13:48:00Z,199.32
AMZN,2025-03-11T13:49:00Z,199.52
AMZN,2025-03-11T13:50:00Z,199.61
AMZN,2025-03-11T13:51:00Z,199.57
AMZN,2025-03-11T13:52:00Z,199.72
AMZN,2025-03-11T13:53:00Z,199.3
AMZN,2025-03-11T13:54:00Z,199.33
AMZN,2025-03-11T13:55:00Z,199.2
AMZN,2025-03-11T13:56:00Z,199.285
AMZN,2025-03-11T13:57:00Z,199.155
AMZN,2025-03-11T13:58:00Z,199.1
AMZN,2025-03-11T13:59:00Z,198.98
AMZN,2025-03-11T14:00:00Z,199.64
AMZN,2025-03-11T14:01:00Z,199.435
AMZN,2025-03-11T14:02:00Z,198.65
AMZN,2025-03-11T14:03:00Z,197.765
AMZN,2025-03-11T14:04:00Z,197.06
AMZN,2025-03-11T14:05:00Z,197.11
XLY,2025-03-11T13:30:00Z,198.265
XLY,2025-03-11T13:31:00Z,198.42
XLY,2025-03-11T13:32:00Z,198.02
XLY,2025-03-11T13:33:00Z,197.535
XLY,2025-03-11T13:34:00Z,197.64
XLY,2025-03-11T13:35:00Z,197.48
XLY,2025-03-11T13:36:00Z,197.73
XLY,2025-03-11T13:37:00Z,198.73
XLY,2025-03-11T13:39:00Z,198.68
XLY,2025-03-11T13:40:00Z,198.67
XLY,2025-03-11T13:41:00Z,198.27
XLY,2025-03-11T13:42:00Z,198.58
XLY,2025-03-11T13:43:00Z,198.615
XLY,2025-03-11T13:45:00Z,198.395
XLY,2025-03-11T13:46:00Z,198.58
XLY,2025-03-11T13:47:00Z,198.92
XLY,2025-03-11T13:48:00Z,199.28
XLY,2025-03-11T13:49:00Z,199.76
XLY,2025-03-11T13:50:00Z,199.85
XLY,2025-03-11T13:51:00Z,199.22
XLY,2025-03-11T13:52:00Z,199.26
XLY,2025-03-11T13:53:00Z,199.01
XLY,2025-03-11T13:54:00Z,198.75
XLY,2025-03-11T13:55:00Z,198.64
XLY,2025-03-11T13:56:00Z,198.63
XLY,2025-03-11T13:57:00Z,198.625
XLY,2025-03-11T13:58:00Z,198.74
XLY,2025-03-11T13:59:00Z,198.76
XLY,2025-03-11T14:00:00Z,199.38
XLY,2025-03-11T14:01:00Z,199.825
XLY,2025-03-11T14:02:00Z,198.38
XLY,2025-03-11T14:03:00Z,198.04
XLY,2025-03-11T14:04:00Z,197.36
TSLA,2025-03-11T12:02:00Z,227.49
TSLA,2025-03-11T12:03:00Z,227.35
TSLA,2025-03-11T12:07:00Z,226.81
TSLA,2025-03-11T12:10:00Z,226.93
TSLA,2025-03-11T12:11:00Z,226.01
TSLA,2025-03-11T12:12:00Z,225.67
TSLA,2025-03-11T12:13:00Z,225.61
TSLA,2025-03-11T12:14:00Z,225.51
TSLA,2025-03-11T12:15:00Z,225.31
TSLA,2025-03-11T12:16:00Z,225.51
TSLA,2025-03-11T12:17:00Z,225.61
TSLA,2025-03-11T12:18:00Z,225.63
TSLA,2025-03-11T12:19:00Z,225.56
TSLA,2025-03-11T12:20:00Z,225.59
TSLA,2025-03-11T12:21:00Z,225.71
TSLA,2025-03-11T12:25:00Z,224.57
TSLA,2025-03-11T12:26:00Z,224.45
TSLA,2025-03-11T12:30:00Z,223.92
TSLA,2025-03-11T12:33:00Z,223.54
TSLA,2025-03-11T12:35:00Z,223.76
TSLA,2025-03-11T12:36:00Z,223.92
TSLA,2025-03-11T12:37:00Z,223.77
TSLA,2025-03-11T12:39:00Z,223.92
TSLA,2025-03-11T12:43:00Z,223.91
TSLA,2025-03-11T12:50:00Z,223.39
TSLA,2025-03-11T12:51:00Z,223.37
TSLA,2025-03-11T12:55:00Z,222.65
TSLA,2025-03-11T13:00:00Z,222.87
TSLA,2025-03-11T13:01:00Z,222.25
TSLA,2025-03-11T13:02:00Z,222.29
TSLA,2025-03-11T13:04:00Z,222.99
TSLA,2025-03-11T13:12:00Z,222.84
TSLA,2025-03-11T13:13:00Z,222.95
TSLA,2025-03-11T13:19:00Z,223.47
TSLA,2025-03-11T13:21:00Z,222.93
TSLA,2025-03-11T13:30:00Z,224.735
TSLA,2025-03-11T13:31:00Z,225.635
TSLA,2025-03-11T13:32:00Z,222.47
TSLA,2025-03-11T13:33:00Z,223.48
TSLA,2025-03-11T13:34:00Z,224.82
TSLA,2025-03-11T13:35:00Z,225.0
TSLA,2025-03-11T13:36:00Z,228.91
TSLA,2025-03-11T13:37:00Z,230.46
TSLA,2025-03-11T13:38:00Z,228.775
TSLA,2025-03-11T13:39:00Z,230.31
TSLA,2025-03-11T13:40:00Z,230.95
TSLA,2025-03-11T13:41:00Z,229.75
TSLA,2025-03-11T13:42:00Z,230.08
TSLA,2025-03-11T13:43:00Z,230.96
TSLA,2025-03-11T13:44:00Z,230.85
TSLA,2025-03-11T13:45:00Z,230.11
TSLA,2025-03-11T13:46:00Z,230.845
TSLA,2025-03-11T13:47:00Z,232.36
TSLA,2025-03-11T13:48:00Z,234.25
TSLA,2025-03-11T13:49:00Z,235.555
TSLA,2025-03-11T13:50:00Z,234.695
TSLA,2025-03-11T13:51:00Z,233.87
TSLA,2025-03-11T13:52:00Z,234.21
TSLA,2025-03-11T13:53:00Z,233.395
TSLA,2025-03-11T13:54:00Z,232.0
TSLA,2025-03-11T13:55:00Z,231.77
TSLA,2025-03-11T13:56:00Z,231.45
TSLA,2025-03-11T13:57:00Z,232.03
TSLA,2025-03-11T13:58:00Z,232.76
TSLA,2025-03-11T13:59:00Z,232.83
TSLA,2025-03-11T14:00:00Z,234.57
TSLA,2025-03-11T14:01:00Z,233.68
TSLA,2025-03-11T14:02:00Z,231.17
TSLA,2025-03-11T14:03:00Z,229.08
TSLA,2025-03-11T14:04:00Z,227.95
TSLA,2025-03-11T14:05:00Z,228.935
TSLA,2025-03-11T18:10:00Z,232.5
TSLA,2025-03-11T18:11:00Z,232.58
TSLA,2025-03-11T18:12:00Z,232.21
TSLA,2025-03-11T18:13:00Z,232.76
TSLA,2025-03-11T18:14:00Z,233.0
TSLA,2025-03-11T18:15:00Z,231.9
TSLA,2025-03-11T18:16:00Z,231.81
TSLA,2025-03-11T18:17:00Z,231.73
TSLA,2025-03-11T18:18:00Z,232.26
TSLA,2025-03-11T18:19:00Z,232.24
TSLA,2025-03-11T18:20:00Z,232.44
TSLA,2025-03-11T18:21:00Z,233.78
TSLA,2025-03-11T18:22:00Z,234.11
TSLA,2025-03-11T18:23:00Z,233.645
TSLA,2025-03-11T18:24:00Z,233.17
TSLA,2025-03-11T18:25:00Z,233.29
TSLA,2025-03-11T18:26:00Z,233.03
TSLA,2025-03-11T18:27:00Z,232.6
TSLA,2025-03-11T18:28:00Z,232.73
TSLA,2025-03-11T18:29:00Z,233.2
TSLA,2025-03-11T18:30:00Z,232.08
TSLA,2025-03-11T18:31:00Z,232.14
TSLA,2025-03-11T18:32:00Z,232.52
TSLA,2025-03-11T18:33:00Z,232.64
TSLA,2025-03-11T18:34:00Z,232.19
TSLA,2025-03-11T18:35:00Z,232.11
TSLA,2025-03-11T18:36:00Z,232.57
TSLA,2025-03-11T18:37:00Z,232.83
TSLA,2025-03-11T18:38:00Z,232.79
TSLA,2025-03-11T18:39:00Z,232.97
TSLA,2025-03-11T18:40:00Z,233.06
TSLA,2025-03-11T18:41:00Z,233.71
TSLA,2025-03-11T18:42:00Z,233.24
TSLA,2025-03-11T18:43:00Z,234.365
TSLA,2025-03-11T18:44:00Z,234.8
TSLA,2025-03-11T18:45:00Z,234.95
TSLA,2025-03-11T18:46:00Z,235.205
TSLA,2025-03-11T18:47:00Z,234.61
TSLA,2025-03-11T18:48:00Z,235.345
TSLA,2025-03-11T18:49:00Z,235.6
TSLA,2025-03-11T18:50:00Z,236.4
TSLA,2025-03-11T18:51:00Z,235.96
TSLA,2025-03-11T18:52:00Z,236.705
TSLA,2025-03-11T18:53:00Z,236.96
TSLA,2025-03-11T18:54:00Z,236.51
TSLA,2025-03-11T18:55:00Z,235.77
TSLA,2025-03-11T18:56:00Z,235.245
TSLA,2025-03-11T18:57:00Z,234.91
TSLA,2025-03-11T18:58:00Z,235.18
TSLA,2025-03-11T18:59:00Z,235.02
TSLA,2025-03-11T19:00:00Z,234.99
TSLA,2025-03-11T19:01:00Z,233.925
TSLA,2025-03-11T19:02:00Z,232.73
TSLA,2025-03-11T19:03:00Z,232.71
TSLA,2025-03-11T19:04:00Z,233.74
TSLA,2025-03-11T19:05:00Z,233.61
TSLA,2025-03-11T19:06:00Z,234.705
TSLA,2025-03-11T19:07:00Z,234.61
TSLA,2025-03-11T19:08:00Z,234.95
TSLA,2025-03-11T19:09:00Z,235.055
TSLA,2025-03-11T19:10:00Z,233.75
TSLA,2025-03-11T19:11:00Z,233.58
TSLA,2025-03-11T19:12:00Z,234.27
TSLA,2025-03-11T19:13:00Z,234.26
TSLA,2025-03-11T19:14:00Z,233.53
TSLA,2025-03-11T19:15:00Z,233.16
TSLA,2025-03-11T19:16:00Z,232.74
TSLA,2025-03-11T19:17:00Z,232.51
TSLA,2025-03-11T19:18:00Z,232.27
TSLA,2025-03-11T19:19:00Z,232.84
TSLA,2025-03-11T19:20:00Z,233.34
TSLA,2025-03-11T19:21:00Z,233.53
TSLA,2025-03-11T19:22:00Z,232.77
TSLA,2025-03-11T19:23:00Z,232.69
TSLA,2025-03-11T19:24:00Z,231.26
TSLA,2025-03-11T19:25:00Z,231.995
TSLA,2025-03-11T19:26:00Z,232.56
TSLA,2025-03-11T19:27:00Z,233.08
TSLA,2025-03-11T19:28:00Z,233.25
TSLA,2025-03-11T19:29:00Z,232.8
TSLA,2025-03-11T19:30:00Z,233.165
TSLA,2025-03-11T19:31:00Z,232.915
TSLA,2025-03-11T19:32:00Z,233.45
TSLA,2025-03-11T19:33:00Z,233.01
TSLA,2025-03-11T19:34:00Z,232.48
TSLA,2025-03-11T19:35:00Z,232.95
TSLA,2025-03-11T19:36:00Z,232.86
TSLA,2025-03-11T19:37:00Z,232.59
TSLA,2025-03-11T19:38:00Z,232.74
TSLA,2025-03-11T19:39:00Z,232.21
TSLA,2025-03-11T19:40:00Z,232.3
TSLA,2025-03-11T19:41:00Z,231.67
TSLA,2025-03-11T19:42:00Z,232.775
TSLA,2025-03-11T19:43:00Z,232.62
TSLA,2025-03-11T19:44:00Z,233.16
TSLA,2025-03-11T19:45:00Z,232.48
TSLA,2025-03-11T19:46:00Z,232.615
TSLA,2025-03-11T19:47:00Z,233.36
TSLA,2025-03-11T19:48:00Z,234.14
TSLA,2025-03-11T19:49:00Z,234.84
TSLA,2025-03-11T19:50:00Z,233.585
TSLA,2025-03-11T19:51:00Z,233.025
TSLA,2025-03-11T19:52:00Z,232.32
TSLA,2025-03-11T19:53:00Z,232.115
TSLA,2025-03-11T19:54:00Z,232.96
TSLA,2025-03-11T19:55:00Z,230.475
TSLA,2025-03-11T19:56:00Z,230.235
TSLA,2025-03-11T19:57:00Z,230.565
TSLA,2025-03-11T19:58:00Z,230.24
TSLA,2025-03-11T19:59:00Z,230.55
TSLA,2025-03-11T20:19:00Z,230.97
TSLA,2025-03-11T20:21:00Z,230.41
TSLA,2025-03-12T12:31:00Z,243.07
TSLA,2025-03-12T12:40:00Z,243.59
TSLA,2025-03-12T12:46:00Z,244.17
TSLA,2025-03-12T13:00:00Z,243.69
TSLA,2025-03-12T13:01:00Z,243.95
TSLA,2025-03-12T13:06:00Z,244.75
TSLA,2025-03-12T13:11:00Z,244.97
TSLA,2025-03-12T13:12:00Z,244.95
TSLA,2025-03-12T13:28:00Z,247.21
TSLA,2025-03-12T13:30:00Z,244.64
TSLA,2025-03-12T13:31:00Z,244.865
TSLA,2025-03-12T13:32:00Z,245.64
TSLA,2025-03-12T13:33:00Z,247.26
TSLA,2025-03-12T13:34:00Z,246.82
TSLA,2025-03-12T13:35:00Z,247.82
TSLA,2025-03-12T13:36:00Z,249.015
TSLA,2025-03-12T13:37:00Z,248.325
TSLA,2025-03-12T13:38:00Z,249.37
TSLA,2025-03-12T13:39:00Z,249.96
TSLA,2025-03-12T13:40:00Z,251.33
TSLA,2025-03-12T13:41:00Z,250.32
TSLA,2025-03-12T13:42:00Z,250.24
TSLA,2025-03-12T13:43:00Z,249.54
TSLA,2025-03-12T13:44:00Z,248.59
TSLA,2025-03-12T13:45:00Z,249.57
TSLA,2025-03-12T13:46:00Z,249.625
TSLA,2025-03-12T13:47:00Z,249.72
TSLA,2025-03-12T13:48:00Z,247.63
TSLA,2025-03-12T13:49:00Z,247.29
TSLA,2025-03-12T13:50:00Z,248.47
TSLA,2025-03-12T13:51:00Z,247.41
TSLA,2025-03-12T13:52:00Z,246.58
TSLA,2025-03-12T13:53:00Z,247.41
TSLA,2025-03-12T13:54:00Z,246.55
TSLA,2025-03-12T13:55:00Z,246.13
TSLA,2025-03-12T13:56:00Z,245.57
TSLA,2025-03-12T13:57:00Z,245.79
TSLA,2025-03-12T13:58:00Z,246.31
TSLA,2025-03-12T13:59:00Z,246.68
TSLA,2025-03-12T14:00:00Z,246.58
TSLA,2025-03-12T14:01:00Z,247.34
TSLA,2025-03-12T14:02:00Z,247.65
TSLA,2025-03-12T14:03:00Z,248.31
TSLA,2025-03-12T14:04:00Z,249.29
TSLA,2025-03-12T14:05:00Z,249.81
XLY,2025-03-11T18:11:00Z,196.79
XLY,2025-03-11T18:17:00Z,196.7
XLY,2025-03-11T18:19:00Z,196.87
XLY,2025-03-11T18:21:00Z,197.36
XLY,2025-03-11T18:22:00Z,197.57
XLY,2025-03-11T18:23:00Z,197.52
XLY,2025-03-11T18:24:00Z,197.405
XLY,2025-03-11T18:25:00Z,197.33
XLY,2025-03-11T18:26:00Z,197.34
XLY,2025-03-11T18:27:00Z,197.24
XLY,2025-03-11T18:28:00Z,197.22
XLY,2025-03-11T18:30:00Z,197.0
XLY,2025-03-11T18:31:00Z,197.15
XLY,2025-03-11T18:35:00Z,196.915
XLY,2025-03-11T18:36:00Z,196.885
XLY,2025-03-11T18:37:00Z,197.11
XLY,2025-03-11T18:38:00Z,197.09
XLY,2025-03-11T18:39:00Z,197.37
XLY,2025-03-11T18:41:00Z,197.78
XLY,2025-03-11T18:42:00Z,197.86
XLY,2025-03-11T18:43:00Z,198.06
XLY,2025-03-11T18:44:00Z,198.14
XLY,2025-03-11T18:45:00Z,198.29
XLY,2025-03-11T18:46:00Z,198.39
XLY,2025-03-11T18:48:00Z,198.2
XLY,2025-03-11T18:51:00Z,198.55
XLY,2025-03-11T18:54:00Z,199.02
XLY,2025-03-11T18:55:00Z,198.83
XLY,2025-03-11T18:58:00Z,198.63
XLY,2025-03-11T18:59:00Z,198.7
XLY,2025-03-11T19:00:00Z,198.66
XLY,2025-03-11T19:01:00Z,198.325
XLY,2025-03-11T19:02:00Z,197.85
XLY,2025-03-11T19:04:00Z,198.02
XLY,2025-03-11T19:05:00Z,198.28
XLY,2025-03-11T19:07:00Z,198.81
XLY,2025-03-11T19:08:00Z,198.83
XLY,2025-03-11T19:09:00Z,198.71
XLY,2025-03-11T19:10:00Z,198.35
XLY,2025-03-11T19:11:00Z,198.38
XLY,2025-03-11T19:12:00Z,198.25
XLY,2025-03-11T19:13:00Z,198.17
XLY,2025-03-11T19:14:00Z,198.02
XLY,2025-03-11T19:15:00Z,197.72
XLY,2025-03-11T19:16:00Z,197.54
XLY,2025-03-11T19:17:00Z,197.58
XLY,2025-03-11T19:19:00Z,197.62
XLY,2025-03-11T19:20:00Z,197.69
XLY,2025-03-11T19:21:00Z,197.99
XLY,2025-03-11T19:22:00Z,197.86
XLY,2025-03-11T19:23:00Z,197.77
XLY,2025-03-11T19:24:00Z,197.33
XLY,2025-03-11T19:25:00Z,197.56
XLY,2025-03-11T19:29:00Z,197.69
XLY,2025-03-11T19:30:00Z,197.75
XLY,2025-03-11T19:31:00Z,197.81
XLY,2025-03-11T19:32:00Z,197.96
XLY,2025-03-11T19:33:00Z,197.855
XLY,2025-03-11T19:34:00Z,197.62
XLY,2025-03-11T19:35:00Z,197.93
XLY,2025-03-11T19:36:00Z,197.75
XLY,2025-03-11T19:37:00Z,197.75
XLY,2025-03-11T19:38:00Z,197.73
XLY,2025-03-11T19:39:00Z,197.505
XLY,2025-03-11T19:40:00Z,197.45
XLY,2025-03-11T19:41:00Z,197.36
XLY,2025-03-11T19:42:00Z,197.53
XLY,2025-03-11T19:43:00Z,197.5
XLY,2025-03-11T19:44:00Z,197.655
XLY,2025-03-11T19:45:00Z,197.54
XLY,2025-03-11T19:46:00Z,197.63
XLY,2025-03-11T19:47:00Z,197.66
XLY,2025-03-11T19:48:00Z,197.82
XLY,2025-03-11T19:49:00Z,197.885
XLY,2025-03-11T19:50:00Z,197.555
XLY,2025-03-11T19:51:00Z,197.27
XLY,2025-03-11T19:52:00Z,197.08
XLY,2025-03-11T19:53:00Z,196.93
XLY,2025-03-11T19:54:00Z,197.135
XLY,2025-03-11T19:55:00Z,196.685
XLY,2025-03-11T19:56:00Z,196.49
XLY,2025-03-11T19:57:00Z,196.55
XLY,2025-03-11T19:58:00Z,196.57
XLY,2025-03-11T19:59:00Z,196.47
XLY,2025-03-12T13:30:00Z,199.4
XLY,2025-03-12T13:31:00Z,199.59
XLY,2025-03-12T13:32:00Z,199.89
XLY,2025-03-12T13:33:00Z,199.625
XLY,2025-03-12T13:34:00Z,199.11
XLY,2025-03-12T13:37:00Z,199.1
XLY,2025-03-12T13:39:00Z,199.37
XLY,2025-03-12T13:40:00Z,199.38
XLY,2025-03-12T13:44:00Z,198.89
XLY,2025-03-12T13:45:00Z,198.99
XLY,2025-03-12T13:46:00Z,198.855
XLY,2025-03-12T13:47:00Z,198.61
XLY,2025-03-12T13:48:00Z,198.08
XLY,2025-03-12T13:50:00Z,198.32
XLY,2025-03-12T13:51:00Z,198.2
XLY,2025-03-12T13:52:00Z,198.39
XLY,2025-03-12T13:53:00Z,198.0
XLY,2025-03-12T13:55:00Z,197.84
XLY,2025-03-12T13:58:00Z,197.5
XLY,2025-03-12T13:59:00Z,197.545
XLY,2025-03-12T14:00:00Z,197.41
XLY,2025-03-12T14:02:00Z,197.54
XLY,2025-03-12T14:03:00Z,197.55
XLY,2025-03-12T14:04:00Z,197.575
BA,2025-03-11T19:43:00Z,154.48
BA,2025-03-11T19:44:00Z,154.68
BA,2025-03-11T19:45:00Z,154.49
BA,2025-03-11T19:46:00Z,154.39
BA,2025-03-11T19:47:00Z,154.58
BA,2025-03-11T19:48:00Z,154.625
BA,2025-03-11T19:49:00Z,154.645
BA,2025-03-11T19:50:00Z,154.51
BA,2025-03-11T19:51:00Z,154.18
BA,2025-03-11T19:52:00Z,154.04
BA,2025-03-11T19:53:00Z,153.95
BA,2025-03-11T19:54:00Z,154.06
BA,2025-03-11T19:55:00Z,154.09
BA,2025-03-11T19:56:00Z,153.995
BA,2025-03-11T19:57:00Z,154.185
BA,2025-03-11T19:58:00Z,154.24
BA,2025-03-11T19:59:00Z,153.97
BA,2025-03-12T13:30:00Z,158.0
BA,2025-03-12T13:31:00Z,158.51
BA,2025-03-12T13:32:00Z,159.0
BA,2025-03-12T13:33:00Z,159.09
BA,2025-03-12T13:34:00Z,158.71
BA,2025-03-12T13:35:00Z,158.13
BA,2025-03-12T13:36:00Z,158.25
BA,2025-03-12T13:37:00Z,158.6
BA,2025-03-12T13:38:00Z,158.355
BA,2025-03-12T13:39:00Z,158.17
BA,2025-03-12T13:40:00Z,157.95
BA,2025-03-12T13:41:00Z,157.985
BA,2025-03-12T13:42:00Z,158.34
BA,2025-03-12T13:43:00Z,157.83
BA,2025-03-12T13:44:00Z,158.1
BA,2025-03-12T13:45:00Z,157.87
BA,2025-03-12T13:46:00Z,157.52
BA,2025-03-12T13:47:00Z,157.345
BA,2025-03-12T13:48:00Z,156.66
BA,2025-03-12T13:49:00Z,156.61
BA,2025-03-12T13:50:00Z,157.42
BA,2025-03-12T13:51:00Z,156.995
BA,2025-03-12T13:52:00Z,156.465
BA,2025-03-12T13:53:00Z,156.215
BA,2025-03-12T13:54:00Z,155.61
BA,2025-03-12T13:55:00Z,155.2
BA,2025-03-12T13:56:00Z,155.42
BA,2025-03-12T13:57:00Z,155.07
BA,2025-03-12T13:58:00Z,155.25
BA,2025-03-12T13:59:00Z,155.33
BA,2025-03-12T14:00:00Z,155.29
BA,2025-03-12T14:01:00Z,155.81
BA,2025-03-12T14:02:00Z,155.865
BA,2025-03-12T14:03:00Z,155.78
BA,2025-03-12T14:04:00Z,155.99
BA,2025-03-12T14:05:00Z,156.035
ITA,2025-03-11T19:49:00Z,149.01
ITA,2025-03-11T19:50:00Z,148.87
ITA,2025-03-11T19:51:00Z,148.62
ITA,2025-03-11T19:54:00Z,148.425
ITA,2025-03-11T19:55:00Z,148.35
ITA,2025-03-11T19:56:00Z,148.33
ITA,2025-03-11T19:57:00Z,148.42
ITA,2025-03-11T19:58:00Z,148.46
ITA,2025-03-11T19:59:00Z,148.33
GS,2025-03-12T18:07:00Z,538.575
GS,2025-03-12T18:08:00Z,538.65
GS,2025-03-12T18:10:00Z,539.09
GS,2025-03-12T18:11:00Z,539.48
GS,2025-03-12T18:13:00Z,539.51
GS,2025-03-12T18:14:00Z,540.06
GS,2025-03-12T18:18:00Z,540.24
GS,2025-03-12T18:20:00Z,540.05
GS,2025-03-12T18:24:00Z,539.7
GS,2025-03-12T18:26:00Z,539.86
GS,2025-03-12T18:27:00Z,539.865
GS,2025-03-12T18:28:00Z,540.16
GS,2025-03-12T18:30:00Z,540.2
GS,2025-03-12T18:32:00Z,539.83
GS,2025-03-12T18:33:00Z,540.02
GS,2025-03-12T18:36:00Z,539.525
GS,2025-03-12T18:37:00Z,539.59
GS,2025-03-12T18:39:00Z,539.67
GS,2025-03-12T18:40:00Z,540.01
GS,2025-03-12T18:41:00Z,540.11
GS,2025-03-12T18:43:00Z,540.17
GS,2025-03-12T18:47:00Z,540.71
GS,2025-03-12T18:48:00Z,541.76
GS,2025-03-12T18:49:00Z,541.87
GS,2025-03-12T18:50:00Z,541.62
GS,2025-03-12T18:51:00Z,541.31
GS,2025-03-12T18:52:00Z,541.0
GS,2025-03-12T18:57:00Z,541.26
GS,2025-03-12T18:59:00Z,541.23
GS,2025-03-12T19:01:00Z,540.03
GS,2025-03-12T19:07:00Z,540.75
GS,2025-03-12T19:11:00Z,540.36
GS,2025-03-12T19:12:00Z,539.97
GS,2025-03-12T19:14:00Z,539.57
GS,2025-03-12T19:15:00Z,539.575
GS,2025-03-12T19:16:00Z,539.53
GS,2025-03-12T19:17:00Z,539.53
GS,2025-03-12T19:18:00Z,540.155
GS,2025-03-12T19:19:00Z,540.0
GS,2025-03-12T19:21:00Z,539.5
GS,2025-03-12T19:23:00Z,538.56
GS,2025-03-12T19:25:00Z,539.13
GS,2025-03-12T19:26:00Z,538.96
GS,2025-03-12T19:27:00Z,538.75
GS,2025-03-12T19:29:00Z,538.64
GS,2025-03-12T19:30:00Z,539.15
GS,2025-03-12T19:33:00Z,538.52
GS,2025-03-12T19:36:00Z,537.35
GS,2025-03-12T19:37:00Z,537.85
GS,2025-03-12T19:38:00Z,537.5
GS,2025-03-12T19:40:00Z,537.23
GS,2025-03-12T19:41:00Z,537.015
GS,2025-03-12T19:42:00Z,537.02
GS,2025-03-12T19:43:00Z,537.76
GS,2025-03-12T19:44:00Z,537.81
GS,2025-03-12T19:45:00Z,537.89
GS,2025-03-12T19:47:00Z,536.19
GS,2025-03-12T19:48:00Z,536.62
GS,2025-03-12T19:49:00Z,536.82
GS,2025-03-12T19:50:00Z,536.38
GS,2025-03-12T19:51:00Z,535.57
GS,2025-03-12T19:52:00Z,535.1
GS,2025-03-12T19:53:00Z,535.03
GS,2025-03-12T19:54:00Z,535.41
GS,2025-03-12T19:55:00Z,535.63
GS,2025-03-12T19:56:00Z,535.14
GS,2025-03-12T19:57:00Z,534.93
GS,2025-03-12T19:58:00Z,535.03
GS,2025-03-12T19:59:00Z,535.73
GS,2025-03-13T13:30:00Z,535.285
GS,2025-03-13T13:33:00Z,535.19
GS,2025-03-13T13:34:00Z,536.05
GS,2025-03-13T13:35:00Z,536.19
GS,2025-03-13T13:37:00Z,535.85
GS,2025-03-13T13:39:00Z,534.915
GS,2025-03-13T13:40:00Z,535.05
GS,2025-03-13T13:42:00Z,535.69
GS,2025-03-13T13:44:00Z,535.08
GS,2025-03-13T13:45:00Z,533.61
GS,2025-03-13T13:46:00Z,533.88
GS,2025-03-13T13:49:00Z,532.35
GS,2025-03-13T13:50:00Z,530.94
GS,2025-03-13T13:51:00Z,531.77
GS,2025-03-13T13:55:00Z,530.09
GS,2025-03-13T13:56:00Z,529.09
GS,2025-03-13T13:57:00Z,529.24
GS,2025-03-13T13:58:00Z,529.8
GS,2025-03-13T14:02:00Z,532.1
GS,2025-03-13T14:03:00Z,533.9
GS,2025-03-13T14:04:00Z,533.13
GS,2025-03-13T14:05:00Z,533.415
XLF,2025-03-12T18:06:00Z,47.675
XLF,2025-03-12T18:07:00Z,47.685
XLF,2025-03-12T18:08:00Z,47.69
XLF,2025-03-12T18:09:00Z,47.69
XLF,2025-03-12T18:10:00Z,47.76
XLF,2025-03-12T18:11:00Z,47.77
XLF,2025-03-12T18:12:00Z,47.75
XLF,2025-03-12T18:13:00Z,47.77
XLF,2025-03-12T18:14:00Z,47.79
XLF,2025-03-12T18:15:00Z,47.8
XLF,2025-03-12T18:16:00Z,47.78
XLF,2025-03-12T18:17:00Z,47.805
XLF,2025-03-12T18:18:00Z,47.82
XLF,2025-03-12T18:19:00Z,47.81
XLF,2025-03-12T18:20:00Z,47.84
XLF,2025-03-12T18:21:00Z,47.81
XLF,2025-03-12T18:22:00Z,47.82
XLF,2025-03-12T18:23:00Z,47.79
XLF,2025-03-12T18:24:00Z,47.82
XLF,2025-03-12T18:25:00Z,47.8
XLF,2025-03-12T18:26:00Z,47.805
XLF,2025-03-12T18:27:00Z,47.815
XLF,2025-03-12T18:28:00Z,47.84
XLF,2025-03-12T18:29:00Z,47.85
XLF,2025-03-12T18:30:00Z,47.845
XLF,2025-03-12T18:31:00Z,47.83
XLF,2025-03-12T18:32:00Z,47.835
XLF,2025-03-12T18:33:00Z,47.86
XLF,2025-03-12T18:34:00Z,47.85
XLF,2025-03-12T18:35:00Z,47.855
XLF,2025-03-12T18:36:00Z,47.83
XLF,2025-03-12T18:37:00Z,47.835
XLF,2025-03-12T18:38:00Z,47.82
XLF,2025-03-12T18:39:00Z,47.825
XLF,2025-03-12T18:40:00Z,47.84
XLF,2025-03-12T18:41:00Z,47.865
XLF,2025-03-12T18:42:00Z,47.895
XLF,2025-03-12T18:43:00Z,47.92
XLF,2025-03-12T18:44:00Z,47.91
XLF,2025-03-12T18:45:00Z,47.9
XLF,2025-03-12T18:46:00Z,47.895
XLF,2025-03-12T18:47:00Z,47.925
XLF,2025-03-12T18:48:00Z,47.95
XLF,2025-03-12T18:49:00Z,47.955
XLF,2025-03-12T18:50:00Z,47.945
XLF,2025-03-12T18:51:00Z,47.92
XLF,2025-03-12T18:53:00Z,47.89
XLF,2025-03-12T18:54:00Z,47.905
XLF,2025-03-12T18:55:00Z,47.865
XLF,2025-03-12T18:56:00Z,47.91
XLF,2025-03-12T18:57:00Z,47.94
XLF,2025-03-12T18:58:00Z,47.93
XLF,2025-03-12T18:59:00Z,47.93
XLF,2025-03-12T19:00:00Z,47.885
XLF,2025-03-12T19:01:00Z,47.825
XLF,2025-03-12T19:02:00Z,47.86
XLF,2025-03-12T19:03:00Z,47.885
XLF,2025-03-12T19:04:00Z,47.88
XLF,2025-03-12T19:05:00Z,47.87
XLF,2025-03-12T19:06:00Z,47.875
XLF,2025-03-12T19:07:00Z,47.86
XLF,2025-03-12T19:08:00Z,47.88
XLF,2025-03-12T19:09:00Z,47.88
XLF,2025-03-12T19:10:00Z,47.89
XLF,2025-03-12T19:11:00Z,47.88
XLF,2025-03-12T19:12:00Z,47.86
XLF,2025-03-12T19:13:00Z,47.845
XLF,2025-03-12T19:14:00Z,47.82
XLF,2025-03-12T19:15:00Z,47.835
XLF,2025-03-12T19:16:00Z,47.79
XLF,2025-03-12T19:17:00Z,47.82
XLF,2025-03-12T19:18:00Z,47.84
XLF,2025-03-12T19:19:00Z,47.855
XLF,2025-03-12T19:20:00Z,47.86
XLF,2025-03-12T19:21:00Z,47.79
XLF,2025-03-12T19:22:00Z,47.74
XLF,2025-03-12T19:23:00Z,47.765
XLF,2025-03-12T19:24:00Z,47.78
XLF,2025-03-12T19:25:00Z,47.79
XLF,2025-03-12T19:26:00Z,47.785
XLF,2025-03-12T19:27:00Z,47.795
XLF,2025-03-12T19:28:00Z,47.82
XLF,2025-03-12T19:29:00Z,47.795
XLF,2025-03-12T19:30:00Z,47.82
XLF,2025-03-12T19:31:00Z,47.815
XLF,2025-03-12T19:32:00Z,47.79
XLF,2025-03-12T19:33:00Z,47.805
XLF,2025-03-12T19:34:00Z,47.775
XLF,2025-03-12T19:35:00Z,47.7
XLF,2025-03-12T19:36:00Z,47.735
XLF,2025-03-12T19:37:00Z,47.755
XLF,2025-03-12T19:38:00Z,47.76
XLF,2025-03-12T19:39:00Z,47.74
XLF,2025-03-12T19:40:00Z,47.745
XLF,2025-03-12T19:41:00Z,47.72
XLF,2025-03-12T19:42:00Z,47.78
XLF,2025-03-12T19:43:00Z,47.785
XLF,2025-03-12T19:44:00Z,47.81
XLF,2025-03-12T19:45:00Z,47.81
XLF,2025-03-12T19:46:00Z,47.755
XLF,2025-03-12T19:47:00Z,47.725
XLF,2025-03-12T19:48:00Z,47.75
XLF,2025-03-12T19:49:00Z,47.745
XLF,2025-03-12T19:50:00Z,47.685
XLF,2025-03-12T19:51:00Z,47.715
XLF,2025-03-12T19:52:00Z,47.7
XLF,2025-03-12T19:53:00Z,47.715
XLF,2025-03-12T19:54:00Z,47.73
XLF,2025-03-12T19:55:00Z,47.725
XLF,2025-03-12T19:56:00Z,47.71
XLF,2025-03-12T19:57:00Z,47.71
XLF,2025-03-12T19:58:00Z,47.695
XLF,2025-03-12T19:59:00Z,47.69
XLF,2025-03-13T13:30:00Z,47.72
XLF,2025-03-13T13:31:00Z,47.68
XLF,2025-03-13T13:32:00Z,47.7
XLF,2025-03-13T13:33:00Z,47.7
XLF,2025-03-13T13:34:00Z,47.77
XLF,2025-03-13T13:35:00Z,47.78
XLF,2025-03-13T13:36:00Z,47.75
XLF,2025-03-13T13:37:00Z,47.78
XLF,2025-03-13T13:38:00Z,47.78
XLF,2025-03-13T13:39:00Z,47.735
XLF,2025-03-13T13:40:00Z,47.77
XLF,2025-03-13T13:41:00Z,47.79
XLF,2025-03-13T13:42:00Z,47.83
XLF,2025-03-13T13:43:00Z,47.8
XLF,2025-03-13T13:44:00Z,47.78
XLF,2025-03-13T13:45:00Z,47.75
XLF,2025-03-13T13:46:00Z,47.7
XLF,2025-03-13T13:47:00Z,47.695
XLF,2025-03-13T13:48:00Z,47.66
XLF,2025-03-13T13:49:00Z,47.6
XLF,2025-03-13T13:50:00Z,47.58
XLF,2025-03-13T13:51:00Z,47.68
XLF,2025-03-13T13:52:00Z,47.645
XLF,2025-03-13T13:53:00Z,47.63
XLF,2025-03-13T13:54:00Z,47.66
XLF,2025-03-13T13:55:00Z,47.67
XLF,2025-03-13T13:56:00Z,47.675
XLF,2025-03-13T13:57:00Z,47.715
XLF,2025-03-13T13:58:00Z,47.72
XLF,2025-03-13T13:59:00Z,47.73
XLF,2025-03-13T14:00:00Z,47.74
XLF,2025-03-13T14:01:00Z,47.73
XLF,2025-03-13T14:02:00Z,47.74
XLF,2025-03-13T14:03:00Z,47.81
XLF,2025-03-13T14:04:00Z,47.78
XLF,2025-03-13T14:05:00Z,47.85
AAPL,2025-03-12T18:23:00Z,216.005
AAPL,2025-03-12T18:24:00Z,215.97
AAPL,2025-03-12T18:25:00Z,216.08
AAPL,2025-03-12T18:26:00Z,216.1
AAPL,2025-03-12T18:27:00Z,216.07
AAPL,2025-03-12T18:28:00Z,216.21
AAPL,2025-03-12T18:29:00Z,216.105
AAPL,2025-03-12T18:30:00Z,216.18
AAPL,2025-03-12T18:31:00Z,215.99
AAPL,2025-03-12T18:32:00Z,215.92
AAPL,2025-03-12T18:33:00Z,216.1
AAPL,2025-03-12T18:34:00Z,216.14
AAPL,2025-03-12T18:35:00Z,216.105
AAPL,2025-03-12T18:36:00Z,216.15
AAPL,2025-03-12T18:37:00Z,216.225
AAPL,2025-03-12T18:38:00Z,216.09
AAPL,2025-03-12T18:39:00Z,216.09
AAPL,2025-03-12T18:40:00Z,216.19
AAPL,2025-03-12T18:41:00Z,216.26
AAPL,2025-03-12T18:42:00Z,216.24
AAPL,2025-03-12T18:43:00Z,216.46
AAPL,2025-03-12T18:44:00Z,216.57
AAPL,2025-03-12T18:45:00Z,216.59
AAPL,2025-03-12T18:46:00Z,216.62
AAPL,2025-03-12T18:47:00Z,216.715
AAPL,2025-03-12T18:48:00Z,216.905
AAPL,2025-03-12T18:49:00Z,216.97
AAPL,2025-03-12T18:50:00Z,216.72
AAPL,2025-03-12T18:51:00Z,216.57
AAPL,2025-03-12T18:52:00Z,216.75
AAPL,2025-03-12T18:53:00Z,216.48
AAPL,2025-03-12T18:54:00Z,216.525
AAPL,2025-03-12T18:55:00Z,216.25
AAPL,2025-03-12T18:56:00Z,216.45
AAPL,2025-03-12T18:57:00Z,216.55
AAPL,2025-03-12T18:58:00Z,216.32
AAPL,2025-03-12T18:59:00Z,216.43
AAPL,2025-03-12T19:00:00Z,216.075
AAPL,2025-03-12T19:01:00Z,215.78
AAPL,2025-03-12T19:02:00Z,216.23
AAPL,2025-03-12T19:03:00Z,216.08
AAPL,2025-03-12T19:04:00Z,215.99
AAPL,2025-03-12T19:05:00Z,216.0
AAPL,2025-03-12T19:06:00Z,215.88
AAPL,2025-03-12T19:07:00Z,216.08
AAPL,2025-03-12T19:08:00Z,215.94
AAPL,2025-03-12T19:09:00Z,215.885
AAPL,2025-03-12T19:10:00Z,216.03
AAPL,2025-03-12T19:11:00Z,215.97
AAPL,2025-03-12T19:12:00Z,215.73
AAPL,2025-03-12T19:13:00Z,215.67
AAPL,2025-03-12T19:14:00Z,215.68
AAPL,2025-03-12T19:15:00Z,215.665
AAPL,2025-03-12T19:16:00Z,215.5
AAPL,2025-03-12T19:17:00Z,215.63
AAPL,2025-03-12T19:18:00Z,215.745
AAPL,2025-03-12T19:19:00Z,215.91
AAPL,2025-03-12T19:20:00Z,215.59
AAPL,2025-03-12T19:21:00Z,215.34
AAPL,2025-03-12T19:22:00Z,215.275
AAPL,2025-03-12T19:23:00Z,215.44
AAPL,2025-03-12T19:24:00Z,215.5
AAPL,2025-03-12T19:25:00Z,215.6
AAPL,2025-03-12T19:26:00Z,215.55
AAPL,2025-03-12T19:27:00Z,215.595
AAPL,2025-03-12T19:28:00Z,215.82
AAPL,2025-03-12T19:29:00Z,215.605
AAPL,2025-03-12T19:30:00Z,215.49
AAPL,2025-03-12T19:31:00Z,215.59
AAPL,2025-03-12T19:32:00Z,215.43
AAPL,2025-03-12T19:33:00Z,215.66
AAPL,2025-03-12T19:34:00Z,215.56
AAPL,2025-03-12T19:35:00Z,215.42
AAPL,2025-03-12T19:36:00Z,215.34
AAPL,2025-03-12T19:37:00Z,215.45
AAPL,2025-03-12T19:38:00Z,215.545
AAPL,2025-03-12T19:39:00Z,215.67
AAPL,2025-03-12T19:40:00Z,215.61
AAPL,2025-03-12T19:41:00Z,215.43
AAPL,2025-03-12T19:42:00Z,215.45
AAPL,2025-03-12T19:43:00Z,215.55
AAPL,2025-03-12T19:44:00Z,215.76
AAPL,2025-03-12T19:45:00Z,215.84
AAPL,2025-03-12T19:46:00Z,215.71
AAPL,2025-03-12T19:47:00Z,215.89
AAPL,2025-03-12T19:48:00Z,216.2
AAPL,2025-03-12T19:49:00Z,216.145
AAPL,2025-03-12T19:50:00Z,215.71
AAPL,2025-03-12T19:51:00Z,215.91
AAPL,2025-03-12T19:52:00Z,215.925
AAPL,2025-03-12T19:53:00Z,216.28
AAPL,2025-03-12T19:54:00Z,216.79
AAPL,2025-03-12T19:55:00Z,217.11
AAPL,2025-03-12T19:56:00Z,217.1
AAPL,2025-03-12T19:57:00Z,217.165
AAPL,2025-03-12T19:58:00Z,217.2
AAPL,2025-03-12T19:59:00Z,216.945
AAPL,2025-03-13T13:30:00Z,215.16
AAPL,2025-03-13T13:31:00Z,215.16
AAPL,2025-03-13T13:32:00Z,214.765
AAPL,2025-03-13T13:33:00Z,214.605
AAPL,2025-03-13T13:34:00Z,214.825
AAPL,2025-03-13T13:35:00Z,215.425
AAPL,2025-03-13T13:36:00Z,215.815
AAPL,2025-03-13T13:37:00Z,216.16
AAPL,2025-03-13T13:38:00Z,216.275
AAPL,2025-03-13T13:39:00Z,216.37
AAPL,2025-03-13T13:40:00Z,216.36
AAPL,2025-03-13T13:41:00Z,216.315
AAPL,2025-03-13T13:42:00Z,216.42
AAPL,2025-03-13T13:43:00Z,215.94
AAPL,2025-03-13T13:44:00Z,215.52
AAPL,2025-03-13T13:45:00Z,215.625
AAPL,2025-03-13T13:46:00Z,215.46
AAPL,2025-03-13T13:47:00Z,215.75
AAPL,2025-03-13T13:48:00Z,215.74
AAPL,2025-03-13T13:49:00Z,215.5
AAPL,2025-03-13T13:50:00Z,215.27
AAPL,2025-03-13T13:51:00Z,215.17
AAPL,2025-03-13T13:52:00Z,215.42
AAPL,2025-03-13T13:53:00Z,215.36
AAPL,2025-03-13T13:54:00Z,215.225
AAPL,2025-03-13T13:55:00Z,215.275
AAPL,2025-03-13T13:56:00Z,214.74
AAPL,2025-03-13T13:57:00Z,215.235
AAPL,2025-03-13T13:58:00Z,215.29
AAPL,2025-03-13T13:59:00Z,215.28
AAPL,2025-03-13T14:00:00Z,215.49
AAPL,2025-03-13T14:01:00Z,215.03
AAPL,2025-03-13T14:02:00Z,214.8
AAPL,2025-03-13T14:03:00Z,215.06
AAPL,2025-03-13T14:04:00Z,215.1
AAPL,2025-03-13T14:05:00Z,215.35
XLK,2025-03-12T18:24:00Z,211.41
XLK,2025-03-12T18:25:00Z,211.58
XLK,2025-03-12T18:27:00Z,211.69
XLK,2025-03-12T18:30:00Z,212.02
XLK,2025-03-12T18:32:00Z,211.84
XLK,2025-03-12T18:33:00Z,211.86
XLK,2025-03-12T18:34:00Z,211.98
XLK,2025-03-12T18:35:00Z,212.04
XLK,2025-03-12T18:36:00Z,211.95
XLK,2025-03-12T18:37:00Z,212.02
XLK,2025-03-12T18:38:00Z,212.0
XLK,2025-03-12T18:39:00Z,212.055
XLK,2025-03-12T18:40:00Z,212.1
XLK,2025-03-12T18:41:00Z,212.16
XLK,2025-03-12T18:43:00Z,212.37
XLK,2025-03-12T18:44:00Z,212.37
XLK,2025-03-12T18:47:00Z,212.505
XLK,2025-03-12T18:48:00Z,212.59
XLK,2025-03-12T18:49:00Z,212.68
XLK,2025-03-12T18:50:00Z,212.37
XLK,2025-03-12T18:52:00Z,212.45
XLK,2025-03-12T18:53:00Z,212.3
XLK,2025-03-12T18:54:00Z,212.27
XLK,2025-03-12T18:57:00Z,212.43
XLK,2025-03-12T18:59:00Z,212.39
XLK,2025-03-12T19:00:00Z,212.17
XLK,2025-03-12T19:01:00Z,211.86
XLK,2025-03-12T19:02:00Z,212.1
XLK,2025-03-12T19:03:00Z,212.17
XLK,2025-03-12T19:06:00Z,211.955
XLK,2025-03-12T19:08:00Z,212.01
XLK,2025-03-12T19:12:00Z,211.94
XLK,2025-03-12T19:13:00Z,211.92
XLK,2025-03-12T19:15:00Z,211.86
XLK,2025-03-12T19:16:00Z,211.7
XLK,2025-03-12T19:17:00Z,211.62
XLK,2025-03-12T19:18:00Z,211.93
XLK,2025-03-12T19:21:00Z,211.59
XLK,2025-03-12T19:22:00Z,211.39
XLK,2025-03-12T19:23:00Z,211.39
XLK,2025-03-12T19:24:00Z,211.55
XLK,2025-03-12T19:25:00Z,211.6
XLK,2025-03-12T19:27:00Z,211.73
XLK,2025-03-12T19:28:00Z,211.82
XLK,2025-03-12T19:29:00Z,211.67
XLK,2025-03-12T19:31:00Z,211.81
XLK,2025-03-12T19:33:00Z,211.77
XLK,2025-03-12T19:34:00Z,211.72
XLK,2025-03-12T19:35:00Z,211.51
XLK,2025-03-12T19:36:00Z,211.21
XLK,2025-03-12T19:37:00Z,211.46
XLK,2025-03-12T19:38:00Z,211.5
XLK,2025-03-12T19:39:00Z,211.46
XLK,2025-03-12T19:40:00Z,211.32
XLK,2025-03-12T19:41:00Z,211.12
XLK,2025-03-12T19:43:00Z,211.22
XLK,2025-03-12T19:44:00Z,211.37
XLK,2025-03-12T19:45:00Z,211.49
XLK,2025-03-12T19:46:00Z,211.485
XLK,2025-03-12T19:47:00Z,211.44
XLK,2025-03-12T19:48:00Z,211.62
XLK,2025-03-12T19:49:00Z,211.66
XLK,2025-03-12T19:50:00Z,211.305
XLK,2025-03-12T19:51:00Z,211.18
XLK,2025-03-12T19:52:00Z,211.25
XLK,2025-03-12T19:53:00Z,211.51
XLK,2025-03-12T19:54:00Z,211.78
XLK,2025-03-12T19:55:00Z,212.03
XLK,2025-03-12T19:56:00Z,211.7
XLK,2025-03-12T19:57:00Z,211.7
XLK,2025-03-12T19:58:00Z,211.73
XLK,2025-03-12T19:59:00Z,211.74
XLK,2025-03-13T13:30:00Z,210.84
XLK,2025-03-13T13:31:00Z,211.04
XLK,2025-03-13T13:32:00Z,211.08
XLK,2025-03-13T13:33:00Z,210.795
XLK,2025-03-13T13:34:00Z,210.84
XLK,2025-03-13T13:35:00Z,210.73
XLK,2025-03-13T13:36:00Z,210.19
XLK,2025-03-13T13:37:00Z,210.47
XLK,2025-03-13T13:38:00Z,210.8
XLK,2025-03-13T13:39:00Z,210.79
XLK,2025-03-13T13:40:00Z,211.07
XLK,2025-03-13T13:41:00Z,210.79
XLK,2025-03-13T13:45:00Z,210.03
XLK,2025-03-13T13:46:00Z,210.33
XLK,2025-03-13T13:47:00Z,210.38
XLK,2025-03-13T13:48:00Z,210.53
XLK,2025-03-13T13:49:00Z,210.41
XLK,2025-03-13T13:50:00Z,210.45
XLK,2025-03-13T13:51:00Z,210.035
XLK,2025-03-13T13:52:00Z,209.84
XLK,2025-03-13T13:53:00Z,209.64
XLK,2025-03-13T13:54:00Z,209.25
XLK,2025-03-13T13:55:00Z,209.51
XLK,2025-03-13T13:56:00Z,208.89
XLK,2025-03-13T13:57:00Z,208.72
XLK,2025-03-13T13:58:00Z,208.94
XLK,2025-03-13T13:59:00Z,209.17
XLK,2025-03-13T14:00:00Z,208.99
XLK,2025-03-13T14:01:00Z,208.85
XLK,2025-03-13T14:02:00Z,209.17
XLK,2025-03-13T14:03:00Z,209.74
XLK,2025-03-13T14:04:00Z,209.52
XLK,2025-03-13T14:05:00Z,210.07
TSLA,2025-03-17T12:05:00Z,247.17
TSLA,2025-03-17T13:02:00Z,246.86
TSLA,2025-03-17T13:30:00Z,241.77
TSLA,2025-03-17T13:31:00Z,241.005
TSLA,2025-03-17T13:32:00Z,240.64
TSLA,2025-03-17T13:33:00Z,240.56
TSLA,2025-03-17T13:34:00Z,239.6
TSLA,2025-03-17T13:35:00Z,240.23
TSLA,2025-03-17T13:36:00Z,242.2
TSLA,2025-03-17T13:37:00Z,242.25
TSLA,2025-03-17T13:38:00Z,243.16
TSLA,2025-03-17T13:39:00Z,243.65
TSLA,2025-03-17T13:40:00Z,242.865
TSLA,2025-03-17T13:41:00Z,243.695
TSLA,2025-03-17T13:42:00Z,243.79
TSLA,2025-03-17T13:43:00Z,242.86
TSLA,2025-03-17T13:44:00Z,243.31
TSLA,2025-03-17T13:45:00Z,242.42
TSLA,2025-03-17T13:46:00Z,243.73
TSLA,2025-03-17T13:47:00Z,242.81
TSLA,2025-03-17T13:48:00Z,242.905
TSLA,2025-03-17T13:49:00Z,241.65
TSLA,2025-03-17T13:50:00Z,242.77
TSLA,2025-03-17T13:51:00Z,242.97
TSLA,2025-03-17T13:52:00Z,243.61
TSLA,2025-03-17T13:53:00Z,244.06
TSLA,2025-03-17T13:54:00Z,243.96
TSLA,2025-03-17T13:55:00Z,243.38
TSLA,2025-03-17T13:56:00Z,243.66
TSLA,2025-03-17T13:57:00Z,244.46
TSLA,2025-03-17T13:58:00Z,243.99
TSLA,2025-03-17T13:59:00Z,243.7
TSLA,2025-03-17T14:00:00Z,243.54
TSLA,2025-03-17T14:01:00Z,242.55
TSLA,2025-03-17T14:02:00Z,241.945
TSLA,2025-03-17T14:03:00Z,241.52
TSLA,2025-03-17T14:04:00Z,241.715
TSLA,2025-03-17T14:05:00Z,241.43
XLY,2025-03-17T13:31:00Z,196.865
XLY,2025-03-17T13:32:00Z,196.79
XLY,2025-03-17T13:33:00Z,196.77
XLY,2025-03-17T13:34:00Z,196.735
XLY,2025-03-17T13:35:00Z,196.64
XLY,2025-03-17T13:38:00Z,197.37
XLY,2025-03-17T13:40:00Z,197.56
XLY,2025-03-17T13:42:00Z,197.415
XLY,2025-03-17T13:43:00Z,197.29
XLY,2025-03-17T13:45:00Z,197.5
XLY,2025-03-17T13:46:00Z,197.45
XLY,2025-03-17T13:47:00Z,197.28
XLY,2025-03-17T13:48:00Z,197.105
XLY,2025-03-17T13:49:00Z,196.76
XLY,2025-03-17T13:50:00Z,196.7
XLY,2025-03-17T13:51:00Z,196.77
XLY,2025-03-17T13:52:00Z,196.995
XLY,2025-03-17T13:54:00Z,197.07
XLY,2025-03-17T13:55:00Z,196.92
XLY,2025-03-17T13:56:00Z,196.95
XLY,2025-03-17T13:57:00Z,196.92
XLY,2025-03-17T13:58:00Z,196.76
XLY,2025-03-17T13:59:00Z,196.69
XLY,2025-03-17T14:00:00Z,196.74
XLY,2025-03-17T14:01:00Z,196.43
XLY,2025-03-17T14:02:00Z,196.31
XLY,2025-03-17T14:03:00Z,196.045
XLY,2025-03-17T16:02:00Z,195.41
XLY,2025-03-17T16:16:00Z,195.93
XLY,2025-03-17T16:18:00Z,196.02
XLY,2025-03-17T16:33:00Z,195.7
XLY,2025-03-17T16:42:00Z,195.445
XLY,2025-03-17T16:46:00Z,195.4
XLY,2025-03-17T16:48:00Z,195.57
XLY,2025-03-17T16:53:00Z,195.87
XLY,2025-03-17T16:57:00Z,195.92
XLY,2025-03-17T17:01:00Z,195.92
XLY,2025-03-17T17:11:00Z,196.05
XLY,2025-03-17T17:24:00Z,196.39
XLY,2025-03-17T17:27:00Z,196.56
XLY,2025-03-17T17:33:00Z,196.54
XLY,2025-03-17T17:36:00Z,196.86
XLY,2025-03-17T17:38:00Z,197.03
XLY,2025-03-17T17:39:00Z,197.06
XLY,2025-03-17T17:43:00Z,197.085
XLY,2025-03-17T17:54:00Z,197.17
XLY,2025-03-17T18:00:00Z,197.19
XLY,2025-03-17T18:02:00Z,197.24
XLY,2025-03-17T18:04:00Z,197.2
XLY,2025-03-17T18:07:00Z,197.31
XLY,2025-03-17T18:12:00Z,197.39
XLY,2025-03-17T18:19:00Z,197.76
XLY,2025-03-17T18:20:00Z,197.81
XLY,2025-03-17T18:21:00Z,197.675
XLY,2025-03-17T18:28:00Z,197.93
XLY,2025-03-17T18:29:00Z,197.895
XLY,2025-03-17T18:30:00Z,197.94
XLY,2025-03-17T18:31:00Z,197.95
XLY,2025-03-17T18:33:00Z,197.98
XLY,2025-03-17T18:34:00Z,198.045
XLY,2025-03-17T18:35:00Z,197.95
TSLA,2025-03-17T16:01:00Z,234.0
TSLA,2025-03-17T16:02:00Z,233.925
TSLA,2025-03-17T16:03:00Z,234.51
TSLA,2025-03-17T16:04:00Z,234.75
TSLA,2025-03-17T16:05:00Z,234.77
TSLA,2025-03-17T16:06:00Z,235.695
TSLA,2025-03-17T16:07:00Z,235.505
TSLA,2025-03-17T16:08:00Z,235.76
TSLA,2025-03-17T16:09:00Z,235.735
TSLA,2025-03-17T16:10:00Z,235.69
TSLA,2025-03-17T16:11:00Z,235.6
TSLA,2025-03-17T16:12:00Z,235.65
TSLA,2025-03-17T16:13:00Z,235.59
TSLA,2025-03-17T16:14:00Z,235.14
TSLA,2025-03-17T16:15:00Z,234.96
TSLA,2025-03-17T16:16:00Z,234.435
TSLA,2025-03-17T16:17:00Z,235.165
TSLA,2025-03-17T16:18:00Z,234.94
TSLA,2025-03-17T16:19:00Z,234.58
TSLA,2025-03-17T16:20:00Z,234.355
TSLA,2025-03-17T16:21:00Z,234.375
TSLA,2025-03-17T16:22:00Z,234.145
TSLA,2025-03-17T16:23:00Z,234.16
TSLA,2025-03-17T16:24:00Z,234.095
TSLA,2025-03-17T16:25:00Z,234.255
TSLA,2025-03-17T16:26:00Z,233.82
TSLA,2025-03-17T16:27:00Z,233.545
TSLA,2025-03-17T16:28:00Z,233.46
TSLA,2025-03-17T16:29:00Z,233.37
TSLA,2025-03-17T16:30:00Z,233.53
TSLA,2025-03-17T16:31:00Z,233.63
TSLA,2025-03-17T16:32:00Z,233.5
TSLA,2025-03-17T16:33:00Z,233.45
TSLA,2025-03-17T16:34:00Z,233.635
TSLA,2025-03-17T16:35:00Z,233.97
TSLA,2025-03-17T16:36:00Z,233.86
TSLA,2025-03-17T16:37:00Z,234.305
TSLA,2025-03-17T16:38:00Z,234.08
TSLA,2025-03-17T16:39:00Z,233.93
TSLA,2025-03-17T16:40:00Z,233.75
TSLA,2025-03-17T16:41:00Z,233.12
TSLA,2025-03-17T16:42:00Z,233.06
TSLA,2025-03-17T16:43:00Z,233.3
TSLA,2025-03-17T16:44:00Z,233.19
TSLA,2025-03-17T16:45:00Z,233.16
TSLA,2025-03-17T16:46:00Z,233.195
TSLA,2025-03-17T16:47:00Z,233.43
TSLA,2025-03-17T16:48:00Z,233.545
TSLA,2025-03-17T16:49:00Z,233.91
TSLA,2025-03-17T16:50:00Z,233.825
TSLA,2025-03-17T16:51:00Z,233.995
TSLA,2025-03-17T16:52:00Z,233.99
TSLA,2025-03-17T16:53:00Z,233.77
TSLA,2025-03-17T16:54:00Z,233.73
TSLA,2025-03-17T16:55:00Z,233.865
TSLA,2025-03-17T16:56:00Z,233.805
TSLA,2025-03-17T16:57:00Z,233.635
TSLA,2025-03-17T16:58:00Z,233.685
TSLA,2025-03-17T16:59:00Z,233.96
TSLA,2025-03-17T17:00:00Z,233.45
TSLA,2025-03-17T17:01:00Z,233.5
TSLA,2025-03-17T17:02:00Z,233.87
TSLA,2025-03-17T17:03:00Z,233.7
TSLA,2025-03-17T17:04:00Z,233.52
TSLA,2025-03-17T17:05:00Z,234.2
TSLA,2025-03-17T17:06:00Z,234.65
TSLA,2025-03-17T17:07:00Z,234.73
TSLA,2025-03-17T17:08:00Z,234.27
TSLA,2025-03-17T17:09:00Z,234.23
TSLA,2025-03-17T17:10:00Z,234.35
TSLA,2025-03-17T17:11:00Z,234.465
TSLA,2025-03-17T17:12:00Z,234.7
TSLA,2025-03-17T17:13:00Z,234.7
TSLA,2025-03-17T17:14:00Z,235.4
TSLA,2025-03-17T17:15:00Z,234.91
TSLA,2025-03-17T17:16:00Z,234.965
TSLA,2025-03-17T17:17:00Z,235.085
TSLA,2025-03-17T17:18:00Z,235.61
TSLA,2025-03-17T17:19:00Z,235.48
TSLA,2025-03-17T17:20:00Z,235.5
TSLA,2025-03-17T17:21:00Z,235.46
TSLA,2025-03-17T17:22:00Z,235.74
TSLA,2025-03-17T17:23:00Z,236.11
TSLA,2025-03-17T17:24:00Z,236.1
TSLA,2025-03-17T17:25:00Z,236.305
TSLA,2025-03-17T17:26:00Z,236.325
TSLA,2025-03-17T17:27:00Z,236.48
TSLA,2025-03-17T17:28:00Z,236.27
TSLA,2025-03-17T17:29:00Z,236.085
TSLA,2025-03-17T17:30:00Z,235.99
TSLA,2025-03-17T17:31:00Z,236.185
TSLA,2025-03-17T17:32:00Z,236.37
TSLA,2025-03-17T17:33:00Z,236.745
TSLA,2025-03-17T17:34:00Z,236.995
TSLA,2025-03-17T17:35:00Z,237.11
TSLA,2025-03-17T17:36:00Z,237.54
TSLA,2025-03-17T17:37:00Z,237.305
TSLA,2025-03-17T17:38:00Z,237.375
TSLA,2025-03-17T17:39:00Z,237.16
TSLA,2025-03-17T17:40:00Z,237.39
TSLA,2025-03-17T17:41:00Z,237.15
TSLA,2025-03-17T17:42:00Z,237.33
TSLA,2025-03-17T17:43:00Z,237.39
TSLA,2025-03-17T17:44:00Z,237.445
TSLA,2025-03-17T17:45:00Z,237.365
TSLA,2025-03-17T17:46:00Z,237.145
TSLA,2025-03-17T17:47:00Z,237.36
TSLA,2025-03-17T17:48:00Z,237.41
TSLA,2025-03-17T17:49:00Z,237.27
TSLA,2025-03-17T17:50:00Z,237.42
TSLA,2025-03-17T17:51:00Z,237.68
TSLA,2025-03-17T17:52:00Z,237.16
TSLA,2025-03-17T17:53:00Z,237.34
TSLA,2025-03-17T17:54:00Z,237.36
TSLA,2025-03-17T17:55:00Z,237.3
TSLA,2025-03-17T17:56:00Z,237.045
TSLA,2025-03-17T17:57:00Z,237.27
TSLA,2025-03-17T17:58:00Z,236.94
TSLA,2025-03-17T17:59:00Z,236.71
TSLA,2025-03-17T18:00:00Z,237.785
TSLA,2025-03-17T18:01:00Z,237.12
TSLA,2025-03-17T18:02:00Z,236.985
TSLA,2025-03-17T18:03:00Z,236.48
TSLA,2025-03-17T18:04:00Z,236.79
TSLA,2025-03-17T18:05:00Z,236.65
TSLA,2025-03-17T18:06:00Z,237.085
TSLA,2025-03-17T18:07:00Z,236.99
TSLA,2025-03-17T18:08:00Z,236.955
TSLA,2025-03-17T18:09:00Z,237.19
TSLA,2025-03-17T18:10:00Z,237.08
TSLA,2025-03-17T18:11:00Z,237.48
TSLA,2025-03-17T18:12:00Z,237.84
TSLA,2025-03-17T18:13:00Z,238.0
TSLA,2025-03-17T18:14:00Z,237.8
TSLA,2025-03-17T18:15:00Z,237.74
TSLA,2025-03-17T18:16:00Z,237.875
TSLA,2025-03-17T18:17:00Z,238.56
TSLA,2025-03-17T18:18:00Z,238.83
TSLA,2025-03-17T18:19:00Z,238.7
TSLA,2025-03-17T18:20:00Z,238.59
TSLA,2025-03-17T18:21:00Z,238.43
TSLA,2025-03-17T18:22:00Z,238.48
TSLA,2025-03-17T18:23:00Z,238.54
TSLA,2025-03-17T18:24:00Z,238.545
TSLA,2025-03-17T18:25:00Z,238.38
TSLA,2025-03-17T18:26:00Z,238.62
TSLA,2025-03-17T18:27:00Z,238.87
TSLA,2025-03-17T18:28:00Z,239.085
TSLA,2025-03-17T18:29:00Z,239.29
TSLA,2025-03-17T18:30:00Z,239.37
TSLA,2025-03-17T18:31:00Z,239.6
TSLA,2025-03-17T18:32:00Z,239.62
TSLA,2025-03-17T18:33:00Z,239.62
TSLA,2025-03-17T18:34:00Z,239.86
TSLA,2025-03-17T18:35:00Z,239.48
TSLA,2025-03-17T18:36:00Z,239.08
TSLA,2025-03-19T12:59:00Z,232.31
TSLA,2025-03-19T13:30:00Z,230.845
TSLA,2025-03-19T13:31:00Z,232.615
TSLA,2025-03-19T13:32:00Z,233.33
TSLA,2025-03-19T13:33:00Z,233.98
TSLA,2025-03-19T13:34:00Z,232.86
TSLA,2025-03-19T13:35:00Z,232.705
TSLA,2025-03-19T13:36:00Z,232.375
TSLA,2025-03-19T13:37:00Z,232.29
TSLA,2025-03-19T13:38:00Z,233.38
TSLA,2025-03-19T13:39:00Z,232.98
TSLA,2025-03-19T13:40:00Z,233.58
TSLA,2025-03-19T13:41:00Z,232.46
TSLA,2025-03-19T13:42:00Z,231.89
TSLA,2025-03-19T13:43:00Z,231.51
TSLA,2025-03-19T13:44:00Z,231.52
TSLA,2025-03-19T13:45:00Z,231.425
TSLA,2025-03-19T13:46:00Z,232.695
TSLA,2025-03-19T13:47:00Z,232.15
TSLA,2025-03-19T13:48:00Z,232.36
TSLA,2025-03-19T13:49:00Z,232.07
TSLA,2025-03-19T13:50:00Z,230.55
TSLA,2025-03-19T13:51:00Z,230.86
TSLA,2025-03-19T13:52:00Z,229.915
TSLA,2025-03-19T13:53:00Z,230.19
TSLA,2025-03-19T13:54:00Z,231.295
TSLA,2025-03-19T13:55:00Z,230.085
TSLA,2025-03-19T13:56:00Z,229.69
TSLA,2025-03-19T13:57:00Z,229.83
TSLA,2025-03-19T13:58:00Z,229.79
TSLA,2025-03-19T13:59:00Z,229.97
TSLA,2025-03-19T14:00:00Z,230.255
TSLA,2025-03-19T14:01:00Z,231.16
TSLA,2025-03-19T14:02:00Z,229.975
TSLA,2025-03-19T14:03:00Z,230.04
TSLA,2025-03-19T14:04:00Z,230.8
TSLA,2025-03-19T14:05:00Z,230.93
XLY,2025-03-19T13:30:00Z,194.47
XLY,2025-03-19T13:32:00Z,194.63
XLY,2025-03-19T13:33:00Z,195.05
XLY,2025-03-19T13:34:00Z,194.92
XLY,2025-03-19T13:35:00Z,194.91
XLY,2025-03-19T13:36:00Z,194.61
XLY,2025-03-19T13:38:00Z,194.8
XLY,2025-03-19T13:39:00Z,194.94
XLY,2025-03-19T13:42:00Z,194.77
XLY,2025-03-19T13:43:00Z,194.72
XLY,2025-03-19T13:46:00Z,194.98
XLY,2025-03-19T13:47:00Z,195.08
XLY,2025-03-19T13:49:00Z,195.04
XLY,2025-03-19T13:51:00Z,194.82
XLY,2025-03-19T13:54:00Z,194.97
XLY,2025-03-19T13:55:00Z,194.89
XLY,2025-03-19T13:56:00Z,194.95
XLY,2025-03-19T13:57:00Z,194.93
XLY,2025-03-19T14:00:00Z,195.055
XLY,2025-03-19T14:01:00Z,195.21
XLY,2025-03-19T14:02:00Z,195.22
XLY,2025-03-19T14:03:00Z,195.14
XLY,2025-03-19T14:04:00Z,195.21
TSLA,2025-03-19T17:53:00Z,232.77
TSLA,2025-03-19T17:54:00Z,232.7
TSLA,2025-03-19T17:55:00Z,233.095
TSLA,2025-03-19T17:56:00Z,232.955
TSLA,2025-03-19T17:57:00Z,233.085
TSLA,2025-03-19T17:58:00Z,233.09
TSLA,2025-03-19T17:59:00Z,233.055
TSLA,2025-03-19T18:00:00Z,234.795
TSLA,2025-03-19T18:01:00Z,234.195
TSLA,2025-03-19T18:02:00Z,233.525
TSLA,2025-03-19T18:03:00Z,234.15
TSLA,2025-03-19T18:04:00Z,233.15
TSLA,2025-03-19T18:05:00Z,232.4
TSLA,2025-03-19T18:06:00Z,232.265
TSLA,2025-03-19T18:07:00Z,232.995
TSLA,2025-03-19T18:08:00Z,233.41
TSLA,2025-03-19T18:09:00Z,233.535
TSLA,2025-03-19T18:10:00Z,234.065
TSLA,2025-03-19T18:11:00Z,234.26
TSLA,2025-03-19T18:12:00Z,234.2
TSLA,2025-03-19T18:13:00Z,233.82
TSLA,2025-03-19T18:14:00Z,234.18
TSLA,2025-03-19T18:15:00Z,234.4
TSLA,2025-03-19T18:16:00Z,234.97
TSLA,2025-03-19T18:17:00Z,234.715
TSLA,2025-03-19T18:18:00Z,234.55
TSLA,2025-03-19T18:19:00Z,234.315
TSLA,2025-03-19T18:20:00Z,234.0
TSLA,2025-03-19T18:21:00Z,233.8
TSLA,2025-03-19T18:22:00Z,234.11
TSLA,2025-03-19T18:23:00Z,234.07
TSLA,2025-03-19T18:24:00Z,234.12
TSLA,2025-03-19T18:25:00Z,233.74
TSLA,2025-03-19T18:26:00Z,233.66
TSLA,2025-03-19T18:27:00Z,233.84
TSLA,2025-03-19T18:28:00Z,233.57
TSLA,2025-03-19T18:29:00Z,233.425
TSLA,2025-03-19T18:30:00Z,233.8
TSLA,2025-03-19T18:31:00Z,234.73
TSLA,2025-03-19T18:32:00Z,235.16
TSLA,2025-03-19T18:33:00Z,234.255
TSLA,2025-03-19T18:34:00Z,234.77
TSLA,2025-03-19T18:35:00Z,234.69
TSLA,2025-03-19T18:36:00Z,234.47
TSLA,2025-03-19T18:37:00Z,234.73
TSLA,2025-03-19T18:38:00Z,234.03
TSLA,2025-03-19T18:39:00Z,233.92
TSLA,2025-03-19T18:40:00Z,233.55
TSLA,2025-03-19T18:41:00Z,234.36
TSLA,2025-03-19T18:42:00Z,234.605
TSLA,2025-03-19T18:43:00Z,234.825
TSLA,2025-03-19T18:44:00Z,235.12
TSLA,2025-03-19T18:45:00Z,234.795
TSLA,2025-03-19T18:46:00Z,234.6
TSLA,2025-03-19T18:47:00Z,234.68
TSLA,2025-03-19T18:48:00Z,234.99
TSLA,2025-03-19T18:49:00Z,234.79
TSLA,2025-03-19T18:50:00Z,234.76
TSLA,2025-03-19T18:51:00Z,235.02
TSLA,2025-03-19T18:52:00Z,235.54
TSLA,2025-03-19T18:53:00Z,236.07
TSLA,2025-03-19T18:54:00Z,235.88
TSLA,2025-03-19T18:55:00Z,236.16
TSLA,2025-03-19T18:56:00Z,236.665
TSLA,2025-03-19T18:57:00Z,237.38
TSLA,2025-03-19T18:58:00Z,237.27
TSLA,2025-03-19T18:59:00Z,237.45
TSLA,2025-03-19T19:00:00Z,238.43
TSLA,2025-03-19T19:01:00Z,238.43
TSLA,2025-03-19T19:02:00Z,238.475
TSLA,2025-03-19T19:03:00Z,238.375
TSLA,2025-03-19T19:04:00Z,238.67
TSLA,2025-03-19T19:05:00Z,238.96
TSLA,2025-03-19T19:06:00Z,239.6
TSLA,2025-03-19T19:07:00Z,240.475
TSLA,2025-03-19T19:08:00Z,241.29
TSLA,2025-03-19T19:09:00Z,240.82
TSLA,2025-03-19T19:10:00Z,240.555
TSLA,2025-03-19T19:11:00Z,239.875
TSLA,2025-03-19T19:12:00Z,240.145
TSLA,2025-03-19T19:13:00Z,239.78
TSLA,2025-03-19T19:14:00Z,240.18
TSLA,2025-03-19T19:15:00Z,240.15
TSLA,2025-03-19T19:16:00Z,240.065
TSLA,2025-03-19T19:17:00Z,239.87
TSLA,2025-03-19T19:18:00Z,239.55
TSLA,2025-03-19T19:19:00Z,238.97
TSLA,2025-03-19T19:20:00Z,238.37
TSLA,2025-03-19T19:21:00Z,237.845
TSLA,2025-03-19T19:22:00Z,237.84
TSLA,2025-03-19T19:23:00Z,237.4
TSLA,2025-03-19T19:24:00Z,237.78
TSLA,2025-03-19T19:25:00Z,237.58
TSLA,2025-03-19T19:26:00Z,237.0
TSLA,2025-03-19T19:27:00Z,236.27
TSLA,2025-03-19T19:28:00Z,235.59
TSLA,2025-03-19T19:29:00Z,235.39
TSLA,2025-03-19T19:30:00Z,236.37
TSLA,2025-03-19T19:31:00Z,236.31
TSLA,2025-03-19T19:32:00Z,236.69
TSLA,2025-03-19T19:33:00Z,236.72
TSLA,2025-03-19T19:34:00Z,236.12
TSLA,2025-03-19T19:35:00Z,235.7
TSLA,2025-03-19T19:36:00Z,236.6
TSLA,2025-03-19T19:37:00Z,236.62
TSLA,2025-03-19T19:38:00Z,237.07
TSLA,2025-03-19T19:39:00Z,237.185
TSLA,2025-03-19T19:40:00Z,237.43
TSLA,2025-03-19T19:41:00Z,237.595
TSLA,2025-03-19T19:42:00Z,237.195
TSLA,2025-03-19T19:43:00Z,237.26
TSLA,2025-03-19T19:44:00Z,237.935
TSLA,2025-03-19T19:45:00Z,237.615
TSLA,2025-03-19T19:46:00Z,237.26
TSLA,2025-03-19T19:47:00Z,236.98
TSLA,2025-03-19T19:48:00Z,236.91
TSLA,2025-03-19T19:49:00Z,236.79
TSLA,2025-03-19T19:50:00Z,235.94
TSLA,2025-03-19T19:51:00Z,236.15
TSLA,2025-03-19T19:52:00Z,236.005
TSLA,2025-03-19T19:53:00Z,236.58
TSLA,2025-03-19T19:54:00Z,236.65
TSLA,2025-03-19T19:55:00Z,235.63
TSLA,2025-03-19T19:56:00Z,235.835
TSLA,2025-03-19T19:57:00Z,235.87
TSLA,2025-03-19T19:58:00Z,235.87
TSLA,2025-03-19T19:59:00Z,235.72
XLY,2025-03-19T17:58:00Z,195.1
XLY,2025-03-19T17:59:00Z,195.07
XLY,2025-03-19T18:00:00Z,195.485
XLY,2025-03-19T18:01:00Z,195.59
XLY,2025-03-19T18:03:00Z,195.58
XLY,2025-03-19T18:05:00Z,195.11
XLY,2025-03-19T18:06:00Z,195.2
XLY,2025-03-19T18:12:00Z,195.76
XLY,2025-03-19T18:13:00Z,195.73
XLY,2025-03-19T18:17:00Z,195.84
XLY,2025-03-19T18:19:00Z,195.83
XLY,2025-03-19T18:22:00Z,195.71
XLY,2025-03-19T18:23:00Z,195.83
XLY,2025-03-19T18:24:00Z,195.81
XLY,2025-03-19T18:26:00Z,195.66
XLY,2025-03-19T18:27:00Z,195.76
XLY,2025-03-19T18:31:00Z,196.05
XLY,2025-03-19T18:35:00Z,196.23
XLY,2025-03-19T18:37:00Z,196.19
XLY,2025-03-19T18:39:00Z,195.96
XLY,2025-03-19T18:41:00Z,196.08
XLY,2025-03-19T18:42:00Z,195.96
XLY,2025-03-19T18:44:00Z,196.51
XLY,2025-03-19T18:50:00Z,196.41
XLY,2025-03-19T18:52:00Z,196.59
XLY,2025-03-19T18:53:00Z,196.83
XLY,2025-03-19T18:55:00Z,196.72
XLY,2025-03-19T18:56:00Z,197.06
XLY,2025-03-19T18:57:00Z,197.16
XLY,2025-03-19T18:58:00Z,197.14
XLY,2025-03-19T19:00:00Z,197.15
XLY,2025-03-19T19:01:00Z,197.37
XLY,2025-03-19T19:02:00Z,197.4
XLY,2025-03-19T19:05:00Z,197.625
XLY,2025-03-19T19:07:00Z,197.96
XLY,2025-03-19T19:08:00Z,198.105
XLY,2025-03-19T19:09:00Z,198.11
XLY,2025-03-19T19:10:00Z,198.13
XLY,2025-03-19T19:11:00Z,197.94
XLY,2025-03-19T19:14:00Z,197.93
XLY,2025-03-19T19:16:00Z,198.03
XLY,2025-03-19T19:18:00Z,197.8
XLY,2025-03-19T19:19:00Z,197.785
XLY,2025-03-19T19:20:00Z,197.74
XLY,2025-03-19T19:21:00Z,197.46
XLY,2025-03-19T19:23:00Z,197.24
XLY,2025-03-19T19:26:00Z,197.18
XLY,2025-03-19T19:27:00Z,196.9
XLY,2025-03-19T19:28:00Z,196.85
XLY,2025-03-19T19:29:00Z,196.8
XLY,2025-03-19T19:30:00Z,197.055
XLY,2025-03-19T19:31:00Z,197.22
XLY,2025-03-19T19:32:00Z,197.21
XLY,2025-03-19T19:33:00Z,197.39
XLY,2025-03-19T19:34:00Z,197.21
XLY,2025-03-19T19:35:00Z,197.05
XLY,2025-03-19T19:36:00Z,197.24
XLY,2025-03-19T19:37:00Z,197.37
XLY,2025-03-19T19:38:00Z,197.59
XLY,2025-03-19T19:39:00Z,197.47
XLY,2025-03-19T19:42:00Z,197.52
XLY,2025-03-19T19:43:00Z,197.61
XLY,2025-03-19T19:44:00Z,197.72
XLY,2025-03-19T19:45:00Z,197.72
XLY,2025-03-19T19:46:00Z,197.65
XLY,2025-03-19T19:47:00Z,197.58
XLY,2025-03-19T19:48:00Z,197.38
XLY,2025-03-19T19:49:00Z,197.49
XLY,2025-03-19T19:50:00Z,197.035
XLY,2025-03-19T19:51:00Z,197.08
XLY,2025-03-19T19:52:00Z,197.075
XLY,2025-03-19T19:53:00Z,197.14
XLY,2025-03-19T19:54:00Z,197.21
XLY,2025-03-19T19:55:00Z,197.06
XLY,2025-03-19T19:56:00Z,197.135
XLY,2025-03-19T19:57:00Z,197.125
XLY,2025-03-19T19:58:00Z,197.12
XLY,2025-03-19T19:59:00Z,197.21
SOXX,2025-03-20T13:30:00Z,200.785
SOXX,2025-03-20T13:31:00Z,200.7
SOXX,2025-03-20T13:35:00Z,201.65
SOXX,2025-03-20T13:36:00Z,201.59
SOXX,2025-03-20T13:37:00Z,201.77
SOXX,2025-03-20T13:38:00Z,201.64
SOXX,2025-03-20T13:47:00Z,202.11
SOXX,2025-03-20T13:51:00Z,202.03
SOXX,2025-03-20T13:52:00Z,201.84
SOXX,2025-03-20T13:53:00Z,201.95
SOXX,2025-03-20T13:54:00Z,202.065
SOXX,2025-03-20T14:01:00Z,202.1
SOXX,2025-03-20T14:04:00Z,202.75
NVDA,2025-03-20T12:07:00Z,117.39
NVDA,2025-03-20T12:11:00Z,117.23
NVDA,2025-03-20T12:21:00Z,117.04
NVDA,2025-03-20T12:31:00Z,117.72
NVDA,2025-03-20T12:32:00Z,117.65
NVDA,2025-03-20T12:35:00Z,117.53
NVDA,2025-03-20T12:48:00Z,117.13
NVDA,2025-03-20T12:49:00Z,116.97
NVDA,2025-03-20T12:50:00Z,117.09
NVDA,2025-03-20T12:53:00Z,117.33
NVDA,2025-03-20T12:59:00Z,117.13
NVDA,2025-03-20T13:06:00Z,116.64
NVDA,2025-03-20T13:08:00Z,116.8
NVDA,2025-03-20T13:10:00Z,116.69
NVDA,2025-03-20T13:13:00Z,117.03
NVDA,2025-03-20T13:14:00Z,117.03
NVDA,2025-03-20T13:30:00Z,117.24
NVDA,2025-03-20T13:31:00Z,117.495
NVDA,2025-03-20T13:32:00Z,118.015
NVDA,2025-03-20T13:33:00Z,118.44
NVDA,2025-03-20T13:34:00Z,118.425
NVDA,2025-03-20T13:35:00Z,118.71
NVDA,2025-03-20T13:36:00Z,118.66
NVDA,2025-03-20T13:37:00Z,118.655
NVDA,2025-03-20T13:38:00Z,119.05
NVDA,2025-03-20T13:39:00Z,119.31
NVDA,2025-03-20T13:40:00Z,118.87
NVDA,2025-03-20T13:41:00Z,118.76
NVDA,2025-03-20T13:42:00Z,118.735
NVDA,2025-03-20T13:43:00Z,118.64
NVDA,2025-03-20T13:44:00Z,118.45
NVDA,2025-03-20T13:45:00Z,118.95
NVDA,2025-03-20T13:46:00Z,118.875
NVDA,2025-03-20T13:47:00Z,118.75
NVDA,2025-03-20T13:48:00Z,118.81
NVDA,2025-03-20T13:49:00Z,118.76
NVDA,2025-03-20T13:50:00Z,118.95
NVDA,2025-03-20T13:51:00Z,118.63
NVDA,2025-03-20T13:52:00Z,118.61
NVDA,2025-03-20T13:53:00Z,118.63
NVDA,2025-03-20T13:54:00Z,118.47
NVDA,2025-03-20T13:55:00Z,118.23
NVDA,2025-03-20T13:56:00Z,118.12
NVDA,2025-03-20T13:57:00Z,118.21
NVDA,2025-03-20T13:58:00Z,118.27
NVDA,2025-03-20T13:59:00Z,118.455
NVDA,2025-03-20T14:00:00Z,118.84
NVDA,2025-03-20T14:01:00Z,118.54
NVDA,2025-03-20T14:02:00Z,118.705
NVDA,2025-03-20T14:03:00Z,119.025
NVDA,2025-03-20T14:04:00Z,119.02
NVDA,2025-03-20T14:05:00Z,118.845
XLK,2025-03-20T13:30:00Z,212.42
XLK,2025-03-20T13:31:00Z,212.59
XLK,2025-03-20T13:32:00Z,213.17
XLK,2025-03-20T13:33:00Z,213.47
XLK,2025-03-20T13:34:00Z,213.36
XLK,2025-03-20T13:35:00Z,213.36
XLK,2025-03-20T13:36:00Z,213.22
XLK,2025-03-20T13:37:00Z,213.27
XLK,2025-03-20T13:39:00Z,213.445
XLK,2025-03-20T13:40:00Z,213.33
XLK,2025-03-20T13:41:00Z,213.215
XLK,2025-03-20T13:42:00Z,213.135
XLK,2025-03-20T13:43:00Z,213.27
XLK,2025-03-20T13:44:00Z,213.09
XLK,2025-03-20T13:45:00Z,213.54
XLK,2025-03-20T13:46:00Z,213.56
XLK,2025-03-20T13:47:00Z,213.475
XLK,2025-03-20T13:48:00Z,213.46
XLK,2025-03-20T13:49:00Z,213.52
XLK,2025-03-20T13:50:00Z,213.59
XLK,2025-03-20T13:52:00Z,213.49
XLK,2025-03-20T13:53:00Z,213.49
XLK,2025-03-20T13:54:00Z,213.46
XLK,2025-03-20T13:55:00Z,213.21
XLK,2025-03-20T13:56:00Z,213.31
XLK,2025-03-20T13:57:00Z,213.27
XLK,2025-03-20T13:58:00Z,213.385
XLK,2025-03-20T13:59:00Z,213.57
XLK,2025-03-20T14:00:00Z,214.065
XLK,2025-03-20T14:01:00Z,214.05
XLK,2025-03-20T14:02:00Z,214.14
XLK,2025-03-20T14:03:00Z,214.42
XLK,2025-03-20T14:04:00Z,214.46
XLK,2025-03-20T14:06:00Z,214.245
XLK,2025-03-20T14:07:00Z,214.38
XLK,2025-03-20T14:08:00Z,214.41
XLK,2025-03-20T14:09:00Z,214.34
XLK,2025-03-20T14:10:00Z,214.12
XLK,2025-03-20T14:11:00Z,214.365
XLK,2025-03-20T14:13:00Z,214.15
XLK,2025-03-20T14:15:00Z,214.04
XLK,2025-03-20T14:16:00Z,214.53
XLK,2025-03-20T14:17:00Z,214.84
XLK,2025-03-20T14:18:00Z,214.73
XLK,2025-03-20T14:19:00Z,214.72
XLK,2025-03-20T14:21:00Z,214.63
XLK,2025-03-20T14:22:00Z,214.66
XLK,2025-03-20T14:24:00Z,215.21
XLK,2025-03-20T14:25:00Z,215.21
XLK,2025-03-20T14:26:00Z,215.31
XLK,2025-03-20T14:27:00Z,215.39
XLK,2025-03-20T14:28:00Z,215.18
XLK,2025-03-20T14:29:00Z,214.98
XLK,2025-03-20T14:30:00Z,215.02
XLK,2025-03-20T14:32:00Z,214.87
XLK,2025-03-20T14:33:00Z,214.84
XLK,2025-03-20T14:34:00Z,214.93
XLK,2025-03-20T14:35:00Z,214.82
XLK,2025-03-20T14:36:00Z,214.89
XLK,2025-03-20T14:39:00Z,215.34
XLK,2025-03-20T14:42:00Z,215.53
XLK,2025-03-20T14:43:00Z,215.58
XLK,2025-03-20T14:44:00Z,215.65
XLK,2025-03-20T14:45:00Z,215.71
XLK,2025-03-20T14:46:00Z,215.62
XLK,2025-03-20T14:47:00Z,215.67
XLK,2025-03-20T14:48:00Z,215.7
XLK,2025-03-20T14:49:00Z,215.54
XLK,2025-03-20T14:50:00Z,215.48
XLK,2025-03-20T14:52:00Z,215.14
XLK,2025-03-20T14:54:00Z,215.3
XLK,2025-03-20T14:56:00Z,215.08
XLK,2025-03-20T14:57:00Z,215.28
XLK,2025-03-20T14:59:00Z,214.88
XLK,2025-03-20T15:00:00Z,215.02
XLK,2025-03-20T15:05:00Z,214.85
XLK,2025-03-20T15:06:00Z,215.02
XLK,2025-03-20T15:07:00Z,215.0
XLK,2025-03-20T15:21:00Z,215.08
XLK,2025-03-20T15:22:00Z,215.03
XLK,2025-03-20T15:24:00Z,215.31
XLK,2025-03-20T15:26:00Z,215.25
XLK,2025-03-20T15:27:00Z,215.26
XLK,2025-03-20T15:31:00Z,215.09
XLK,2025-03-20T15:33:00Z,215.04
XLK,2025-03-20T15:34:00Z,214.77
XLK,2025-03-20T15:35:00Z,214.74
XLK,2025-03-20T15:36:00Z,214.69
XLK,2025-03-20T15:37:00Z,214.53
XLK,2025-03-20T15:38:00Z,214.8
XLK,2025-03-20T15:39:00Z,214.895
XLK,2025-03-20T15:40:00Z,215.09
XLK,2025-03-20T15:43:00Z,215.225
XLK,2025-03-20T15:45:00Z,215.25
XLK,2025-03-20T15:46:00Z,215.39
XLK,2025-03-20T15:47:00Z,215.56
XLK,2025-03-20T15:48:00Z,215.59
XLK,2025-03-20T15:51:00Z,215.38
XLK,2025-03-20T15:55:00Z,215.41
XLK,2025-03-20T15:57:00Z,215.05
AAPL,2025-03-20T13:30:00Z,213.4
AAPL,2025-03-20T13:31:00Z,213.4
AAPL,2025-03-20T13:32:00Z,214.18
AAPL,2025-03-20T13:33:00Z,214.27
AAPL,2025-03-20T13:34:00Z,214.16
AAPL,2025-03-20T13:35:00Z,214.185
AAPL,2025-03-20T13:36:00Z,214.45
AAPL,2025-03-20T13:37:00Z,213.89
AAPL,2025-03-20T13:38:00Z,213.6
AAPL,2025-03-20T13:39:00Z,213.75
AAPL,2025-03-20T13:40:00Z,213.66
AAPL,2025-03-20T13:41:00Z,214.21
AAPL,2025-03-20T13:42:00Z,214.26
AAPL,2025-03-20T13:43:00Z,214.53
AAPL,2025-03-20T13:44:00Z,214.62
AAPL,2025-03-20T13:45:00Z,214.655
AAPL,2025-03-20T13:46:00Z,214.75
AAPL,2025-03-20T13:47:00Z,214.71
AAPL,2025-03-20T13:48:00Z,214.61
AAPL,2025-03-20T13:49:00Z,214.64
AAPL,2025-03-20T13:50:00Z,214.75
AAPL,2025-03-20T13:51:00Z,214.99
AAPL,2025-03-20T13:52:00Z,215.02
AAPL,2025-03-20T13:53:00Z,215.03
AAPL,2025-03-20T13:54:00Z,215.14
AAPL,2025-03-20T13:55:00Z,214.94
AAPL,2025-03-20T13:56:00Z,215.1
AAPL,2025-03-20T13:57:00Z,215.16
AAPL,2025-03-20T13:58:00Z,215.35
AAPL,2025-03-20T13:59:00Z,215.38
AAPL,2025-03-20T14:00:00Z,215.635
AAPL,2025-03-20T14:01:00Z,215.52
AAPL,2025-03-20T14:02:00Z,215.77
AAPL,2025-03-20T14:03:00Z,215.98
AAPL,2025-03-20T14:04:00Z,215.98
AAPL,2025-03-20T14:05:00Z,215.84
AAPL,2025-03-20T14:06:00Z,215.81
AAPL,2025-03-20T14:07:00Z,216.0
AAPL,2025-03-20T14:08:00Z,216.22
AAPL,2025-03-20T14:09:00Z,216.395
AAPL,2025-03-20T14:10:00Z,216.29
AAPL,2025-03-20T14:11:00Z,216.51
AAPL,2025-03-20T14:12:00Z,216.36
AAPL,2025-03-20T14:13:00Z,216.535
AAPL,2025-03-20T14:14:00Z,216.46
AAPL,2025-03-20T14:15:00Z,216.58
AAPL,2025-03-20T14:16:00Z,217.12
AAPL,2025-03-20T14:17:00Z,217.235
AAPL,2025-03-20T14:18:00Z,217.31
AAPL,2025-03-20T14:19:00Z,217.295
AAPL,2025-03-20T14:20:00Z,217.26
AAPL,2025-03-20T14:21:00Z,216.995
AAPL,2025-03-20T14:22:00Z,216.99
AAPL,2025-03-20T14:23:00Z,217.24
AAPL,2025-03-20T14:24:00Z,217.185
AAPL,2025-03-20T14:25:00Z,217.11
AAPL,2025-03-20T14:26:00Z,217.24
AAPL,2025-03-20T14:27:00Z,217.155
AAPL,2025-03-20T14:28:00Z,216.96
AAPL,2025-03-20T14:29:00Z,216.99
AAPL,2025-03-20T14:30:00Z,216.95
AAPL,2025-03-20T14:31:00Z,216.76
AAPL,2025-03-20T14:32:00Z,217.035
AAPL,2025-03-20T14:33:00Z,216.95
AAPL,2025-03-20T14:34:00Z,216.935
AAPL,2025-03-20T14:35:00Z,216.85
AAPL,2025-03-20T14:36:00Z,217.15
AAPL,2025-03-20T14:37:00Z,217.23
AAPL,2025-03-20T14:38:00Z,217.115
AAPL,2025-03-20T14:39:00Z,216.85
AAPL,2025-03-20T14:40:00Z,216.8
AAPL,2025-03-20T14:41:00Z,216.81
AAPL,2025-03-20T14:42:00Z,216.815
AAPL,2025-03-20T14:43:00Z,216.9
AAPL,2025-03-20T14:44:00Z,216.84
AAPL,2025-03-20T14:45:00Z,216.9
AAPL,2025-03-20T14:46:00Z,217.19
AAPL,2025-03-20T14:47:00Z,217.155
AAPL,2025-03-20T14:48:00Z,217.165
AAPL,2025-03-20T14:49:00Z,217.09
AAPL,2025-03-20T14:50:00Z,216.845
AAPL,2025-03-20T14:51:00Z,216.69
AAPL,2025-03-20T14:52:00Z,216.515
AAPL,2025-03-20T14:53:00Z,216.56
AAPL,2025-03-20T14:54:00Z,216.56
AAPL,2025-03-20T14:55:00Z,216.43
AAPL,2025-03-20T14:56:00Z,216.49
AAPL,2025-03-20T14:57:00Z,216.5
AAPL,2025-03-20T14:58:00Z,216.38
AAPL,2025-03-20T14:59:00Z,216.24
AAPL,2025-03-20T15:00:00Z,216.33
AAPL,2025-03-20T15:01:00Z,215.97
AAPL,2025-03-20T15:02:00Z,215.96
AAPL,2025-03-20T15:03:00Z,215.99
AAPL,2025-03-20T15:04:00Z,215.95
AAPL,2025-03-20T15:05:00Z,215.9
AAPL,2025-03-20T15:06:00Z,215.94
AAPL,2025-03-20T15:07:00Z,216.15
AAPL,2025-03-20T15:08:00Z,216.205
AAPL,2025-03-20T15:09:00Z,216.37
AAPL,2025-03-20T15:10:00Z,216.24
AAPL,2025-03-20T15:11:00Z,216.43
AAPL,2025-03-20T15:12:00Z,216.4
AAPL,2025-03-20T15:13:00Z,216.51
AAPL,2025-03-20T15:14:00Z,216.365
AAPL,2025-03-20T15:15:00Z,216.24
AAPL,2025-03-20T15:16:00Z,216.05
AAPL,2025-03-20T15:17:00Z,216.03
AAPL,2025-03-20T15:18:00Z,216.03
AAPL,2025-03-20T15:19:00Z,215.91
AAPL,2025-03-20T15:20:00Z,215.93
AAPL,2025-03-20T15:21:00Z,215.84
AAPL,2025-03-20T15:22:00Z,215.95
AAPL,2025-03-20T15:23:00Z,215.99
AAPL,2025-03-20T15:24:00Z,216.06
AAPL,2025-03-20T15:25:00Z,216.01
AAPL,2025-03-20T15:26:00Z,216.03
AAPL,2025-03-20T15:27:00Z,216.005
AAPL,2025-03-20T15:28:00Z,215.89
AAPL,2025-03-20T15:29:00Z,215.97
AAPL,2025-03-20T15:30:00Z,215.8
AAPL,2025-03-20T15:31:00Z,215.73
AAPL,2025-03-20T15:32:00Z,215.66
AAPL,2025-03-20T15:33:00Z,215.58
AAPL,2025-03-20T15:34:00Z,215.64
AAPL,2025-03-20T15:35:00Z,215.6
AAPL,2025-03-20T15:36:00Z,215.58
AAPL,2025-03-20T15:37:00Z,215.85
AAPL,2025-03-20T15:38:00Z,215.78
AAPL,2025-03-20T15:39:00Z,215.86
AAPL,2025-03-20T15:40:00Z,216.09
AAPL,2025-03-20T15:41:00Z,216.115
AAPL,2025-03-20T15:42:00Z,216.28
AAPL,2025-03-20T15:43:00Z,216.27
AAPL,2025-03-20T15:44:00Z,216.295
AAPL,2025-03-20T15:45:00Z,216.12
AAPL,2025-03-20T15:46:00Z,216.2
AAPL,2025-03-20T15:47:00Z,216.31
AAPL,2025-03-20T15:48:00Z,216.36
AAPL,2025-03-20T15:49:00Z,216.335
AAPL,2025-03-20T15:50:00Z,216.17
AAPL,2025-03-20T15:51:00Z,216.26
AAPL,2025-03-20T15:52:00Z,216.235
AAPL,2025-03-20T15:53:00Z,216.25
AAPL,2025-03-20T15:54:00Z,216.37
AAPL,2025-03-20T15:55:00Z,216.06
AAPL,2025-03-20T15:56:00Z,215.98
AAPL,2025-03-20T15:57:00Z,215.84
NVDA,2025-03-20T14:06:00Z,118.75
NVDA,2025-03-20T14:07:00Z,118.845
NVDA,2025-03-20T14:08:00Z,118.7
NVDA,2025-03-20T14:09:00Z,118.53
NVDA,2025-03-20T14:10:00Z,118.47
NVDA,2025-03-20T14:11:00Z,118.5
NVDA,2025-03-20T14:12:00Z,118.57
NVDA,2025-03-20T14:13:00Z,118.45
NVDA,2025-03-20T14:14:00Z,118.42
NVDA,2025-03-20T14:15:00Z,118.33
NVDA,2025-03-20T14:16:00Z,118.5
NVDA,2025-03-20T14:17:00Z,118.715
NVDA,2025-03-20T14:18:00Z,118.695
NVDA,2025-03-20T14:19:00Z,118.615
NVDA,2025-03-20T14:20:00Z,118.57
NVDA,2025-03-20T14:21:00Z,118.565
NVDA,2025-03-20T14:22:00Z,118.555
NVDA,2025-03-20T14:23:00Z,118.95
NVDA,2025-03-20T14:24:00Z,119.04
NVDA,2025-03-20T14:25:00Z,118.995
NVDA,2025-03-20T14:26:00Z,119.095
NVDA,2025-03-20T14:27:00Z,119.11
NVDA,2025-03-20T14:28:00Z,118.95
NVDA,2025-03-20T14:29:00Z,118.875
NVDA,2025-03-20T14:30:00Z,118.925
NVDA,2025-03-20T14:31:00Z,118.77
NVDA,2025-03-20T14:32:00Z,118.86
NVDA,2025-03-20T14:33:00Z,118.745
NVDA,2025-03-20T14:34:00Z,118.815
NVDA,2025-03-20T14:35:00Z,118.75
NVDA,2025-03-20T14:36:00Z,119.145
NVDA,2025-03-20T14:37:00Z,119.035
NVDA,2025-03-20T14:38:00Z,119.305
NVDA,2025-03-20T14:39:00Z,119.15
NVDA,2025-03-20T14:40:00Z,119.2
NVDA,2025-03-20T14:41:00Z,119.2
NVDA,2025-03-20T14:42:00Z,119.17
NVDA,2025-03-20T14:43:00Z,119.4
NVDA,2025-03-20T14:44:00Z,119.445
NVDA,2025-03-20T14:45:00Z,119.415
NVDA,2025-03-20T14:46:00Z,119.52
NVDA,2025-03-20T14:47:00Z,119.46
NVDA,2025-03-20T14:48:00Z,119.43
NVDA,2025-03-20T14:49:00Z,119.435
NVDA,2025-03-20T14:50:00Z,119.19
NVDA,2025-03-20T14:51:00Z,119.315
NVDA,2025-03-20T14:52:00Z,119.275
NVDA,2025-03-20T14:53:00Z,119.28
NVDA,2025-03-20T14:54:00Z,119.425
NVDA,2025-03-20T14:55:00Z,119.3
NVDA,2025-03-20T14:56:00Z,119.295
NVDA,2025-03-20T14:57:00Z,119.195
NVDA,2025-03-20T14:58:00Z,119.205
NVDA,2025-03-20T14:59:00Z,119.07
NVDA,2025-03-20T15:00:00Z,118.965
NVDA,2025-03-20T15:01:00Z,119.055
NVDA,2025-03-20T15:02:00Z,119.07
NVDA,2025-03-20T15:03:00Z,119.2
NVDA,2025-03-20T15:04:00Z,119.235
NVDA,2025-03-20T15:05:00Z,119.275
NVDA,2025-03-20T15:06:00Z,119.425
NVDA,2025-03-20T15:07:00Z,119.52
NVDA,2025-03-20T15:08:00Z,119.65
NVDA,2025-03-20T15:09:00Z,119.7
NVDA,2025-03-20T15:10:00Z,119.7
NVDA,2025-03-20T15:11:00Z,119.74
NVDA,2025-03-20T15:12:00Z,119.665
NVDA,2025-03-20T15:13:00Z,119.845
NVDA,2025-03-20T15:14:00Z,119.87
NVDA,2025-03-20T15:15:00Z,119.73
NVDA,2025-03-20T15:16:00Z,119.765
NVDA,2025-03-20T15:17:00Z,119.63
NVDA,2025-03-20T15:18:00Z,119.725
NVDA,2025-03-20T15:19:00Z,119.58
NVDA,2025-03-20T15:20:00Z,119.63
NVDA,2025-03-20T15:21:00Z,119.495
NVDA,2025-03-20T15:22:00Z,119.615
NVDA,2025-03-20T15:23:00Z,119.835
NVDA,2025-03-20T15:24:00Z,119.73
NVDA,2025-03-20T15:25:00Z,119.57
NVDA,2025-03-20T15:26:00Z,119.585
NVDA,2025-03-20T15:27:00Z,119.675
NVDA,2025-03-20T15:28:00Z,119.59
NVDA,2025-03-20T15:29:00Z,119.63
NVDA,2025-03-20T15:30:00Z,119.53
NVDA,2025-03-20T15:31:00Z,119.37
NVDA,2025-03-20T15:32:00Z,119.33
NVDA,2025-03-20T15:33:00Z,119.22
NVDA,2025-03-20T15:34:00Z,119.075
NVDA,2025-03-20T15:35:00Z,119.01
NVDA,2025-03-20T15:36:00Z,118.94
NVDA,2025-03-20T15:37:00Z,119.185
NVDA,2025-03-20T15:38:00Z,119.005
NVDA,2025-03-20T15:39:00Z,119.2
NVDA,2025-03-20T15:40:00Z,119.395
NVDA,2025-03-20T15:41:00Z,119.36
NVDA,2025-03-20T15:42:00Z,119.58
NVDA,2025-03-20T15:43:00Z,119.665
NVDA,2025-03-20T15:44:00Z,119.685
NVDA,2025-03-20T15:45:00Z,119.685
NVDA,2025-03-20T15:46:00Z,119.86
NVDA,2025-03-20T15:47:00Z,120.16
NVDA,2025-03-20T15:48:00Z,120.175
NVDA,2025-03-20T15:49:00Z,120.06
NVDA,2025-03-20T15:50:00Z,119.965
NVDA,2025-03-20T15:51:00Z,119.855
NVDA,2025-03-20T15:52:00Z,119.995
NVDA,2025-03-20T15:53:00Z,120.0
NVDA,2025-03-20T15:54:00Z,119.96
NVDA,2025-03-20T15:55:00Z,119.9
NVDA,2025-03-20T15:56:00Z,119.745
NVDA,2025-03-20T15:57:00Z,119.68
SOXX,2025-03-20T14:12:00Z,202.17
SOXX,2025-03-20T14:15:00Z,202.02
SOXX,2025-03-20T14:16:00Z,202.18
SOXX,2025-03-20T14:18:00Z,202.51
SOXX,2025-03-20T14:20:00Z,202.28
SOXX,2025-03-20T14:22:00Z,202.64
SOXX,2025-03-20T14:23:00Z,202.8
SOXX,2025-03-20T14:25:00Z,202.97
SOXX,2025-03-20T14:27:00Z,203.03
SOXX,2025-03-20T14:28:00Z,202.98
SOXX,2025-03-20T14:31:00Z,202.515
SOXX,2025-03-20T14:34:00Z,202.28
SOXX,2025-03-20T14:36:00Z,202.39
SOXX,2025-03-20T14:44:00Z,203.15
SOXX,2025-03-20T14:45:00Z,203.2
SOXX,2025-03-20T14:49:00Z,203.15
SOXX,2025-03-20T14:50:00Z,203.0
SOXX,2025-03-20T14:51:00Z,202.81
SOXX,2025-03-20T14:52:00Z,202.97
SOXX,2025-03-20T14:55:00Z,202.91
SOXX,2025-03-20T15:03:00Z,203.05
SOXX,2025-03-20T15:09:00Z,203.19
SOXX,2025-03-20T15:13:00Z,203.51
SOXX,2025-03-20T15:15:00Z,203.25
SOXX,2025-03-20T15:20:00Z,203.16
SOXX,2025-03-20T15:24:00Z,203.34
SOXX,2025-03-20T15:28:00Z,203.25
SOXX,2025-03-20T15:29:00Z,203.205
SOXX,2025-03-20T15:30:00Z,203.17
SOXX,2025-03-20T15:31:00Z,202.9
SOXX,2025-03-20T15:35:00Z,202.69
SOXX,2025-03-20T15:39:00Z,202.8
SOXX,2025-03-20T15:40:00Z,203.04
SOXX,2025-03-20T15:41:00Z,202.995
SOXX,2025-03-20T15:44:00Z,203.11
SOXX,2025-03-20T15:50:00Z,203.32
SOXX,2025-03-20T15:51:00Z,203.57
SOXX,2025-03-20T15:53:00Z,203.66
SOXX,2025-03-20T15:54:00Z,203.66
SOXX,2025-03-20T15:57:00Z,203.33
TSLA,2025-03-21T13:30:00Z,238.21
TSLA,2025-03-21T13:31:00Z,239.55
TSLA,2025-03-21T13:32:00Z,239.52
TSLA,2025-03-21T13:33:00Z,241.13
TSLA,2025-03-21T13:34:00Z,240.075
TSLA,2025-03-21T13:35:00Z,239.175
TSLA,2025-03-21T13:36:00Z,239.4
TSLA,2025-03-21T13:37:00Z,239.75
TSLA,2025-03-21T13:38:00Z,238.85
TSLA,2025-03-21T13:39:00Z,238.44
TSLA,2025-03-21T13:40:00Z,239.375
TSLA,2025-03-21T13:41:00Z,240.43
TSLA,2025-03-21T13:42:00Z,241.13
TSLA,2025-03-21T13:43:00Z,242.28
TSLA,2025-03-21T13:44:00Z,241.945
TSLA,2025-03-21T13:45:00Z,241.355
TSLA,2025-03-21T13:46:00Z,242.27
TSLA,2025-03-21T13:47:00Z,241.76
TSLA,2025-03-21T13:48:00Z,241.505
TSLA,2025-03-21T13:49:00Z,242.375
TSLA,2025-03-21T13:50:00Z,242.82
TSLA,2025-03-21T13:51:00Z,242.5
TSLA,2025-03-21T13:52:00Z,242.81
TSLA,2025-03-21T13:53:00Z,242.19
TSLA,2025-03-21T13:54:00Z,243.095
TSLA,2025-03-21T13:55:00Z,243.2
TSLA,2025-03-21T13:56:00Z,242.9
TSLA,2025-03-21T13:57:00Z,242.435
TSLA,2025-03-21T13:58:00Z,242.43
TSLA,2025-03-21T13:59:00Z,241.61
TSLA,2025-03-21T14:00:00Z,241.14
TSLA,2025-03-21T14:01:00Z,240.725
TSLA,2025-03-21T14:02:00Z,240.39
TSLA,2025-03-21T14:03:00Z,241.05
TSLA,2025-03-21T14:04:00Z,241.98
TSLA,2025-03-21T14:05:00Z,241.5
XLY,2025-03-21T13:30:00Z,194.33
XLY,2025-03-21T13:32:00Z,194.09
XLY,2025-03-21T13:33:00Z,194.335
XLY,2025-03-21T13:35:00Z,193.83
XLY,2025-03-21T13:36:00Z,193.43
XLY,2025-03-21T13:37:00Z,193.7
XLY,2025-03-21T13:38:00Z,193.64
XLY,2025-03-21T13:39:00Z,193.55
XLY,2025-03-21T13:40:00Z,194.08
XLY,2025-03-21T13:46:00Z,194.39
XLY,2025-03-21T13:47:00Z,194.19
XLY,2025-03-21T13:48:00Z,194.33
XLY,2025-03-21T13:49:00Z,194.46
XLY,2025-03-21T13:50:00Z,194.46
XLY,2025-03-21T13:51:00Z,194.475
XLY,2025-03-21T13:52:00Z,194.47
XLY,2025-03-21T13:53:00Z,194.16
XLY,2025-03-21T13:54:00Z,194.39
XLY,2025-03-21T13:57:00Z,194.385
XLY,2025-03-21T13:59:00Z,194.525
XLY,2025-03-21T14:00:00Z,194.19
XLY,2025-03-21T14:01:00Z,194.175
XLY,2025-03-21T14:02:00Z,194.15
XLY,2025-03-21T14:03:00Z,194.32
XLY,2025-03-21T14:04:00Z,194.38
XLY,2025-03-21T14:05:00Z,194.49
TSLA,2025-04-01T13:18:00Z,263.29
TSLA,2025-04-01T13:30:00Z,262.865
TSLA,2025-04-01T13:31:00Z,266.36
TSLA,2025-04-01T13:32:00Z,267.74
TSLA,2025-04-01T13:33:00Z,264.77
TSLA,2025-04-01T13:34:00Z,264.055
TSLA,2025-04-01T13:35:00Z,260.58
TSLA,2025-04-01T13:36:00Z,261.85
TSLA,2025-04-01T13:37:00Z,259.69
TSLA,2025-04-01T13:38:00Z,260.67
TSLA,2025-04-01T13:39:00Z,262.42
TSLA,2025-04-01T13:40:00Z,263.22
TSLA,2025-04-01T13:41:00Z,264.645
TSLA,2025-04-01T13:42:00Z,263.37
TSLA,2025-04-01T13:43:00Z,263.53
TSLA,2025-04-01T13:44:00Z,264.745
TSLA,2025-04-01T13:45:00Z,264.8
TSLA,2025-04-01T13:46:00Z,264.535
TSLA,2025-04-01T13:47:00Z,264.66
TSLA,2025-04-01T13:48:00Z,266.31
TSLA,2025-04-01T13:49:00Z,265.41
TSLA,2025-04-01T13:50:00Z,264.93
TSLA,2025-04-01T13:51:00Z,264.92
TSLA,2025-04-01T13:52:00Z,263.84
TSLA,2025-04-01T13:53:00Z,263.64
TSLA,2025-04-01T13:54:00Z,263.44
TSLA,2025-04-01T13:55:00Z,262.65
TSLA,2025-04-01T13:56:00Z,263.215
TSLA,2025-04-01T13:57:00Z,263.45
TSLA,2025-04-01T13:58:00Z,264.34
TSLA,2025-04-01T13:59:00Z,264.825
TSLA,2025-04-01T14:00:00Z,263.74
TSLA,2025-04-01T14:01:00Z,261.89
TSLA,2025-04-01T14:02:00Z,262.26
TSLA,2025-04-01T14:03:00Z,263.53
TSLA,2025-04-01T14:04:00Z,262.04
TSLA,2025-04-01T14:05:00Z,262.63
XLY,2025-04-01T13:30:00Z,196.965
XLY,2025-04-01T13:31:00Z,197.24
XLY,2025-04-01T13:32:00Z,197.6
XLY,2025-04-01T13:33:00Z,197.63
XLY,2025-04-01T13:34:00Z,197.38
XLY,2025-04-01T13:35:00Z,197.48
XLY,2025-04-01T13:36:00Z,197.11
XLY,2025-04-01T13:37:00Z,197.11
XLY,2025-04-01T13:38:00Z,197.46
XLY,2025-04-01T13:39:00Z,197.7
XLY,2025-04-01T13:40:00Z,197.66
XLY,2025-04-01T13:41:00Z,197.86
XLY,2025-04-01T13:42:00Z,197.51
XLY,2025-04-01T13:43:00Z,197.44
XLY,2025-04-01T13:44:00Z,197.89
XLY,2025-04-01T13:47:00Z,197.87
XLY,2025-04-01T13:48:00Z,198.14
XLY,2025-04-01T13:49:00Z,198.11
XLY,2025-04-01T13:50:00Z,198.01
XLY,2025-04-01T13:51:00Z,198.055
XLY,2025-04-01T13:52:00Z,197.82
XLY,2025-04-01T13:55:00Z,197.55
XLY,2025-04-01T13:56:00Z,197.28
XLY,2025-04-01T13:59:00Z,197.605
XLY,2025-04-01T14:00:00Z,197.41
XLY,2025-04-01T14:01:00Z,197.13
XLY,2025-04-01T14:02:00Z,197.04
XLY,2025-04-01T14:04:00Z,197.08
XLY,2025-04-01T14:05:00Z,197.27
TSLA,2025-04-02T13:03:00Z,258.13
TSLA,2025-04-02T13:08:00Z,258.73
TSLA,2025-04-02T13:09:00Z,258.85
TSLA,2025-04-02T13:12:00Z,256.5
TSLA,2025-04-02T13:13:00Z,257.29
TSLA,2025-04-02T13:21:00Z,255.96
TSLA,2025-04-02T13:30:00Z,252.42
TSLA,2025-04-02T13:31:00Z,253.0
TSLA,2025-04-02T13:32:00Z,251.665
TSLA,2025-04-02T13:33:00Z,253.44
TSLA,2025-04-02T13:34:00Z,254.35
TSLA,2025-04-02T13:35:00Z,256.55
TSLA,2025-04-02T13:36:00Z,256.65
TSLA,2025-04-02T13:37:00Z,258.03
TSLA,2025-04-02T13:38:00Z,255.39
TSLA,2025-04-02T13:39:00Z,255.63
TSLA,2025-04-02T13:40:00Z,256.11
TSLA,2025-04-02T13:41:00Z,256.725
TSLA,2025-04-02T13:42:00Z,256.0
TSLA,2025-04-02T13:43:00Z,256.58
TSLA,2025-04-02T13:44:00Z,258.79
TSLA,2025-04-02T13:45:00Z,260.0
TSLA,2025-04-02T13:46:00Z,259.745
TSLA,2025-04-02T13:47:00Z,259.025
TSLA,2025-04-02T13:48:00Z,259.74
TSLA,2025-04-02T13:49:00Z,261.73
TSLA,2025-04-02T13:50:00Z,261.71
TSLA,2025-04-02T13:51:00Z,262.38
TSLA,2025-04-02T13:52:00Z,262.59
TSLA,2025-04-02T13:53:00Z,261.95
TSLA,2025-04-02T13:54:00Z,262.04
TSLA,2025-04-02T13:55:00Z,261.345
TSLA,2025-04-02T13:56:00Z,263.55
TSLA,2025-04-02T13:57:00Z,261.83
TSLA,2025-04-02T13:58:00Z,262.46
TSLA,2025-04-02T13:59:00Z,262.19
TSLA,2025-04-02T14:00:00Z,264.12
TSLA,2025-04-02T14:01:00Z,265.1
TSLA,2025-04-02T14:02:00Z,265.67
TSLA,2025-04-02T14:03:00Z,265.63
TSLA,2025-04-02T14:04:00Z,265.35
TSLA,2025-04-02T14:05:00Z,265.3
XLY,2025-04-02T13:30:00Z,195.995
XLY,2025-04-02T13:31:00Z,196.47
XLY,2025-04-02T13:32:00Z,196.555
XLY,2025-04-02T13:33:00Z,196.695
XLY,2025-04-02T13:34:00Z,196.925
XLY,2025-04-02T13:35:00Z,197.06
XLY,2025-04-02T13:36:00Z,197.42
XLY,2025-04-02T13:37:00Z,197.71
XLY,2025-04-02T13:38:00Z,197.7
XLY,2025-04-02T13:40:00Z,197.89
XLY,2025-04-02T13:42:00Z,197.63
XLY,2025-04-02T13:44:00Z,197.63
XLY,2025-04-02T13:45:00Z,198.225
XLY,2025-04-02T13:46:00Z,198.355
XLY,2025-04-02T13:47:00Z,198.04
XLY,2025-04-02T13:48:00Z,198.25
XLY,2025-04-02T13:50:00Z,198.49
XLY,2025-04-02T13:53:00Z,198.57
XLY,2025-04-02T13:54:00Z,198.62
XLY,2025-04-02T13:58:00Z,198.49
XLY,2025-04-02T13:59:00Z,198.51
XLY,2025-04-02T14:00:00Z,198.91
XLY,2025-04-02T14:02:00Z,199.48
XLY,2025-04-02T14:03:00Z,199.5
XLY,2025-04-02T14:04:00Z,199.58
XLY,2025-04-02T14:05:00Z,199.505
AAPL,2025-04-09T12:05:00Z,169.12
AAPL,2025-04-09T12:30:00Z,169.2
AAPL,2025-04-09T12:46:00Z,171.08
AAPL,2025-04-09T12:53:00Z,172.77
AAPL,2025-04-09T12:54:00Z,172.88
AAPL,2025-04-09T13:02:00Z,173.35
AAPL,2025-04-09T13:03:00Z,173.23
AAPL,2025-04-09T13:04:00Z,173.4
AAPL,2025-04-09T13:16:00Z,173.04
AAPL,2025-04-09T13:23:00Z,173.0
AAPL,2025-04-09T13:30:00Z,173.41
AAPL,2025-04-09T13:31:00Z,174.12
AAPL,2025-04-09T13:32:00Z,174.875
AAPL,2025-04-09T13:33:00Z,175.845
AAPL,2025-04-09T13:34:00Z,174.81
AAPL,2025-04-09T13:35:00Z,175.19
AAPL,2025-04-09T13:36:00Z,176.075
AAPL,2025-04-09T13:37:00Z,175.505
AAPL,2025-04-09T13:38:00Z,176.885
AAPL,2025-04-09T13:39:00Z,178.495
AAPL,2025-04-09T13:40:00Z,178.465
AAPL,2025-04-09T13:41:00Z,178.5
AAPL,2025-04-09T13:42:00Z,177.7
AAPL,2025-04-09T13:43:00Z,176.99
AAPL,2025-04-09T13:44:00Z,176.6
AAPL,2025-04-09T13:45:00Z,176.29
AAPL,2025-04-09T13:46:00Z,176.59
AAPL,2025-04-09T13:47:00Z,176.39
AAPL,2025-04-09T13:48:00Z,176.81
AAPL,2025-04-09T13:49:00Z,177.625
AAPL,2025-04-09T13:50:00Z,177.6
AAPL,2025-04-09T13:51:00Z,177.79
AAPL,2025-04-09T13:52:00Z,177.55
AAPL,2025-04-09T13:53:00Z,177.87
AAPL,2025-04-09T13:54:00Z,177.63
AAPL,2025-04-09T13:55:00Z,177.605
AAPL,2025-04-09T13:56:00Z,178.39
AAPL,2025-04-09T13:57:00Z,177.73
AAPL,2025-04-09T13:58:00Z,177.85
AAPL,2025-04-09T13:59:00Z,177.35
AAPL,2025-04-09T14:00:00Z,178.05
AAPL,2025-04-09T14:01:00Z,178.53
AAPL,2025-04-09T14:02:00Z,179.07
AAPL,2025-04-09T14:03:00Z,178.505
AAPL,2025-04-09T14:04:00Z,178.67
AAPL,2025-04-09T14:05:00Z,177.935
XLK,2025-04-09T13:30:00Z,180.275
XLK,2025-04-09T13:31:00Z,181.36
XLK,2025-04-09T13:32:00Z,181.83
XLK,2025-04-09T13:33:00Z,181.565
XLK,2025-04-09T13:34:00Z,180.78
XLK,2025-04-09T13:35:00Z,181.02
XLK,2025-04-09T13:36:00Z,181.0
XLK,2025-04-09T13:37:00Z,180.72
XLK,2025-04-09T13:38:00Z,181.88
XLK,2025-04-09T13:39:00Z,182.75
XLK,2025-04-09T13:40:00Z,183.29
XLK,2025-04-09T13:41:00Z,183.94
XLK,2025-04-09T13:42:00Z,183.08
XLK,2025-04-09T13:43:00Z,182.73
XLK,2025-04-09T13:44:00Z,181.7
XLK,2025-04-09T13:45:00Z,181.98
XLK,2025-04-09T13:46:00Z,181.8
XLK,2025-04-09T13:47:00Z,181.4
XLK,2025-04-09T13:48:00Z,181.91
XLK,2025-04-09T13:49:00Z,182.33
XLK,2025-04-09T13:50:00Z,182.26
XLK,2025-04-09T13:51:00Z,182.44
XLK,2025-04-09T13:52:00Z,183.0
XLK,2025-04-09T13:53:00Z,182.9
XLK,2025-04-09T13:54:00Z,183.19
XLK,2025-04-09T13:55:00Z,182.89
XLK,2025-04-09T13:56:00Z,183.4
XLK,2025-04-09T13:57:00Z,183.04
XLK,2025-04-09T13:58:00Z,183.19
XLK,2025-04-09T13:59:00Z,182.72
XLK,2025-04-09T14:00:00Z,184.05
XLK,2025-04-09T14:01:00Z,183.99
XLK,2025-04-09T14:02:00Z,184.11
XLK,2025-04-09T14:03:00Z,183.7
XLK,2025-04-09T14:04:00Z,183.67
XLK,2025-04-09T14:05:00Z,182.97
XLF,2025-04-09T13:30:00Z,43.32
XLF,2025-04-09T13:31:00Z,43.4
XLF,2025-04-09T13:32:00Z,43.58
XLF,2025-04-09T13:33:00Z,43.73
XLF,2025-04-09T13:34:00Z,43.6
XLF,2025-04-09T13:35:00Z,43.61
XLF,2025-04-09T13:36:00Z,43.53
XLF,2025-04-09T13:37:00Z,43.43
XLF,2025-04-09T13:38:00Z,43.8
XLF,2025-04-09T13:39:00Z,43.87
XLF,2025-04-09T13:40:00Z,43.89
XLF,2025-04-09T13:41:00Z,44.01
XLF,2025-04-09T13:42:00Z,43.95
XLF,2025-04-09T13:43:00Z,43.86
XLF,2025-04-09T13:44:00Z,43.66
XLF,2025-04-09T13:45:00Z,43.62
XLF,2025-04-09T13:46:00Z,43.57
XLF,2025-04-09T13:47:00Z,43.515
XLF,2025-04-09T13:48:00Z,43.56
XLF,2025-04-09T13:49:00Z,43.66
XLF,2025-04-09T13:50:00Z,43.65
XLF,2025-04-09T13:51:00Z,43.78
XLF,2025-04-09T13:52:00Z,43.83
XLF,2025-04-09T13:53:00Z,43.86
XLF,2025-04-09T13:54:00Z,43.87
XLF,2025-04-09T13:55:00Z,43.9
XLF,2025-04-09T13:56:00Z,43.98
XLF,2025-04-09T13:57:00Z,43.94
XLF,2025-04-09T13:58:00Z,43.94
XLF,2025-04-09T13:59:00Z,43.9
XLF,2025-04-09T14:00:00Z,44.14
XLF,2025-04-09T14:01:00Z,44.14
XLF,2025-04-09T14:02:00Z,44.04
XLF,2025-04-09T14:03:00Z,44.05
XLF,2025-04-09T14:04:00Z,44.0
XLF,2025-04-09T14:05:00Z,43.915
JPM,2025-04-09T13:30:00Z,213.72
JPM,2025-04-09T13:31:00Z,214.165
JPM,2025-04-09T13:32:00Z,215.7
JPM,2025-04-09T13:33:00Z,216.68
JPM,2025-04-09T13:34:00Z,216.47
JPM,2025-04-09T13:35:00Z,216.27
JPM,2025-04-09T13:36:00Z,216.23
JPM,2025-04-09T13:37:00Z,215.59
JPM,2025-04-09T13:38:00Z,216.715
JPM,2025-04-09T13:40:00Z,217.36
JPM,2025-04-09T13:41:00Z,217.685
JPM,2025-04-09T13:42:00Z,217.34
JPM,2025-04-09T13:43:00Z,217.21
JPM,2025-04-09T13:44:00Z,216.68
JPM,2025-04-09T13:45:00Z,216.13
JPM,2025-04-09T13:46:00Z,215.92
JPM,2025-04-09T13:47:00Z,215.6
JPM,2025-04-09T13:48:00Z,215.815
JPM,2025-04-09T13:49:00Z,215.865
JPM,2025-04-09T13:50:00Z,216.05
JPM,2025-04-09T13:51:00Z,216.72
JPM,2025-04-09T13:52:00Z,217.145
JPM,2025-04-09T13:53:00Z,217.77
JPM,2025-04-09T13:54:00Z,217.64
JPM,2025-04-09T13:55:00Z,217.86
JPM,2025-04-09T13:56:00Z,218.215
JPM,2025-04-09T13:57:00Z,218.175
JPM,2025-04-09T13:58:00Z,218.28
JPM,2025-04-09T13:59:00Z,217.62
JPM,2025-04-09T14:00:00Z,218.87
JPM,2025-04-09T14:01:00Z,218.79
JPM,2025-04-09T14:02:00Z,218.44
JPM,2025-04-09T14:03:00Z,218.33
JPM,2025-04-09T14:04:00Z,218.2
JPM,2025-04-09T14:05:00Z,217.17
NVDA,2025-04-14T13:01:00Z,114.6
NVDA,2025-04-14T13:04:00Z,115.09
NVDA,2025-04-14T13:05:00Z,115.07
NVDA,2025-04-14T13:09:00Z,114.92
NVDA,2025-04-14T13:10:00Z,115.08
NVDA,2025-04-14T13:14:00Z,115.18
NVDA,2025-04-14T13:15:00Z,115.28
NVDA,2025-04-14T13:30:00Z,113.91
NVDA,2025-04-14T13:31:00Z,113.19
NVDA,2025-04-14T13:32:00Z,113.48
NVDA,2025-04-14T13:33:00Z,112.85
NVDA,2025-04-14T13:34:00Z,113.06
NVDA,2025-04-14T13:35:00Z,113.1
NVDA,2025-04-14T13:36:00Z,112.55
NVDA,2025-04-14T13:37:00Z,112.69
NVDA,2025-04-14T13:38:00Z,112.79
NVDA,2025-04-14T13:39:00Z,112.62
NVDA,2025-04-14T13:40:00Z,112.64
NVDA,2025-04-14T13:41:00Z,111.91
NVDA,2025-04-14T13:42:00Z,111.79
NVDA,2025-04-14T13:43:00Z,111.42
NVDA,2025-04-14T13:44:00Z,111.785
NVDA,2025-04-14T13:45:00Z,112.16
NVDA,2025-04-14T13:46:00Z,111.725
NVDA,2025-04-14T13:47:00Z,112.005
NVDA,2025-04-14T13:48:00Z,112.46
NVDA,2025-04-14T13:49:00Z,112.36
NVDA,2025-04-14T13:50:00Z,112.41
NVDA,2025-04-14T13:51:00Z,112.1
NVDA,2025-04-14T13:52:00Z,112.11
NVDA,2025-04-14T13:53:00Z,112.5
NVDA,2025-04-14T13:54:00Z,112.435
NVDA,2025-04-14T13:55:00Z,112.225
NVDA,2025-04-14T13:56:00Z,112.13
NVDA,2025-04-14T13:57:00Z,111.96
NVDA,2025-04-14T13:58:00Z,112.01
NVDA,2025-04-14T13:59:00Z,111.67
NVDA,2025-04-14T14:00:00Z,111.91
NVDA,2025-04-14T14:01:00Z,112.08
NVDA,2025-04-14T14:02:00Z,112.45
NVDA,2025-04-14T14:03:00Z,112.78
NVDA,2025-04-14T14:04:00Z,112.83
NVDA,2025-04-14T14:05:00Z,112.99
NVDA,2025-04-14T14:06:00Z,112.73
NVDA,2025-04-14T14:07:00Z,112.69
NVDA,2025-04-14T14:08:00Z,112.725
NVDA,2025-04-14T14:09:00Z,112.38
NVDA,2025-04-14T14:10:00Z,112.34
NVDA,2025-04-14T14:11:00Z,112.22
NVDA,2025-04-14T14:12:00Z,112.18
NVDA,2025-04-14T14:13:00Z,112.455
NVDA,2025-04-14T14:14:00Z,112.34
NVDA,2025-04-14T14:15:00Z,111.965
NVDA,2025-04-14T14:16:00Z,112.155
NVDA,2025-04-14T14:17:00Z,111.89
NVDA,2025-04-14T14:18:00Z,112.09
NVDA,2025-04-14T14:19:00Z,112.27
NVDA,2025-04-14T14:20:00Z,112.26
NVDA,2025-04-14T14:21:00Z,112.105
NVDA,2025-04-14T14:22:00Z,112.14
NVDA,2025-04-14T14:23:00Z,112.11
NVDA,2025-04-14T14:24:00Z,112.34
NVDA,2025-04-14T14:25:00Z,112.51
NVDA,2025-04-14T14:26:00Z,112.67
NVDA,2025-04-14T14:27:00Z,112.69
NVDA,2025-04-14T14:28:00Z,112.73
NVDA,2025-04-14T14:29:00Z,112.53
NVDA,2025-04-14T14:30:00Z,112.46
NVDA,2025-04-14T14:31:00Z,112.71
NVDA,2025-04-14T14:32:00Z,112.7
NVDA,2025-04-14T14:33:00Z,112.835
NVDA,2025-04-14T14:34:00Z,112.7
NVDA,2025-04-14T14:35:00Z,112.82
NVDA,2025-04-14T14:36:00Z,112.865
NVDA,2025-04-14T14:37:00Z,112.78
NVDA,2025-04-14T14:38:00Z,112.73
NVDA,2025-04-14T14:39:00Z,112.9
NVDA,2025-04-14T14:40:00Z,112.77
NVDA,2025-04-14T14:41:00Z,112.95
NVDA,2025-04-14T14:42:00Z,112.82
NVDA,2025-04-14T14:43:00Z,112.69
NVDA,2025-04-14T14:44:00Z,112.56
NVDA,2025-04-14T14:45:00Z,112.59
NVDA,2025-04-14T14:46:00Z,112.45
NVDA,2025-04-14T14:47:00Z,112.63
NVDA,2025-04-14T14:48:00Z,112.54
NVDA,2025-04-14T14:49:00Z,112.61
NVDA,2025-04-14T14:50:00Z,112.565
NVDA,2025-04-14T14:51:00Z,112.53
NVDA,2025-04-14T14:52:00Z,112.6
NVDA,2025-04-14T14:53:00Z,112.59
NVDA,2025-04-14T14:54:00Z,112.64
NVDA,2025-04-14T14:55:00Z,112.485
NVDA,2025-04-14T14:56:00Z,112.23
NVDA,2025-04-14T14:57:00Z,112.285
NVDA,2025-04-14T14:58:00Z,112.33
NVDA,2025-04-14T14:59:00Z,112.19
NVDA,2025-04-14T15:00:00Z,111.97
NVDA,2025-04-14T15:01:00Z,112.07
NVDA,2025-04-14T15:02:00Z,112.04
NVDA,2025-04-14T15:03:00Z,112.12
NVDA,2025-04-14T15:04:00Z,112.12
NVDA,2025-04-14T15:05:00Z,112.13
NVDA,2025-04-14T15:06:00Z,112.14
NVDA,2025-04-14T15:07:00Z,112.21
NVDA,2025-04-14T15:08:00Z,112.27
NVDA,2025-04-14T15:09:00Z,112.39
NVDA,2025-04-14T15:10:00Z,112.47
NVDA,2025-04-14T15:11:00Z,112.395
NVDA,2025-04-14T15:12:00Z,112.18
NVDA,2025-04-14T15:13:00Z,112.04
NVDA,2025-04-14T15:14:00Z,112.02
NVDA,2025-04-14T15:15:00Z,112.07
NVDA,2025-04-14T15:16:00Z,112.03
NVDA,2025-04-14T15:17:00Z,112.01
NVDA,2025-04-14T15:18:00Z,112.06
NVDA,2025-04-14T15:19:00Z,112.15
NVDA,2025-04-14T15:20:00Z,112.015
NVDA,2025-04-14T15:21:00Z,112.165
NVDA,2025-04-14T15:22:00Z,112.155
NVDA,2025-04-14T15:23:00Z,112.16
NVDA,2025-04-14T15:24:00Z,112.2
NVDA,2025-04-14T15:25:00Z,112.23
NVDA,2025-04-14T15:26:00Z,111.945
NVDA,2025-04-14T15:27:00Z,111.85
SOXX,2025-04-14T12:52:00Z,177.03
SOXX,2025-04-14T13:25:00Z,177.75
SOXX,2025-04-14T13:26:00Z,177.7
SOXX,2025-04-14T13:29:00Z,177.25
SOXX,2025-04-14T13:30:00Z,177.02
SOXX,2025-04-14T13:31:00Z,176.935
SOXX,2025-04-14T13:32:00Z,176.545
SOXX,2025-04-14T13:33:00Z,176.02
SOXX,2025-04-14T13:34:00Z,176.31
SOXX,2025-04-14T13:35:00Z,176.28
SOXX,2025-04-14T13:36:00Z,175.21
SOXX,2025-04-14T13:37:00Z,174.89
SOXX,2025-04-14T13:38:00Z,175.21
SOXX,2025-04-14T13:39:00Z,175.54
SOXX,2025-04-14T13:40:00Z,174.88
SOXX,2025-04-14T13:41:00Z,174.37
SOXX,2025-04-14T13:42:00Z,174.51
SOXX,2025-04-14T13:43:00Z,174.24
SOXX,2025-04-14T13:44:00Z,174.67
SOXX,2025-04-14T13:45:00Z,175.1
SOXX,2025-04-14T13:46:00Z,174.59
SOXX,2025-04-14T13:47:00Z,174.37
SOXX,2025-04-14T13:48:00Z,175.19
SOXX,2025-04-14T13:49:00Z,175.11
SOXX,2025-04-14T13:50:00Z,175.36
SOXX,2025-04-14T13:51:00Z,175.14
SOXX,2025-04-14T13:52:00Z,174.6
SOXX,2025-04-14T13:53:00Z,175.33
SOXX,2025-04-14T13:54:00Z,175.19
SOXX,2025-04-14T13:57:00Z,174.81
SOXX,2025-04-14T13:59:00Z,174.41
SOXX,2025-04-14T14:00:00Z,174.56
SOXX,2025-04-14T14:01:00Z,174.86
SOXX,2025-04-14T14:02:00Z,175.33
SOXX,2025-04-14T14:03:00Z,175.79
SOXX,2025-04-14T14:05:00Z,176.155
SOXX,2025-04-14T14:06:00Z,175.91
SOXX,2025-04-14T14:07:00Z,175.48
SOXX,2025-04-14T14:08:00Z,176.01
SOXX,2025-04-14T14:09:00Z,175.29
SOXX,2025-04-14T14:10:00Z,175.19
SOXX,2025-04-14T14:11:00Z,175.49
SOXX,2025-04-14T14:14:00Z,175.52
SOXX,2025-04-14T14:15:00Z,175.25
SOXX,2025-04-14T14:16:00Z,175.35
SOXX,2025-04-14T14:17:00Z,175.06
SOXX,2025-04-14T14:19:00Z,175.58
SOXX,2025-04-14T14:20:00Z,175.8
SOXX,2025-04-14T14:21:00Z,175.63
SOXX,2025-04-14T14:22:00Z,175.84
SOXX,2025-04-14T14:23:00Z,175.6
SOXX,2025-04-14T14:24:00Z,176.03
SOXX,2025-04-14T14:25:00Z,176.17
SOXX,2025-04-14T14:26:00Z,176.41
SOXX,2025-04-14T14:28:00Z,176.67
SOXX,2025-04-14T14:29:00Z,176.53
SOXX,2025-04-14T14:30:00Z,176.42
SOXX,2025-04-14T14:31:00Z,176.77
SOXX,2025-04-14T14:32:00Z,176.75
SOXX,2025-04-14T14:33:00Z,176.68
SOXX,2025-04-14T14:34:00Z,176.54
SOXX,2025-04-14T14:35:00Z,176.35
SOXX,2025-04-14T14:36:00Z,176.59
SOXX,2025-04-14T14:40:00Z,176.38
SOXX,2025-04-14T14:41:00Z,176.54
SOXX,2025-04-14T14:42:00Z,176.48
SOXX,2025-04-14T14:43:00Z,176.14
SOXX,2025-04-14T14:48:00Z,176.21
SOXX,2025-04-14T14:49:00Z,176.36
SOXX,2025-04-14T14:50:00Z,176.425
SOXX,2025-04-14T14:51:00Z,176.53
SOXX,2025-04-14T14:52:00Z,176.33
SOXX,2025-04-14T14:53:00Z,176.45
SOXX,2025-04-14T14:56:00Z,175.63
SOXX,2025-04-14T14:57:00Z,175.64
SOXX,2025-04-14T14:58:00Z,175.58
SOXX,2025-04-14T14:59:00Z,175.42
SOXX,2025-04-14T15:00:00Z,175.3
SOXX,2025-04-14T15:01:00Z,175.295
SOXX,2025-04-14T15:02:00Z,175.09
SOXX,2025-04-14T15:03:00Z,175.03
SOXX,2025-04-14T15:04:00Z,175.18
SOXX,2025-04-14T15:05:00Z,175.14
SOXX,2025-04-14T15:06:00Z,175.0
SOXX,2025-04-14T15:07:00Z,174.92
SOXX,2025-04-14T15:08:00Z,175.26
SOXX,2025-04-14T15:09:00Z,175.36
SOXX,2025-04-14T15:10:00Z,175.54
SOXX,2025-04-14T15:11:00Z,175.4
SOXX,2025-04-14T15:12:00Z,175.04
SOXX,2025-04-14T15:13:00Z,174.88
SOXX,2025-04-14T15:14:00Z,175.0
SOXX,2025-04-14T15:15:00Z,174.89
SOXX,2025-04-14T15:16:00Z,174.94
SOXX,2025-04-14T15:18:00Z,174.76
SOXX,2025-04-14T15:19:00Z,174.85
SOXX,2025-04-14T15:20:00Z,174.56
SOXX,2025-04-14T15:23:00Z,174.56
SOXX,2025-04-14T15:25:00Z,174.43
SOXX,2025-04-14T15:26:00Z,174.39
SOXX,2025-04-14T15:27:00Z,173.97
NVDA,2025-04-15T12:38:00Z,110.16
NVDA,2025-04-15T12:41:00Z,110.17
NVDA,2025-04-15T12:56:00Z,110.29
NVDA,2025-04-15T13:02:00Z,110.58
NVDA,2025-04-15T13:30:00Z,111.51
NVDA,2025-04-15T13:31:00Z,112.0
NVDA,2025-04-15T13:32:00Z,112.285
NVDA,2025-04-15T13:33:00Z,112.42
NVDA,2025-04-15T13:34:00Z,112.14
NVDA,2025-04-15T13:35:00Z,111.81
NVDA,2025-04-15T13:36:00Z,111.705
NVDA,2025-04-15T13:37:00Z,111.855
NVDA,2025-04-15T13:38:00Z,111.83
NVDA,2025-04-15T13:39:00Z,111.81
NVDA,2025-04-15T13:40:00Z,111.595
NVDA,2025-04-15T13:41:00Z,111.29
NVDA,2025-04-15T13:42:00Z,111.91
NVDA,2025-04-15T13:43:00Z,111.57
NVDA,2025-04-15T13:44:00Z,111.49
NVDA,2025-04-15T13:45:00Z,111.38
NVDA,2025-04-15T13:46:00Z,111.705
NVDA,2025-04-15T13:47:00Z,111.655
NVDA,2025-04-15T13:48:00Z,111.69
NVDA,2025-04-15T13:49:00Z,111.62
NVDA,2025-04-15T13:50:00Z,111.51
NVDA,2025-04-15T13:51:00Z,111.655
NVDA,2025-04-15T13:52:00Z,111.48
NVDA,2025-04-15T13:53:00Z,111.785
NVDA,2025-04-15T13:54:00Z,111.93
NVDA,2025-04-15T13:55:00Z,112.03
NVDA,2025-04-15T13:56:00Z,112.14
NVDA,2025-04-15T13:57:00Z,111.99
NVDA,2025-04-15T13:58:00Z,112.005
NVDA,2025-04-15T13:59:00Z,111.73
NVDA,2025-04-15T14:00:00Z,111.77
NVDA,2025-04-15T14:01:00Z,111.745
NVDA,2025-04-15T14:02:00Z,111.815
NVDA,2025-04-15T14:03:00Z,111.935
NVDA,2025-04-15T14:04:00Z,111.84
NVDA,2025-04-15T14:05:00Z,111.975
SOXX,2025-04-15T12:33:00Z,172.66
SOXX,2025-04-15T12:53:00Z,173.3
SOXX,2025-04-15T13:29:00Z,174.06
SOXX,2025-04-15T13:30:00Z,174.72
SOXX,2025-04-15T13:31:00Z,174.93
SOXX,2025-04-15T13:32:00Z,175.4
SOXX,2025-04-15T13:33:00Z,175.13
SOXX,2025-04-15T13:34:00Z,175.29
SOXX,2025-04-15T13:35:00Z,174.49
SOXX,2025-04-15T13:36:00Z,174.81
SOXX,2025-04-15T13:37:00Z,174.89
SOXX,2025-04-15T13:40:00Z,175.43
SOXX,2025-04-15T13:41:00Z,175.04
SOXX,2025-04-15T13:43:00Z,175.37
SOXX,2025-04-15T13:45:00Z,175.41
SOXX,2025-04-15T13:48:00Z,175.63
SOXX,2025-04-15T13:49:00Z,175.55
SOXX,2025-04-15T13:51:00Z,175.75
SOXX,2025-04-15T13:52:00Z,175.6
SOXX,2025-04-15T13:54:00Z,175.795
SOXX,2025-04-15T13:55:00Z,175.96
SOXX,2025-04-15T13:56:00Z,175.95
SOXX,2025-04-15T13:57:00Z,175.7
SOXX,2025-04-15T13:59:00Z,175.63
SOXX,2025-04-15T14:00:00Z,175.93
SOXX,2025-04-15T14:02:00Z,175.78
SOXX,2025-04-15T14:03:00Z,176.1
SOXX,2025-04-15T14:05:00Z,175.75
BA,2025-04-15T13:30:00Z,157.055
BA,2025-04-15T13:31:00Z,156.35
BA,2025-04-15T13:32:00Z,155.93
BA,2025-04-15T13:33:00Z,155.915
BA,2025-04-15T13:34:00Z,156.72
BA,2025-04-15T13:35:00Z,156.3
BA,2025-04-15T13:36:00Z,156.22
BA,2025-04-15T13:37:00Z,155.875
BA,2025-04-15T13:38:00Z,156.21
BA,2025-04-15T13:39:00Z,156.75
BA,2025-04-15T13:40:00Z,156.925
BA,2025-04-15T13:41:00Z,157.29
BA,2025-04-15T13:42:00Z,157.795
BA,2025-04-15T13:43:00Z,157.605
BA,2025-04-15T13:44:00Z,157.48
BA,2025-04-15T13:45:00Z,157.625
BA,2025-04-15T13:46:00Z,157.99
BA,2025-04-15T13:47:00Z,158.01
BA,2025-04-15T13:48:00Z,157.54
BA,2025-04-15T13:49:00Z,157.37
BA,2025-04-15T13:50:00Z,157.5
BA,2025-04-15T13:51:00Z,157.58
BA,2025-04-15T13:52:00Z,156.97
BA,2025-04-15T13:54:00Z,156.81
BA,2025-04-15T13:55:00Z,157.48
BA,2025-04-15T13:56:00Z,157.115
BA,2025-04-15T13:57:00Z,157.0
BA,2025-04-15T13:58:00Z,157.11
BA,2025-04-15T13:59:00Z,157.22
BA,2025-04-15T14:00:00Z,157.39
BA,2025-04-15T14:01:00Z,157.215
BA,2025-04-15T14:02:00Z,157.155
BA,2025-04-15T14:03:00Z,157.365
BA,2025-04-15T14:04:00Z,157.27
BA,2025-04-15T14:05:00Z,157.69
BA,2025-04-15T14:06:00Z,157.85
BA,2025-04-15T14:07:00Z,157.55
BA,2025-04-15T14:08:00Z,157.555
BA,2025-04-15T14:09:00Z,157.46
BA,2025-04-15T14:10:00Z,157.745
BA,2025-04-15T14:11:00Z,157.8
BA,2025-04-15T14:12:00Z,157.995
BA,2025-04-15T14:13:00Z,157.45
BA,2025-04-15T14:14:00Z,157.32
BA,2025-04-15T14:15:00Z,157.51
BA,2025-04-15T14:16:00Z,157.55
BA,2025-04-15T14:17:00Z,157.37
BA,2025-04-15T14:18:00Z,157.09
BA,2025-04-15T14:19:00Z,156.295
BA,2025-04-15T14:20:00Z,156.385
BA,2025-04-15T14:21:00Z,156.53
BA,2025-04-15T14:22:00Z,156.515
BA,2025-04-15T14:23:00Z,155.96
BA,2025-04-15T14:24:00Z,156.045
BA,2025-04-15T14:25:00Z,155.85
BA,2025-04-15T14:26:00Z,155.585
BA,2025-04-15T14:28:00Z,156.045
BA,2025-04-15T14:29:00Z,156.29
BA,2025-04-15T14:30:00Z,156.39
BA,2025-04-15T14:31:00Z,156.88
BA,2025-04-15T14:32:00Z,156.555
BA,2025-04-15T14:33:00Z,156.34
BA,2025-04-15T14:35:00Z,156.17
BA,2025-04-15T14:36:00Z,156.335
BA,2025-04-15T14:37:00Z,156.15
BA,2025-04-15T14:38:00Z,155.885
BA,2025-04-15T14:39:00Z,155.84
BA,2025-04-15T14:40:00Z,156.01
BA,2025-04-15T14:41:00Z,156.08
BA,2025-04-15T14:42:00Z,156.17
BA,2025-04-15T14:43:00Z,156.485
BA,2025-04-15T14:44:00Z,156.395
BA,2025-04-15T14:46:00Z,156.02
BA,2025-04-15T14:47:00Z,156.0
BA,2025-04-15T14:48:00Z,155.885
BA,2025-04-15T14:49:00Z,155.93
BA,2025-04-15T14:50:00Z,155.62
BA,2025-04-15T14:51:00Z,156.155
BA,2025-04-15T14:52:00Z,156.04
BA,2025-04-15T14:53:00Z,156.16
BA,2025-04-15T14:55:00Z,156.44
BA,2025-04-15T14:56:00Z,156.5
BA,2025-04-15T14:57:00Z,156.515
BA,2025-04-15T14:58:00Z,156.66
BA,2025-04-15T14:59:00Z,156.73
BA,2025-04-15T15:00:00Z,156.94
BA,2025-04-15T15:01:00Z,156.97
BA,2025-04-15T15:02:00Z,156.73
BA,2025-04-15T15:03:00Z,157.04
BA,2025-04-15T15:04:00Z,156.92
BA,2025-04-15T15:05:00Z,156.89
BA,2025-04-15T15:06:00Z,157.07
BA,2025-04-15T15:07:00Z,156.75
BA,2025-04-15T15:08:00Z,156.76
BA,2025-04-15T15:09:00Z,156.7
BA,2025-04-15T15:10:00Z,156.8
BA,2025-04-15T15:11:00Z,157.03
BA,2025-04-15T15:12:00Z,157.41
BA,2025-04-15T15:13:00Z,157.24
BA,2025-04-15T15:14:00Z,157.43
BA,2025-04-15T15:15:00Z,157.3
BA,2025-04-15T15:16:00Z,157.2
BA,2025-04-15T15:17:00Z,157.315
BA,2025-04-15T15:18:00Z,157.25
BA,2025-04-15T15:19:00Z,157.205
BA,2025-04-15T15:20:00Z,157.255
BA,2025-04-15T15:21:00Z,157.25
ITA,2025-04-15T13:30:00Z,150.0
ITA,2025-04-15T13:31:00Z,150.02
ITA,2025-04-15T13:39:00Z,150.66
ITA,2025-04-15T13:55:00Z,151.0
ITA,2025-04-15T13:56:00Z,150.88
ITA,2025-04-15T14:46:00Z,151.19
ITA,2025-04-15T14:47:00Z,151.3
ITA,2025-04-15T14:53:00Z,151.15
AMD,2025-04-21T12:02:00Z,85.5
AMD,2025-04-21T12:21:00Z,85.53
AMD,2025-04-21T12:26:00Z,85.5
AMD,2025-04-21T12:33:00Z,85.53
AMD,2025-04-21T12:43:00Z,85.54
AMD,2025-04-21T12:46:00Z,85.49
AMD,2025-04-21T13:30:00Z,85.87
AMD,2025-04-21T13:31:00Z,85.67
AMD,2025-04-21T13:32:00Z,85.84
AMD,2025-04-21T13:33:00Z,86.02
AMD,2025-04-21T13:34:00Z,85.94
AMD,2025-04-21T13:35:00Z,85.755
AMD,2025-04-21T13:36:00Z,85.55
AMD,2025-04-21T13:37:00Z,85.66
AMD,2025-04-21T13:38:00Z,85.825
AMD,2025-04-21T13:39:00Z,85.97
AMD,2025-04-21T13:40:00Z,85.63
AMD,2025-04-21T13:41:00Z,85.62
AMD,2025-04-21T13:42:00Z,85.47
AMD,2025-04-21T13:43:00Z,85.35
AMD,2025-04-21T13:44:00Z,85.14
AMD,2025-04-21T13:45:00Z,85.27
AMD,2025-04-21T13:46:00Z,85.13
AMD,2025-04-21T13:47:00Z,85.055
AMD,2025-04-21T13:48:00Z,85.45
AMD,2025-04-21T13:49:00Z,85.55
AMD,2025-04-21T13:50:00Z,85.39
AMD,2025-04-21T13:51:00Z,85.28
AMD,2025-04-21T13:52:00Z,85.11
AMD,2025-04-21T13:53:00Z,85.19
AMD,2025-04-21T13:54:00Z,85.165
AMD,2025-04-21T13:55:00Z,85.25
AMD,2025-04-21T13:56:00Z,85.06
AMD,2025-04-21T13:57:00Z,84.95
AMD,2025-04-21T13:58:00Z,84.895
AMD,2025-04-21T13:59:00Z,84.89
AMD,2025-04-21T14:00:00Z,84.6
AMD,2025-04-21T14:01:00Z,84.83
AMD,2025-04-21T14:02:00Z,84.76
AMD,2025-04-21T14:03:00Z,84.7
AMD,2025-04-21T14:04:00Z,84.87
AMD,2025-04-21T14:05:00Z,84.86
SOXX,2025-04-21T12:27:00Z,163.19
SOXX,2025-04-21T13:30:00Z,163.08
SOXX,2025-04-21T13:31:00Z,163.16
SOXX,2025-04-21T13:32:00Z,163.6
SOXX,2025-04-21T13:35:00Z,163.61
SOXX,2025-04-21T13:36:00Z,163.08
SOXX,2025-04-21T13:37:00Z,162.79
SOXX,2025-04-21T13:38:00Z,163.455
SOXX,2025-04-21T13:41:00Z,163.29
SOXX,2025-04-21T13:42:00Z,163.12
SOXX,2025-04-21T13:44:00Z,162.96
SOXX,2025-04-21T13:45:00Z,163.14
SOXX,2025-04-21T13:47:00Z,162.64
SOXX,2025-04-21T13:48:00Z,163.19
SOXX,2025-04-21T13:49:00Z,163.11
SOXX,2025-04-21T13:52:00Z,162.62
SOXX,2025-04-21T13:56:00Z,162.45
SOXX,2025-04-21T13:58:00Z,162.09
SOXX,2025-04-21T13:59:00Z,161.96
SOXX,2025-04-21T14:00:00Z,161.76
SOXX,2025-04-21T14:01:00Z,161.82
SOXX,2025-04-21T14:02:00Z,161.73
SOXX,2025-04-21T14:05:00Z,161.71
AAPL,2025-04-24T13:06:00Z,203.99
AAPL,2025-04-24T13:10:00Z,204.12
AAPL,2025-04-24T13:15:00Z,204.03
AAPL,2025-04-24T13:17:00Z,204.03
AAPL,2025-04-24T13:18:00Z,204.03
AAPL,2025-04-24T13:22:00Z,204.0
AAPL,2025-04-24T13:23:00Z,204.0
AAPL,2025-04-24T13:24:00Z,203.93
AAPL,2025-04-24T13:30:00Z,204.71
AAPL,2025-04-24T13:31:00Z,205.195
AAPL,2025-04-24T13:32:00Z,204.935
AAPL,2025-04-24T13:33:00Z,204.51
AAPL,2025-04-24T13:34:00Z,204.45
AAPL,2025-04-24T13:35:00Z,204.07
AAPL,2025-04-24T13:36:00Z,203.925
AAPL,2025-04-24T13:37:00Z,203.75
AAPL,2025-04-24T13:38:00Z,203.24
AAPL,2025-04-24T13:39:00Z,203.595
AAPL,2025-04-24T13:40:00Z,203.92
AAPL,2025-04-24T13:41:00Z,204.27
AAPL,2025-04-24T13:42:00Z,204.47
AAPL,2025-04-24T13:43:00Z,204.61
AAPL,2025-04-24T13:44:00Z,204.55
AAPL,2025-04-24T13:45:00Z,204.83
AAPL,2025-04-24T13:46:00Z,205.14
AAPL,2025-04-24T13:47:00Z,204.95
AAPL,2025-04-24T13:48:00Z,204.52
AAPL,2025-04-24T13:49:00Z,204.605
AAPL,2025-04-24T13:50:00Z,204.86
AAPL,2025-04-24T13:51:00Z,205.1
AAPL,2025-04-24T13:52:00Z,205.03
AAPL,2025-04-24T13:53:00Z,204.8
AAPL,2025-04-24T13:54:00Z,204.74
AAPL,2025-04-24T13:55:00Z,204.9
AAPL,2025-04-24T13:56:00Z,204.94
AAPL,2025-04-24T13:57:00Z,205.04
AAPL,2025-04-24T13:58:00Z,205.3
AAPL,2025-04-24T13:59:00Z,205.595
AAPL,2025-04-24T14:00:00Z,205.5
AAPL,2025-04-24T14:01:00Z,205.575
AAPL,2025-04-24T14:02:00Z,205.685
AAPL,2025-04-24T14:03:00Z,205.675
AAPL,2025-04-24T14:04:00Z,205.8
AAPL,2025-04-24T14:05:00Z,205.71
AAPL,2025-04-24T14:06:00Z,205.555
AAPL,2025-04-24T14:07:00Z,205.84
AAPL,2025-04-24T14:08:00Z,205.76
XLK,2025-04-24T13:30:00Z,199.765
XLK,2025-04-24T13:32:00Z,200.28
XLK,2025-04-24T13:34:00Z,200.19
XLK,2025-04-24T13:35:00Z,200.16
XLK,2025-04-24T13:36:00Z,200.16
XLK,2025-04-24T13:37:00Z,200.26
XLK,2025-04-24T13:38:00Z,200.23
XLK,2025-04-24T13:40:00Z,200.59
XLK,2025-04-24T13:41:00Z,200.45
XLK,2025-04-24T13:42:00Z,200.69
XLK,2025-04-24T13:43:00Z,200.92
XLK,2025-04-24T13:44:00Z,200.995
XLK,2025-04-24T13:45:00Z,201.17
XLK,2025-04-24T13:46:00Z,201.46
XLK,2025-04-24T13:47:00Z,201.61
XLK,2025-04-24T13:48:00Z,201.27
XLK,2025-04-24T13:50:00Z,201.51
XLK,2025-04-24T13:51:00Z,201.72
XLK,2025-04-24T13:52:00Z,201.79
XLK,2025-04-24T13:53:00Z,202.0
XLK,2025-04-24T13:54:00Z,201.99
XLK,2025-04-24T13:55:00Z,201.85
XLK,2025-04-24T13:56:00Z,202.09
XLK,2025-04-24T13:57:00Z,202.17
XLK,2025-04-24T13:58:00Z,202.37
XLK,2025-04-24T13:59:00Z,202.52
XLK,2025-04-24T14:00:00Z,202.51
XLK,2025-04-24T14:01:00Z,202.59
XLK,2025-04-24T14:02:00Z,202.53
XLK,2025-04-24T14:03:00Z,202.57
XLK,2025-04-24T14:04:00Z,202.7
XLK,2025-04-24T14:05:00Z,202.9
XLK,2025-04-24T14:06:00Z,202.92
XLK,2025-04-24T14:07:00Z,202.94
XLK,2025-04-24T14:08:00Z,203.02
BA,2025-04-24T13:30:00Z,171.06
BA,2025-04-24T13:31:00Z,169.75
BA,2025-04-24T13:32:00Z,170.23
BA,2025-04-24T13:33:00Z,169.41
BA,2025-04-24T13:34:00Z,169.86
BA,2025-04-24T13:35:00Z,169.705
BA,2025-04-24T13:36:00Z,170.4
BA,2025-04-24T13:37:00Z,170.93
BA,2025-04-24T13:38:00Z,170.47
BA,2025-04-24T13:39:00Z,171.055
BA,2025-04-24T13:40:00Z,171.005
BA,2025-04-24T13:41:00Z,171.36
BA,2025-04-24T13:42:00Z,171.655
BA,2025-04-24T13:43:00Z,170.76
BA,2025-04-24T13:44:00Z,170.68
BA,2025-04-24T13:45:00Z,170.63
BA,2025-04-24T13:46:00Z,170.77
BA,2025-04-24T13:47:00Z,170.75
BA,2025-04-24T13:48:00Z,170.21
BA,2025-04-24T13:49:00Z,170.465
BA,2025-04-24T13:50:00Z,170.65
BA,2025-04-24T13:51:00Z,170.49
BA,2025-04-24T13:52:00Z,170.49
BA,2025-04-24T13:53:00Z,171.5
BA,2025-04-24T13:54:00Z,171.07
BA,2025-04-24T13:55:00Z,171.08
BA,2025-04-24T13:56:00Z,171.17
BA,2025-04-24T13:57:00Z,171.195
BA,2025-04-24T13:58:00Z,171.44
BA,2025-04-24T13:59:00Z,171.66
BA,2025-04-24T14:00:00Z,171.74
BA,2025-04-24T14:01:00Z,171.76
BA,2025-04-24T14:02:00Z,171.41
BA,2025-04-24T14:03:00Z,171.31
BA,2025-04-24T14:04:00Z,171.37
BA,2025-04-24T14:05:00Z,171.63
BA,2025-04-24T14:06:00Z,172.17
BA,2025-04-24T14:07:00Z,171.87
BA,2025-04-24T14:08:00Z,172.28
BA,2025-04-24T14:09:00Z,172.43
BA,2025-04-24T14:10:00Z,172.05
BA,2025-04-24T14:11:00Z,172.39
BA,2025-04-24T14:12:00Z,172.685
BA,2025-04-24T14:13:00Z,172.17
BA,2025-04-24T14:14:00Z,172.11
BA,2025-04-24T14:15:00Z,171.9
BA,2025-04-24T14:16:00Z,171.87
BA,2025-04-24T14:17:00Z,171.585
BA,2025-04-24T14:18:00Z,171.53
BA,2025-04-24T14:19:00Z,171.92
BA,2025-04-24T14:20:00Z,171.78
BA,2025-04-24T14:21:00Z,171.78
BA,2025-04-24T14:22:00Z,171.95
BA,2025-04-24T14:23:00Z,172.07
BA,2025-04-24T14:24:00Z,172.14
BA,2025-04-24T14:25:00Z,172.04
BA,2025-04-24T14:26:00Z,171.87
BA,2025-04-24T14:27:00Z,172.04
BA,2025-04-24T14:28:00Z,172.14
BA,2025-04-24T14:29:00Z,172.1
BA,2025-04-24T14:30:00Z,171.98
BA,2025-04-24T14:31:00Z,172.14
BA,2025-04-24T14:32:00Z,172.41
BA,2025-04-24T14:34:00Z,172.59
BA,2025-04-24T14:35:00Z,172.49
BA,2025-04-24T14:36:00Z,172.6
BA,2025-04-24T14:37:00Z,172.32
BA,2025-04-24T14:38:00Z,172.51
BA,2025-04-24T14:39:00Z,172.47
BA,2025-04-24T14:40:00Z,172.4
BA,2025-04-24T14:41:00Z,172.395
BA,2025-04-24T14:42:00Z,172.2
BA,2025-04-24T14:43:00Z,172.065
BA,2025-04-24T14:44:00Z,171.55
BA,2025-04-24T14:45:00Z,172.225
BA,2025-04-24T14:46:00Z,172.28
BA,2025-04-24T14:47:00Z,172.2
BA,2025-04-24T14:48:00Z,171.945
BA,2025-04-24T14:49:00Z,172.05
BA,2025-04-24T14:50:00Z,172.1
BA,2025-04-24T14:51:00Z,172.13
BA,2025-04-24T14:52:00Z,172.04
BA,2025-04-24T14:53:00Z,172.065
BA,2025-04-24T14:54:00Z,172.49
BA,2025-04-24T14:55:00Z,172.5
BA,2025-04-24T14:56:00Z,173.25
BA,2025-04-24T14:57:00Z,173.12
BA,2025-04-24T14:58:00Z,172.82
BA,2025-04-24T14:59:00Z,172.97
BA,2025-04-24T15:00:00Z,173.39
BA,2025-04-24T15:01:00Z,173.41
BA,2025-04-24T15:02:00Z,173.2
BA,2025-04-24T15:03:00Z,173.01
BA,2025-04-24T15:05:00Z,173.5
BA,2025-04-24T15:06:00Z,172.895
BA,2025-04-24T15:07:00Z,172.89
BA,2025-04-24T15:08:00Z,172.69
BA,2025-04-24T15:12:00Z,172.905
BA,2025-04-24T15:13:00Z,172.735
BA,2025-04-24T15:14:00Z,172.69
BA,2025-04-24T15:15:00Z,172.73
BA,2025-04-24T15:16:00Z,173.11
BA,2025-04-24T15:17:00Z,172.93
BA,2025-04-24T15:18:00Z,173.03
ITA,2025-04-24T13:33:00Z,149.83
ITA,2025-04-24T13:43:00Z,151.0
ITA,2025-04-24T13:50:00Z,150.83
ITA,2025-04-24T14:15:00Z,150.79
ITA,2025-04-24T14:29:00Z,151.37
ITA,2025-04-24T14:46:00Z,151.7
ITA,2025-04-24T15:05:00Z,151.97
AMZN,2025-04-28T13:30:00Z,189.89
AMZN,2025-04-28T13:31:00Z,189.27
AMZN,2025-04-28T13:32:00Z,188.59
AMZN,2025-04-28T13:33:00Z,188.55
AMZN,2025-04-28T13:34:00Z,188.06
AMZN,2025-04-28T13:35:00Z,189.05
AMZN,2025-04-28T13:36:00Z,188.8
AMZN,2025-04-28T13:37:00Z,188.61
AMZN,2025-04-28T13:38:00Z,188.845
AMZN,2025-04-28T13:39:00Z,189.0
AMZN,2025-04-28T13:40:00Z,189.445
AMZN,2025-04-28T13:41:00Z,189.41
AMZN,2025-04-28T13:42:00Z,189.38
AMZN,2025-04-28T13:43:00Z,189.515
AMZN,2025-04-28T13:44:00Z,189.65
AMZN,2025-04-28T13:45:00Z,189.74
AMZN,2025-04-28T13:46:00Z,190.13
AMZN,2025-04-28T13:47:00Z,190.045
AMZN,2025-04-28T13:48:00Z,189.86
AMZN,2025-04-28T13:49:00Z,189.83
AMZN,2025-04-28T13:50:00Z,189.58
AMZN,2025-04-28T13:51:00Z,189.56
AMZN,2025-04-28T13:52:00Z,189.82
AMZN,2025-04-28T13:53:00Z,189.49
AMZN,2025-04-28T13:54:00Z,189.27
AMZN,2025-04-28T13:55:00Z,188.98
AMZN,2025-04-28T13:56:00Z,188.7
AMZN,2025-04-28T13:57:00Z,188.225
AMZN,2025-04-28T13:58:00Z,187.91
AMZN,2025-04-28T13:59:00Z,187.86
AMZN,2025-04-28T14:00:00Z,187.64
AMZN,2025-04-28T14:01:00Z,187.95
AMZN,2025-04-28T14:02:00Z,187.82
AMZN,2025-04-28T14:03:00Z,188.285
AMZN,2025-04-28T14:04:00Z,188.335
AMZN,2025-04-28T14:05:00Z,188.41
XLY,2025-04-28T13:30:00Z,198.54
XLY,2025-04-28T13:31:00Z,198.68
XLY,2025-04-28T13:34:00Z,198.495
XLY,2025-04-28T13:37:00Z,198.96
XLY,2025-04-28T13:39:00Z,198.88
XLY,2025-04-28T13:40:00Z,199.24
XLY,2025-04-28T13:42:00Z,199.18
XLY,2025-04-28T13:43:00Z,199.47
XLY,2025-04-28T13:44:00Z,199.35
XLY,2025-04-28T13:45:00Z,199.465
XLY,2025-04-28T13:46:00Z,199.645
XLY,2025-04-28T13:47:00Z,199.84
XLY,2025-04-28T13:49:00Z,199.42
XLY,2025-04-28T13:50:00Z,199.4
XLY,2025-04-28T13:51:00Z,199.04
XLY,2025-04-28T13:52:00Z,199.17
XLY,2025-04-28T13:53:00Z,199.13
XLY,2025-04-28T13:55:00Z,198.595
XLY,2025-04-28T13:56:00Z,198.39
XLY,2025-04-28T13:58:00Z,197.85
XLY,2025-04-28T14:00:00Z,197.59
XLY,2025-04-28T14:01:00Z,197.785
XLY,2025-04-28T14:02:00Z,197.915
XLY,2025-04-28T14:03:00Z,198.24
XLY,2025-04-28T14:04:00Z,198.29
XLY,2025-04-28T14:05:00Z,198.41
NVDA,2025-05-01T12:11:00Z,114.12
NVDA,2025-05-01T12:21:00Z,114.18
NVDA,2025-05-01T12:22:00Z,114.16
NVDA,2025-05-01T12:32:00Z,113.7
NVDA,2025-05-01T12:38:00Z,113.75
NVDA,2025-05-01T12:41:00Z,113.84
NVDA,2025-05-01T12:46:00Z,113.92
NVDA,2025-05-01T12:57:00Z,113.58
NVDA,2025-05-01T12:58:00Z,113.6
NVDA,2025-05-01T13:00:00Z,113.7
NVDA,2025-05-01T13:03:00Z,113.58
NVDA,2025-05-01T13:13:00Z,113.82
NVDA,2025-05-01T13:18:00Z,113.95
NVDA,2025-05-01T13:19:00Z,114.0
NVDA,2025-05-01T13:30:00Z,112.95
NVDA,2025-05-01T13:31:00Z,112.91
NVDA,2025-05-01T13:32:00Z,113.54
NVDA,2025-05-01T13:33:00Z,113.865
NVDA,2025-05-01T13:34:00Z,113.265
NVDA,2025-05-01T13:35:00Z,112.88
NVDA,2025-05-01T13:36:00Z,112.745
NVDA,2025-05-01T13:37:00Z,112.845
NVDA,2025-05-01T13:38:00Z,112.38
NVDA,2025-05-01T13:39:00Z,112.135
NVDA,2025-05-01T13:40:00Z,112.5
NVDA,2025-05-01T13:41:00Z,112.26
NVDA,2025-05-01T13:42:00Z,112.44
NVDA,2025-05-01T13:43:00Z,112.67
NVDA,2025-05-01T13:44:00Z,112.995
NVDA,2025-05-01T13:45:00Z,113.39
NVDA,2025-05-01T13:46:00Z,113.485
NVDA,2025-05-01T13:47:00Z,113.695
NVDA,2025-05-01T13:48:00Z,113.665
NVDA,2025-05-01T13:49:00Z,113.515
NVDA,2025-05-01T13:50:00Z,113.66
NVDA,2025-05-01T13:51:00Z,113.81
NVDA,2025-05-01T13:52:00Z,113.65
NVDA,2025-05-01T13:53:00Z,113.425
NVDA,2025-05-01T13:54:00Z,113.51
NVDA,2025-05-01T13:55:00Z,113.635
NVDA,2025-05-01T13:56:00Z,113.485
NVDA,2025-05-01T13:57:00Z,113.46
NVDA,2025-05-01T13:58:00Z,113.04
NVDA,2025-05-01T13:59:00Z,112.8
NVDA,2025-05-01T14:00:00Z,113.06
NVDA,2025-05-01T14:01:00Z,113.17
NVDA,2025-05-01T14:02:00Z,113.12
NVDA,2025-05-01T14:03:00Z,113.05
NVDA,2025-05-01T14:04:00Z,112.9
NVDA,2025-05-01T14:05:00Z,113.07
NVDA,2025-05-01T14:06:00Z,112.935
NVDA,2025-05-01T14:07:00Z,112.86
NVDA,2025-05-01T14:08:00Z,112.85
NVDA,2025-05-01T14:09:00Z,112.73
NVDA,2025-05-01T14:10:00Z,112.545
NVDA,2025-05-01T14:11:00Z,112.66
NVDA,2025-05-01T14:12:00Z,112.465
NVDA,2025-05-01T14:13:00Z,112.73
NVDA,2025-05-01T14:14:00Z,112.82
NVDA,2025-05-01T14:15:00Z,112.94
NVDA,2025-05-01T14:16:00Z,112.85
NVDA,2025-05-01T14:17:00Z,112.96
NVDA,2025-05-01T14:18:00Z,112.965
NVDA,2025-05-01T14:19:00Z,112.93
NVDA,2025-05-01T14:20:00Z,113.045
NVDA,2025-05-01T14:21:00Z,113.06
NVDA,2025-05-01T14:22:00Z,112.985
NVDA,2025-05-01T14:23:00Z,112.965
NVDA,2025-05-01T14:24:00Z,113.02
NVDA,2025-05-01T14:25:00Z,113.19
NVDA,2025-05-01T14:26:00Z,113.25
NVDA,2025-05-01T14:27:00Z,113.37
NVDA,2025-05-01T14:28:00Z,113.365
NVDA,2025-05-01T14:29:00Z,113.33
NVDA,2025-05-01T14:30:00Z,113.37
NVDA,2025-05-01T14:31:00Z,113.225
NVDA,2025-05-01T14:32:00Z,113.28
NVDA,2025-05-01T14:33:00Z,113.19
NVDA,2025-05-01T14:34:00Z,113.405
NVDA,2025-05-01T14:35:00Z,113.39
NVDA,2025-05-01T14:36:00Z,113.6
NVDA,2025-05-01T14:37:00Z,113.595
NVDA,2025-05-01T14:38:00Z,113.495
NVDA,2025-05-01T14:39:00Z,113.5
NVDA,2025-05-01T14:40:00Z,113.475
SOXX,2025-05-01T12:23:00Z,186.72
SOXX,2025-05-01T13:30:00Z,185.15
SOXX,2025-05-01T13:31:00Z,184.98
SOXX,2025-05-01T13:32:00Z,184.71
SOXX,2025-05-01T13:33:00Z,185.07
SOXX,2025-05-01T13:34:00Z,184.46
SOXX,2025-05-01T13:35:00Z,184.7
SOXX,2025-05-01T13:36:00Z,184.85
SOXX,2025-05-01T13:37:00Z,184.75
SOXX,2025-05-01T13:38:00Z,184.58
SOXX,2025-05-01T13:39:00Z,184.22
SOXX,2025-05-01T13:40:00Z,184.48
SOXX,2025-05-01T13:41:00Z,184.14
SOXX,2025-05-01T13:43:00Z,184.65
SOXX,2025-05-01T13:45:00Z,185.415
SOXX,2025-05-01T13:46:00Z,185.52
SOXX,2025-05-01T13:47:00Z,185.78
SOXX,2025-05-01T13:48:00Z,185.77
SOXX,2025-05-01T13:49:00Z,185.46
SOXX,2025-05-01T13:50:00Z,185.49
SOXX,2025-05-01T13:51:00Z,185.27
SOXX,2025-05-01T13:52:00Z,185.08
SOXX,2025-05-01T13:53:00Z,184.85
SOXX,2025-05-01T13:54:00Z,184.86
SOXX,2025-05-01T13:56:00Z,184.91
SOXX,2025-05-01T13:57:00Z,184.54
SOXX,2025-05-01T13:58:00Z,184.42
SOXX,2025-05-01T13:59:00Z,184.34
SOXX,2025-05-01T14:00:00Z,184.67
SOXX,2025-05-01T14:01:00Z,184.94
SOXX,2025-05-01T14:02:00Z,185.11
SOXX,2025-05-01T14:04:00Z,185.13
SOXX,2025-05-01T14:06:00Z,185.12
SOXX,2025-05-01T14:07:00Z,184.91
SOXX,2025-05-01T14:08:00Z,184.965
SOXX,2025-05-01T14:09:00Z,184.74
SOXX,2025-05-01T14:10:00Z,184.79
SOXX,2025-05-01T14:12:00Z,184.585
SOXX,2025-05-01T14:13:00Z,184.99
SOXX,2025-05-01T14:14:00Z,185.1
SOXX,2025-05-01T14:16:00Z,185.23
SOXX,2025-05-01T14:17:00Z,185.29
SOXX,2025-05-01T14:19:00Z,185.0
SOXX,2025-05-01T14:22:00Z,185.11
SOXX,2025-05-01T14:25:00Z,185.21
SOXX,2025-05-01T14:27:00Z,185.55
SOXX,2025-05-01T14:28:00Z,185.7
SOXX,2025-05-01T14:34:00Z,185.43
SOXX,2025-05-01T14:37:00Z,185.69
SOXX,2025-05-01T14:39:00Z,185.48
JNJ,2025-05-01T13:30:00Z,154.47
JNJ,2025-05-01T13:31:00Z,154.48
JNJ,2025-05-01T13:32:00Z,153.995
JNJ,2025-05-01T13:33:00Z,153.57
JNJ,2025-05-01T13:34:00Z,153.79
JNJ,2025-05-01T13:35:00Z,154.0
JNJ,2025-05-01T13:36:00Z,154.27
JNJ,2025-05-01T13:37:00Z,154.445
JNJ,2025-05-01T13:38:00Z,154.42
JNJ,2025-05-01T13:39:00Z,154.64
JNJ,2025-05-01T13:40:00Z,154.505
JNJ,2025-05-01T13:41:00Z,154.525
JNJ,2025-05-01T13:42:00Z,154.23
JNJ,2025-05-01T13:43:00Z,154.06
JNJ,2025-05-01T13:44:00Z,154.055
JNJ,2025-05-01T13:45:00Z,154.0
JNJ,2025-05-01T13:46:00Z,153.97
JNJ,2025-05-01T13:47:00Z,153.86
JNJ,2025-05-01T13:48:00Z,153.745
JNJ,2025-05-01T13:49:00Z,153.91
JNJ,2025-05-01T13:50:00Z,154.25
JNJ,2025-05-01T13:51:00Z,154.16
JNJ,2025-05-01T13:52:00Z,154.245
JNJ,2025-05-01T13:53:00Z,154.355
JNJ,2025-05-01T13:54:00Z,154.365
JNJ,2025-05-01T13:55:00Z,154.36
JNJ,2025-05-01T13:56:00Z,154.33
JNJ,2025-05-01T13:57:00Z,154.56
JNJ,2025-05-01T13:58:00Z,154.59
JNJ,2025-05-01T13:59:00Z,154.51
JNJ,2025-05-01T14:00:00Z,154.51
JNJ,2025-05-01T14:01:00Z,154.41
JNJ,2025-05-01T14:02:00Z,154.46
JNJ,2025-05-01T14:03:00Z,154.66
JNJ,2025-05-01T14:04:00Z,154.71
JNJ,2025-05-01T14:05:00Z,154.84
JNJ,2025-05-01T14:06:00Z,154.765
JNJ,2025-05-01T14:07:00Z,154.73
JNJ,2025-05-01T14:08:00Z,154.665
JNJ,2025-05-01T14:09:00Z,154.74
JNJ,2025-05-01T14:10:00Z,154.72
JNJ,2025-05-01T14:11:00Z,154.86
JNJ,2025-05-01T14:12:00Z,154.92
JNJ,2025-05-01T14:13:00Z,155.0
JNJ,2025-05-01T14:15:00Z,154.95
JNJ,2025-05-01T14:16:00Z,154.76
JNJ,2025-05-01T14:17:00Z,154.925
JNJ,2025-05-01T14:18:00Z,154.775
JNJ,2025-05-01T14:19:00Z,154.875
JNJ,2025-05-01T14:20:00Z,154.82
JNJ,2025-05-01T14:21:00Z,154.915
JNJ,2025-05-01T14:22:00Z,154.9
JNJ,2025-05-01T14:23:00Z,154.83
JNJ,2025-05-01T14:24:00Z,154.96
JNJ,2025-05-01T14:25:00Z,154.95
JNJ,2025-05-01T14:26:00Z,154.89
JNJ,2025-05-01T14:27:00Z,154.85
JNJ,2025-05-01T14:28:00Z,155.05
JNJ,2025-05-01T14:29:00Z,155.055
JNJ,2025-05-01T14:30:00Z,154.975
JNJ,2025-05-01T14:32:00Z,154.69
JNJ,2025-05-01T14:33:00Z,154.72
JNJ,2025-05-01T14:34:00Z,154.78
JNJ,2025-05-01T14:35:00Z,154.77
JNJ,2025-05-01T14:36:00Z,154.83
JNJ,2025-05-01T14:38:00Z,154.83
JNJ,2025-05-01T14:39:00Z,155.015
JNJ,2025-05-01T14:40:00Z,155.015
JNJ,2025-05-01T14:41:00Z,154.98
JNJ,2025-05-01T14:42:00Z,154.91
JNJ,2025-05-01T14:43:00Z,154.94
JNJ,2025-05-01T14:44:00Z,154.88
JNJ,2025-05-01T14:45:00Z,154.92
XLV,2025-05-01T13:30:00Z,138.55
XLV,2025-05-01T13:31:00Z,138.23
XLV,2025-05-01T13:32:00Z,137.71
XLV,2025-05-01T13:33:00Z,137.365
XLV,2025-05-01T13:34:00Z,137.22
XLV,2025-05-01T13:35:00Z,137.4
XLV,2025-05-01T13:36:00Z,137.79
XLV,2025-05-01T13:37:00Z,137.76
XLV,2025-05-01T13:38:00Z,137.65
XLV,2025-05-01T13:39:00Z,137.75
XLV,2025-05-01T13:40:00Z,137.89
XLV,2025-05-01T13:41:00Z,137.83
XLV,2025-05-01T13:42:00Z,137.65
XLV,2025-05-01T13:43:00Z,137.57
XLV,2025-05-01T13:44:00Z,137.76
XLV,2025-05-01T13:45:00Z,137.705
XLV,2025-05-01T13:46:00Z,137.68
XLV,2025-05-01T13:47:00Z,137.74
XLV,2025-05-01T13:48:00Z,137.715
XLV,2025-05-01T13:49:00Z,137.85
XLV,2025-05-01T13:50:00Z,138.0
XLV,2025-05-01T13:51:00Z,138.04
XLV,2025-05-01T13:52:00Z,138.01
XLV,2025-05-01T13:53:00Z,138.06
XLV,2025-05-01T13:54:00Z,138.15
XLV,2025-05-01T13:55:00Z,138.14
XLV,2025-05-01T13:56:00Z,138.14
XLV,2025-05-01T13:57:00Z,138.31
XLV,2025-05-01T13:58:00Z,138.23
XLV,2025-05-01T13:59:00Z,138.19
XLV,2025-05-01T14:00:00Z,138.22
XLV,2025-05-01T14:01:00Z,138.04
XLV,2025-05-01T14:02:00Z,138.14
XLV,2025-05-01T14:03:00Z,138.255
XLV,2025-05-01T14:04:00Z,138.4
XLV,2025-05-01T14:05:00Z,138.39
XLV,2025-05-01T14:06:00Z,138.34
XLV,2025-05-01T14:07:00Z,138.34
XLV,2025-05-01T14:08:00Z,138.42
XLV,2025-05-01T14:09:00Z,138.47
XLV,2025-05-01T14:10:00Z,138.51
XLV,2025-05-01T14:11:00Z,138.5
XLV,2025-05-01T14:12:00Z,138.43
XLV,2025-05-01T14:13:00Z,138.51
XLV,2025-05-01T14:14:00Z,138.53
XLV,2025-05-01T14:15:00Z,138.65
XLV,2025-05-01T14:16:00Z,138.44
XLV,2025-05-01T14:17:00Z,138.56
XLV,2025-05-01T14:18:00Z,138.52
XLV,2025-05-01T14:19:00Z,138.49
XLV,2025-05-01T14:20:00Z,138.53
XLV,2025-05-01T14:21:00Z,138.53
XLV,2025-05-01T14:22:00Z,138.58
XLV,2025-05-01T14:23:00Z,138.57
XLV,2025-05-01T14:24:00Z,138.65
XLV,2025-05-01T14:25:00Z,138.67
XLV,2025-05-01T14:26:00Z,138.67
XLV,2025-05-01T14:28:00Z,138.79
XLV,2025-05-01T14:29:00Z,138.835
XLV,2025-05-01T14:30:00Z,138.715
XLV,2025-05-01T14:31:00Z,138.64
XLV,2025-05-01T14:32:00Z,138.64
XLV,2025-05-01T14:33:00Z,138.64
XLV,2025-05-01T14:34:00Z,138.69
XLV,2025-05-01T14:35:00Z,138.715
XLV,2025-05-01T14:36:00Z,138.75
XLV,2025-05-01T14:37:00Z,138.8
XLV,2025-05-01T14:38:00Z,138.76
XLV,2025-05-01T14:39:00Z,138.93
XLV,2025-05-01T14:40:00Z,138.89
XLV,2025-05-01T14:41:00Z,138.755
XLV,2025-05-01T14:42:00Z,138.81
XLV,2025-05-01T14:43:00Z,138.78
XLV,2025-05-01T14:45:00Z,138.8
MRK,2025-05-01T13:30:00Z,84.505
MRK,2025-05-01T13:31:00Z,83.615
MRK,2025-05-01T13:32:00Z,83.65
MRK,2025-05-01T13:33:00Z,83.325
MRK,2025-05-01T13:34:00Z,83.395
MRK,2025-05-01T13:35:00Z,83.74
MRK,2025-05-01T13:36:00Z,83.915
MRK,2025-05-01T13:37:00Z,84.05
MRK,2025-05-01T13:38:00Z,84.03
MRK,2025-05-01T13:39:00Z,83.99
MRK,2025-05-01T13:40:00Z,84.06
MRK,2025-05-01T13:41:00Z,84.135
MRK,2025-05-01T13:42:00Z,83.995
MRK,2025-05-01T13:43:00Z,83.995
MRK,2025-05-01T13:44:00Z,84.065
MRK,2025-05-01T13:45:00Z,84.025
MRK,2025-05-01T13:46:00Z,84.035
MRK,2025-05-01T13:47:00Z,83.97
MRK,2025-05-01T13:48:00Z,83.985
MRK,2025-05-01T13:49:00Z,84.08
MRK,2025-05-01T13:50:00Z,84.25
MRK,2025-05-01T13:51:00Z,84.33
MRK,2025-05-01T13:52:00Z,84.22
MRK,2025-05-01T13:53:00Z,84.29
MRK,2025-05-01T13:54:00Z,84.395
MRK,2025-05-01T13:55:00Z,84.34
MRK,2025-05-01T13:56:00Z,84.36
MRK,2025-05-01T13:57:00Z,84.575
MRK,2025-05-01T13:58:00Z,84.505
MRK,2025-05-01T13:59:00Z,84.29
MRK,2025-05-01T14:00:00Z,84.245
MRK,2025-05-01T14:01:00Z,84.18
MRK,2025-05-01T14:02:00Z,84.25
MRK,2025-05-01T14:03:00Z,84.365
MRK,2025-05-01T14:04:00Z,84.445
MRK,2025-05-01T14:05:00Z,84.38
MRK,2025-05-01T14:06:00Z,84.39
MRK,2025-05-01T14:07:00Z,84.335
MRK,2025-05-01T14:08:00Z,84.35
MRK,2025-05-01T14:09:00Z,84.41
MRK,2025-05-01T14:10:00Z,84.29
MRK,2025-05-01T14:11:00Z,84.3
MRK,2025-05-01T14:12:00Z,84.35
MRK,2025-05-01T14:13:00Z,84.38
MRK,2025-05-01T14:14:00Z,84.34
MRK,2025-05-01T14:15:00Z,84.36
MRK,2025-05-01T14:16:00Z,84.2
MRK,2025-05-01T14:17:00Z,84.22
MRK,2025-05-01T14:18:00Z,84.12
MRK,2025-05-01T14:19:00Z,84.09
MRK,2025-05-01T14:20:00Z,84.095
MRK,2025-05-01T14:21:00Z,84.16
MRK,2025-05-01T14:22:00Z,84.18
MRK,2025-05-01T14:23:00Z,84.14
MRK,2025-05-01T14:24:00Z,84.15
MRK,2025-05-01T14:25:00Z,84.18
MRK,2025-05-01T14:26:00Z,84.18
MRK,2025-05-01T14:27:00Z,84.18
MRK,2025-05-01T14:28:00Z,84.225
MRK,2025-05-01T14:29:00Z,84.21
MRK,2025-05-01T14:30:00Z,84.195
MRK,2025-05-01T14:31:00Z,84.09
MRK,2025-05-01T14:32:00Z,84.085
MRK,2025-05-01T14:33:00Z,84.05
MRK,2025-05-01T14:34:00Z,84.07
MRK,2025-05-01T14:35:00Z,84.085
MRK,2025-05-01T14:36:00Z,84.18
MRK,2025-05-01T14:37:00Z,84.165
MRK,2025-05-01T14:38:00Z,84.07
MRK,2025-05-01T14:39:00Z,84.19
MRK,2025-05-01T14:40:00Z,84.21
MRK,2025-05-01T14:41:00Z,84.1
MRK,2025-05-01T14:42:00Z,84.165
MRK,2025-05-01T14:43:00Z,84.19
MRK,2025-05-01T14:44:00Z,84.16
MRK,2025-05-01T14:45:00Z,84.17
ABBV,2025-05-01T13:32:00Z,191.235
ABBV,2025-05-01T13:33:00Z,190.44
ABBV,2025-05-01T13:34:00Z,190.0
ABBV,2025-05-01T13:35:00Z,191.045
ABBV,2025-05-01T13:36:00Z,191.41
ABBV,2025-05-01T13:37:00Z,191.56
ABBV,2025-05-01T13:38:00Z,191.68
ABBV,2025-05-01T13:39:00Z,191.37
ABBV,2025-05-01T13:40:00Z,191.49
ABBV,2025-05-01T13:41:00Z,191.41
ABBV,2025-05-01T13:43:00Z,191.075
ABBV,2025-05-01T13:44:00Z,191.32
ABBV,2025-05-01T13:45:00Z,191.03
ABBV,2025-05-01T13:46:00Z,190.77
ABBV,2025-05-01T13:47:00Z,190.8
ABBV,2025-05-01T13:48:00Z,191.27
ABBV,2025-05-01T13:49:00Z,191.65
ABBV,2025-05-01T13:50:00Z,192.075
ABBV,2025-05-01T13:51:00Z,192.12
ABBV,2025-05-01T13:52:00Z,191.715
ABBV,2025-05-01T13:53:00Z,192.165
ABBV,2025-05-01T13:54:00Z,192.22
ABBV,2025-05-01T13:55:00Z,192.29
ABBV,2025-05-01T13:56:00Z,192.42
ABBV,2025-05-01T13:57:00Z,192.485
ABBV,2025-05-01T13:58:00Z,192.415
ABBV,2025-05-01T13:59:00Z,192.48
ABBV,2025-05-01T14:00:00Z,192.7
ABBV,2025-05-01T14:01:00Z,192.47
ABBV,2025-05-01T14:02:00Z,192.735
ABBV,2025-05-01T14:03:00Z,193.09
ABBV,2025-05-01T14:04:00Z,193.045
ABBV,2025-05-01T14:05:00Z,192.905
ABBV,2025-05-01T14:06:00Z,193.19
ABBV,2025-05-01T14:08:00Z,193.22
ABBV,2025-05-01T14:09:00Z,193.17
ABBV,2025-05-01T14:10:00Z,193.48
ABBV,2025-05-01T14:12:00Z,193.52
ABBV,2025-05-01T14:13:00Z,193.71
ABBV,2025-05-01T14:14:00Z,193.57
ABBV,2025-05-01T14:15:00Z,193.78
ABBV,2025-05-01T14:16:00Z,193.67
ABBV,2025-05-01T14:17:00Z,193.85
ABBV,2025-05-01T14:18:00Z,193.49
ABBV,2025-05-01T14:19:00Z,193.57
ABBV,2025-05-01T14:20:00Z,193.53
ABBV,2025-05-01T14:21:00Z,193.805
ABBV,2025-05-01T14:24:00Z,193.93
ABBV,2025-05-01T14:29:00Z,194.35
ABBV,2025-05-01T14:30:00Z,194.17
ABBV,2025-05-01T14:31:00Z,194.1
ABBV,2025-05-01T14:32:00Z,194.2
ABBV,2025-05-01T14:33:00Z,194.12
ABBV,2025-05-01T14:35:00Z,194.42
ABBV,2025-05-01T14:38:00Z,194.62
ABBV,2025-05-01T14:39:00Z,194.79
ABBV,2025-05-01T14:40:00Z,194.785
ABBV,2025-05-01T14:41:00Z,194.645
ABBV,2025-05-01T14:43:00Z,194.715
ABBV,2025-05-01T14:44:00Z,194.8
ABBV,2025-05-01T14:45:00Z,195.03
AMZN,2025-05-01T13:30:00Z,190.09
AMZN,2025-05-01T13:31:00Z,189.575
AMZN,2025-05-01T13:32:00Z,189.615
AMZN,2025-05-01T13:33:00Z,189.78
AMZN,2025-05-01T13:34:00Z,190.19
AMZN,2025-05-01T13:35:00Z,189.96
AMZN,2025-05-01T13:36:00Z,189.83
AMZN,2025-05-01T13:37:00Z,190.25
AMZN,2025-05-01T13:38:00Z,190.09
AMZN,2025-05-01T13:39:00Z,189.39
AMZN,2025-05-01T13:40:00Z,188.82
AMZN,2025-05-01T13:41:00Z,188.27
AMZN,2025-05-01T13:42:00Z,188.26
AMZN,2025-05-01T13:43:00Z,188.225
AMZN,2025-05-01T13:44:00Z,188.7
AMZN,2025-05-01T13:45:00Z,188.67
AMZN,2025-05-01T13:46:00Z,189.1
AMZN,2025-05-01T13:47:00Z,189.21
AMZN,2025-05-01T13:48:00Z,189.33
AMZN,2025-05-01T13:49:00Z,189.23
AMZN,2025-05-01T13:50:00Z,189.59
AMZN,2025-05-01T13:51:00Z,189.66
AMZN,2025-05-01T13:52:00Z,189.57
AMZN,2025-05-01T13:53:00Z,188.99
AMZN,2025-05-01T13:54:00Z,188.76
AMZN,2025-05-01T13:55:00Z,188.46
AMZN,2025-05-01T13:56:00Z,188.47
AMZN,2025-05-01T13:57:00Z,188.11
AMZN,2025-05-01T13:58:00Z,187.98
AMZN,2025-05-01T13:59:00Z,187.51
AMZN,2025-05-01T14:00:00Z,188.05
AMZN,2025-05-01T14:01:00Z,188.245
AMZN,2025-05-01T14:02:00Z,188.15
AMZN,2025-05-01T14:03:00Z,188.025
AMZN,2025-05-01T14:04:00Z,187.975
AMZN,2025-05-01T14:05:00Z,188.62
AMZN,2025-05-01T14:06:00Z,188.32
AMZN,2025-05-01T14:07:00Z,188.27
AMZN,2025-05-01T14:08:00Z,188.16
AMZN,2025-05-01T14:09:00Z,187.82
AMZN,2025-05-01T14:10:00Z,187.915
AMZN,2025-05-01T14:11:00Z,188.1
AMZN,2025-05-01T14:12:00Z,188.22
AMZN,2025-05-01T14:13:00Z,188.67
AMZN,2025-05-01T14:14:00Z,188.6
AMZN,2025-05-01T14:15:00Z,188.83
AMZN,2025-05-01T14:16:00Z,188.765
AMZN,2025-05-01T14:17:00Z,188.71
AMZN,2025-05-01T14:18:00Z,188.69
AMZN,2025-05-01T14:19:00Z,188.56
AMZN,2025-05-01T14:20:00Z,188.57
AMZN,2025-05-01T14:21:00Z,188.69
AMZN,2025-05-01T14:22:00Z,188.615
AMZN,2025-05-01T14:23:00Z,188.945
AMZN,2025-05-01T14:24:00Z,188.82
AMZN,2025-05-01T14:25:00Z,188.78
AMZN,2025-05-01T14:26:00Z,188.87
AMZN,2025-05-01T14:27:00Z,189.045
AMZN,2025-05-01T14:28:00Z,189.1
AMZN,2025-05-01T14:29:00Z,189.17
AMZN,2025-05-01T14:30:00Z,188.945
AMZN,2025-05-01T14:31:00Z,188.93
AMZN,2025-05-01T14:32:00Z,188.97
AMZN,2025-05-01T14:33:00Z,188.8
AMZN,2025-05-01T14:34:00Z,189.11
AMZN,2025-05-01T14:35:00Z,189.18
AMZN,2025-05-01T14:36:00Z,189.33
AMZN,2025-05-01T14:37:00Z,189.46
AMZN,2025-05-01T14:38:00Z,189.71
AMZN,2025-05-01T14:39:00Z,189.8
AMZN,2025-05-01T14:40:00Z,190.12
AMZN,2025-05-01T14:41:00Z,190.18
AMZN,2025-05-01T14:42:00Z,190.165
AMZN,2025-05-01T14:43:00Z,189.99
AMZN,2025-05-01T14:44:00Z,189.96
AMZN,2025-05-01T14:45:00Z,190.035
XLY,2025-05-01T13:30:00Z,198.41
XLY,2025-05-01T13:31:00Z,198.05
XLY,2025-05-01T13:32:00Z,198.36
XLY,2025-05-01T13:33:00Z,198.485
XLY,2025-05-01T13:34:00Z,198.6
XLY,2025-05-01T13:35:00Z,198.75
XLY,2025-05-01T13:36:00Z,199.18
XLY,2025-05-01T13:37:00Z,199.23
XLY,2025-05-01T13:38:00Z,199.16
XLY,2025-05-01T13:40:00Z,198.84
XLY,2025-05-01T13:41:00Z,198.57
XLY,2025-05-01T13:42:00Z,198.64
XLY,2025-05-01T13:43:00Z,198.53
XLY,2025-05-01T13:44:00Z,198.63
XLY,2025-05-01T13:47:00Z,198.69
XLY,2025-05-01T13:48:00Z,198.815
XLY,2025-05-01T13:49:00Z,198.71
XLY,2025-05-01T13:51:00Z,199.09
XLY,2025-05-01T13:52:00Z,199.105
XLY,2025-05-01T13:53:00Z,198.91
XLY,2025-05-01T13:54:00Z,198.95
XLY,2025-05-01T13:55:00Z,198.81
XLY,2025-05-01T13:56:00Z,198.78
XLY,2025-05-01T13:57:00Z,198.63
XLY,2025-05-01T13:58:00Z,198.42
XLY,2025-05-01T13:59:00Z,198.18
XLY,2025-05-01T14:00:00Z,198.485
XLY,2025-05-01T14:02:00Z,198.34
XLY,2025-05-01T14:03:00Z,198.69
XLY,2025-05-01T14:04:00Z,198.62
XLY,2025-05-01T14:05:00Z,199.05
XLY,2025-05-01T14:06:00Z,198.795
XLY,2025-05-01T14:07:00Z,198.495
XLY,2025-05-01T14:08:00Z,198.55
XLY,2025-05-01T14:09:00Z,198.465
XLY,2025-05-01T14:10:00Z,198.395
XLY,2025-05-01T14:11:00Z,198.46
XLY,2025-05-01T14:12:00Z,198.33
XLY,2025-05-01T14:13:00Z,198.83
XLY,2025-05-01T14:14:00Z,198.83
XLY,2025-05-01T14:15:00Z,198.925
XLY,2025-05-01T14:16:00Z,198.95
XLY,2025-05-01T14:17:00Z,198.87
XLY,2025-05-01T14:18:00Z,198.805
XLY,2025-05-01T14:19:00Z,198.75
XLY,2025-05-01T14:20:00Z,198.8
XLY,2025-05-01T14:21:00Z,198.735
XLY,2025-05-01T14:22:00Z,198.825
XLY,2025-05-01T14:23:00Z,198.94
XLY,2025-05-01T14:24:00Z,198.98
XLY,2025-05-01T14:25:00Z,199.02
XLY,2025-05-01T14:26:00Z,199.025
XLY,2025-05-01T14:28:00Z,199.25
XLY,2025-05-01T14:29:00Z,199.35
XLY,2025-05-01T14:30:00Z,199.45
XLY,2025-05-01T14:31:00Z,199.32
XLY,2025-05-01T14:32:00Z,199.29
XLY,2025-05-01T14:33:00Z,199.32
XLY,2025-05-01T14:34:00Z,199.33
XLY,2025-05-01T14:36:00Z,199.74
XLY,2025-05-01T14:37:00Z,199.81
XLY,2025-05-01T14:38:00Z,199.585
XLY,2025-05-01T14:39:00Z,199.81
XLY,2025-05-01T14:40:00Z,199.93
XLY,2025-05-01T14:41:00Z,199.96
XLY,2025-05-01T14:42:00Z,199.94
XLY,2025-05-01T14:43:00Z,199.96
XLY,2025-05-01T14:44:00Z,199.88
XLY,2025-05-01T14:45:00Z,199.95
BA,2025-05-09T14:20:00Z,193.45
BA,2025-05-09T14:21:00Z,193.375
BA,2025-05-09T14:22:00Z,193.495
BA,2025-05-09T14:23:00Z,193.25
BA,2025-05-09T14:24:00Z,193.07
BA,2025-05-09T14:25:00Z,193.14
BA,2025-05-09T14:26:00Z,192.9
BA,2025-05-09T14:27:00Z,192.92
BA,2025-05-09T14:28:00Z,192.87
BA,2025-05-09T14:29:00Z,192.89
BA,2025-05-09T14:30:00Z,193.11
BA,2025-05-09T14:31:00Z,192.93
BA,2025-05-09T14:33:00Z,193.1
BA,2025-05-09T14:34:00Z,192.83
BA,2025-05-09T14:35:00Z,192.49
BA,2025-05-09T14:36:00Z,192.45
BA,2025-05-09T14:37:00Z,192.6
BA,2025-05-09T14:38:00Z,192.32
BA,2025-05-09T14:39:00Z,192.25
BA,2025-05-09T14:41:00Z,192.47
BA,2025-05-09T14:42:00Z,192.6
BA,2025-05-09T14:44:00Z,193.195
BA,2025-05-09T14:45:00Z,193.22
BA,2025-05-09T14:47:00Z,193.1
BA,2025-05-09T14:48:00Z,192.965
BA,2025-05-09T14:49:00Z,193.16
BA,2025-05-09T14:50:00Z,193.19
BA,2025-05-09T14:51:00Z,193.09
BA,2025-05-09T14:52:00Z,193.255
BA,2025-05-09T14:53:00Z,193.03
BA,2025-05-09T14:54:00Z,192.95
BA,2025-05-09T14:55:00Z,192.93
BA,2025-05-09T14:56:00Z,192.85
BA,2025-05-09T14:59:00Z,193.01
BA,2025-05-09T15:01:00Z,192.97
BA,2025-05-09T15:05:00Z,193.085
BA,2025-05-09T15:06:00Z,192.94
BA,2025-05-09T15:07:00Z,193.08
BA,2025-05-09T15:08:00Z,193.045
BA,2025-05-09T15:09:00Z,192.935
BA,2025-05-09T15:10:00Z,192.65
BA,2025-05-09T15:11:00Z,192.475
BA,2025-05-09T15:15:00Z,192.51
BA,2025-05-09T15:17:00Z,192.68
BA,2025-05-09T15:18:00Z,192.74
BA,2025-05-09T15:20:00Z,192.72
BA,2025-05-09T15:22:00Z,192.59
BA,2025-05-09T15:23:00Z,192.655
BA,2025-05-09T15:24:00Z,192.675
BA,2025-05-09T15:25:00Z,192.71
BA,2025-05-09T15:26:00Z,192.63
BA,2025-05-09T15:27:00Z,192.41
BA,2025-05-09T15:29:00Z,192.405
BA,2025-05-09T15:30:00Z,192.31
BA,2025-05-09T15:31:00Z,192.57
BA,2025-05-09T15:33:00Z,192.65
BA,2025-05-09T15:36:00Z,192.88
BA,2025-05-09T15:38:00Z,192.71
BA,2025-05-09T15:40:00Z,192.58
BA,2025-05-09T15:42:00Z,192.695
BA,2025-05-09T15:43:00Z,192.815
BA,2025-05-09T15:46:00Z,192.95
BA,2025-05-09T15:47:00Z,193.005
BA,2025-05-09T15:48:00Z,192.96
BA,2025-05-09T15:50:00Z,192.94
BA,2025-05-09T15:52:00Z,193.04
BA,2025-05-09T15:59:00Z,192.9
BA,2025-05-09T16:00:00Z,192.9
BA,2025-05-09T16:03:00Z,192.95
BA,2025-05-09T16:04:00Z,192.89
BA,2025-05-09T16:05:00Z,193.0
BA,2025-05-09T16:07:00Z,193.13
BA,2025-05-09T16:08:00Z,193.02
BA,2025-05-09T16:11:00Z,192.92
BA,2025-05-09T16:12:00Z,193.09
BA,2025-05-09T16:13:00Z,193.22
BA,2025-05-09T16:17:00Z,193.29
BA,2025-05-09T16:18:00Z,193.27
BA,2025-05-09T16:21:00Z,193.44
BA,2025-05-09T16:22:00Z,193.355
BA,2025-05-09T16:23:00Z,193.345
BA,2025-05-09T16:24:00Z,193.42
BA,2025-05-09T16:25:00Z,193.27
BA,2025-05-09T16:26:00Z,193.285
BA,2025-05-09T16:27:00Z,193.205
BA,2025-05-09T16:29:00Z,193.2
BA,2025-05-09T16:30:00Z,193.255
BA,2025-05-09T16:31:00Z,193.29
BA,2025-05-09T16:32:00Z,193.29
BA,2025-05-09T16:33:00Z,193.245
BA,2025-05-09T16:34:00Z,193.33
BA,2025-05-09T16:35:00Z,193.57
BA,2025-05-09T16:36:00Z,193.545
BA,2025-05-09T16:37:00Z,193.61
BA,2025-05-09T16:38:00Z,193.635
BA,2025-05-09T16:39:00Z,193.35
BA,2025-05-09T16:40:00Z,193.395
BA,2025-05-09T16:41:00Z,193.4
BA,2025-05-09T16:42:00Z,193.435
BA,2025-05-09T16:43:00Z,193.63
BA,2025-05-09T16:44:00Z,193.64
BA,2025-05-09T16:45:00Z,193.6
BA,2025-05-09T16:46:00Z,193.61
BA,2025-05-09T16:47:00Z,193.565
BA,2025-05-09T16:48:00Z,193.51
BA,2025-05-09T16:49:00Z,193.61
BA,2025-05-09T16:50:00Z,193.77
BA,2025-05-09T16:51:00Z,193.955
BA,2025-05-09T16:52:00Z,193.945
BA,2025-05-09T16:54:00Z,194.03
ITA,2025-05-09T14:31:00Z,161.97
ITA,2025-05-09T14:32:00Z,161.97
ITA,2025-05-09T15:30:00Z,161.985
ITA,2025-05-09T16:30:00Z,162.315
ITA,2025-05-09T16:44:00Z,162.56
BA,2025-05-14T13:30:00Z,206.14
BA,2025-05-14T13:31:00Z,205.96
BA,2025-05-14T13:32:00Z,205.585
BA,2025-05-14T13:33:00Z,205.66
BA,2025-05-14T13:34:00Z,205.725
BA,2025-05-14T13:35:00Z,205.415
BA,2025-05-14T13:36:00Z,205.29
BA,2025-05-14T13:37:00Z,205.3
BA,2025-05-14T13:38:00Z,205.57
BA,2025-05-14T13:39:00Z,205.62
BA,2025-05-14T13:40:00Z,205.875
BA,2025-05-14T13:41:00Z,205.925
BA,2025-05-14T13:42:00Z,205.76
BA,2025-05-14T13:43:00Z,205.75
BA,2025-05-14T13:44:00Z,205.77
BA,2025-05-14T13:45:00Z,205.64
BA,2025-05-14T13:47:00Z,204.74
BA,2025-05-14T13:48:00Z,204.505
BA,2025-05-14T13:49:00Z,204.69
BA,2025-05-14T13:50:00Z,204.34
BA,2025-05-14T13:52:00Z,204.99
BA,2025-05-14T13:56:00Z,204.39
BA,2025-05-14T13:58:00Z,204.06
BA,2025-05-14T13:59:00Z,204.29
BA,2025-05-14T14:00:00Z,204.425
BA,2025-05-14T14:01:00Z,204.945
BA,2025-05-14T14:02:00Z,205.07
BA,2025-05-14T14:03:00Z,204.86
BA,2025-05-14T14:04:00Z,204.87
BA,2025-05-14T14:05:00Z,204.67
ITA,2025-05-14T13:30:00Z,167.4
ITA,2025-05-14T13:32:00Z,167.45
ITA,2025-05-14T13:36:00Z,166.9
ITA,2025-05-14T13:45:00Z,166.55
ITA,2025-05-14T13:51:00Z,166.48
ITA,2025-05-14T13:52:00Z,166.49
BA,2025-05-19T13:30:00Z,202.915
BA,2025-05-19T13:31:00Z,202.73
BA,2025-05-19T13:32:00Z,203.03
BA,2025-05-19T13:33:00Z,202.93
BA,2025-05-19T13:34:00Z,202.99
BA,2025-05-19T13:35:00Z,203.1
BA,2025-05-19T13:36:00Z,203.22
BA,2025-05-19T13:37:00Z,204.175
BA,2025-05-19T13:38:00Z,203.77
BA,2025-05-19T13:40:00Z,204.05
BA,2025-05-19T13:41:00Z,204.205
BA,2025-05-19T13:42:00Z,203.995
BA,2025-05-19T13:45:00Z,204.43
BA,2025-05-19T13:46:00Z,204.645
BA,2025-05-19T13:47:00Z,205.05
BA,2025-05-19T13:49:00Z,205.245
BA,2025-05-19T13:50:00Z,205.335
BA,2025-05-19T13:51:00Z,205.465
BA,2025-05-19T13:52:00Z,205.25
BA,2025-05-19T13:53:00Z,204.98
BA,2025-05-19T13:54:00Z,205.1
BA,2025-05-19T13:55:00Z,205.0
BA,2025-05-19T13:56:00Z,204.79
BA,2025-05-19T13:57:00Z,204.94
BA,2025-05-19T13:58:00Z,205.32
BA,2025-05-19T13:59:00Z,205.12
BA,2025-05-19T14:00:00Z,204.81
BA,2025-05-19T14:01:00Z,204.845
BA,2025-05-19T14:02:00Z,205.075
BA,2025-05-19T14:03:00Z,205.04
ITA,2025-05-19T13:30:00Z,170.69
ITA,2025-05-19T13:36:00Z,171.33
ITA,2025-05-19T13:37:00Z,171.255
ITA,2025-05-19T13:38:00Z,171.26
ITA,2025-05-19T13:47:00Z,171.935
ITA,2025-05-19T14:00:00Z,172.4
ITA,2025-05-19T14:02:00Z,172.61
ITA,2025-05-19T14:04:00Z,172.54
XLK,2025-05-23T13:30:00Z,225.31
XLK,2025-05-23T13:31:00Z,225.37
XLK,2025-05-23T13:32:00Z,225.66
XLK,2025-05-23T13:33:00Z,226.25
XLK,2025-05-23T13:34:00Z,226.31
XLK,2025-05-23T13:35:00Z,226.66
XLK,2025-05-23T13:36:00Z,226.71
XLK,2025-05-23T13:37:00Z,226.49
XLK,2025-05-23T13:38:00Z,226.6
XLK,2025-05-23T13:39:00Z,226.53
XLK,2025-05-23T13:40:00Z,226.42
XLK,2025-05-23T13:41:00Z,226.6
XLK,2025-05-23T13:42:00Z,226.12
XLK,2025-05-23T13:43:00Z,225.87
XLK,2025-05-23T13:44:00Z,226.15
XLK,2025-05-23T13:45:00Z,225.74
XLK,2025-05-23T13:46:00Z,225.6
XLK,2025-05-23T13:47:00Z,225.52
XLK,2025-05-23T13:48:00Z,225.6
XLK,2025-05-23T13:49:00Z,225.6
XLK,2025-05-23T13:50:00Z,225.94
XLK,2025-05-23T13:51:00Z,225.84
XLK,2025-05-23T13:52:00Z,225.88
XLK,2025-05-23T13:53:00Z,225.55
XLK,2025-05-23T13:54:00Z,225.48
XLK,2025-05-23T13:55:00Z,225.72
XLK,2025-05-23T13:56:00Z,226.11
XLK,2025-05-23T13:57:00Z,225.87
XLK,2025-05-23T13:58:00Z,225.85
XLK,2025-05-23T13:59:00Z,225.97
XLK,2025-05-23T14:00:00Z,226.02
XLK,2025-05-23T14:01:00Z,225.95
XLK,2025-05-23T14:02:00Z,225.96
XLK,2025-05-23T14:03:00Z,225.96
XLK,2025-05-23T14:04:00Z,226.27
XLK,2025-05-23T14:05:00Z,226.19
AAPL,2025-05-23T12:31:00Z,195.39
AAPL,2025-05-23T13:04:00Z,194.53
AAPL,2025-05-23T13:13:00Z,193.95
AAPL,2025-05-23T13:22:00Z,193.98
AAPL,2025-05-23T13:23:00Z,194.0
AAPL,2025-05-23T13:24:00Z,194.0
AAPL,2025-05-23T13:25:00Z,194.0
AAPL,2025-05-23T13:28:00Z,193.5
AAPL,2025-05-23T13:30:00Z,195.335
AAPL,2025-05-23T13:31:00Z,195.82
AAPL,2025-05-23T13:32:00Z,195.825
AAPL,2025-05-23T13:33:00Z,196.64
AAPL,2025-05-23T13:34:00Z,196.51
AAPL,2025-05-23T13:35:00Z,196.895
AAPL,2025-05-23T13:36:00Z,196.95
AAPL,2025-05-23T13:37:00Z,196.76
AAPL,2025-05-23T13:38:00Z,196.87
AAPL,2025-05-23T13:39:00Z,196.64
AAPL,2025-05-23T13:40:00Z,196.7
AAPL,2025-05-23T13:41:00Z,196.9
AAPL,2025-05-23T13:42:00Z,196.62
AAPL,2025-05-23T13:43:00Z,195.985
AAPL,2025-05-23T13:44:00Z,195.99
AAPL,2025-05-23T13:45:00Z,195.7
AAPL,2025-05-23T13:46:00Z,195.625
AAPL,2025-05-23T13:47:00Z,195.77
AAPL,2025-05-23T13:48:00Z,195.7
AAPL,2025-05-23T13:49:00Z,195.72
AAPL,2025-05-23T13:50:00Z,195.87
AAPL,2025-05-23T13:51:00Z,195.66
AAPL,2025-05-23T13:52:00Z,195.97
AAPL,2025-05-23T13:53:00Z,195.79
AAPL,2025-05-23T13:54:00Z,195.54
AAPL,2025-05-23T13:55:00Z,195.91
AAPL,2025-05-23T13:56:00Z,196.41
AAPL,2025-05-23T13:57:00Z,196.55
AAPL,2025-05-23T13:58:00Z,196.61
AAPL,2025-05-23T13:59:00Z,196.28
AAPL,2025-05-23T14:00:00Z,196.18
AAPL,2025-05-23T14:01:00Z,196.26
AAPL,2025-05-23T14:02:00Z,196.38
AAPL,2025-05-23T14:03:00Z,196.13
AAPL,2025-05-23T14:04:00Z,196.19
AAPL,2025-05-23T14:05:00Z,196.22
AMZN,2025-05-27T13:30:00Z,204.08
AMZN,2025-05-27T13:31:00Z,203.81
AMZN,2025-05-27T13:32:00Z,204.27
AMZN,2025-05-27T13:33:00Z,204.04
AMZN,2025-05-27T13:34:00Z,203.28
AMZN,2025-05-27T13:35:00Z,202.94
AMZN,2025-05-27T13:36:00Z,202.74
AMZN,2025-05-27T13:37:00Z,202.59
AMZN,2025-05-27T13:38:00Z,202.57
AMZN,2025-05-27T13:39:00Z,202.58
AMZN,2025-05-27T13:40:00Z,202.67
AMZN,2025-05-27T13:41:00Z,202.57
AMZN,2025-05-27T13:42:00Z,202.35
AMZN,2025-05-27T13:43:00Z,202.52
AMZN,2025-05-27T13:44:00Z,202.63
AMZN,2025-05-27T13:45:00Z,202.67
AMZN,2025-05-27T13:46:00Z,202.82
AMZN,2025-05-27T13:47:00Z,202.97
AMZN,2025-05-27T13:48:00Z,203.37
AMZN,2025-05-27T13:49:00Z,203.14
AMZN,2025-05-27T13:50:00Z,203.32
AMZN,2025-05-27T13:51:00Z,203.095
AMZN,2025-05-27T13:52:00Z,203.1
AMZN,2025-05-27T13:53:00Z,203.2
AMZN,2025-05-27T13:54:00Z,203.22
AMZN,2025-05-27T13:55:00Z,203.22
AMZN,2025-05-27T13:56:00Z,203.29
AMZN,2025-05-27T13:57:00Z,203.31
AMZN,2025-05-27T13:58:00Z,203.35
AMZN,2025-05-27T13:59:00Z,203.43
AMZN,2025-05-27T14:00:00Z,203.59
AMZN,2025-05-27T14:01:00Z,204.03
AMZN,2025-05-27T14:02:00Z,204.19
AMZN,2025-05-27T14:03:00Z,204.04
AMZN,2025-05-27T14:04:00Z,203.93
AMZN,2025-05-27T14:05:00Z,204.03
XLY,2025-05-27T13:30:00Z,213.985
XLY,2025-05-27T13:31:00Z,213.95
XLY,2025-05-27T13:32:00Z,214.155
XLY,2025-05-27T13:33:00Z,214.095
XLY,2025-05-27T13:34:00Z,213.68
XLY,2025-05-27T13:35:00Z,213.525
XLY,2025-05-27T13:36:00Z,213.275
XLY,2025-05-27T13:37:00Z,213.38
XLY,2025-05-27T13:38:00Z,213.68
XLY,2025-05-27T13:39:00Z,213.71
XLY,2025-05-27T13:40:00Z,213.64
XLY,2025-05-27T13:41:00Z,213.58
XLY,2025-05-27T13:42:00Z,213.41
XLY,2025-05-27T13:43:00Z,213.63
XLY,2025-05-27T13:44:00Z,213.78
XLY,2025-05-27T13:45:00Z,213.84
XLY,2025-05-27T13:46:00Z,213.85
XLY,2025-05-27T13:47:00Z,213.78
XLY,2025-05-27T13:48:00Z,213.88
XLY,2025-05-27T13:49:00Z,213.77
XLY,2025-05-27T13:50:00Z,213.77
XLY,2025-05-27T13:51:00Z,213.79
XLY,2025-05-27T13:52:00Z,213.87
XLY,2025-05-27T13:53:00Z,213.86
XLY,2025-05-27T13:54:00Z,213.96
XLY,2025-05-27T13:55:00Z,214.04
XLY,2025-05-27T13:56:00Z,214.01
XLY,2025-05-27T13:57:00Z,214.085
XLY,2025-05-27T13:58:00Z,214.06
XLY,2025-05-27T14:00:00Z,214.27
XLY,2025-05-27T14:01:00Z,214.425
XLY,2025-05-27T14:02:00Z,214.51
XLY,2025-05-27T14:04:00Z,214.44
XLY,2025-05-27T14:05:00Z,214.59
TSLA,2025-05-30T12:05:00Z,356.18
TSLA,2025-05-30T12:20:00Z,353.93
TSLA,2025-05-30T13:20:00Z,354.93
TSLA,2025-05-30T13:30:00Z,356.46
TSLA,2025-05-30T13:31:00Z,356.16
TSLA,2025-05-30T13:32:00Z,355.63
TSLA,2025-05-30T13:33:00Z,356.4
TSLA,2025-05-30T13:34:00Z,356.83
TSLA,2025-05-30T13:35:00Z,355.24
TSLA,2025-05-30T13:36:00Z,354.41
TSLA,2025-05-30T13:37:00Z,354.53
TSLA,2025-05-30T13:38:00Z,354.39
TSLA,2025-05-30T13:39:00Z,354.33
TSLA,2025-05-30T13:40:00Z,355.35
TSLA,2025-05-30T13:41:00Z,355.41
TSLA,2025-05-30T13:42:00Z,356.37
TSLA,2025-05-30T13:43:00Z,356.21
TSLA,2025-05-30T13:44:00Z,356.27
TSLA,2025-05-30T13:45:00Z,357.885
TSLA,2025-05-30T13:46:00Z,357.43
TSLA,2025-05-30T13:47:00Z,357.18
TSLA,2025-05-30T13:48:00Z,357.36
TSLA,2025-05-30T13:49:00Z,356.93
TSLA,2025-05-30T13:50:00Z,356.6
TSLA,2025-05-30T13:51:00Z,356.31
TSLA,2025-05-30T13:52:00Z,356.0
TSLA,2025-05-30T13:53:00Z,356.55
TSLA,2025-05-30T13:54:00Z,356.58
TSLA,2025-05-30T13:55:00Z,355.98
TSLA,2025-05-30T13:56:00Z,355.62
TSLA,2025-05-30T13:57:00Z,356.12
TSLA,2025-05-30T13:58:00Z,356.085
TSLA,2025-05-30T13:59:00Z,356.2
TSLA,2025-05-30T14:00:00Z,356.93
TSLA,2025-05-30T14:01:00Z,357.03
TSLA,2025-05-30T14:02:00Z,357.545
TSLA,2025-05-30T14:03:00Z,356.875
TSLA,2025-05-30T14:04:00Z,357.18
TSLA,2025-05-30T14:05:00Z,357.395
XLY,2025-05-30T13:30:00Z,214.29
XLY,2025-05-30T13:32:00Z,213.95
XLY,2025-05-30T13:34:00Z,214.39
XLY,2025-05-30T13:35:00Z,214.16
XLY,2025-05-30T13:36:00Z,214.12
XLY,2025-05-30T13:41:00Z,214.48
XLY,2025-05-30T13:42:00Z,214.745
XLY,2025-05-30T13:43:00Z,214.68
XLY,2025-05-30T13:46:00Z,215.0
XLY,2025-05-30T13:47:00Z,214.78
XLY,2025-05-30T13:49:00Z,214.7
XLY,2025-05-30T13:50:00Z,214.51
XLY,2025-05-30T13:52:00Z,214.22
XLY,2025-05-30T13:53:00Z,214.28
XLY,2025-05-30T13:54:00Z,214.52
XLY,2025-05-30T13:55:00Z,214.43
XLY,2025-05-30T13:57:00Z,214.55
XLY,2025-05-30T13:58:00Z,214.5
XLY,2025-05-30T13:59:00Z,214.4
XLY,2025-05-30T14:00:00Z,214.61
XLY,2025-05-30T14:01:00Z,214.795
XLY,2025-05-30T14:02:00Z,214.82
XLY,2025-05-30T14:05:00Z,214.75
TSLA,2025-05-30T16:50:00Z,347.69
TSLA,2025-05-30T16:51:00Z,346.91
TSLA,2025-05-30T16:52:00Z,346.92
TSLA,2025-05-30T16:53:00Z,346.385
TSLA,2025-05-30T16:54:00Z,346.44
TSLA,2025-05-30T16:55:00Z,345.91
TSLA,2025-05-30T16:56:00Z,345.82
TSLA,2025-05-30T16:57:00Z,346.525
TSLA,2025-05-30T16:58:00Z,345.98
TSLA,2025-05-30T16:59:00Z,346.47
TSLA,2025-05-30T17:00:00Z,345.635
TSLA,2025-05-30T17:01:00Z,345.995
TSLA,2025-05-30T17:02:00Z,346.555
TSLA,2025-05-30T17:03:00Z,346.775
TSLA,2025-05-30T17:04:00Z,347.21
TSLA,2025-05-30T17:05:00Z,347.08
TSLA,2025-05-30T17:06:00Z,347.53
TSLA,2025-05-30T17:07:00Z,347.84
TSLA,2025-05-30T17:08:00Z,348.03
TSLA,2025-05-30T17:09:00Z,348.32
TSLA,2025-05-30T17:10:00Z,348.23
TSLA,2025-05-30T17:11:00Z,348.055
TSLA,2025-05-30T17:12:00Z,348.945
TSLA,2025-05-30T17:13:00Z,348.9
TSLA,2025-05-30T17:14:00Z,348.57
TSLA,2025-05-30T17:15:00Z,348.67
TSLA,2025-05-30T17:16:00Z,348.075
TSLA,2025-05-30T17:17:00Z,347.63
TSLA,2025-05-30T17:18:00Z,348.135
TSLA,2025-05-30T17:19:00Z,348.36
TSLA,2025-05-30T17:20:00Z,347.35
TSLA,2025-05-30T17:21:00Z,347.575
TSLA,2025-05-30T17:22:00Z,347.67
TSLA,2025-05-30T17:23:00Z,348.26
TSLA,2025-05-30T17:24:00Z,348.1
TSLA,2025-05-30T17:25:00Z,347.985
TSLA,2025-05-30T17:26:00Z,348.03
TSLA,2025-05-30T17:27:00Z,347.95
TSLA,2025-05-30T17:28:00Z,348.35
TSLA,2025-05-30T17:29:00Z,348.385
TSLA,2025-05-30T17:30:00Z,348.28
TSLA,2025-05-30T17:31:00Z,347.97
TSLA,2025-05-30T17:32:00Z,348.44
TSLA,2025-05-30T17:33:00Z,348.89
TSLA,2025-05-30T17:34:00Z,348.56
TSLA,2025-05-30T17:35:00Z,349.305
TSLA,2025-05-30T17:36:00Z,349.26
TSLA,2025-05-30T17:37:00Z,349.095
TSLA,2025-05-30T17:38:00Z,349.115
TSLA,2025-05-30T17:39:00Z,349.31
TSLA,2025-05-30T17:40:00Z,349.36
TSLA,2025-05-30T17:41:00Z,349.75
TSLA,2025-05-30T17:42:00Z,349.68
TSLA,2025-05-30T17:43:00Z,349.37
TSLA,2025-05-30T17:44:00Z,348.87
TSLA,2025-05-30T17:45:00Z,348.48
TSLA,2025-05-30T17:46:00Z,348.17
TSLA,2025-05-30T17:47:00Z,348.32
TSLA,2025-05-30T17:48:00Z,348.29
TSLA,2025-05-30T17:49:00Z,348.585
TSLA,2025-05-30T17:50:00Z,348.7
TSLA,2025-05-30T17:51:00Z,348.75
TSLA,2025-05-30T17:52:00Z,348.51
TSLA,2025-05-30T17:53:00Z,348.83
TSLA,2025-05-30T17:54:00Z,348.96
TSLA,2025-05-30T17:55:00Z,349.18
TSLA,2025-05-30T17:56:00Z,348.7
TSLA,2025-05-30T17:57:00Z,348.32
TSLA,2025-05-30T17:58:00Z,347.895
TSLA,2025-05-30T17:59:00Z,347.835
TSLA,2025-05-30T18:00:00Z,348.775
TSLA,2025-05-30T18:01:00Z,348.99
TSLA,2025-05-30T18:02:00Z,348.78
TSLA,2025-05-30T18:03:00Z,349.36
TSLA,2025-05-30T18:04:00Z,349.63
TSLA,2025-05-30T18:05:00Z,349.53
TSLA,2025-05-30T18:06:00Z,350.19
TSLA,2025-05-30T18:07:00Z,350.535
TSLA,2025-05-30T18:08:00Z,349.99
TSLA,2025-05-30T18:09:00Z,350.3
TSLA,2025-05-30T18:10:00Z,350.67
TSLA,2025-05-30T18:11:00Z,350.44
TSLA,2025-05-30T18:13:00Z,350.32
TSLA,2025-05-30T18:14:00Z,350.3
TSLA,2025-05-30T18:15:00Z,350.9
TSLA,2025-05-30T18:16:00Z,350.44
TSLA,2025-05-30T18:17:00Z,350.21
TSLA,2025-05-30T18:18:00Z,350.44
TSLA,2025-05-30T18:19:00Z,350.805
TSLA,2025-05-30T18:20:00Z,350.665
TSLA,2025-05-30T18:21:00Z,351.19
TSLA,2025-05-30T18:22:00Z,350.99
TSLA,2025-05-30T18:23:00Z,351.45
TSLA,2025-05-30T18:24:00Z,351.59
TSLA,2025-05-30T18:25:00Z,351.62
TSLA,2025-05-30T18:26:00Z,351.095
TSLA,2025-05-30T18:27:00Z,350.82
TSLA,2025-05-30T18:28:00Z,351.09
TSLA,2025-05-30T18:29:00Z,350.695
TSLA,2025-05-30T18:30:00Z,350.85
TSLA,2025-05-30T18:31:00Z,351.32
TSLA,2025-05-30T18:32:00Z,351.025
TSLA,2025-05-30T18:33:00Z,350.69
TSLA,2025-05-30T18:34:00Z,350.15
TSLA,2025-05-30T18:35:00Z,350.48
TSLA,2025-05-30T18:36:00Z,350.29
TSLA,2025-05-30T18:37:00Z,350.855
TSLA,2025-05-30T18:38:00Z,350.98
TSLA,2025-05-30T18:39:00Z,350.76
TSLA,2025-05-30T18:40:00Z,349.795
TSLA,2025-05-30T18:41:00Z,349.88
TSLA,2025-05-30T18:42:00Z,349.44
TSLA,2025-05-30T18:43:00Z,349.61
TSLA,2025-05-30T18:44:00Z,349.09
TSLA,2025-05-30T18:45:00Z,349.3
TSLA,2025-05-30T18:46:00Z,349.03
TSLA,2025-05-30T18:47:00Z,349.28
TSLA,2025-05-30T18:48:00Z,349.02
TSLA,2025-05-30T18:49:00Z,349.105
TSLA,2025-05-30T18:50:00Z,349.29
TSLA,2025-05-30T18:51:00Z,349.22
TSLA,2025-05-30T18:52:00Z,349.11
TSLA,2025-05-30T18:53:00Z,349.79
TSLA,2025-05-30T18:54:00Z,349.83
TSLA,2025-05-30T18:55:00Z,349.81
TSLA,2025-05-30T18:56:00Z,349.51
TSLA,2025-05-30T18:57:00Z,350.19
TSLA,2025-05-30T18:58:00Z,349.81
TSLA,2025-05-30T18:59:00Z,350.065
TSLA,2025-05-30T19:00:00Z,350.52
TSLA,2025-05-30T19:01:00Z,350.3
TSLA,2025-05-30T19:02:00Z,351.1
TSLA,2025-05-30T19:03:00Z,351.355
TSLA,2025-05-30T19:04:00Z,351.515
TSLA,2025-05-30T19:05:00Z,351.32
TSLA,2025-05-30T19:06:00Z,351.445
TSLA,2025-05-30T19:07:00Z,351.75
TSLA,2025-05-30T19:08:00Z,351.92
TSLA,2025-05-30T19:09:00Z,351.24
TSLA,2025-05-30T19:10:00Z,351.305
TSLA,2025-05-30T19:11:00Z,350.96
TSLA,2025-05-30T19:12:00Z,350.87
TSLA,2025-05-30T19:13:00Z,351.15
TSLA,2025-05-30T19:14:00Z,350.85
TSLA,2025-05-30T19:15:00Z,350.905
TSLA,2025-05-30T19:16:00Z,351.15
TSLA,2025-05-30T19:17:00Z,352.13
TSLA,2025-05-30T19:18:00Z,352.22
TSLA,2025-05-30T19:19:00Z,351.615
TSLA,2025-05-30T19:20:00Z,351.54
TSLA,2025-05-30T19:21:00Z,351.46
TSLA,2025-05-30T19:22:00Z,351.59
TSLA,2025-05-30T19:23:00Z,352.01
TSLA,2025-05-30T19:24:00Z,352.04
TSLA,2025-05-30T19:25:00Z,352.105
XLY,2025-05-30T16:50:00Z,212.745
XLY,2025-05-30T16:51:00Z,212.64
XLY,2025-05-30T16:52:00Z,212.65
XLY,2025-05-30T16:53:00Z,212.51
XLY,2025-05-30T16:54:00Z,212.63
XLY,2025-05-30T16:56:00Z,212.57
XLY,2025-05-30T16:57:00Z,212.47
XLY,2025-05-30T16:58:00Z,212.52
XLY,2025-05-30T16:59:00Z,212.59
XLY,2025-05-30T17:00:00Z,212.49
XLY,2025-05-30T17:01:00Z,212.65
XLY,2025-05-30T17:02:00Z,212.61
XLY,2025-05-30T17:03:00Z,212.71
XLY,2025-05-30T17:05:00Z,212.82
XLY,2025-05-30T17:06:00Z,212.9
XLY,2025-05-30T17:07:00Z,213.05
XLY,2025-05-30T17:08:00Z,213.0
XLY,2025-05-30T17:09:00Z,213.21
XLY,2025-05-30T17:10:00Z,213.09
XLY,2025-05-30T17:11:00Z,213.11
XLY,2025-05-30T17:14:00Z,213.15
XLY,2025-05-30T17:15:00Z,213.17
XLY,2025-05-30T17:16:00Z,213.06
XLY,2025-05-30T17:17:00Z,213.04
XLY,2025-05-30T17:18:00Z,213.15
XLY,2025-05-30T17:19:00Z,213.23
XLY,2025-05-30T17:21:00Z,212.94
XLY,2025-05-30T17:22:00Z,213.15
XLY,2025-05-30T17:23:00Z,213.21
XLY,2025-05-30T17:24:00Z,213.05
XLY,2025-05-30T17:25:00Z,213.07
XLY,2025-05-30T17:27:00Z,213.08
XLY,2025-05-30T17:29:00Z,213.13
XLY,2025-05-30T17:30:00Z,213.13
XLY,2025-05-30T17:32:00Z,213.22
XLY,2025-05-30T17:33:00Z,213.27
XLY,2025-05-30T17:34:00Z,213.32
XLY,2025-05-30T17:35:00Z,213.38
XLY,2025-05-30T17:36:00Z,213.4
XLY,2025-05-30T17:38:00Z,213.29
XLY,2025-05-30T17:40:00Z,213.315
XLY,2025-05-30T17:42:00Z,213.455
XLY,2025-05-30T17:43:00Z,213.43
XLY,2025-05-30T17:44:00Z,213.39
XLY,2025-05-30T17:45:00Z,213.19
XLY,2025-05-30T17:46:00Z,213.16
XLY,2025-05-30T17:48:00Z,213.24
XLY,2025-05-30T17:49:00Z,213.26
XLY,2025-05-30T17:50:00Z,213.39
XLY,2025-05-30T17:51:00Z,213.4
XLY,2025-05-30T17:52:00Z,213.41
XLY,2025-05-30T17:53:00Z,213.45
XLY,2025-05-30T17:54:00Z,213.45
XLY,2025-05-30T17:55:00Z,213.44
XLY,2025-05-30T17:56:00Z,213.41
XLY,2025-05-30T17:57:00Z,213.24
XLY,2025-05-30T17:58:00Z,213.22
XLY,2025-05-30T17:59:00Z,213.13
XLY,2025-05-30T18:00:00Z,213.445
XLY,2025-05-30T18:01:00Z,213.42
XLY,2025-05-30T18:02:00Z,213.45
XLY,2025-05-30T18:04:00Z,213.535
XLY,2025-05-30T18:06:00Z,213.67
XLY,2025-05-30T18:07:00Z,213.79
XLY,2025-05-30T18:08:00Z,213.75
XLY,2025-05-30T18:09:00Z,213.855
XLY,2025-05-30T18:10:00Z,213.92
XLY,2025-05-30T18:11:00Z,213.87
XLY,2025-05-30T18:12:00Z,213.875
XLY,2025-05-30T18:13:00Z,213.8
XLY,2025-05-30T18:14:00Z,213.83
XLY,2025-05-30T18:15:00Z,213.89
XLY,2025-05-30T18:16:00Z,213.75
XLY,2025-05-30T18:17:00Z,213.89
XLY,2025-05-30T18:18:00Z,214.01
XLY,2025-05-30T18:19:00Z,214.16
XLY,2025-05-30T18:20:00Z,214.07
XLY,2025-05-30T18:21:00Z,214.11
XLY,2025-05-30T18:22:00Z,214.21
XLY,2025-05-30T18:24:00Z,214.2
XLY,2025-05-30T18:25:00Z,214.21
XLY,2025-05-30T18:26:00Z,214.15
XLY,2025-05-30T18:28:00Z,214.2
XLY,2025-05-30T18:29:00Z,214.09
XLY,2025-05-30T18:30:00Z,214.125
XLY,2025-05-30T18:31:00Z,214.16
XLY,2025-05-30T18:33:00Z,214.06
XLY,2025-05-30T18:34:00Z,214.04
XLY,2025-05-30T18:35:00Z,214.02
XLY,2025-05-30T18:36:00Z,213.99
XLY,2025-05-30T18:37:00Z,214.16
XLY,2025-05-30T18:38:00Z,214.13
XLY,2025-05-30T18:39:00Z,214.11
XLY,2025-05-30T18:40:00Z,213.93
XLY,2025-05-30T18:41:00Z,213.975
XLY,2025-05-30T18:43:00Z,213.87
XLY,2025-05-30T18:44:00Z,213.83
XLY,2025-05-30T18:45:00Z,213.95
XLY,2025-05-30T18:47:00Z,213.94
XLY,2025-05-30T18:48:00Z,213.95
XLY,2025-05-30T18:49:00Z,213.94
XLY,2025-05-30T18:50:00Z,214.01
XLY,2025-05-30T18:51:00Z,214.055
XLY,2025-05-30T18:53:00Z,214.04
XLY,2025-05-30T18:54:00Z,214.16
XLY,2025-05-30T18:55:00Z,214.09
XLY,2025-05-30T18:56:00Z,214.07
XLY,2025-05-30T18:57:00Z,214.15
XLY,2025-05-30T18:58:00Z,214.18
XLY,2025-05-30T18:59:00Z,214.19
XLY,2025-05-30T19:00:00Z,214.24
XLY,2025-05-30T19:01:00Z,214.28
XLY,2025-05-30T19:02:00Z,214.405
XLY,2025-05-30T19:03:00Z,214.42
XLY,2025-05-30T19:05:00Z,214.6
XLY,2025-05-30T19:07:00Z,214.58
XLY,2025-05-30T19:09:00Z,214.48
XLY,2025-05-30T19:10:00Z,214.53
XLY,2025-05-30T19:11:00Z,214.42
XLY,2025-05-30T19:12:00Z,214.41
XLY,2025-05-30T19:14:00Z,214.5
XLY,2025-05-30T19:15:00Z,214.5
XLY,2025-05-30T19:16:00Z,214.52
XLY,2025-05-30T19:17:00Z,214.72
XLY,2025-05-30T19:18:00Z,214.79
XLY,2025-05-30T19:20:00Z,214.68
XLY,2025-05-30T19:21:00Z,214.65
XLY,2025-05-30T19:22:00Z,214.58
XLY,2025-05-30T19:23:00Z,214.73
XLY,2025-05-30T19:24:00Z,214.69
XLY,2025-05-30T19:25:00Z,214.805
INTC,2025-06-17T18:50:00Z,20.865
INTC,2025-06-17T18:51:00Z,20.85
INTC,2025-06-17T18:52:00Z,20.83
INTC,2025-06-17T18:53:00Z,20.84
INTC,2025-06-17T18:54:00Z,20.84
INTC,2025-06-17T18:55:00Z,20.85
INTC,2025-06-17T18:56:00Z,20.86
INTC,2025-06-17T18:57:00Z,20.88
INTC,2025-06-17T18:58:00Z,20.89
INTC,2025-06-17T18:59:00Z,20.9
INTC,2025-06-17T19:00:00Z,20.905
INTC,2025-06-17T19:01:00Z,20.9
INTC,2025-06-17T19:02:00Z,20.905
INTC,2025-06-17T19:03:00Z,20.89
INTC,2025-06-17T19:04:00Z,20.885
INTC,2025-06-17T19:05:00Z,20.84
INTC,2025-06-17T19:06:00Z,20.845
INTC,2025-06-17T19:07:00Z,20.83
INTC,2025-06-17T19:09:00Z,20.83
INTC,2025-06-17T19:10:00Z,20.8
INTC,2025-06-17T19:11:00Z,20.835
INTC,2025-06-17T19:12:00Z,20.835
INTC,2025-06-17T19:13:00Z,20.815
INTC,2025-06-17T19:14:00Z,20.805
INTC,2025-06-17T19:15:00Z,20.825
INTC,2025-06-17T19:16:00Z,20.82
INTC,2025-06-17T19:17:00Z,20.8
INTC,2025-06-17T19:18:00Z,20.79
INTC,2025-06-17T19:19:00Z,20.795
INTC,2025-06-17T19:20:00Z,20.825
INTC,2025-06-17T19:21:00Z,20.84
INTC,2025-06-17T19:22:00Z,20.83
INTC,2025-06-17T19:23:00Z,20.84
INTC,2025-06-17T19:24:00Z,20.845
INTC,2025-06-17T19:25:00Z,20.85
INTC,2025-06-17T19:26:00Z,20.82
INTC,2025-06-17T19:27:00Z,20.82
INTC,2025-06-17T19:28:00Z,20.815
INTC,2025-06-17T19:29:00Z,20.82
INTC,2025-06-17T19:30:00Z,20.825
INTC,2025-06-17T19:31:00Z,20.81
INTC,2025-06-17T19:32:00Z,20.84
INTC,2025-06-17T19:33:00Z,20.835
INTC,2025-06-17T19:34:00Z,20.84
INTC,2025-06-17T19:35:00Z,20.855
INTC,2025-06-17T19:36:00Z,20.83
INTC,2025-06-17T19:37:00Z,20.84
INTC,2025-06-17T19:38:00Z,20.84
INTC,2025-06-17T19:39:00Z,20.835
INTC,2025-06-17T19:40:00Z,20.86
INTC,2025-06-17T19:41:00Z,20.855
INTC,2025-06-17T19:42:00Z,20.835
INTC,2025-06-17T19:43:00Z,20.85
INTC,2025-06-17T19:44:00Z,20.845
INTC,2025-06-17T19:45:00Z,20.86
INTC,2025-06-17T19:46:00Z,20.855
INTC,2025-06-17T19:47:00Z,20.86
INTC,2025-06-17T19:48:00Z,20.865
INTC,2025-06-17T19:49:00Z,20.865
INTC,2025-06-17T19:50:00Z,20.865
INTC,2025-06-17T19:51:00Z,20.87
INTC,2025-06-17T19:52:00Z,20.86
INTC,2025-06-17T19:53:00Z,20.84
INTC,2025-06-17T19:54:00Z,20.89
INTC,2025-06-17T19:55:00Z,20.835
INTC,2025-06-17T19:56:00Z,20.835
INTC,2025-06-17T19:57:00Z,20.825
INTC,2025-06-17T19:58:00Z,20.805
INTC,2025-06-17T19:59:00Z,20.78
INTC,2025-06-18T12:23:00Z,20.88
INTC,2025-06-18T12:28:00Z,20.88
INTC,2025-06-18T12:38:00Z,20.86
INTC,2025-06-18T12:39:00Z,20.86
INTC,2025-06-18T12:42:00Z,20.87
INTC,2025-06-18T13:07:00Z,20.87
INTC,2025-06-18T13:11:00Z,20.86
INTC,2025-06-18T13:13:00Z,20.86
INTC,2025-06-18T13:17:00Z,20.86
INTC,2025-06-18T13:19:00Z,20.86
INTC,2025-06-18T13:24:00Z,20.86
INTC,2025-06-18T13:25:00Z,20.8
INTC,2025-06-18T13:30:00Z,20.76
INTC,2025-06-18T13:31:00Z,20.74
INTC,2025-06-18T13:32:00Z,20.71
INTC,2025-06-18T13:33:00Z,20.715
INTC,2025-06-18T13:34:00Z,20.75
INTC,2025-06-18T13:35:00Z,20.78
INTC,2025-06-18T13:36:00Z,20.805
INTC,2025-06-18T13:37:00Z,20.835
INTC,2025-06-18T13:38:00Z,20.83
INTC,2025-06-18T13:39:00Z,20.83
INTC,2025-06-18T13:40:00Z,20.94
INTC,2025-06-18T13:41:00Z,20.95
INTC,2025-06-18T13:42:00Z,20.92
INTC,2025-06-18T13:43:00Z,20.87
INTC,2025-06-18T13:44:00Z,20.84
INTC,2025-06-18T13:45:00Z,20.82
INTC,2025-06-18T13:47:00Z,20.92
INTC,2025-06-18T13:48:00Z,20.9
INTC,2025-06-18T13:49:00Z,20.885
INTC,2025-06-18T13:50:00Z,20.87
INTC,2025-06-18T13:51:00Z,20.89
INTC,2025-06-18T13:52:00Z,20.9
INTC,2025-06-18T13:53:00Z,21.0
INTC,2025-06-18T13:54:00Z,21.025
INTC,2025-06-18T13:55:00Z,21.12
INTC,2025-06-18T13:56:00Z,21.2
INTC,2025-06-18T13:57:00Z,21.16
INTC,2025-06-18T13:58:00Z,21.17
INTC,2025-06-18T13:59:00Z,21.14
INTC,2025-06-18T14:00:00Z,21.125
INTC,2025-06-18T14:01:00Z,21.13
INTC,2025-06-18T14:02:00Z,21.13
INTC,2025-06-18T14:03:00Z,21.13
INTC,2025-06-18T14:04:00Z,21.12
INTC,2025-06-18T14:05:00Z,21.13
SOXX,2025-06-17T18:50:00Z,226.02
SOXX,2025-06-17T18:51:00Z,225.91
SOXX,2025-06-17T18:55:00Z,226.005
SOXX,2025-06-17T18:56:00Z,226.04
SOXX,2025-06-17T18:57:00Z,226.04
SOXX,2025-06-17T18:58:00Z,226.28
SOXX,2025-06-17T19:01:00Z,226.27
SOXX,2025-06-17T19:02:00Z,226.36
SOXX,2025-06-17T19:05:00Z,225.87
SOXX,2025-06-17T19:06:00Z,225.82
SOXX,2025-06-17T19:07:00Z,225.71
SOXX,2025-06-17T19:11:00Z,225.96
SOXX,2025-06-17T19:12:00Z,225.95
SOXX,2025-06-17T19:15:00Z,225.97
SOXX,2025-06-17T19:17:00Z,225.79
SOXX,2025-06-17T19:18:00Z,225.84
SOXX,2025-06-17T19:20:00Z,225.98
SOXX,2025-06-17T19:21:00Z,226.12
SOXX,2025-06-17T19:23:00Z,226.18
SOXX,2025-06-17T19:24:00Z,226.18
SOXX,2025-06-17T19:29:00Z,226.1
SOXX,2025-06-17T19:30:00Z,226.28
SOXX,2025-06-17T19:31:00Z,226.13
SOXX,2025-06-17T19:33:00Z,226.2
SOXX,2025-06-17T19:34:00Z,226.27
SOXX,2025-06-17T19:35:00Z,226.36
SOXX,2025-06-17T19:37:00Z,226.38
SOXX,2025-06-17T19:38:00Z,226.27
SOXX,2025-06-17T19:39:00Z,226.15
SOXX,2025-06-17T19:40:00Z,226.13
SOXX,2025-06-17T19:41:00Z,226.3
SOXX,2025-06-17T19:42:00Z,226.2
SOXX,2025-06-17T19:43:00Z,226.15
SOXX,2025-06-17T19:46:00Z,226.23
SOXX,2025-06-17T19:47:00Z,226.29
SOXX,2025-06-17T19:49:00Z,226.21
SOXX,2025-06-17T19:50:00Z,226.31
SOXX,2025-06-17T19:51:00Z,226.18
SOXX,2025-06-17T19:52:00Z,226.1
SOXX,2025-06-17T19:53:00Z,226.04
SOXX,2025-06-17T19:54:00Z,226.07
SOXX,2025-06-17T19:55:00Z,225.9
SOXX,2025-06-17T19:56:00Z,225.81
SOXX,2025-06-17T19:57:00Z,225.84
SOXX,2025-06-17T19:58:00Z,225.78
SOXX,2025-06-17T19:59:00Z,225.67
SOXX,2025-06-18T13:30:00Z,226.94
SOXX,2025-06-18T13:31:00Z,227.13
SOXX,2025-06-18T13:32:00Z,226.43
SOXX,2025-06-18T13:33:00Z,226.065
SOXX,2025-06-18T13:34:00Z,226.25
SOXX,2025-06-18T13:38:00Z,226.71
SOXX,2025-06-18T13:40:00Z,227.0
SOXX,2025-06-18T13:41:00Z,227.13
SOXX,2025-06-18T13:42:00Z,226.85
SOXX,2025-06-18T13:44:00Z,226.52
SOXX,2025-06-18T13:47:00Z,226.86
SOXX,2025-06-18T13:52:00Z,227.28
SOXX,2025-06-18T13:54:00Z,227.35
SOXX,2025-06-18T13:56:00Z,227.85
SOXX,2025-06-18T13:57:00Z,227.77
SOXX,2025-06-18T13:58:00Z,227.98
SOXX,2025-06-18T13:59:00Z,227.86
SOXX,2025-06-18T14:01:00Z,227.71
SOXX,2025-06-18T14:02:00Z,227.97
SOXX,2025-06-18T14:04:00Z,228.12
TSLA,2025-07-01T12:37:00Z,298.77
TSLA,2025-07-01T12:47:00Z,299.01
TSLA,2025-07-01T13:01:00Z,299.3
TSLA,2025-07-01T13:02:00Z,299.3
TSLA,2025-07-01T13:06:00Z,299.6
TSLA,2025-07-01T13:07:00Z,299.71
TSLA,2025-07-01T13:11:00Z,299.6
TSLA,2025-07-01T13:13:00Z,299.51
TSLA,2025-07-01T13:14:00Z,299.3
TSLA,2025-07-01T13:19:00Z,299.41
TSLA,2025-07-01T13:30:00Z,296.08
TSLA,2025-07-01T13:31:00Z,295.0
TSLA,2025-07-01T13:32:00Z,294.96
TSLA,2025-07-01T13:33:00Z,296.555
TSLA,2025-07-01T13:34:00Z,295.66
TSLA,2025-07-01T13:35:00Z,295.26
TSLA,2025-07-01T13:36:00Z,293.94
TSLA,2025-07-01T13:37:00Z,294.44
TSLA,2025-07-01T13:38:00Z,294.62
TSLA,2025-07-01T13:39:00Z,293.74
TSLA,2025-07-01T13:40:00Z,295.545
TSLA,2025-07-01T13:41:00Z,296.3
TSLA,2025-07-01T13:42:00Z,296.77
TSLA,2025-07-01T13:43:00Z,298.14
TSLA,2025-07-01T13:44:00Z,298.07
TSLA,2025-07-01T13:45:00Z,297.28
TSLA,2025-07-01T13:46:00Z,298.13
TSLA,2025-07-01T13:47:00Z,297.445
TSLA,2025-07-01T13:48:00Z,298.44
TSLA,2025-07-01T13:49:00Z,298.43
TSLA,2025-07-01T13:50:00Z,299.08
TSLA,2025-07-01T13:51:00Z,300.48
TSLA,2025-07-01T13:52:00Z,301.6
TSLA,2025-07-01T13:53:00Z,302.285
TSLA,2025-07-01T13:54:00Z,301.74
TSLA,2025-07-01T13:55:00Z,301.995
TSLA,2025-07-01T13:56:00Z,301.91
TSLA,2025-07-01T13:57:00Z,301.83
TSLA,2025-07-01T13:58:00Z,302.45
TSLA,2025-07-01T13:59:00Z,302.16
TSLA,2025-07-01T14:00:00Z,302.8
TSLA,2025-07-01T14:01:00Z,302.44
TSLA,2025-07-01T14:02:00Z,302.82
TSLA,2025-07-01T14:03:00Z,303.42
TSLA,2025-07-01T14:04:00Z,304.11
TSLA,2025-07-01T14:05:00Z,304.865
XLY,2025-07-01T13:30:00Z,215.075
XLY,2025-07-01T13:31:00Z,215.11
XLY,2025-07-01T13:32:00Z,215.14
XLY,2025-07-01T13:33:00Z,215.35
XLY,2025-07-01T13:34:00Z,215.375
XLY,2025-07-01T13:35:00Z,215.38
XLY,2025-07-01T13:36:00Z,215.26
XLY,2025-07-01T13:37:00Z,215.23
XLY,2025-07-01T13:38:00Z,215.39
XLY,2025-07-01T13:40:00Z,215.26
XLY,2025-07-01T13:45:00Z,216.055
XLY,2025-07-01T13:46:00Z,216.25
XLY,2025-07-01T13:47:00Z,216.25
XLY,2025-07-01T13:48:00Z,216.24
XLY,2025-07-01T13:49:00Z,216.36
XLY,2025-07-01T13:50:00Z,216.375
XLY,2025-07-01T13:51:00Z,216.76
XLY,2025-07-01T13:52:00Z,216.64
XLY,2025-07-01T13:53:00Z,216.76
XLY,2025-07-01T13:54:00Z,216.84
XLY,2025-07-01T13:56:00Z,216.775
XLY,2025-07-01T13:57:00Z,216.66
XLY,2025-07-01T13:58:00Z,216.79
XLY,2025-07-01T13:59:00Z,216.73
XLY,2025-07-01T14:00:00Z,216.79
XLY,2025-07-01T14:01:00Z,216.71
XLY,2025-07-01T14:02:00Z,216.71
XLY,2025-07-01T14:03:00Z,216.79
XLY,2025-07-01T14:04:00Z,216.91
XLY,2025-07-01T14:05:00Z,217.07
TSLA,2025-07-07T12:21:00Z,296.93
TSLA,2025-07-07T13:03:00Z,294.88
TSLA,2025-07-07T13:05:00Z,295.0
TSLA,2025-07-07T13:06:00Z,295.0
TSLA,2025-07-07T13:30:00Z,294.31
TSLA,2025-07-07T13:31:00Z,292.88
TSLA,2025-07-07T13:32:00Z,292.32
TSLA,2025-07-07T13:33:00Z,290.695
TSLA,2025-07-07T13:34:00Z,290.69
TSLA,2025-07-07T13:35:00Z,291.675
TSLA,2025-07-07T13:36:00Z,291.605
TSLA,2025-07-07T13:37:00Z,292.79
TSLA,2025-07-07T13:38:00Z,291.64
TSLA,2025-07-07T13:39:00Z,291.14
TSLA,2025-07-07T13:40:00Z,292.07
TSLA,2025-07-07T13:41:00Z,292.24
TSLA,2025-07-07T13:42:00Z,291.92
TSLA,2025-07-07T13:43:00Z,291.62
TSLA,2025-07-07T13:44:00Z,291.255
TSLA,2025-07-07T13:45:00Z,290.285
TSLA,2025-07-07T13:46:00Z,290.64
TSLA,2025-07-07T13:47:00Z,290.1
TSLA,2025-07-07T13:48:00Z,290.21
TSLA,2025-07-07T13:49:00Z,290.7
TSLA,2025-07-07T13:50:00Z,291.165
TSLA,2025-07-07T13:51:00Z,290.92
TSLA,2025-07-07T13:52:00Z,290.58
TSLA,2025-07-07T13:53:00Z,289.93
TSLA,2025-07-07T13:54:00Z,289.525
TSLA,2025-07-07T13:55:00Z,288.9
TSLA,2025-07-07T13:56:00Z,289.135
TSLA,2025-07-07T13:57:00Z,289.91
TSLA,2025-07-07T13:58:00Z,291.55
TSLA,2025-07-07T13:59:00Z,291.74
TSLA,2025-07-07T14:00:00Z,291.02
TSLA,2025-07-07T14:01:00Z,291.47
TSLA,2025-07-07T14:02:00Z,291.27
TSLA,2025-07-07T14:03:00Z,292.49
TSLA,2025-07-07T14:04:00Z,292.98
TSLA,2025-07-07T14:05:00Z,293.61
XLY,2025-07-07T13:30:00Z,218.93
XLY,2025-07-07T13:31:00Z,218.425
XLY,2025-07-07T13:32:00Z,218.575
XLY,2025-07-07T13:33:00Z,218.17
XLY,2025-07-07T13:34:00Z,218.155
XLY,2025-07-07T13:35:00Z,218.505
XLY,2025-07-07T13:36:00Z,218.54
XLY,2025-07-07T13:37:00Z,218.74
XLY,2025-07-07T13:39:00Z,218.53
XLY,2025-07-07T13:40:00Z,218.6
XLY,2025-07-07T13:41:00Z,218.74
XLY,2025-07-07T13:43:00Z,218.63
XLY,2025-07-07T13:44:00Z,218.7
XLY,2025-07-07T13:45:00Z,218.49
XLY,2025-07-07T13:46:00Z,218.47
XLY,2025-07-07T13:47:00Z,218.2
XLY,2025-07-07T13:48:00Z,218.29
XLY,2025-07-07T13:49:00Z,218.56
XLY,2025-07-07T13:50:00Z,218.54
XLY,2025-07-07T13:52:00Z,218.61
XLY,2025-07-07T13:53:00Z,218.62
XLY,2025-07-07T13:55:00Z,218.485
XLY,2025-07-07T13:56:00Z,218.45
XLY,2025-07-07T13:57:00Z,218.55
XLY,2025-07-07T14:00:00Z,218.61
XLY,2025-07-07T14:01:00Z,218.54
XLY,2025-07-07T14:02:00Z,218.52
XLY,2025-07-07T14:03:00Z,218.45
XLY,2025-07-07T14:05:00Z,218.82
MCD,2025-07-09T13:36:00Z,292.3
MCD,2025-07-09T13:38:00Z,292.39
MCD,2025-07-09T13:39:00Z,292.55
MCD,2025-07-09T13:40:00Z,292.43
MCD,2025-07-09T13:41:00Z,292.3
MCD,2025-07-09T13:43:00Z,292.11
MCD,2025-07-09T13:44:00Z,292.285
MCD,2025-07-09T13:45:00Z,292.27
MCD,2025-07-09T13:46:00Z,292.49
MCD,2025-07-09T13:47:00Z,292.3
MCD,2025-07-09T13:49:00Z,292.365
MCD,2025-07-09T13:50:00Z,292.36
MCD,2025-07-09T13:52:00Z,292.355
MCD,2025-07-09T13:53:00Z,291.97
MCD,2025-07-09T13:54:00Z,291.81
MCD,2025-07-09T13:55:00Z,291.755
MCD,2025-07-09T13:56:00Z,291.77
MCD,2025-07-09T13:57:00Z,291.89
MCD,2025-07-09T13:58:00Z,292.015
MCD,2025-07-09T13:59:00Z,292.48
MCD,2025-07-09T14:00:00Z,292.45
MCD,2025-07-09T14:01:00Z,292.19
MCD,2025-07-09T14:02:00Z,292.2
MCD,2025-07-09T14:03:00Z,292.43
MCD,2025-07-09T14:05:00Z,292.4
MCD,2025-07-09T14:06:00Z,292.485
MCD,2025-07-09T14:07:00Z,292.53
MCD,2025-07-09T14:08:00Z,292.57
MCD,2025-07-09T14:09:00Z,292.82
MCD,2025-07-09T14:11:00Z,292.805
MCD,2025-07-09T14:13:00Z,292.72
MCD,2025-07-09T14:14:00Z,292.795
MCD,2025-07-09T14:16:00Z,292.82
MCD,2025-07-09T14:17:00Z,293.06
MCD,2025-07-09T14:20:00Z,292.93
MCD,2025-07-09T14:21:00Z,292.86
MCD,2025-07-09T14:22:00Z,293.015
MCD,2025-07-09T14:23:00Z,292.98
MCD,2025-07-09T14:25:00Z,293.02
MCD,2025-07-09T14:26:00Z,292.94
MCD,2025-07-09T14:27:00Z,292.94
MCD,2025-07-09T14:28:00Z,292.87
MCD,2025-07-09T14:29:00Z,292.72
MCD,2025-07-09T14:30:00Z,292.41
MCD,2025-07-09T14:31:00Z,292.53
MCD,2025-07-09T14:32:00Z,292.63
MCD,2025-07-09T14:33:00Z,292.265
MCD,2025-07-09T14:34:00Z,292.34
MCD,2025-07-09T14:35:00Z,292.345
MCD,2025-07-09T14:36:00Z,292.265
MCD,2025-07-09T14:37:00Z,292.27
MCD,2025-07-09T14:38:00Z,292.18
MCD,2025-07-09T14:39:00Z,292.11
MCD,2025-07-09T14:40:00Z,292.025
MCD,2025-07-09T14:41:00Z,292.025
MCD,2025-07-09T14:42:00Z,291.98
MCD,2025-07-09T14:43:00Z,292.075
MCD,2025-07-09T14:44:00Z,292.07
MCD,2025-07-09T14:45:00Z,292.05
MCD,2025-07-09T14:47:00Z,292.235
MCD,2025-07-09T14:49:00Z,292.1
MCD,2025-07-09T14:52:00Z,292.14
MCD,2025-07-09T14:55:00Z,292.61
MCD,2025-07-09T14:56:00Z,292.54
MCD,2025-07-09T14:57:00Z,292.61
MCD,2025-07-09T14:58:00Z,292.515
MCD,2025-07-09T14:59:00Z,292.49
MCD,2025-07-09T15:00:00Z,292.46
MCD,2025-07-09T15:01:00Z,292.48
MCD,2025-07-09T15:02:00Z,292.7
MCD,2025-07-09T15:03:00Z,292.745
MCD,2025-07-09T15:04:00Z,292.82
MCD,2025-07-09T15:06:00Z,292.81
MCD,2025-07-09T15:08:00Z,292.84
MCD,2025-07-09T15:09:00Z,292.84
MCD,2025-07-09T15:10:00Z,292.74
MCD,2025-07-09T15:11:00Z,292.575
MCD,2025-07-09T15:13:00Z,292.5
MCD,2025-07-09T15:15:00Z,292.695
MCD,2025-07-09T15:25:00Z,292.59
MCD,2025-07-09T15:26:00Z,292.63
MCD,2025-07-09T15:27:00Z,292.64
MCD,2025-07-09T15:29:00Z,292.405
MCD,2025-07-09T15:30:00Z,292.31
MCD,2025-07-09T15:33:00Z,292.58
MCD,2025-07-09T15:36:00Z,292.77
MCD,2025-07-09T15:37:00Z,292.705
MCD,2025-07-09T15:38:00Z,292.55
MCD,2025-07-09T15:41:00Z,292.74
MCD,2025-07-09T15:43:00Z,292.85
MCD,2025-07-09T15:44:00Z,292.75
MCD,2025-07-09T15:46:00Z,292.84
MCD,2025-07-09T15:48:00Z,292.76
MCD,2025-07-09T15:51:00Z,292.745
MCD,2025-07-09T15:53:00Z,292.355
MCD,2025-07-09T16:02:00Z,292.66
MCD,2025-07-09T16:05:00Z,292.83
MCD,2025-07-09T16:07:00Z,292.86
MCD,2025-07-09T16:08:00Z,292.86
XLY,2025-07-09T13:38:00Z,218.91
XLY,2025-07-09T13:40:00Z,218.92
XLY,2025-07-09T13:41:00Z,218.89
XLY,2025-07-09T13:42:00Z,218.78
XLY,2025-07-09T13:43:00Z,218.81
XLY,2025-07-09T13:44:00Z,218.81
XLY,2025-07-09T13:45:00Z,219.055
XLY,2025-07-09T13:46:00Z,219.06
XLY,2025-07-09T13:47:00Z,218.93
XLY,2025-07-09T13:48:00Z,219.095
XLY,2025-07-09T13:49:00Z,219.135
XLY,2025-07-09T13:50:00Z,219.05
XLY,2025-07-09T13:51:00Z,219.23
XLY,2025-07-09T13:53:00Z,219.24
XLY,2025-07-09T13:55:00Z,219.26
XLY,2025-07-09T13:56:00Z,219.3
XLY,2025-07-09T13:58:00Z,219.27
XLY,2025-07-09T13:59:00Z,219.3
XLY,2025-07-09T14:00:00Z,219.45
XLY,2025-07-09T14:01:00Z,219.37
XLY,2025-07-09T14:02:00Z,219.32
XLY,2025-07-09T14:03:00Z,219.53
XLY,2025-07-09T14:05:00Z,219.47
XLY,2025-07-09T14:08:00Z,219.3
XLY,2025-07-09T14:10:00Z,219.4
XLY,2025-07-09T14:11:00Z,219.46
XLY,2025-07-09T14:12:00Z,219.44
XLY,2025-07-09T14:13:00Z,219.46
XLY,2025-07-09T14:15:00Z,219.39
XLY,2025-07-09T14:18:00Z,219.37
XLY,2025-07-09T14:19:00Z,219.23
XLY,2025-07-09T14:21:00Z,219.17
XLY,2025-07-09T14:22:00Z,219.12
XLY,2025-07-09T14:23:00Z,219.09
XLY,2025-07-09T14:26:00Z,218.99
XLY,2025-07-09T14:27:00Z,218.81
XLY,2025-07-09T14:28:00Z,218.68
XLY,2025-07-09T14:31:00Z,218.28
XLY,2025-07-09T14:32:00Z,218.325
XLY,2025-07-09T14:34:00Z,218.48
XLY,2025-07-09T14:36:00Z,218.38
XLY,2025-07-09T14:39:00Z,218.54
XLY,2025-07-09T14:41:00Z,218.45
XLY,2025-07-09T14:43:00Z,218.26
XLY,2025-07-09T14:44:00Z,218.38
XLY,2025-07-09T14:45:00Z,218.42
XLY,2025-07-09T14:49:00Z,218.3
XLY,2025-07-09T14:50:00Z,218.28
XLY,2025-07-09T14:51:00Z,218.16
XLY,2025-07-09T14:52:00Z,218.11
XLY,2025-07-09T14:53:00Z,218.18
XLY,2025-07-09T14:55:00Z,218.08
XLY,2025-07-09T14:56:00Z,218.13
XLY,2025-07-09T14:57:00Z,218.03
XLY,2025-07-09T14:58:00Z,217.99
XLY,2025-07-09T15:00:00Z,217.995
XLY,2025-07-09T15:01:00Z,218.19
XLY,2025-07-09T15:02:00Z,218.3
XLY,2025-07-09T15:05:00Z,218.275
XLY,2025-07-09T15:06:00Z,218.12
XLY,2025-07-09T15:10:00Z,218.16
XLY,2025-07-09T15:11:00Z,218.15
XLY,2025-07-09T15:13:00Z,218.05
XLY,2025-07-09T15:14:00Z,218.06
XLY,2025-07-09T15:17:00Z,217.96
XLY,2025-07-09T15:23:00Z,218.21
XLY,2025-07-09T15:24:00Z,218.17
XLY,2025-07-09T15:25:00Z,218.21
XLY,2025-07-09T15:26:00Z,218.185
XLY,2025-07-09T15:27:00Z,218.36
XLY,2025-07-09T15:33:00Z,218.28
XLY,2025-07-09T15:36:00Z,218.49
XLY,2025-07-09T15:37:00Z,218.44
XLY,2025-07-09T15:47:00Z,218.63
XLY,2025-07-09T15:49:00Z,218.57
XLY,2025-07-09T15:54:00Z,218.17
XLY,2025-07-09T15:55:00Z,218.22
XLY,2025-07-09T15:56:00Z,218.28
XLY,2025-07-09T15:58:00Z,218.275
XLY,2025-07-09T16:00:00Z,218.21
XLY,2025-07-09T16:01:00Z,218.4
XLY,2025-07-09T16:05:00Z,218.42
XLY,2025-07-09T16:06:00Z,218.44
XLY,2025-07-09T16:11:00Z,218.4
NVDA,2025-07-10T12:28:00Z,164.51
NVDA,2025-07-10T12:29:00Z,164.5
NVDA,2025-07-10T12:32:00Z,164.37
NVDA,2025-07-10T12:35:00Z,164.43
NVDA,2025-07-10T12:36:00Z,164.45
NVDA,2025-07-10T12:45:00Z,164.44
NVDA,2025-07-10T12:46:00Z,164.48
NVDA,2025-07-10T12:47:00Z,164.44
NVDA,2025-07-10T12:48:00Z,164.4
NVDA,2025-07-10T12:49:00Z,164.41
NVDA,2025-07-10T12:50:00Z,164.38
NVDA,2025-07-10T12:51:00Z,164.4
NVDA,2025-07-10T12:52:00Z,164.39
NVDA,2025-07-10T12:53:00Z,164.37
NVDA,2025-07-10T12:54:00Z,164.35
NVDA,2025-07-10T12:55:00Z,164.35
NVDA,2025-07-10T12:56:00Z,164.33
NVDA,2025-07-10T12:57:00Z,164.32
NVDA,2025-07-10T12:58:00Z,164.26
NVDA,2025-07-10T12:59:00Z,164.34
NVDA,2025-07-10T13:00:00Z,164.31
NVDA,2025-07-10T13:01:00Z,164.39
NVDA,2025-07-10T13:02:00Z,164.38
NVDA,2025-07-10T13:03:00Z,164.32
NVDA,2025-07-10T13:04:00Z,164.35
NVDA,2025-07-10T13:05:00Z,164.39
NVDA,2025-07-10T13:06:00Z,164.36
NVDA,2025-07-10T13:07:00Z,164.45
NVDA,2025-07-10T13:08:00Z,164.46
NVDA,2025-07-10T13:09:00Z,164.43
NVDA,2025-07-10T13:11:00Z,164.36
NVDA,2025-07-10T13:12:00Z,164.36
NVDA,2025-07-10T13:13:00Z,164.37
NVDA,2025-07-10T13:14:00Z,164.38
NVDA,2025-07-10T13:15:00Z,164.42
NVDA,2025-07-10T13:16:00Z,164.42
NVDA,2025-07-10T13:17:00Z,164.48
NVDA,2025-07-10T13:18:00Z,164.47
NVDA,2025-07-10T13:19:00Z,164.49
NVDA,2025-07-10T13:20:00Z,164.51
NVDA,2025-07-10T13:21:00Z,164.5
NVDA,2025-07-10T13:22:00Z,164.58
NVDA,2025-07-10T13:23:00Z,164.56
NVDA,2025-07-10T13:24:00Z,164.55
NVDA,2025-07-10T13:25:00Z,164.57
NVDA,2025-07-10T13:26:00Z,164.6
NVDA,2025-07-10T13:30:00Z,163.94
NVDA,2025-07-10T13:31:00Z,163.93
NVDA,2025-07-10T13:32:00Z,163.52
NVDA,2025-07-10T13:33:00Z,163.585
NVDA,2025-07-10T13:34:00Z,163.28
NVDA,2025-07-10T13:35:00Z,163.57
NVDA,2025-07-10T13:36:00Z,163.47
NVDA,2025-07-10T13:37:00Z,163.435
NVDA,2025-07-10T13:38:00Z,163.55
NVDA,2025-07-10T13:39:00Z,163.67
NVDA,2025-07-10T13:40:00Z,163.515
NVDA,2025-07-10T13:41:00Z,163.46
NVDA,2025-07-10T13:42:00Z,163.57
NVDA,2025-07-10T13:43:00Z,163.81
NVDA,2025-07-10T13:44:00Z,164.07
NVDA,2025-07-10T13:45:00Z,163.97
NVDA,2025-07-10T13:46:00Z,163.91
NVDA,2025-07-10T13:47:00Z,163.895
NVDA,2025-07-10T13:48:00Z,163.65
NVDA,2025-07-10T13:49:00Z,163.5
NVDA,2025-07-10T13:50:00Z,163.565
NVDA,2025-07-10T13:51:00Z,163.58
NVDA,2025-07-10T13:52:00Z,163.425
NVDA,2025-07-10T13:53:00Z,163.315
NVDA,2025-07-10T13:54:00Z,163.42
NVDA,2025-07-10T13:55:00Z,163.07
NVDA,2025-07-10T13:56:00Z,162.9
NVDA,2025-07-10T13:57:00Z,162.68
NVDA,2025-07-10T13:58:00Z,162.385
NVDA,2025-07-10T13:59:00Z,162.9
NVDA,2025-07-10T14:00:00Z,162.74
NVDA,2025-07-10T14:01:00Z,162.67
NVDA,2025-07-10T14:02:00Z,162.865
NVDA,2025-07-10T14:03:00Z,162.535
NVDA,2025-07-10T14:04:00Z,162.515
NVDA,2025-07-10T14:05:00Z,162.34
NVDA,2025-07-10T14:06:00Z,162.065
NVDA,2025-07-10T14:07:00Z,162.305
NVDA,2025-07-10T14:08:00Z,162.33
NVDA,2025-07-10T14:09:00Z,162.33
NVDA,2025-07-10T14:10:00Z,162.51
NVDA,2025-07-10T14:11:00Z,162.315
NVDA,2025-07-10T14:12:00Z,162.25
NVDA,2025-07-10T14:13:00Z,162.275
NVDA,2025-07-10T14:14:00Z,162.1
NVDA,2025-07-10T14:15:00Z,162.36
NVDA,2025-07-10T14:16:00Z,162.465
NVDA,2025-07-10T14:17:00Z,162.69
NVDA,2025-07-10T14:18:00Z,162.71
NVDA,2025-07-10T14:19:00Z,162.74
NVDA,2025-07-10T14:20:00Z,162.65
NVDA,2025-07-10T14:21:00Z,162.66
NVDA,2025-07-10T14:22:00Z,162.64
NVDA,2025-07-10T14:23:00Z,162.44
NVDA,2025-07-10T14:24:00Z,162.51
NVDA,2025-07-10T14:25:00Z,162.26
NVDA,2025-07-10T14:26:00Z,162.35
NVDA,2025-07-10T14:27:00Z,162.24
NVDA,2025-07-10T14:28:00Z,162.35
NVDA,2025-07-10T14:29:00Z,162.415
NVDA,2025-07-10T14:30:00Z,162.53
NVDA,2025-07-10T14:31:00Z,162.3
NVDA,2025-07-10T14:32:00Z,162.2
NVDA,2025-07-10T14:33:00Z,162.21
NVDA,2025-07-10T14:34:00Z,162.225
NVDA,2025-07-10T14:35:00Z,162.33
NVDA,2025-07-10T14:36:00Z,162.36
NVDA,2025-07-10T14:37:00Z,162.5
NVDA,2025-07-10T14:38:00Z,162.575
NVDA,2025-07-10T14:39:00Z,162.57
NVDA,2025-07-10T14:40:00Z,162.59
NVDA,2025-07-10T14:41:00Z,162.52
NVDA,2025-07-10T14:42:00Z,162.42
NVDA,2025-07-10T14:43:00Z,162.33
NVDA,2025-07-10T14:44:00Z,162.255
NVDA,2025-07-10T14:45:00Z,162.22
NVDA,2025-07-10T14:46:00Z,162.22
NVDA,2025-07-10T14:47:00Z,162.33
NVDA,2025-07-10T14:48:00Z,162.475
NVDA,2025-07-10T14:49:00Z,162.44
NVDA,2025-07-10T14:50:00Z,162.58
NVDA,2025-07-10T14:51:00Z,162.6
NVDA,2025-07-10T14:52:00Z,162.57
NVDA,2025-07-10T14:53:00Z,162.79
NVDA,2025-07-10T14:54:00Z,162.68
NVDA,2025-07-10T14:55:00Z,162.64
NVDA,2025-07-10T14:56:00Z,162.615
NVDA,2025-07-10T14:57:00Z,162.65
NVDA,2025-07-10T14:58:00Z,162.535
NVDA,2025-07-10T14:59:00Z,162.47
NVDA,2025-07-10T15:00:00Z,162.36
NVDA,2025-07-10T15:01:00Z,162.365
NVDA,2025-07-10T15:02:00Z,162.48
NVDA,2025-07-10T15:03:00Z,162.28
SOXX,2025-07-10T13:30:00Z,246.285
SOXX,2025-07-10T13:31:00Z,246.3
SOXX,2025-07-10T13:32:00Z,245.63
SOXX,2025-07-10T13:36:00Z,245.59
SOXX,2025-07-10T13:37:00Z,245.63
SOXX,2025-07-10T13:39:00Z,245.915
SOXX,2025-07-10T13:40:00Z,245.8
SOXX,2025-07-10T13:42:00Z,246.045
SOXX,2025-07-10T13:43:00Z,246.11
SOXX,2025-07-10T13:44:00Z,246.35
SOXX,2025-07-10T13:45:00Z,246.41
SOXX,2025-07-10T13:46:00Z,246.25
SOXX,2025-07-10T13:47:00Z,246.285
SOXX,2025-07-10T13:48:00Z,246.09
SOXX,2025-07-10T13:49:00Z,245.71
SOXX,2025-07-10T13:50:00Z,245.59
SOXX,2025-07-10T13:51:00Z,245.85
SOXX,2025-07-10T13:55:00Z,245.5
SOXX,2025-07-10T13:56:00Z,245.06
SOXX,2025-07-10T13:57:00Z,244.9
SOXX,2025-07-10T13:58:00Z,244.305
SOXX,2025-07-10T13:59:00Z,244.72
SOXX,2025-07-10T14:00:00Z,244.98
SOXX,2025-07-10T14:01:00Z,244.64
SOXX,2025-07-10T14:03:00Z,244.87
SOXX,2025-07-10T14:04:00Z,244.97
SOXX,2025-07-10T14:05:00Z,244.77
SOXX,2025-07-10T14:07:00Z,244.6
SOXX,2025-07-10T14:10:00Z,245.6
SOXX,2025-07-10T14:11:00Z,245.77
SOXX,2025-07-10T14:13:00Z,245.6
SOXX,2025-07-10T14:16:00Z,246.11
SOXX,2025-07-10T14:18:00Z,246.25
SOXX,2025-07-10T14:19:00Z,246.26
SOXX,2025-07-10T14:20:00Z,246.04
SOXX,2025-07-10T14:21:00Z,245.96
SOXX,2025-07-10T14:22:00Z,246.0
SOXX,2025-07-10T14:23:00Z,246.04
SOXX,2025-07-10T14:24:00Z,246.07
SOXX,2025-07-10T14:25:00Z,245.73
SOXX,2025-07-10T14:26:00Z,245.8
SOXX,2025-07-10T14:27:00Z,245.88
SOXX,2025-07-10T14:28:00Z,245.99
SOXX,2025-07-10T14:29:00Z,246.19
SOXX,2025-07-10T14:30:00Z,246.43
SOXX,2025-07-10T14:31:00Z,246.41
SOXX,2025-07-10T14:32:00Z,246.36
SOXX,2025-07-10T14:33:00Z,246.41
SOXX,2025-07-10T14:34:00Z,246.43
SOXX,2025-07-10T14:35:00Z,246.55
SOXX,2025-07-10T14:36:00Z,246.87
SOXX,2025-07-10T14:37:00Z,246.93
SOXX,2025-07-10T14:38:00Z,246.94
SOXX,2025-07-10T14:39:00Z,246.94
SOXX,2025-07-10T14:40:00Z,246.98
SOXX,2025-07-10T14:41:00Z,246.94
SOXX,2025-07-10T14:42:00Z,247.0
SOXX,2025-07-10T14:43:00Z,246.99
SOXX,2025-07-10T14:44:00Z,246.84
SOXX,2025-07-10T14:45:00Z,246.75
SOXX,2025-07-10T14:46:00Z,246.72
SOXX,2025-07-10T14:47:00Z,246.3
SOXX,2025-07-10T14:48:00Z,246.4
SOXX,2025-07-10T14:50:00Z,246.59
SOXX,2025-07-10T14:52:00Z,246.6
SOXX,2025-07-10T14:54:00Z,246.43
SOXX,2025-07-10T14:58:00Z,246.18
SOXX,2025-07-10T14:59:00Z,246.27
SOXX,2025-07-10T15:00:00Z,246.39
SOXX,2025-07-10T15:02:00Z,246.59
SOXX,2025-07-10T15:03:00Z,246.54
BA,2025-07-15T16:10:00Z,231.56
BA,2025-07-15T16:12:00Z,231.47
BA,2025-07-15T16:13:00Z,231.49
BA,2025-07-15T16:17:00Z,231.52
BA,2025-07-15T16:18:00Z,231.345
BA,2025-07-15T16:19:00Z,231.28
BA,2025-07-15T16:26:00Z,231.18
BA,2025-07-15T16:27:00Z,231.11
BA,2025-07-15T16:28:00Z,231.01
BA,2025-07-15T16:30:00Z,230.895
BA,2025-07-15T16:31:00Z,230.99
BA,2025-07-15T16:34:00Z,230.69
BA,2025-07-15T16:35:00Z,230.7
BA,2025-07-15T16:36:00Z,230.7
BA,2025-07-15T16:37:00Z,230.45
BA,2025-07-15T16:38:00Z,230.47
BA,2025-07-15T16:41:00Z,230.48
BA,2025-07-15T16:42:00Z,230.59
BA,2025-07-15T16:43:00Z,230.5
BA,2025-07-15T16:45:00Z,230.505
BA,2025-07-15T16:46:00Z,230.555
BA,2025-07-15T16:51:00Z,230.425
BA,2025-07-15T16:52:00Z,230.09
BA,2025-07-15T16:53:00Z,230.11
BA,2025-07-15T16:54:00Z,230.13
BA,2025-07-15T16:55:00Z,230.03
BA,2025-07-15T16:56:00Z,230.165
BA,2025-07-15T16:57:00Z,229.93
BA,2025-07-15T16:58:00Z,229.93
BA,2025-07-15T16:59:00Z,229.64
BA,2025-07-15T17:01:00Z,229.7
BA,2025-07-15T17:07:00Z,229.62
BA,2025-07-15T17:08:00Z,229.645
BA,2025-07-15T17:20:00Z,229.755
BA,2025-07-15T17:31:00Z,230.05
BA,2025-07-15T17:32:00Z,230.13
BA,2025-07-15T17:33:00Z,230.18
BA,2025-07-15T17:34:00Z,230.13
BA,2025-07-15T17:35:00Z,230.07
BA,2025-07-15T17:36:00Z,230.17
BA,2025-07-15T17:37:00Z,230.19
BA,2025-07-15T17:38:00Z,230.06
BA,2025-07-15T17:39:00Z,230.125
BA,2025-07-15T17:40:00Z,230.175
BA,2025-07-15T17:41:00Z,230.14
BA,2025-07-15T17:54:00Z,230.395
BA,2025-07-15T17:57:00Z,230.3
BA,2025-07-15T17:58:00Z,230.59
BA,2025-07-15T17:59:00Z,230.6
BA,2025-07-15T18:00:00Z,230.62
BA,2025-07-15T18:01:00Z,230.59
BA,2025-07-15T18:02:00Z,230.6
BA,2025-07-15T18:05:00Z,230.585
BA,2025-07-15T18:07:00Z,230.62
BA,2025-07-15T18:08:00Z,230.59
BA,2025-07-15T18:09:00Z,231.585
BA,2025-07-15T18:10:00Z,231.805
BA,2025-07-15T18:11:00Z,232.07
BA,2025-07-15T18:12:00Z,232.43
BA,2025-07-15T18:13:00Z,232.44
BA,2025-07-15T18:14:00Z,232.195
BA,2025-07-15T18:15:00Z,232.33
BA,2025-07-15T18:16:00Z,232.38
BA,2025-07-15T18:17:00Z,232.56
BA,2025-07-15T18:18:00Z,232.495
BA,2025-07-15T18:19:00Z,232.405
BA,2025-07-15T18:20:00Z,232.425
BA,2025-07-15T18:21:00Z,232.83
BA,2025-07-15T18:22:00Z,233.35
BA,2025-07-15T18:23:00Z,233.6
BA,2025-07-15T18:24:00Z,233.44
BA,2025-07-15T18:25:00Z,233.26
BA,2025-07-15T18:26:00Z,233.275
BA,2025-07-15T18:27:00Z,233.175
BA,2025-07-15T18:28:00Z,232.895
BA,2025-07-15T18:29:00Z,232.555
BA,2025-07-15T18:30:00Z,232.52
BA,2025-07-15T18:31:00Z,232.245
BA,2025-07-15T18:32:00Z,232.205
BA,2025-07-15T18:33:00Z,232.3
BA,2025-07-15T18:34:00Z,232.345
BA,2025-07-15T18:35:00Z,232.25
BA,2025-07-15T18:36:00Z,231.935
BA,2025-07-15T18:37:00Z,232.035
BA,2025-07-15T18:38:00Z,232.005
BA,2025-07-15T18:39:00Z,231.92
BA,2025-07-15T18:40:00Z,232.005
BA,2025-07-15T18:41:00Z,231.865
BA,2025-07-15T18:42:00Z,231.85
BA,2025-07-15T18:43:00Z,231.78
BA,2025-07-15T18:44:00Z,231.65
ITA,2025-07-15T16:26:00Z,193.445
ITA,2025-07-15T16:27:00Z,193.39
ITA,2025-07-15T16:29:00Z,193.27
ITA,2025-07-15T16:33:00Z,193.25
ITA,2025-07-15T16:36:00Z,193.255
ITA,2025-07-15T16:37:00Z,193.2
ITA,2025-07-15T16:41:00Z,193.28
ITA,2025-07-15T16:44:00Z,193.31
ITA,2025-07-15T16:46:00Z,193.46
ITA,2025-07-15T16:51:00Z,193.39
ITA,2025-07-15T16:52:00Z,193.375
ITA,2025-07-15T16:53:00Z,193.25
ITA,2025-07-15T16:54:00Z,193.205
ITA,2025-07-15T16:56:00Z,193.115
ITA,2025-07-15T16:57:00Z,192.96
ITA,2025-07-15T16:58:00Z,192.945
ITA,2025-07-15T16:59:00Z,192.89
ITA,2025-07-15T17:01:00Z,192.85
ITA,2025-07-15T17:02:00Z,192.82
ITA,2025-07-15T17:10:00Z,192.72
ITA,2025-07-15T17:12:00Z,192.8
ITA,2025-07-15T17:13:00Z,192.78
ITA,2025-07-15T17:22:00Z,192.87
ITA,2025-07-15T17:31:00Z,193.18
ITA,2025-07-15T17:34:00Z,193.27
ITA,2025-07-15T17:45:00Z,193.36
ITA,2025-07-15T17:51:00Z,193.42
ITA,2025-07-15T18:05:00Z,193.71
ITA,2025-07-15T18:09:00Z,193.79
ITA,2025-07-15T18:11:00Z,193.89
ITA,2025-07-15T18:12:00Z,193.94
ITA,2025-07-15T18:20:00Z,194.04
ITA,2025-07-15T18:30:00Z,194.23
ITA,2025-07-15T18:34:00Z,194.01
ITA,2025-07-15T18:35:00Z,193.985
AMZN,2025-07-22T16:11:00Z,226.745
AMZN,2025-07-22T16:12:00Z,226.7
AMZN,2025-07-22T16:13:00Z,226.79
AMZN,2025-07-22T16:14:00Z,226.93
AMZN,2025-07-22T16:15:00Z,226.875
AMZN,2025-07-22T16:16:00Z,226.935
AMZN,2025-07-22T16:17:00Z,227.06
AMZN,2025-07-22T16:18:00Z,227.1
AMZN,2025-07-22T16:19:00Z,227.085
AMZN,2025-07-22T16:20:00Z,227.045
AMZN,2025-07-22T16:21:00Z,227.045
AMZN,2025-07-22T16:22:00Z,227.065
AMZN,2025-07-22T16:23:00Z,227.07
AMZN,2025-07-22T16:24:00Z,227.1
AMZN,2025-07-22T16:25:00Z,226.88
AMZN,2025-07-22T16:26:00Z,226.82
AMZN,2025-07-22T16:27:00Z,226.56
AMZN,2025-07-22T16:28:00Z,226.39
AMZN,2025-07-22T16:29:00Z,226.46
AMZN,2025-07-22T16:30:00Z,226.615
AMZN,2025-07-22T16:31:00Z,226.83
AMZN,2025-07-22T16:32:00Z,226.72
AMZN,2025-07-22T16:34:00Z,226.79
AMZN,2025-07-22T16:35:00Z,226.69
AMZN,2025-07-22T16:36:00Z,226.67
AMZN,2025-07-22T16:37:00Z,226.62
AMZN,2025-07-22T16:38:00Z,226.58
AMZN,2025-07-22T16:39:00Z,226.55
AMZN,2025-07-22T16:40:00Z,226.58
AMZN,2025-07-22T16:41:00Z,226.51
AMZN,2025-07-22T16:42:00Z,226.575
AMZN,2025-07-22T16:43:00Z,226.57
AMZN,2025-07-22T16:44:00Z,226.75
AMZN,2025-07-22T16:45:00Z,226.725
AMZN,2025-07-22T16:46:00Z,226.71
AMZN,2025-07-22T16:47:00Z,226.795
AMZN,2025-07-22T16:48:00Z,226.78
AMZN,2025-07-22T16:49:00Z,226.81
AMZN,2025-07-22T16:50:00Z,226.78
AMZN,2025-07-22T16:51:00Z,226.92
AMZN,2025-07-22T16:52:00Z,227.06
AMZN,2025-07-22T16:53:00Z,227.08
AMZN,2025-07-22T16:54:00Z,227.065
AMZN,2025-07-22T16:55:00Z,226.97
AMZN,2025-07-22T16:56:00Z,227.07
AMZN,2025-07-22T16:57:00Z,227.12
AMZN,2025-07-22T16:58:00Z,227.14
AMZN,2025-07-22T16:59:00Z,227.155
AMZN,2025-07-22T17:00:00Z,227.165
AMZN,2025-07-22T17:01:00Z,227.225
AMZN,2025-07-22T17:02:00Z,227.23
AMZN,2025-07-22T17:03:00Z,227.2
AMZN,2025-07-22T17:04:00Z,227.215
AMZN,2025-07-22T17:06:00Z,227.2
AMZN,2025-07-22T17:07:00Z,227.285
AMZN,2025-07-22T17:08:00Z,227.13
AMZN,2025-07-22T17:09:00Z,227.18
AMZN,2025-07-22T17:10:00Z,227.17
AMZN,2025-07-22T17:11:00Z,227.08
AMZN,2025-07-22T17:12:00Z,227.06
AMZN,2025-07-22T17:13:00Z,227.14
AMZN,2025-07-22T17:14:00Z,227.19
AMZN,2025-07-22T17:15:00Z,227.29
AMZN,2025-07-22T17:16:00Z,227.28
AMZN,2025-07-22T17:17:00Z,227.27
AMZN,2025-07-22T17:18:00Z,227.3
AMZN,2025-07-22T17:19:00Z,227.37
AMZN,2025-07-22T17:20:00Z,227.4
AMZN,2025-07-22T17:21:00Z,227.4
AMZN,2025-07-22T17:22:00Z,227.405
AMZN,2025-07-22T17:23:00Z,227.46
AMZN,2025-07-22T17:24:00Z,227.44
AMZN,2025-07-22T17:25:00Z,227.61
AMZN,2025-07-22T17:26:00Z,227.56
AMZN,2025-07-22T17:27:00Z,227.575
AMZN,2025-07-22T17:28:00Z,227.63
AMZN,2025-07-22T17:29:00Z,227.49
AMZN,2025-07-22T17:30:00Z,227.51
AMZN,2025-07-22T17:31:00Z,227.52
AMZN,2025-07-22T17:32:00Z,227.53
AMZN,2025-07-22T17:33:00Z,227.44
AMZN,2025-07-22T17:34:00Z,227.4
AMZN,2025-07-22T17:35:00Z,227.41
AMZN,2025-07-22T17:36:00Z,227.385
AMZN,2025-07-22T17:37:00Z,227.46
AMZN,2025-07-22T17:38:00Z,227.48
AMZN,2025-07-22T17:39:00Z,227.47
AMZN,2025-07-22T17:40:00Z,227.295
AMZN,2025-07-22T17:41:00Z,227.18
AMZN,2025-07-22T17:42:00Z,227.165
AMZN,2025-07-22T17:43:00Z,227.25
AMZN,2025-07-22T17:44:00Z,227.19
AMZN,2025-07-22T17:45:00Z,227.185
AMZN,2025-07-22T17:46:00Z,227.17
AMZN,2025-07-22T17:47:00Z,227.195
AMZN,2025-07-22T17:48:00Z,227.22
AMZN,2025-07-22T17:49:00Z,227.22
AMZN,2025-07-22T17:50:00Z,227.195
AMZN,2025-07-22T17:51:00Z,227.09
AMZN,2025-07-22T17:52:00Z,227.08
AMZN,2025-07-22T17:53:00Z,227.11
AMZN,2025-07-22T17:54:00Z,227.19
AMZN,2025-07-22T17:55:00Z,227.265
AMZN,2025-07-22T17:56:00Z,227.23
AMZN,2025-07-22T17:57:00Z,227.215
AMZN,2025-07-22T17:58:00Z,227.065
AMZN,2025-07-22T17:59:00Z,227.04
AMZN,2025-07-22T18:00:00Z,227.06
AMZN,2025-07-22T18:01:00Z,227.13
AMZN,2025-07-22T18:02:00Z,227.215
AMZN,2025-07-22T18:03:00Z,227.105
AMZN,2025-07-22T18:04:00Z,227.08
AMZN,2025-07-22T18:05:00Z,227.055
AMZN,2025-07-22T18:06:00Z,227.03
AMZN,2025-07-22T18:07:00Z,227.14
AMZN,2025-07-22T18:08:00Z,227.11
AMZN,2025-07-22T18:09:00Z,227.17
AMZN,2025-07-22T18:10:00Z,227.02
AMZN,2025-07-22T18:11:00Z,227.11
AMZN,2025-07-22T18:12:00Z,227.145
AMZN,2025-07-22T18:13:00Z,227.13
AMZN,2025-07-22T18:14:00Z,227.21
AMZN,2025-07-22T18:15:00Z,227.18
AMZN,2025-07-22T18:16:00Z,227.07
AMZN,2025-07-22T18:17:00Z,226.98
AMZN,2025-07-22T18:18:00Z,227.04
AMZN,2025-07-22T18:19:00Z,227.14
AMZN,2025-07-22T18:20:00Z,227.15
AMZN,2025-07-22T18:21:00Z,227.22
AMZN,2025-07-22T18:22:00Z,227.2
AMZN,2025-07-22T18:23:00Z,227.185
AMZN,2025-07-22T18:24:00Z,227.145
AMZN,2025-07-22T18:26:00Z,227.205
AMZN,2025-07-22T18:27:00Z,227.35
AMZN,2025-07-22T18:28:00Z,227.35
AMZN,2025-07-22T18:29:00Z,227.24
AMZN,2025-07-22T18:30:00Z,227.23
AMZN,2025-07-22T18:31:00Z,227.32
AMZN,2025-07-22T18:32:00Z,227.29
AMZN,2025-07-22T18:33:00Z,227.385
AMZN,2025-07-22T18:34:00Z,227.46
AMZN,2025-07-22T18:35:00Z,227.54
AMZN,2025-07-22T18:36:00Z,227.61
AMZN,2025-07-22T18:37:00Z,227.58
AMZN,2025-07-22T18:38:00Z,227.73
AMZN,2025-07-22T18:39:00Z,227.69
AMZN,2025-07-22T18:40:00Z,227.58
AMZN,2025-07-22T18:41:00Z,227.51
AMZN,2025-07-22T18:42:00Z,227.51
AMZN,2025-07-22T18:43:00Z,227.53
AMZN,2025-07-22T18:44:00Z,227.585
AMZN,2025-07-22T18:45:00Z,227.6
XLY,2025-07-22T16:11:00Z,223.97
XLY,2025-07-22T16:12:00Z,223.89
XLY,2025-07-22T16:14:00Z,223.96
XLY,2025-07-22T16:15:00Z,223.97
XLY,2025-07-22T16:17:00Z,224.02
XLY,2025-07-22T16:18:00Z,224.02
XLY,2025-07-22T16:20:00Z,224.04
XLY,2025-07-22T16:22:00Z,224.03
XLY,2025-07-22T16:23:00Z,224.05
XLY,2025-07-22T16:24:00Z,224.01
XLY,2025-07-22T16:25:00Z,223.92
XLY,2025-07-22T16:28:00Z,223.71
XLY,2025-07-22T16:29:00Z,223.75
XLY,2025-07-22T16:30:00Z,223.76
XLY,2025-07-22T16:31:00Z,223.85
XLY,2025-07-22T16:33:00Z,223.85
XLY,2025-07-22T16:35:00Z,223.79
XLY,2025-07-22T16:36:00Z,223.79
XLY,2025-07-22T16:40:00Z,223.74
XLY,2025-07-22T16:41:00Z,223.6
XLY,2025-07-22T16:42:00Z,223.77
XLY,2025-07-22T16:43:00Z,223.78
XLY,2025-07-22T16:45:00Z,223.83
XLY,2025-07-22T16:46:00Z,223.78
XLY,2025-07-22T16:47:00Z,223.85
XLY,2025-07-22T16:48:00Z,223.86
XLY,2025-07-22T16:49:00Z,223.91
XLY,2025-07-22T16:50:00Z,223.935
XLY,2025-07-22T16:51:00Z,223.89
XLY,2025-07-22T16:52:00Z,224.105
XLY,2025-07-22T16:53:00Z,224.11
XLY,2025-07-22T16:55:00Z,224.09
XLY,2025-07-22T16:56:00Z,224.11
XLY,2025-07-22T16:57:00Z,224.11
XLY,2025-07-22T16:58:00Z,224.11
XLY,2025-07-22T16:59:00Z,224.13
XLY,2025-07-22T17:01:00Z,224.18
XLY,2025-07-22T17:02:00Z,224.24
XLY,2025-07-22T17:03:00Z,224.23
XLY,2025-07-22T17:04:00Z,224.19
XLY,2025-07-22T17:05:00Z,224.23
XLY,2025-07-22T17:06:00Z,224.23
XLY,2025-07-22T17:07:00Z,224.31
XLY,2025-07-22T17:08:00Z,224.31
XLY,2025-07-22T17:10:00Z,224.31
XLY,2025-07-22T17:11:00Z,224.32
XLY,2025-07-22T17:12:00Z,224.32
XLY,2025-07-22T17:14:00Z,224.42
XLY,2025-07-22T17:15:00Z,224.47
XLY,2025-07-22T17:16:00Z,224.53
XLY,2025-07-22T17:17:00Z,224.47
XLY,2025-07-22T17:18:00Z,224.55
XLY,2025-07-22T17:19:00Z,224.57
XLY,2025-07-22T17:21:00Z,224.58
XLY,2025-07-22T17:22:00Z,224.58
XLY,2025-07-22T17:24:00Z,224.55
XLY,2025-07-22T17:25:00Z,224.63
XLY,2025-07-22T17:26:00Z,224.66
XLY,2025-07-22T17:27:00Z,224.69
XLY,2025-07-22T17:28:00Z,224.76
XLY,2025-07-22T17:29:00Z,224.82
XLY,2025-07-22T17:31:00Z,224.78
XLY,2025-07-22T17:32:00Z,224.79
XLY,2025-07-22T17:33:00Z,224.83
XLY,2025-07-22T17:34:00Z,224.82
XLY,2025-07-22T17:35:00Z,224.81
XLY,2025-07-22T17:37:00Z,224.89
XLY,2025-07-22T17:38:00Z,224.86
XLY,2025-07-22T17:39:00Z,224.84
XLY,2025-07-22T17:40:00Z,224.7
XLY,2025-07-22T17:41:00Z,224.58
XLY,2025-07-22T17:44:00Z,224.58
XLY,2025-07-22T17:45:00Z,224.57
XLY,2025-07-22T17:46:00Z,224.6
XLY,2025-07-22T17:48:00Z,224.61
XLY,2025-07-22T17:50:00Z,224.6
XLY,2025-07-22T17:52:00Z,224.58
XLY,2025-07-22T17:53:00Z,224.62
XLY,2025-07-22T17:58:00Z,224.62
XLY,2025-07-22T17:59:00Z,224.59
XLY,2025-07-22T18:00:00Z,224.75
XLY,2025-07-22T18:01:00Z,224.75
XLY,2025-07-22T18:02:00Z,224.78
XLY,2025-07-22T18:03:00Z,224.82
XLY,2025-07-22T18:04:00Z,224.82
XLY,2025-07-22T18:05:00Z,224.81
XLY,2025-07-22T18:06:00Z,224.79
XLY,2025-07-22T18:07:00Z,224.92
XLY,2025-07-22T18:08:00Z,224.93
XLY,2025-07-22T18:09:00Z,224.91
XLY,2025-07-22T18:10:00Z,224.89
XLY,2025-07-22T18:11:00Z,224.99
XLY,2025-07-22T18:12:00Z,225.02
XLY,2025-07-22T18:14:00Z,225.03
XLY,2025-07-22T18:15:00Z,225.05
XLY,2025-07-22T18:16:00Z,225.05
XLY,2025-07-22T18:17:00Z,224.85
XLY,2025-07-22T18:18:00Z,224.955
XLY,2025-07-22T18:19:00Z,224.79
XLY,2025-07-22T18:20:00Z,224.82
XLY,2025-07-22T18:21:00Z,224.955
XLY,2025-07-22T18:22:00Z,224.995
XLY,2025-07-22T18:23:00Z,224.985
XLY,2025-07-22T18:24:00Z,224.995
XLY,2025-07-22T18:25:00Z,224.97
XLY,2025-07-22T18:26:00Z,224.99
XLY,2025-07-22T18:27:00Z,225.05
XLY,2025-07-22T18:29:00Z,225.01
XLY,2025-07-22T18:32:00Z,225.21
XLY,2025-07-22T18:34:00Z,225.335
XLY,2025-07-22T18:35:00Z,225.31
XLY,2025-07-22T18:36:00Z,225.36
XLY,2025-07-22T18:37:00Z,225.39
XLY,2025-07-22T18:38:00Z,225.48
XLY,2025-07-22T18:39:00Z,225.44
XLY,2025-07-22T18:40:00Z,225.44
XLY,2025-07-22T18:41:00Z,225.43
XLY,2025-07-22T18:42:00Z,225.42
XLY,2025-07-22T18:43:00Z,225.45
XLY,2025-07-22T18:45:00Z,225.39
BA,2025-07-22T17:22:00Z,229.35
BA,2025-07-22T17:23:00Z,229.38
BA,2025-07-22T17:25:00Z,229.29
BA,2025-07-22T17:26:00Z,229.315
BA,2025-07-22T17:27:00Z,229.23
BA,2025-07-22T17:28:00Z,229.475
BA,2025-07-22T17:29:00Z,229.54
BA,2025-07-22T17:30:00Z,229.67
BA,2025-07-22T17:31:00Z,229.385
BA,2025-07-22T17:32:00Z,229.49
BA,2025-07-22T17:36:00Z,229.485
BA,2025-07-22T17:38:00Z,229.4
BA,2025-07-22T17:39:00Z,229.25
BA,2025-07-22T17:40:00Z,229.24
BA,2025-07-22T17:41:00Z,229.17
BA,2025-07-22T17:42:00Z,229.26
BA,2025-07-22T17:44:00Z,229.3
BA,2025-07-22T17:45:00Z,229.305
BA,2025-07-22T17:46:00Z,229.14
BA,2025-07-22T17:47:00Z,229.14
BA,2025-07-22T17:48:00Z,229.205
BA,2025-07-22T17:49:00Z,229.17
BA,2025-07-22T17:51:00Z,229.26
BA,2025-07-22T17:52:00Z,229.225
BA,2025-07-22T17:54:00Z,229.1
BA,2025-07-22T17:56:00Z,229.25
BA,2025-07-22T17:58:00Z,229.28
BA,2025-07-22T17:59:00Z,229.155
BA,2025-07-22T18:00:00Z,229.01
BA,2025-07-22T18:02:00Z,228.84
BA,2025-07-22T18:03:00Z,229.01
BA,2025-07-22T18:05:00Z,228.99
BA,2025-07-22T18:06:00Z,228.9
BA,2025-07-22T18:07:00Z,228.885
BA,2025-07-22T18:09:00Z,228.805
BA,2025-07-22T18:10:00Z,228.74
BA,2025-07-22T18:11:00Z,228.75
BA,2025-07-22T18:13:00Z,228.67
BA,2025-07-22T18:19:00Z,228.505
BA,2025-07-22T18:21:00Z,228.495
BA,2025-07-22T18:22:00Z,228.54
BA,2025-07-22T18:24:00Z,228.46
BA,2025-07-22T18:25:00Z,228.525
BA,2025-07-22T18:30:00Z,228.565
BA,2025-07-22T18:33:00Z,228.57
BA,2025-07-22T18:34:00Z,228.59
BA,2025-07-22T18:35:00Z,228.7
BA,2025-07-22T18:36:00Z,228.7
BA,2025-07-22T18:38:00Z,228.85
BA,2025-07-22T18:39:00Z,228.955
BA,2025-07-22T18:40:00Z,228.96
BA,2025-07-22T18:41:00Z,228.985
BA,2025-07-22T18:42:00Z,229.02
BA,2025-07-22T18:44:00Z,229.07
BA,2025-07-22T18:45:00Z,228.995
BA,2025-07-22T18:52:00Z,229.04
BA,2025-07-22T18:53:00Z,229.15
BA,2025-07-22T18:54:00Z,229.21
BA,2025-07-22T18:56:00Z,229.19
BA,2025-07-22T18:57:00Z,229.185
BA,2025-07-22T18:59:00Z,229.03
BA,2025-07-22T19:00:00Z,229.16
BA,2025-07-22T19:06:00Z,229.155
BA,2025-07-22T19:07:00Z,229.15
BA,2025-07-22T19:08:00Z,229.18
BA,2025-07-22T19:09:00Z,229.155
BA,2025-07-22T19:10:00Z,229.2
BA,2025-07-22T19:13:00Z,229.125
BA,2025-07-22T19:15:00Z,229.17
BA,2025-07-22T19:17:00Z,229.135
BA,2025-07-22T19:18:00Z,229.16
BA,2025-07-22T19:21:00Z,230.05
BA,2025-07-22T19:22:00Z,229.39
BA,2025-07-22T19:24:00Z,229.55
BA,2025-07-22T19:26:00Z,229.35
BA,2025-07-22T19:27:00Z,229.44
BA,2025-07-22T19:28:00Z,229.27
BA,2025-07-22T19:29:00Z,229.04
BA,2025-07-22T19:32:00Z,229.14
BA,2025-07-22T19:33:00Z,229.19
BA,2025-07-22T19:34:00Z,229.17
BA,2025-07-22T19:35:00Z,229.1
BA,2025-07-22T19:37:00Z,229.05
BA,2025-07-22T19:39:00Z,228.925
BA,2025-07-22T19:40:00Z,228.79
BA,2025-07-22T19:41:00Z,228.81
BA,2025-07-22T19:42:00Z,228.75
BA,2025-07-22T19:44:00Z,228.74
BA,2025-07-22T19:45:00Z,228.94
BA,2025-07-22T19:47:00Z,228.89
BA,2025-07-22T19:48:00Z,228.73
BA,2025-07-22T19:49:00Z,228.68
BA,2025-07-22T19:50:00Z,228.5
BA,2025-07-22T19:51:00Z,228.545
BA,2025-07-22T19:52:00Z,228.48
BA,2025-07-22T19:53:00Z,228.43
BA,2025-07-22T19:54:00Z,228.4
BA,2025-07-22T19:55:00Z,228.345
BA,2025-07-22T19:56:00Z,228.31
ITA,2025-07-22T17:31:00Z,192.84
ITA,2025-07-22T17:52:00Z,192.78
ITA,2025-07-22T17:58:00Z,192.74
ITA,2025-07-22T18:03:00Z,192.82
ITA,2025-07-22T18:56:00Z,192.955
ITA,2025-07-22T19:23:00Z,192.95
ITA,2025-07-22T19:40:00Z,192.8
ITA,2025-07-22T19:43:00Z,192.74
ITA,2025-07-22T19:45:00Z,192.87
ITA,2025-07-22T19:49:00Z,192.74
ITA,2025-07-22T19:50:00Z,192.6
ITA,2025-07-22T19:52:00Z,192.57
ITA,2025-07-22T19:55:00Z,192.42
ITA,2025-07-22T19:56:00Z,192.355
NVDA,2025-07-24T12:00:00Z,172.53
NVDA,2025-07-24T12:22:00Z,172.61
NVDA,2025-07-24T12:30:00Z,172.64
NVDA,2025-07-24T12:32:00Z,172.57
NVDA,2025-07-24T12:47:00Z,172.07
NVDA,2025-07-24T12:57:00Z,172.21
NVDA,2025-07-24T12:58:00Z,172.24
NVDA,2025-07-24T12:59:00Z,172.26
NVDA,2025-07-24T13:12:00Z,172.28
NVDA,2025-07-24T13:13:00Z,172.33
NVDA,2025-07-24T13:18:00Z,172.42
NVDA,2025-07-24T13:19:00Z,172.34
NVDA,2025-07-24T13:20:00Z,172.34
NVDA,2025-07-24T13:21:00Z,172.34
NVDA,2025-07-24T13:22:00Z,172.34
NVDA,2025-07-24T13:23:00Z,172.4
NVDA,2025-07-24T13:24:00Z,172.41
NVDA,2025-07-24T13:25:00Z,172.47
NVDA,2025-07-24T13:26:00Z,172.46
NVDA,2025-07-24T13:30:00Z,172.545
NVDA,2025-07-24T13:31:00Z,172.01
NVDA,2025-07-24T13:32:00Z,172.55
NVDA,2025-07-24T13:33:00Z,172.39
NVDA,2025-07-24T13:34:00Z,173.015
NVDA,2025-07-24T13:35:00Z,173.2
NVDA,2025-07-24T13:36:00Z,173.33
NVDA,2025-07-24T13:37:00Z,173.24
NVDA,2025-07-24T13:38:00Z,173.25
NVDA,2025-07-24T13:39:00Z,173.175
NVDA,2025-07-24T13:40:00Z,172.835
NVDA,2025-07-24T13:41:00Z,172.925
NVDA,2025-07-24T13:42:00Z,172.94
NVDA,2025-07-24T13:43:00Z,172.97
NVDA,2025-07-24T13:44:00Z,172.76
NVDA,2025-07-24T13:45:00Z,172.74
NVDA,2025-07-24T13:46:00Z,172.52
NVDA,2025-07-24T13:47:00Z,172.71
NVDA,2025-07-24T13:48:00Z,172.82
NVDA,2025-07-24T13:49:00Z,172.71
NVDA,2025-07-24T13:50:00Z,172.42
NVDA,2025-07-24T13:51:00Z,172.53
NVDA,2025-07-24T13:52:00Z,172.49
NVDA,2025-07-24T13:53:00Z,172.39
NVDA,2025-07-24T13:54:00Z,172.21
NVDA,2025-07-24T13:55:00Z,172.29
NVDA,2025-07-24T13:56:00Z,172.42
NVDA,2025-07-24T13:57:00Z,172.66
NVDA,2025-07-24T13:58:00Z,172.33
NVDA,2025-07-24T13:59:00Z,172.315
NVDA,2025-07-24T14:00:00Z,172.205
NVDA,2025-07-24T14:01:00Z,171.975
NVDA,2025-07-24T14:02:00Z,171.865
NVDA,2025-07-24T14:03:00Z,171.83
NVDA,2025-07-24T14:04:00Z,171.89
NVDA,2025-07-24T14:05:00Z,172.11
SOXX,2025-07-24T13:09:00Z,241.65
SOXX,2025-07-24T13:10:00Z,241.77
SOXX,2025-07-24T13:30:00Z,241.36
SOXX,2025-07-24T13:31:00Z,240.6
SOXX,2025-07-24T13:32:00Z,239.85
SOXX,2025-07-24T13:33:00Z,240.32
SOXX,2025-07-24T13:34:00Z,240.23
SOXX,2025-07-24T13:35:00Z,240.27
SOXX,2025-07-24T13:36:00Z,240.48
SOXX,2025-07-24T13:37:00Z,240.84
SOXX,2025-07-24T13:39:00Z,241.33
SOXX,2025-07-24T13:44:00Z,241.19
SOXX,2025-07-24T13:47:00Z,241.33
SOXX,2025-07-24T13:51:00Z,241.32
SOXX,2025-07-24T13:54:00Z,240.15
SOXX,2025-07-24T13:55:00Z,240.35
SOXX,2025-07-24T13:56:00Z,240.44
SOXX,2025-07-24T13:58:00Z,240.56
SOXX,2025-07-24T14:00:00Z,240.29
SOXX,2025-07-24T14:02:00Z,240.08
SOXX,2025-07-24T14:03:00Z,240.1
SOXX,2025-07-24T14:04:00Z,240.47
SOXX,2025-07-24T14:05:00Z,240.15
INTC,2025-08-07T12:00:00Z,19.39
INTC,2025-08-07T12:01:00Z,19.49
INTC,2025-08-07T12:02:00Z,19.49
INTC,2025-08-07T12:03:00Z,19.49
INTC,2025-08-07T12:04:00Z,19.47
INTC,2025-08-07T12:05:00Z,19.48
INTC,2025-08-07T12:06:00Z,19.49
INTC,2025-08-07T12:07:00Z,19.57
INTC,2025-08-07T12:08:00Z,19.6
INTC,2025-08-07T12:09:00Z,19.7
INTC,2025-08-07T12:10:00Z,19.72
INTC,2025-08-07T12:11:00Z,19.7
INTC,2025-08-07T12:12:00Z,19.74
INTC,2025-08-07T12:13:00Z,19.76
INTC,2025-08-07T12:14:00Z,19.85
INTC,2025-08-07T12:15:00Z,19.84
INTC,2025-08-07T12:16:00Z,19.83
INTC,2025-08-07T12:17:00Z,19.83
INTC,2025-08-07T12:18:00Z,19.82
INTC,2025-08-07T12:19:00Z,19.81
INTC,2025-08-07T12:20:00Z,19.74
INTC,2025-08-07T12:21:00Z,19.68
INTC,2025-08-07T12:22:00Z,19.68
INTC,2025-08-07T12:23:00Z,19.66
INTC,2025-08-07T12:24:00Z,19.66
INTC,2025-08-07T12:25:00Z,19.65
INTC,2025-08-07T12:26:00Z,19.63
INTC,2025-08-07T12:27:00Z,19.64
INTC,2025-08-07T12:28:00Z,19.69
INTC,2025-08-07T12:29:00Z,19.75
INTC,2025-08-07T12:31:00Z,19.89
INTC,2025-08-07T12:32:00Z,19.99
INTC,2025-08-07T12:33:00Z,19.98
INTC,2025-08-07T12:34:00Z,19.94
INTC,2025-08-07T12:35:00Z,19.96
INTC,2025-08-07T12:36:00Z,19.95
INTC,2025-08-07T12:37:00Z,19.94
INTC,2025-08-07T12:38:00Z,20.03
INTC,2025-08-07T12:39:00Z,20.04
INTC,2025-08-07T12:40:00Z,19.99
INTC,2025-08-07T12:41:00Z,19.91
INTC,2025-08-07T12:42:00Z,19.91
INTC,2025-08-07T12:43:00Z,19.92
INTC,2025-08-07T12:44:00Z,19.92
INTC,2025-08-07T12:45:00Z,19.9
INTC,2025-08-07T12:46:00Z,19.87
INTC,2025-08-07T12:47:00Z,19.82
INTC,2025-08-07T12:48:00Z,19.84
INTC,2025-08-07T12:49:00Z,19.81
INTC,2025-08-07T12:50:00Z,19.78
INTC,2025-08-07T12:51:00Z,19.77
INTC,2025-08-07T12:52:00Z,19.8
INTC,2025-08-07T12:53:00Z,19.79
INTC,2025-08-07T12:54:00Z,19.78
INTC,2025-08-07T12:56:00Z,19.79
INTC,2025-08-07T12:57:00Z,19.79
INTC,2025-08-07T12:58:00Z,19.8
INTC,2025-08-07T12:59:00Z,19.8
INTC,2025-08-07T13:00:00Z,19.85
INTC,2025-08-07T13:01:00Z,19.85
INTC,2025-08-07T13:02:00Z,19.87
INTC,2025-08-07T13:03:00Z,19.88
INTC,2025-08-07T13:04:00Z,19.88
INTC,2025-08-07T13:06:00Z,19.89
INTC,2025-08-07T13:07:00Z,19.91
INTC,2025-08-07T13:08:00Z,19.91
INTC,2025-08-07T13:09:00Z,19.92
INTC,2025-08-07T13:12:00Z,19.9
INTC,2025-08-07T13:13:00Z,19.87
INTC,2025-08-07T13:14:00Z,19.86
INTC,2025-08-07T13:15:00Z,19.86
INTC,2025-08-07T13:16:00Z,19.87
INTC,2025-08-07T13:17:00Z,19.87
INTC,2025-08-07T13:18:00Z,19.86
INTC,2025-08-07T13:19:00Z,19.83
INTC,2025-08-07T13:20:00Z,19.85
INTC,2025-08-07T13:21:00Z,19.86
INTC,2025-08-07T13:22:00Z,19.87
INTC,2025-08-07T13:23:00Z,19.86
INTC,2025-08-07T13:24:00Z,19.83
INTC,2025-08-07T13:26:00Z,19.88
INTC,2025-08-07T13:27:00Z,19.89
INTC,2025-08-07T13:29:00Z,19.99
INTC,2025-08-07T13:30:00Z,19.99
INTC,2025-08-07T13:31:00Z,20.15
INTC,2025-08-07T13:32:00Z,20.385
INTC,2025-08-07T13:33:00Z,20.31
INTC,2025-08-07T13:34:00Z,20.255
INTC,2025-08-07T13:35:00Z,20.275
INTC,2025-08-07T13:36:00Z,20.07
INTC,2025-08-07T13:37:00Z,20.085
INTC,2025-08-07T13:38:00Z,20.01
INTC,2025-08-07T13:39:00Z,20.065
INTC,2025-08-07T13:40:00Z,20.15
INTC,2025-08-07T13:41:00Z,20.12
INTC,2025-08-07T13:42:00Z,20.12
INTC,2025-08-07T13:43:00Z,20.055
INTC,2025-08-07T13:44:00Z,20.05
INTC,2025-08-07T13:45:00Z,20.01
INTC,2025-08-07T13:46:00Z,20.02
INTC,2025-08-07T13:47:00Z,20.045
INTC,2025-08-07T13:48:00Z,20.015
INTC,2025-08-07T13:49:00Z,20.025
INTC,2025-08-07T13:50:00Z,20.0
INTC,2025-08-07T13:51:00Z,19.93
INTC,2025-08-07T13:52:00Z,19.94
INTC,2025-08-07T13:53:00Z,19.94
INTC,2025-08-07T13:54:00Z,19.95
INTC,2025-08-07T13:55:00Z,20.02
INTC,2025-08-07T13:56:00Z,20.005
INTC,2025-08-07T13:57:00Z,20.025
INTC,2025-08-07T13:58:00Z,20.03
INTC,2025-08-07T13:59:00Z,20.025
INTC,2025-08-07T14:00:00Z,20.05
INTC,2025-08-07T14:01:00Z,19.98
INTC,2025-08-07T14:02:00Z,19.915
INTC,2025-08-07T14:03:00Z,19.95
INTC,2025-08-07T14:04:00Z,19.95
INTC,2025-08-07T14:05:00Z,19.92
SOXX,2025-08-07T13:30:00Z,242.38
SOXX,2025-08-07T13:31:00Z,242.93
SOXX,2025-08-07T13:32:00Z,242.81
SOXX,2025-08-07T13:33:00Z,242.86
SOXX,2025-08-07T13:34:00Z,242.68
SOXX,2025-08-07T13:35:00Z,242.66
SOXX,2025-08-07T13:36:00Z,242.21
SOXX,2025-08-07T13:37:00Z,242.14
SOXX,2025-08-07T13:38:00Z,242.03
SOXX,2025-08-07T13:39:00Z,242.6
SOXX,2025-08-07T13:40:00Z,242.84
SOXX,2025-08-07T13:42:00Z,242.835
SOXX,2025-08-07T13:43:00Z,242.73
SOXX,2025-08-07T13:44:00Z,242.83
SOXX,2025-08-07T13:45:00Z,242.14
SOXX,2025-08-07T13:46:00Z,242.23
SOXX,2025-08-07T13:47:00Z,242.56
SOXX,2025-08-07T13:49:00Z,242.46
SOXX,2025-08-07T13:50:00Z,242.765
SOXX,2025-08-07T13:51:00Z,242.58
SOXX,2025-08-07T13:52:00Z,242.57
SOXX,2025-08-07T13:53:00Z,242.7
SOXX,2025-08-07T13:54:00Z,242.73
SOXX,2025-08-07T13:55:00Z,242.58
SOXX,2025-08-07T13:56:00Z,242.9
SOXX,2025-08-07T13:57:00Z,243.07
SOXX,2025-08-07T13:58:00Z,243.04
SOXX,2025-08-07T13:59:00Z,243.1
SOXX,2025-08-07T14:00:00Z,243.25
SOXX,2025-08-07T14:02:00Z,242.68
SOXX,2025-08-07T14:04:00Z,242.56
SOXX,2025-08-07T14:05:00Z,242.08
INTC,2025-08-11T18:58:00Z,20.64
INTC,2025-08-11T18:59:00Z,20.635
INTC,2025-08-11T19:00:00Z,20.645
INTC,2025-08-11T19:01:00Z,20.645
INTC,2025-08-11T19:02:00Z,20.64
INTC,2025-08-11T19:03:00Z,20.64
INTC,2025-08-11T19:04:00Z,20.645
INTC,2025-08-11T19:05:00Z,20.64
INTC,2025-08-11T19:06:00Z,20.65
INTC,2025-08-11T19:07:00Z,20.675
INTC,2025-08-11T19:08:00Z,20.665
INTC,2025-08-11T19:09:00Z,20.67
INTC,2025-08-11T19:10:00Z,20.675
INTC,2025-08-11T19:11:00Z,20.68
INTC,2025-08-11T19:12:00Z,20.66
INTC,2025-08-11T19:13:00Z,20.665
INTC,2025-08-11T19:14:00Z,20.66
INTC,2025-08-11T19:15:00Z,20.64
INTC,2025-08-11T19:16:00Z,20.64
INTC,2025-08-11T19:17:00Z,20.63
INTC,2025-08-11T19:18:00Z,20.64
INTC,2025-08-11T19:19:00Z,20.65
INTC,2025-08-11T19:20:00Z,20.68
INTC,2025-08-11T19:21:00Z,20.68
INTC,2025-08-11T19:22:00Z,20.675
INTC,2025-08-11T19:23:00Z,20.68
INTC,2025-08-11T19:24:00Z,20.68
INTC,2025-08-11T19:25:00Z,20.69
INTC,2025-08-11T19:26:00Z,20.675
INTC,2025-08-11T19:27:00Z,20.67
INTC,2025-08-11T19:28:00Z,20.685
INTC,2025-08-11T19:29:00Z,20.69
INTC,2025-08-11T19:30:00Z,20.69
INTC,2025-08-11T19:31:00Z,20.685
INTC,2025-08-11T19:32:00Z,20.68
INTC,2025-08-11T19:33:00Z,20.7
INTC,2025-08-11T19:34:00Z,20.705
INTC,2025-08-11T19:35:00Z,20.71
INTC,2025-08-11T19:36:00Z,20.705
INTC,2025-08-11T19:37:00Z,20.7
INTC,2025-08-11T19:38:00Z,20.72
INTC,2025-08-11T19:39:00Z,20.72
INTC,2025-08-11T19:40:00Z,20.71
INTC,2025-08-11T19:41:00Z,20.72
INTC,2025-08-11T19:42:00Z,20.72
INTC,2025-08-11T19:43:00Z,20.72
INTC,2025-08-11T19:44:00Z,20.69
INTC,2025-08-11T19:45:00Z,20.685
INTC,2025-08-11T19:46:00Z,20.69
INTC,2025-08-11T19:47:00Z,20.69
INTC,2025-08-11T19:48:00Z,20.67
INTC,2025-08-11T19:49:00Z,20.64
INTC,2025-08-11T19:50:00Z,20.64
INTC,2025-08-11T19:51:00Z,20.62
INTC,2025-08-11T19:52:00Z,20.6
INTC,2025-08-11T19:53:00Z,20.575
INTC,2025-08-11T19:54:00Z,20.59
INTC,2025-08-11T19:55:00Z,20.63
INTC,2025-08-11T19:56:00Z,20.655
INTC,2025-08-11T19:57:00Z,20.66
INTC,2025-08-11T19:58:00Z,20.67
INTC,2025-08-11T19:59:00Z,20.68
INTC,2025-08-12T12:00:00Z,21.49
INTC,2025-08-12T12:01:00Z,21.51
INTC,2025-08-12T12:02:00Z,21.5
INTC,2025-08-12T12:03:00Z,21.47
INTC,2025-08-12T12:04:00Z,21.4
INTC,2025-08-12T12:05:00Z,21.38
INTC,2025-08-12T12:06:00Z,21.4
INTC,2025-08-12T12:07:00Z,21.4
INTC,2025-08-12T12:08:00Z,21.38
INTC,2025-08-12T12:09:00Z,21.42
INTC,2025-08-12T12:10:00Z,21.46
INTC,2025-08-12T12:11:00Z,21.43
INTC,2025-08-12T12:12:00Z,21.44
INTC,2025-08-12T12:13:00Z,21.44
INTC,2025-08-12T12:14:00Z,21.42
INTC,2025-08-12T12:16:00Z,21.42
INTC,2025-08-12T12:17:00Z,21.4
INTC,2025-08-12T12:19:00Z,21.41
INTC,2025-08-12T12:20:00Z,21.42
INTC,2025-08-12T12:21:00Z,21.41
INTC,2025-08-12T12:22:00Z,21.41
INTC,2025-08-12T12:23:00Z,21.41
INTC,2025-08-12T12:24:00Z,21.41
INTC,2025-08-12T12:25:00Z,21.36
INTC,2025-08-12T12:26:00Z,21.37
INTC,2025-08-12T12:27:00Z,21.36
INTC,2025-08-12T12:28:00Z,21.36
INTC,2025-08-12T12:29:00Z,21.35
INTC,2025-08-12T12:32:00Z,21.48
INTC,2025-08-12T12:34:00Z,21.46
INTC,2025-08-12T12:36:00Z,21.38
INTC,2025-08-12T12:37:00Z,21.38
INTC,2025-08-12T12:38:00Z,21.35
INTC,2025-08-12T12:39:00Z,21.33
INTC,2025-08-12T12:40:00Z,21.36
INTC,2025-08-12T12:41:00Z,21.36
INTC,2025-08-12T12:42:00Z,21.37
INTC,2025-08-12T12:44:00Z,21.36
INTC,2025-08-12T12:45:00Z,21.34
INTC,2025-08-12T12:46:00Z,21.32
INTC,2025-08-12T12:47:00Z,21.35
INTC,2025-08-12T12:48:00Z,21.36
INTC,2025-08-12T12:49:00Z,21.38
INTC,2025-08-12T12:50:00Z,21.36
INTC,2025-08-12T12:51:00Z,21.35
INTC,2025-08-12T12:52:00Z,21.35
INTC,2025-08-12T12:53:00Z,21.33
INTC,2025-08-12T12:54:00Z,21.35
INTC,2025-08-12T12:55:00Z,21.39
INTC,2025-08-12T12:56:00Z,21.38
INTC,2025-08-12T12:57:00Z,21.36
INTC,2025-08-12T12:58:00Z,21.35
INTC,2025-08-12T12:59:00Z,21.33
INTC,2025-08-12T13:00:00Z,21.34
INTC,2025-08-12T13:01:00Z,21.33
INTC,2025-08-12T13:02:00Z,21.36
INTC,2025-08-12T13:03:00Z,21.37
INTC,2025-08-12T13:04:00Z,21.36
INTC,2025-08-12T13:05:00Z,21.36
INTC,2025-08-12T13:06:00Z,21.35
INTC,2025-08-12T13:07:00Z,21.35
INTC,2025-08-12T13:08:00Z,21.36
INTC,2025-08-12T13:09:00Z,21.36
INTC,2025-08-12T13:10:00Z,21.36
INTC,2025-08-12T13:11:00Z,21.34
INTC,2025-08-12T13:12:00Z,21.34
INTC,2025-08-12T13:13:00Z,21.36
INTC,2025-08-12T13:14:00Z,21.44
INTC,2025-08-12T13:15:00Z,21.43
INTC,2025-08-12T13:16:00Z,21.42
INTC,2025-08-12T13:17:00Z,21.42
INTC,2025-08-12T13:18:00Z,21.43
INTC,2025-08-12T13:19:00Z,21.43
INTC,2025-08-12T13:20:00Z,21.26
INTC,2025-08-12T13:21:00Z,21.33
INTC,2025-08-12T13:22:00Z,21.35
INTC,2025-08-12T13:23:00Z,21.3
INTC,2025-08-12T13:24:00Z,21.35
INTC,2025-08-12T13:25:00Z,21.35
INTC,2025-08-12T13:26:00Z,21.36
INTC,2025-08-12T13:27:00Z,21.36
INTC,2025-08-12T13:30:00Z,21.14
INTC,2025-08-12T13:31:00Z,20.975
INTC,2025-08-12T13:32:00Z,20.82
INTC,2025-08-12T13:33:00Z,20.84
INTC,2025-08-12T13:34:00Z,20.935
INTC,2025-08-12T13:35:00Z,20.865
INTC,2025-08-12T13:36:00Z,20.875
INTC,2025-08-12T13:37:00Z,20.93
INTC,2025-08-12T13:38:00Z,20.905
INTC,2025-08-12T13:39:00Z,20.9
INTC,2025-08-12T13:40:00Z,20.935
INTC,2025-08-12T13:41:00Z,20.895
INTC,2025-08-12T13:42:00Z,20.88
INTC,2025-08-12T13:43:00Z,20.91
INTC,2025-08-12T13:44:00Z,20.86
INTC,2025-08-12T13:45:00Z,20.9
INTC,2025-08-12T13:46:00Z,20.985
INTC,2025-08-12T13:47:00Z,21.04
INTC,2025-08-12T13:48:00Z,21.02
INTC,2025-08-12T13:49:00Z,21.03
INTC,2025-08-12T13:50:00Z,21.07
INTC,2025-08-12T13:51:00Z,21.155
INTC,2025-08-12T13:52:00Z,21.1
INTC,2025-08-12T13:53:00Z,21.09
INTC,2025-08-12T13:54:00Z,21.075
INTC,2025-08-12T13:55:00Z,21.145
INTC,2025-08-12T13:56:00Z,21.14
INTC,2025-08-12T13:57:00Z,21.095
INTC,2025-08-12T13:58:00Z,21.12
INTC,2025-08-12T13:59:00Z,21.125
INTC,2025-08-12T14:00:00Z,21.01
INTC,2025-08-12T14:01:00Z,21.035
INTC,2025-08-12T14:02:00Z,21.025
INTC,2025-08-12T14:03:00Z,21.015
INTC,2025-08-12T14:04:00Z,21.055
INTC,2025-08-12T14:05:00Z,21.055
SOXX,2025-08-11T19:01:00Z,243.53
SOXX,2025-08-11T19:05:00Z,243.55
SOXX,2025-08-11T19:06:00Z,243.43
SOXX,2025-08-11T19:08:00Z,243.44
SOXX,2025-08-11T19:10:00Z,243.5
SOXX,2025-08-11T19:11:00Z,243.43
SOXX,2025-08-11T19:12:00Z,243.42
SOXX,2025-08-11T19:13:00Z,243.43
SOXX,2025-08-11T19:14:00Z,243.36
SOXX,2025-08-11T19:17:00Z,243.14
SOXX,2025-08-11T19:18:00Z,243.16
SOXX,2025-08-11T19:20:00Z,243.44
SOXX,2025-08-11T19:21:00Z,243.39
SOXX,2025-08-11T19:22:00Z,243.39
SOXX,2025-08-11T19:23:00Z,243.41
SOXX,2025-08-11T19:26:00Z,243.25
SOXX,2025-08-11T19:27:00Z,243.23
SOXX,2025-08-11T19:28:00Z,243.24
SOXX,2025-08-11T19:29:00Z,243.19
SOXX,2025-08-11T19:30:00Z,243.25
SOXX,2025-08-11T19:32:00Z,243.26
SOXX,2025-08-11T19:33:00Z,243.1
SOXX,2025-08-11T19:34:00Z,243.15
SOXX,2025-08-11T19:36:00Z,243.16
SOXX,2025-08-11T19:37:00Z,243.14
SOXX,2025-08-11T19:38:00Z,243.27
SOXX,2025-08-11T19:39:00Z,243.19
SOXX,2025-08-11T19:40:00Z,243.22
SOXX,2025-08-11T19:42:00Z,243.06
SOXX,2025-08-11T19:43:00Z,243.01
SOXX,2025-08-11T19:44:00Z,243.03
SOXX,2025-08-11T19:45:00Z,242.84
SOXX,2025-08-11T19:46:00Z,242.69
SOXX,2025-08-11T19:47:00Z,242.69
SOXX,2025-08-11T19:49:00Z,242.63
SOXX,2025-08-11T19:50:00Z,242.68
SOXX,2025-08-11T19:51:00Z,242.63
SOXX,2025-08-11T19:52:00Z,242.35
SOXX,2025-08-11T19:53:00Z,242.38
SOXX,2025-08-11T19:54:00Z,242.16
SOXX,2025-08-11T19:55:00Z,242.0
SOXX,2025-08-11T19:56:00Z,242.08
SOXX,2025-08-11T19:57:00Z,242.18
SOXX,2025-08-11T19:58:00Z,242.29
SOXX,2025-08-11T19:59:00Z,242.48
SOXX,2025-08-11T20:20:00Z,242.5
SOXX,2025-08-12T13:30:00Z,243.96
SOXX,2025-08-12T13:31:00Z,242.97
SOXX,2025-08-12T13:32:00Z,242.79
SOXX,2025-08-12T13:33:00Z,243.37
SOXX,2025-08-12T13:34:00Z,243.5
SOXX,2025-08-12T13:35:00Z,243.76
SOXX,2025-08-12T13:36:00Z,243.63
SOXX,2025-08-12T13:37:00Z,243.79
SOXX,2025-08-12T13:38:00Z,244.46
SOXX,2025-08-12T13:39:00Z,244.62
SOXX,2025-08-12T13:40:00Z,244.83
SOXX,2025-08-12T13:42:00Z,244.8
SOXX,2025-08-12T13:43:00Z,244.84
SOXX,2025-08-12T13:44:00Z,244.39
SOXX,2025-08-12T13:45:00Z,244.67
SOXX,2025-08-12T13:46:00Z,245.08
SOXX,2025-08-12T13:47:00Z,244.95
SOXX,2025-08-12T13:49:00Z,244.65
SOXX,2025-08-12T13:50:00Z,244.56
SOXX,2025-08-12T13:52:00Z,244.3
SOXX,2025-08-12T13:53:00Z,245.01
SOXX,2025-08-12T13:55:00Z,244.98
SOXX,2025-08-12T13:56:00Z,244.73
SOXX,2025-08-12T13:57:00Z,244.55
SOXX,2025-08-12T13:58:00Z,244.11
SOXX,2025-08-12T13:59:00Z,243.98
SOXX,2025-08-12T14:03:00Z,244.09
SOXX,2025-08-12T14:04:00Z,244.17
GS,2025-08-12T13:30:00Z,726.0
GS,2025-08-12T13:34:00Z,729.87
GS,2025-08-12T13:38:00Z,730.4
GS,2025-08-12T13:40:00Z,730.565
GS,2025-08-12T13:41:00Z,730.98
GS,2025-08-12T13:42:00Z,731.54
GS,2025-08-12T13:44:00Z,729.04
GS,2025-08-12T13:45:00Z,729.94
GS,2025-08-12T13:48:00Z,732.11
GS,2025-08-12T14:00:00Z,734.645
GS,2025-08-12T14:04:00Z,736.585
GS,2025-08-12T14:06:00Z,738.195
GS,2025-08-12T14:10:00Z,738.77
GS,2025-08-12T14:13:00Z,739.34
GS,2025-08-12T14:16:00Z,736.24
GS,2025-08-12T14:17:00Z,737.17
GS,2025-08-12T14:19:00Z,739.78
GS,2025-08-12T14:20:00Z,740.895
GS,2025-08-12T14:25:00Z,741.29
GS,2025-08-12T14:27:00Z,743.245
GS,2025-08-12T14:28:00Z,743.425
GS,2025-08-12T14:29:00Z,743.45
GS,2025-08-12T14:32:00Z,743.99
GS,2025-08-12T14:35:00Z,744.36
GS,2025-08-12T14:37:00Z,743.86
GS,2025-08-12T14:43:00Z,744.83
GS,2025-08-12T14:51:00Z,746.345
XLF,2025-08-12T12:48:00Z,52.1
XLF,2025-08-12T12:55:00Z,52.13
XLF,2025-08-12T13:30:00Z,52.07
XLF,2025-08-12T13:31:00Z,52.08
XLF,2025-08-12T13:32:00Z,52.135
XLF,2025-08-12T13:33:00Z,52.18
XLF,2025-08-12T13:34:00Z,52.26
XLF,2025-08-12T13:35:00Z,52.255
XLF,2025-08-12T13:36:00Z,52.29
XLF,2025-08-12T13:37:00Z,52.31
XLF,2025-08-12T13:38:00Z,52.3
XLF,2025-08-12T13:39:00Z,52.27
XLF,2025-08-12T13:40:00Z,52.255
XLF,2025-08-12T13:41:00Z,52.25
XLF,2025-08-12T13:42:00Z,52.25
XLF,2025-08-12T13:43:00Z,52.215
XLF,2025-08-12T13:44:00Z,52.1
XLF,2025-08-12T13:45:00Z,52.1
XLF,2025-08-12T13:46:00Z,52.17
XLF,2025-08-12T13:47:00Z,52.17
XLF,2025-08-12T13:48:00Z,52.115
XLF,2025-08-12T13:49:00Z,52.12
XLF,2025-08-12T13:50:00Z,52.065
XLF,2025-08-12T13:51:00Z,52.095
XLF,2025-08-12T13:52:00Z,52.1
XLF,2025-08-12T13:53:00Z,52.13
XLF,2025-08-12T13:55:00Z,52.17
XLF,2025-08-12T13:56:00Z,52.17
XLF,2025-08-12T13:57:00Z,52.13
XLF,2025-08-12T13:58:00Z,52.165
XLF,2025-08-12T13:59:00Z,52.165
XLF,2025-08-12T14:00:00Z,52.16
XLF,2025-08-12T14:01:00Z,52.2
XLF,2025-08-12T14:02:00Z,52.235
XLF,2025-08-12T14:03:00Z,52.235
XLF,2025-08-12T14:04:00Z,52.29
XLF,2025-08-12T14:05:00Z,52.305
XLF,2025-08-12T14:06:00Z,52.31
XLF,2025-08-12T14:07:00Z,52.33
XLF,2025-08-12T14:08:00Z,52.325
XLF,2025-08-12T14:09:00Z,52.32
XLF,2025-08-12T14:10:00Z,52.305
XLF,2025-08-12T14:11:00Z,52.3
XLF,2025-08-12T14:12:00Z,52.33
XLF,2025-08-12T14:13:00Z,52.335
XLF,2025-08-12T14:14:00Z,52.375
XLF,2025-08-12T14:15:00Z,52.36
XLF,2025-08-12T14:16:00Z,52.345
XLF,2025-08-12T14:17:00Z,52.36
XLF,2025-08-12T14:18:00Z,52.34
XLF,2025-08-12T14:19:00Z,52.36
XLF,2025-08-12T14:20:00Z,52.375
XLF,2025-08-12T14:21:00Z,52.41
XLF,2025-08-12T14:22:00Z,52.39
XLF,2025-08-12T14:23:00Z,52.41
XLF,2025-08-12T14:24:00Z,52.4
XLF,2025-08-12T14:25:00Z,52.41
XLF,2025-08-12T14:26:00Z,52.43
XLF,2025-08-12T14:27:00Z,52.44
XLF,2025-08-12T14:28:00Z,52.445
XLF,2025-08-12T14:29:00Z,52.455
XLF,2025-08-12T14:30:00Z,52.465
XLF,2025-08-12T14:31:00Z,52.42
XLF,2025-08-12T14:32:00Z,52.41
XLF,2025-08-12T14:33:00Z,52.405
XLF,2025-08-12T14:34:00Z,52.38
XLF,2025-08-12T14:35:00Z,52.37
XLF,2025-08-12T14:36:00Z,52.38
XLF,2025-08-12T14:37:00Z,52.34
XLF,2025-08-12T14:38:00Z,52.36
XLF,2025-08-12T14:39:00Z,52.36
XLF,2025-08-12T14:40:00Z,52.37
XLF,2025-08-12T14:41:00Z,52.385
XLF,2025-08-12T14:42:00Z,52.4
XLF,2025-08-12T14:43:00Z,52.435
XLF,2025-08-12T14:44:00Z,52.46
XLF,2025-08-12T14:45:00Z,52.46
XLF,2025-08-12T14:46:00Z,52.47
XLF,2025-08-12T14:47:00Z,52.49
XLF,2025-08-12T14:48:00Z,52.51
XLF,2025-08-12T14:49:00Z,52.51
XLF,2025-08-12T14:50:00Z,52.5
XLF,2025-08-12T14:51:00Z,52.53
GS,2025-08-12T14:54:00Z,746.13
XLF,2025-08-12T14:52:00Z,52.53
XLF,2025-08-12T14:53:00Z,52.525
XLF,2025-08-12T14:54:00Z,52.515
XLF,2025-08-12T14:55:00Z,52.51
XLF,2025-08-12T14:56:00Z,52.48
XLF,2025-08-12T14:57:00Z,52.47
XLF,2025-08-12T14:58:00Z,52.47
XLF,2025-08-12T14:59:00Z,52.46
INTC,2025-08-14T12:05:00Z,22.19
INTC,2025-08-14T12:06:00Z,22.16
INTC,2025-08-14T12:11:00Z,22.17
INTC,2025-08-14T12:12:00Z,22.16
INTC,2025-08-14T12:13:00Z,22.16
INTC,2025-08-14T12:14:00Z,22.17
INTC,2025-08-14T12:16:00Z,22.15
INTC,2025-08-14T12:17:00Z,22.12
INTC,2025-08-14T12:19:00Z,22.11
INTC,2025-08-14T12:27:00Z,22.09
INTC,2025-08-14T12:28:00Z,22.1
INTC,2025-08-14T12:33:00Z,21.94
INTC,2025-08-14T12:34:00Z,21.84
INTC,2025-08-14T12:35:00Z,21.78
INTC,2025-08-14T12:36:00Z,21.86
INTC,2025-08-14T12:37:00Z,21.86
INTC,2025-08-14T12:38:00Z,21.83
INTC,2025-08-14T12:39:00Z,21.89
INTC,2025-08-14T12:40:00Z,21.93
INTC,2025-08-14T12:41:00Z,21.93
INTC,2025-08-14T12:42:00Z,21.94
INTC,2025-08-14T12:43:00Z,21.97
INTC,2025-08-14T12:44:00Z,21.96
INTC,2025-08-14T12:45:00Z,21.94
INTC,2025-08-14T12:46:00Z,21.94
INTC,2025-08-14T12:47:00Z,21.89
INTC,2025-08-14T12:49:00Z,21.89
INTC,2025-08-14T12:50:00Z,21.91
INTC,2025-08-14T12:51:00Z,21.94
INTC,2025-08-14T12:52:00Z,21.94
INTC,2025-08-14T12:53:00Z,21.93
INTC,2025-08-14T12:59:00Z,21.94
INTC,2025-08-14T13:00:00Z,21.89
INTC,2025-08-14T13:01:00Z,21.88
INTC,2025-08-14T13:02:00Z,21.89
INTC,2025-08-14T13:03:00Z,21.89
INTC,2025-08-14T13:04:00Z,21.88
INTC,2025-08-14T13:05:00Z,21.88
INTC,2025-08-14T13:06:00Z,21.88
INTC,2025-08-14T13:07:00Z,21.88
INTC,2025-08-14T13:08:00Z,21.87
INTC,2025-08-14T13:09:00Z,21.87
INTC,2025-08-14T13:10:00Z,21.86
INTC,2025-08-14T13:11:00Z,21.88
INTC,2025-08-14T13:12:00Z,21.89
INTC,2025-08-14T13:13:00Z,21.93
INTC,2025-08-14T13:14:00Z,21.91
INTC,2025-08-14T13:16:00Z,21.9
INTC,2025-08-14T13:18:00Z,21.87
INTC,2025-08-14T13:20:00Z,21.85
INTC,2025-08-14T13:22:00Z,21.86
INTC,2025-08-14T13:23:00Z,21.86
INTC,2025-08-14T13:25:00Z,21.86
INTC,2025-08-14T13:26:00Z,21.87
INTC,2025-08-14T13:27:00Z,21.88
INTC,2025-08-14T13:29:00Z,21.99
INTC,2025-08-14T13:30:00Z,21.945
INTC,2025-08-14T13:31:00Z,21.915
INTC,2025-08-14T13:32:00Z,21.93
INTC,2025-08-14T13:33:00Z,21.99
INTC,2025-08-14T13:34:00Z,22.09
INTC,2025-08-14T13:35:00Z,22.11
INTC,2025-08-14T13:36:00Z,22.135
INTC,2025-08-14T13:37:00Z,22.15
INTC,2025-08-14T13:38:00Z,22.19
INTC,2025-08-14T13:39:00Z,22.15
INTC,2025-08-14T13:40:00Z,22.115
INTC,2025-08-14T13:41:00Z,22.135
INTC,2025-08-14T13:42:00Z,22.14
INTC,2025-08-14T13:43:00Z,22.115
INTC,2025-08-14T13:44:00Z,22.03
INTC,2025-08-14T13:45:00Z,22.04
INTC,2025-08-14T13:46:00Z,22.025
INTC,2025-08-14T13:47:00Z,22.035
INTC,2025-08-14T13:48:00Z,22.005
INTC,2025-08-14T13:49:00Z,22.04
INTC,2025-08-14T13:50:00Z,22.085
INTC,2025-08-14T13:51:00Z,22.09
INTC,2025-08-14T13:52:00Z,22.12
INTC,2025-08-14T13:53:00Z,22.065
INTC,2025-08-14T13:54:00Z,22.045
INTC,2025-08-14T13:55:00Z,22.03
INTC,2025-08-14T13:56:00Z,22.035
INTC,2025-08-14T13:57:00Z,21.96
INTC,2025-08-14T13:58:00Z,21.975
INTC,2025-08-14T13:59:00Z,21.99
INTC,2025-08-14T14:00:00Z,22.015
INTC,2025-08-14T14:01:00Z,22.03
INTC,2025-08-14T14:02:00Z,22.065
INTC,2025-08-14T14:03:00Z,22.07
INTC,2025-08-14T14:04:00Z,22.08
INTC,2025-08-14T14:05:00Z,22.085
SOXX,2025-08-14T13:30:00Z,250.94
SOXX,2025-08-14T13:31:00Z,250.355
SOXX,2025-08-14T13:32:00Z,250.6
SOXX,2025-08-14T13:33:00Z,250.82
SOXX,2025-08-14T13:36:00Z,251.49
SOXX,2025-08-14T13:39:00Z,251.7
SOXX,2025-08-14T13:41:00Z,251.56
SOXX,2025-08-14T13:42:00Z,252.07
SOXX,2025-08-14T13:43:00Z,252.2
SOXX,2025-08-14T13:47:00Z,251.96
SOXX,2025-08-14T13:51:00Z,251.795
SOXX,2025-08-14T13:52:00Z,252.09
SOXX,2025-08-14T13:53:00Z,251.43
SOXX,2025-08-14T13:54:00Z,251.61
SOXX,2025-08-14T13:55:00Z,251.18
SOXX,2025-08-14T13:56:00Z,251.24
SOXX,2025-08-14T13:58:00Z,251.34
SOXX,2025-08-14T13:59:00Z,251.38
SOXX,2025-08-14T14:00:00Z,251.34
SOXX,2025-08-14T14:05:00Z,251.46
INTC,2025-08-22T19:05:00Z,25.145
INTC,2025-08-22T19:06:00Z,25.165
INTC,2025-08-22T19:07:00Z,25.13
INTC,2025-08-22T19:08:00Z,25.075
INTC,2025-08-22T19:09:00Z,25.035
INTC,2025-08-22T19:10:00Z,24.965
INTC,2025-08-22T19:11:00Z,24.95
INTC,2025-08-22T19:12:00Z,24.97
INTC,2025-08-22T19:13:00Z,24.97
INTC,2025-08-22T19:14:00Z,24.97
INTC,2025-08-22T19:15:00Z,24.97
INTC,2025-08-22T19:16:00Z,24.99
INTC,2025-08-22T19:17:00Z,24.95
INTC,2025-08-22T19:18:00Z,24.93
INTC,2025-08-22T19:19:00Z,24.915
INTC,2025-08-22T19:20:00Z,24.935
INTC,2025-08-22T19:21:00Z,24.935
INTC,2025-08-22T19:22:00Z,24.92
INTC,2025-08-22T19:23:00Z,24.945
INTC,2025-08-22T19:24:00Z,24.95
INTC,2025-08-22T19:25:00Z,24.96
INTC,2025-08-22T19:26:00Z,24.96
INTC,2025-08-22T19:27:00Z,24.92
INTC,2025-08-22T19:28:00Z,24.94
INTC,2025-08-22T19:29:00Z,24.94
INTC,2025-08-22T19:30:00Z,24.945
INTC,2025-08-22T19:31:00Z,24.945
INTC,2025-08-22T19:32:00Z,24.955
INTC,2025-08-22T19:33:00Z,24.96
INTC,2025-08-22T19:34:00Z,24.96
INTC,2025-08-22T19:35:00Z,24.975
INTC,2025-08-22T19:36:00Z,24.95
INTC,2025-08-22T19:37:00Z,24.94
INTC,2025-08-22T19:38:00Z,24.93
INTC,2025-08-22T19:39:00Z,24.91
INTC,2025-08-22T19:40:00Z,24.91
INTC,2025-08-22T19:41:00Z,24.93
INTC,2025-08-22T19:42:00Z,24.955
INTC,2025-08-22T19:43:00Z,24.92
INTC,2025-08-22T19:44:00Z,24.935
INTC,2025-08-22T19:45:00Z,24.905
INTC,2025-08-22T19:46:00Z,24.885
INTC,2025-08-22T19:47:00Z,24.85
INTC,2025-08-22T19:48:00Z,24.88
INTC,2025-08-22T19:49:00Z,24.82
INTC,2025-08-22T19:50:00Z,24.815
INTC,2025-08-22T19:51:00Z,24.76
INTC,2025-08-22T19:52:00Z,24.75
INTC,2025-08-22T19:53:00Z,24.71
INTC,2025-08-22T19:54:00Z,24.67
INTC,2025-08-22T19:55:00Z,24.805
INTC,2025-08-22T19:56:00Z,24.785
INTC,2025-08-22T19:57:00Z,24.775
INTC,2025-08-22T19:58:00Z,24.82
INTC,2025-08-22T19:59:00Z,24.8
INTC,2025-08-22T20:32:00Z,24.96
INTC,2025-08-22T20:38:00Z,24.9
INTC,2025-08-22T20:54:00Z,24.94
INTC,2025-08-25T12:00:00Z,25.26
INTC,2025-08-25T12:01:00Z,25.26
INTC,2025-08-25T12:03:00Z,25.26
INTC,2025-08-25T12:04:00Z,25.25
INTC,2025-08-25T12:06:00Z,25.25
INTC,2025-08-25T12:07:00Z,25.23
INTC,2025-08-25T12:08:00Z,25.23
INTC,2025-08-25T12:09:00Z,25.16
INTC,2025-08-25T12:10:00Z,25.17
INTC,2025-08-25T12:11:00Z,25.15
INTC,2025-08-25T12:13:00Z,25.19
INTC,2025-08-25T12:15:00Z,25.2
INTC,2025-08-25T12:16:00Z,25.21
INTC,2025-08-25T12:17:00Z,25.18
INTC,2025-08-25T12:19:00Z,25.19
INTC,2025-08-25T12:20:00Z,25.18
INTC,2025-08-25T12:21:00Z,25.16
INTC,2025-08-25T12:22:00Z,25.25
INTC,2025-08-25T12:23:00Z,25.41
INTC,2025-08-25T12:24:00Z,25.32
INTC,2025-08-25T12:30:00Z,25.22
INTC,2025-08-25T12:40:00Z,25.25
INTC,2025-08-25T12:41:00Z,25.23
INTC,2025-08-25T12:47:00Z,25.25
INTC,2025-08-25T12:51:00Z,25.27
INTC,2025-08-25T12:52:00Z,25.28
INTC,2025-08-25T12:53:00Z,25.28
INTC,2025-08-25T12:55:00Z,25.27
INTC,2025-08-25T12:57:00Z,25.26
INTC,2025-08-25T12:58:00Z,25.25
INTC,2025-08-25T12:59:00Z,25.21
INTC,2025-08-25T13:01:00Z,25.16
INTC,2025-08-25T13:02:00Z,25.15
INTC,2025-08-25T13:03:00Z,25.16
INTC,2025-08-25T13:04:00Z,25.17
INTC,2025-08-25T13:05:00Z,25.16
INTC,2025-08-25T13:06:00Z,25.19
INTC,2025-08-25T13:07:00Z,25.27
INTC,2025-08-25T13:08:00Z,25.24
INTC,2025-08-25T13:09:00Z,25.19
INTC,2025-08-25T13:10:00Z,25.19
INTC,2025-08-25T13:11:00Z,25.19
INTC,2025-08-25T13:12:00Z,25.23
INTC,2025-08-25T13:13:00Z,25.25
INTC,2025-08-25T13:14:00Z,25.31
INTC,2025-08-25T13:20:00Z,25.36
INTC,2025-08-25T13:21:00Z,25.39
INTC,2025-08-25T13:22:00Z,25.37
INTC,2025-08-25T13:23:00Z,25.4
INTC,2025-08-25T13:24:00Z,25.49
INTC,2025-08-25T13:29:00Z,25.51
INTC,2025-08-25T13:30:00Z,25.46
INTC,2025-08-25T13:31:00Z,25.33
INTC,2025-08-25T13:32:00Z,25.32
INTC,2025-08-25T13:33:00Z,25.235
INTC,2025-08-25T13:34:00Z,25.26
INTC,2025-08-25T13:35:00Z,25.23
INTC,2025-08-25T13:36:00Z,25.27
INTC,2025-08-25T13:37:00Z,25.215
INTC,2025-08-25T13:38:00Z,25.24
INTC,2025-08-25T13:39:00Z,25.17
INTC,2025-08-25T13:40:00Z,25.01
INTC,2025-08-25T13:41:00Z,24.965
INTC,2025-08-25T13:42:00Z,25.02
INTC,2025-08-25T13:43:00Z,25.0
INTC,2025-08-25T13:44:00Z,25.06
INTC,2025-08-25T13:45:00Z,24.89
INTC,2025-08-25T13:46:00Z,24.82
INTC,2025-08-25T13:47:00Z,24.73
INTC,2025-08-25T13:48:00Z,24.865
INTC,2025-08-25T13:49:00Z,24.825
INTC,2025-08-25T13:50:00Z,24.7
INTC,2025-08-25T13:51:00Z,24.775
INTC,2025-08-25T13:52:00Z,24.8
INTC,2025-08-25T13:53:00Z,24.79
INTC,2025-08-25T13:54:00Z,24.93
INTC,2025-08-25T13:55:00Z,24.95
INTC,2025-08-25T13:56:00Z,24.895
INTC,2025-08-25T13:57:00Z,24.825
INTC,2025-08-25T13:58:00Z,24.835
INTC,2025-08-25T13:59:00Z,24.905
INTC,2025-08-25T14:00:00Z,24.76
INTC,2025-08-25T14:01:00Z,24.845
INTC,2025-08-25T14:02:00Z,24.94
INTC,2025-08-25T14:03:00Z,24.94
INTC,2025-08-25T14:04:00Z,24.94
INTC,2025-08-25T14:05:00Z,24.92
SOXX,2025-08-22T19:05:00Z,250.33
SOXX,2025-08-22T19:06:00Z,250.41
SOXX,2025-08-22T19:07:00Z,250.38
SOXX,2025-08-22T19:08:00Z,250.28
SOXX,2025-08-22T19:09:00Z,250.1
SOXX,2025-08-22T19:10:00Z,250.08
SOXX,2025-08-22T19:11:00Z,250.055
SOXX,2025-08-22T19:12:00Z,249.99
SOXX,2025-08-22T19:13:00Z,250.06
SOXX,2025-08-22T19:14:00Z,250.19
SOXX,2025-08-22T19:15:00Z,250.05
SOXX,2025-08-22T19:16:00Z,250.01
SOXX,2025-08-22T19:17:00Z,250.08
SOXX,2025-08-22T19:18:00Z,250.12
SOXX,2025-08-22T19:19:00Z,250.0
SOXX,2025-08-22T19:20:00Z,250.05
SOXX,2025-08-22T19:21:00Z,250.11
SOXX,2025-08-22T19:22:00Z,250.07
SOXX,2025-08-22T19:24:00Z,250.01
SOXX,2025-08-22T19:25:00Z,249.985
SOXX,2025-08-22T19:26:00Z,249.98
SOXX,2025-08-22T19:27:00Z,249.89
SOXX,2025-08-22T19:28:00Z,249.83
SOXX,2025-08-22T19:29:00Z,249.81
SOXX,2025-08-22T19:30:00Z,249.89
SOXX,2025-08-22T19:31:00Z,249.78
SOXX,2025-08-22T19:32:00Z,249.75
SOXX,2025-08-22T19:33:00Z,249.64
SOXX,2025-08-22T19:34:00Z,249.59
SOXX,2025-08-22T19:35:00Z,249.62
SOXX,2025-08-22T19:36:00Z,249.505
SOXX,2025-08-22T19:37:00Z,249.49
SOXX,2025-08-22T19:38:00Z,249.5
SOXX,2025-08-22T19:39:00Z,249.35
SOXX,2025-08-22T19:40:00Z,249.27
SOXX,2025-08-22T19:41:00Z,249.26
SOXX,2025-08-22T19:42:00Z,249.43
SOXX,2025-08-22T19:43:00Z,249.35
SOXX,2025-08-22T19:44:00Z,249.45
SOXX,2025-08-22T19:45:00Z,249.58
SOXX,2025-08-22T19:46:00Z,249.59
SOXX,2025-08-22T19:47:00Z,249.52
SOXX,2025-08-22T19:48:00Z,249.65
SOXX,2025-08-22T19:49:00Z,249.565
SOXX,2025-08-22T19:50:00Z,249.62
SOXX,2025-08-22T19:51:00Z,249.29
SOXX,2025-08-22T19:52:00Z,249.24
SOXX,2025-08-22T19:53:00Z,249.03
SOXX,2025-08-22T19:54:00Z,248.93
SOXX,2025-08-22T19:55:00Z,249.25
SOXX,2025-08-22T19:56:00Z,249.17
SOXX,2025-08-22T19:57:00Z,249.17
SOXX,2025-08-22T19:58:00Z,249.23
SOXX,2025-08-22T19:59:00Z,249.18
SOXX,2025-08-22T20:04:00Z,249.0
SOXX,2025-08-22T20:06:00Z,249.0
SOXX,2025-08-22T20:08:00Z,249.0
SOXX,2025-08-22T20:09:00Z,249.0
SOXX,2025-08-25T13:30:00Z,248.435
SOXX,2025-08-25T13:31:00Z,247.67
SOXX,2025-08-25T13:32:00Z,248.06
SOXX,2025-08-25T13:35:00Z,248.3
SOXX,2025-08-25T13:41:00Z,247.88
SOXX,2025-08-25T13:43:00Z,248.23
SOXX,2025-08-25T13:48:00Z,247.63
SOXX,2025-08-25T13:49:00Z,248.02
SOXX,2025-08-25T13:50:00Z,247.71
SOXX,2025-08-25T13:51:00Z,247.54
SOXX,2025-08-25T13:54:00Z,247.57
SOXX,2025-08-25T13:55:00Z,247.52
SOXX,2025-08-25T13:56:00Z,247.71
SOXX,2025-08-25T13:57:00Z,248.0
SOXX,2025-08-25T13:58:00Z,247.81
SOXX,2025-08-25T14:00:00Z,248.36
SOXX,2025-08-25T14:01:00Z,248.29
SOXX,2025-08-25T14:05:00Z,248.73
PFE,2025-09-02T12:03:00Z,24.75
PFE,2025-09-02T12:13:00Z,24.74
PFE,2025-09-02T12:29:00Z,24.74
PFE,2025-09-02T12:50:00Z,24.7
PFE,2025-09-02T12:53:00Z,24.71
PFE,2025-09-02T12:56:00Z,24.71
PFE,2025-09-02T13:05:00Z,24.7
PFE,2025-09-02T13:07:00Z,24.73
PFE,2025-09-02T13:09:00Z,24.73
PFE,2025-09-02T13:10:00Z,24.74
PFE,2025-09-02T13:11:00Z,24.73
PFE,2025-09-02T13:12:00Z,24.73
PFE,2025-09-02T13:23:00Z,24.74
PFE,2025-09-02T13:25:00Z,24.72
PFE,2025-09-02T13:30:00Z,24.87
PFE,2025-09-02T13:31:00Z,25.06
PFE,2025-09-02T13:32:00Z,24.935
PFE,2025-09-02T13:33:00Z,24.985
PFE,2025-09-02T13:34:00Z,24.92
PFE,2025-09-02T13:35:00Z,24.92
PFE,2025-09-02T13:36:00Z,24.82
PFE,2025-09-02T13:37:00Z,24.845
PFE,2025-09-02T13:38:00Z,24.855
PFE,2025-09-02T13:39:00Z,24.91
PFE,2025-09-02T13:40:00Z,24.83
PFE,2025-09-02T13:41:00Z,24.81
PFE,2025-09-02T13:42:00Z,24.81
PFE,2025-09-02T13:43:00Z,24.81
PFE,2025-09-02T13:44:00Z,24.81
PFE,2025-09-02T13:45:00Z,24.805
PFE,2025-09-02T13:46:00Z,24.765
PFE,2025-09-02T13:47:00Z,24.77
PFE,2025-09-02T13:48:00Z,24.81
PFE,2025-09-02T13:49:00Z,24.87
PFE,2025-09-02T13:50:00Z,24.87
PFE,2025-09-02T13:51:00Z,24.89
PFE,2025-09-02T13:52:00Z,24.915
PFE,2025-09-02T13:53:00Z,24.915
PFE,2025-09-02T13:54:00Z,24.91
PFE,2025-09-02T13:55:00Z,24.93
PFE,2025-09-02T13:56:00Z,24.93
PFE,2025-09-02T13:57:00Z,24.95
PFE,2025-09-02T13:58:00Z,24.945
PFE,2025-09-02T13:59:00Z,24.945
PFE,2025-09-02T14:00:00Z,25.015
PFE,2025-09-02T14:01:00Z,25.015
PFE,2025-09-02T14:02:00Z,24.97
PFE,2025-09-02T14:03:00Z,24.955
PFE,2025-09-02T14:04:00Z,24.935
PFE,2025-09-02T14:05:00Z,24.945
XLV,2025-09-02T13:30:00Z,137.36
XLV,2025-09-02T13:31:00Z,137.66
XLV,2025-09-02T13:32:00Z,137.33
XLV,2025-09-02T13:33:00Z,137.58
XLV,2025-09-02T13:34:00Z,137.29
XLV,2025-09-02T13:35:00Z,137.33
XLV,2025-09-02T13:36:00Z,137.01
XLV,2025-09-02T13:37:00Z,137.02
XLV,2025-09-02T13:38:00Z,137.01
XLV,2025-09-02T13:39:00Z,137.15
XLV,2025-09-02T13:40:00Z,136.885
XLV,2025-09-02T13:41:00Z,136.86
XLV,2025-09-02T13:42:00Z,136.86
XLV,2025-09-02T13:43:00Z,136.85
XLV,2025-09-02T13:44:00Z,136.805
XLV,2025-09-02T13:45:00Z,136.76
XLV,2025-09-02T13:46:00Z,136.615
XLV,2025-09-02T13:47:00Z,136.53
XLV,2025-09-02T13:48:00Z,136.56
XLV,2025-09-02T13:49:00Z,136.82
XLV,2025-09-02T13:50:00Z,136.795
XLV,2025-09-02T13:51:00Z,137.03
XLV,2025-09-02T13:52:00Z,137.04
XLV,2025-09-02T13:53:00Z,137.04
XLV,2025-09-02T13:54:00Z,137.0
XLV,2025-09-02T13:55:00Z,137.21
XLV,2025-09-02T13:56:00Z,137.26
XLV,2025-09-02T13:57:00Z,137.365
XLV,2025-09-02T13:58:00Z,137.32
XLV,2025-09-02T13:59:00Z,137.275
XLV,2025-09-02T14:00:00Z,137.54
XLV,2025-09-02T14:01:00Z,137.6
XLV,2025-09-02T14:02:00Z,137.47
XLV,2025-09-02T14:03:00Z,137.425
XLV,2025-09-02T14:04:00Z,137.355
XLV,2025-09-02T14:05:00Z,137.42
AAPL,2025-09-05T17:01:00Z,239.43
AAPL,2025-09-05T17:02:00Z,239.395
AAPL,2025-09-05T17:03:00Z,239.415
AAPL,2025-09-05T17:04:00Z,239.35
AAPL,2025-09-05T17:05:00Z,239.365
AAPL,2025-09-05T17:06:00Z,239.41
AAPL,2025-09-05T17:07:00Z,239.205
AAPL,2025-09-05T17:08:00Z,239.35
AAPL,2025-09-05T17:09:00Z,239.52
AAPL,2025-09-05T17:10:00Z,239.42
AAPL,2025-09-05T17:11:00Z,239.51
AAPL,2025-09-05T17:12:00Z,239.47
AAPL,2025-09-05T17:13:00Z,239.715
AAPL,2025-09-05T17:14:00Z,239.57
AAPL,2025-09-05T17:15:00Z,239.6
AAPL,2025-09-05T17:16:00Z,239.66
AAPL,2025-09-05T17:17:00Z,239.57
AAPL,2025-09-05T17:18:00Z,239.42
AAPL,2025-09-05T17:19:00Z,239.55
AAPL,2025-09-05T17:20:00Z,239.56
AAPL,2025-09-05T17:21:00Z,239.42
AAPL,2025-09-05T17:22:00Z,239.44
AAPL,2025-09-05T17:23:00Z,239.385
AAPL,2025-09-05T17:24:00Z,239.47
AAPL,2025-09-05T17:25:00Z,239.5
AAPL,2025-09-05T17:26:00Z,239.48
AAPL,2025-09-05T17:27:00Z,239.51
AAPL,2025-09-05T17:28:00Z,239.59
AAPL,2025-09-05T17:29:00Z,239.59
AAPL,2025-09-05T17:30:00Z,239.47
AAPL,2025-09-05T17:31:00Z,239.47
AAPL,2025-09-05T17:32:00Z,239.43
AAPL,2025-09-05T17:33:00Z,239.47
AAPL,2025-09-05T17:34:00Z,239.49
AAPL,2025-09-05T17:35:00Z,239.47
AAPL,2025-09-05T17:36:00Z,239.45
AAPL,2025-09-05T17:37:00Z,239.35
AAPL,2025-09-05T17:38:00Z,239.41
AAPL,2025-09-05T17:39:00Z,239.41
AAPL,2025-09-05T17:40:00Z,239.41
AAPL,2025-09-05T17:41:00Z,239.32
AAPL,2025-09-05T17:42:00Z,239.0
AAPL,2025-09-05T17:43:00Z,238.95
AAPL,2025-09-05T17:44:00Z,238.97
AAPL,2025-09-05T17:45:00Z,239.085
AAPL,2025-09-05T17:46:00Z,238.94
AAPL,2025-09-05T17:47:00Z,238.95
AAPL,2025-09-05T17:48:00Z,238.84
AAPL,2025-09-05T17:49:00Z,238.84
AAPL,2025-09-05T17:50:00Z,238.81
AAPL,2025-09-05T17:51:00Z,238.77
AAPL,2025-09-05T17:52:00Z,238.94
AAPL,2025-09-05T17:53:00Z,238.94
AAPL,2025-09-05T17:54:00Z,238.97
AAPL,2025-09-05T17:55:00Z,238.83
AAPL,2025-09-05T17:56:00Z,238.86
AAPL,2025-09-05T17:57:00Z,238.78
AAPL,2025-09-05T17:58:00Z,238.85
AAPL,2025-09-05T17:59:00Z,238.87
AAPL,2025-09-05T18:00:00Z,238.91
AAPL,2025-09-05T18:01:00Z,239.01
AAPL,2025-09-05T18:02:00Z,238.96
AAPL,2025-09-05T18:03:00Z,238.95
AAPL,2025-09-05T18:04:00Z,239.02
AAPL,2025-09-05T18:05:00Z,239.07
AAPL,2025-09-05T18:06:00Z,239.03
AAPL,2025-09-05T18:07:00Z,238.98
AAPL,2025-09-05T18:08:00Z,238.97
AAPL,2025-09-05T18:09:00Z,238.97
AAPL,2025-09-05T18:10:00Z,238.97
AAPL,2025-09-05T18:11:00Z,239.02
AAPL,2025-09-05T18:12:00Z,238.93
AAPL,2025-09-05T18:13:00Z,238.92
AAPL,2025-09-05T18:14:00Z,239.03
AAPL,2025-09-05T18:15:00Z,239.105
AAPL,2025-09-05T18:16:00Z,239.1
AAPL,2025-09-05T18:17:00Z,239.06
AAPL,2025-09-05T18:18:00Z,239.12
AAPL,2025-09-05T18:19:00Z,239.045
AAPL,2025-09-05T18:20:00Z,239.01
AAPL,2025-09-05T18:21:00Z,239.08
AAPL,2025-09-05T18:22:00Z,238.96
AAPL,2025-09-05T18:23:00Z,239.03
AAPL,2025-09-05T18:24:00Z,238.96
AAPL,2025-09-05T18:25:00Z,239.03
AAPL,2025-09-05T18:26:00Z,238.99
AAPL,2025-09-05T18:27:00Z,239.06
AAPL,2025-09-05T18:28:00Z,239.1
AAPL,2025-09-05T18:29:00Z,239.12
AAPL,2025-09-05T18:30:00Z,239.18
AAPL,2025-09-05T18:31:00Z,239.3
AAPL,2025-09-05T18:32:00Z,239.48
AAPL,2025-09-05T18:33:00Z,239.42
AAPL,2025-09-05T18:34:00Z,239.49
AAPL,2025-09-05T18:35:00Z,239.5
AAPL,2025-09-05T18:36:00Z,239.51
AAPL,2025-09-05T18:37:00Z,239.57
AAPL,2025-09-05T18:38:00Z,239.6
AAPL,2025-09-05T18:39:00Z,239.65
AAPL,2025-09-05T18:40:00Z,239.62
AAPL,2025-09-05T18:41:00Z,239.645
AAPL,2025-09-05T18:42:00Z,239.72
AAPL,2025-09-05T18:43:00Z,239.72
AAPL,2025-09-05T18:44:00Z,239.75
AAPL,2025-09-05T18:45:00Z,239.86
AAPL,2025-09-05T18:46:00Z,239.77
AAPL,2025-09-05T18:47:00Z,239.88
AAPL,2025-09-05T18:48:00Z,239.87
AAPL,2025-09-05T18:49:00Z,239.865
AAPL,2025-09-05T18:50:00Z,239.56
AAPL,2025-09-05T18:51:00Z,239.48
AAPL,2025-09-05T18:52:00Z,239.59
AAPL,2025-09-05T18:53:00Z,239.67
AAPL,2025-09-05T18:54:00Z,239.62
AAPL,2025-09-05T18:55:00Z,239.585
AAPL,2025-09-05T18:56:00Z,239.81
AAPL,2025-09-05T18:57:00Z,239.89
AAPL,2025-09-05T18:58:00Z,239.9
AAPL,2025-09-05T18:59:00Z,239.94
AAPL,2025-09-05T19:00:00Z,239.88
AAPL,2025-09-05T19:01:00Z,239.9
AAPL,2025-09-05T19:02:00Z,239.87
AAPL,2025-09-05T19:03:00Z,239.85
AAPL,2025-09-05T19:04:00Z,239.905
AAPL,2025-09-05T19:05:00Z,239.89
AAPL,2025-09-05T19:06:00Z,239.92
AAPL,2025-09-05T19:07:00Z,239.92
AAPL,2025-09-05T19:08:00Z,239.85
AAPL,2025-09-05T19:09:00Z,239.86
AAPL,2025-09-05T19:10:00Z,239.84
AAPL,2025-09-05T19:11:00Z,239.875
AAPL,2025-09-05T19:12:00Z,239.91
AAPL,2025-09-05T19:13:00Z,239.9
AAPL,2025-09-05T19:14:00Z,239.975
AAPL,2025-09-05T19:15:00Z,239.96
AAPL,2025-09-05T19:16:00Z,240.0
AAPL,2025-09-05T19:17:00Z,239.975
AAPL,2025-09-05T19:18:00Z,239.98
AAPL,2025-09-05T19:19:00Z,239.9
AAPL,2025-09-05T19:20:00Z,239.82
AAPL,2025-09-05T19:21:00Z,239.825
AAPL,2025-09-05T19:22:00Z,239.785
AAPL,2025-09-05T19:23:00Z,239.87
AAPL,2025-09-05T19:24:00Z,239.975
AAPL,2025-09-05T19:25:00Z,240.0
AAPL,2025-09-05T19:26:00Z,240.02
AAPL,2025-09-05T19:27:00Z,239.985
AAPL,2025-09-05T19:28:00Z,240.02
AAPL,2025-09-05T19:29:00Z,239.93
AAPL,2025-09-05T19:30:00Z,239.9
AAPL,2025-09-05T19:31:00Z,239.77
AAPL,2025-09-05T19:32:00Z,239.62
AAPL,2025-09-05T19:33:00Z,239.55
AAPL,2025-09-05T19:34:00Z,239.78
AAPL,2025-09-05T19:35:00Z,239.93
AAPL,2025-09-05T19:36:00Z,239.97
XLK,2025-09-05T17:01:00Z,262.17
XLK,2025-09-05T17:02:00Z,261.99
XLK,2025-09-05T17:04:00Z,261.94
XLK,2025-09-05T17:06:00Z,261.97
XLK,2025-09-05T17:07:00Z,261.9
XLK,2025-09-05T17:09:00Z,262.19
XLK,2025-09-05T17:10:00Z,262.205
XLK,2025-09-05T17:11:00Z,262.17
XLK,2025-09-05T17:12:00Z,262.255
XLK,2025-09-05T17:13:00Z,262.25
XLK,2025-09-05T17:14:00Z,262.27
XLK,2025-09-05T17:15:00Z,262.335
XLK,2025-09-05T17:16:00Z,262.33
XLK,2025-09-05T17:17:00Z,262.265
XLK,2025-09-05T17:18:00Z,262.23
XLK,2025-09-05T17:20:00Z,262.19
XLK,2025-09-05T17:21:00Z,262.22
XLK,2025-09-05T17:23:00Z,262.25
XLK,2025-09-05T17:24:00Z,262.315
XLK,2025-09-05T17:25:00Z,262.255
XLK,2025-09-05T17:26:00Z,262.17
XLK,2025-09-05T17:27:00Z,262.1
XLK,2025-09-05T17:28:00Z,262.1
XLK,2025-09-05T17:30:00Z,262.085
XLK,2025-09-05T17:31:00Z,261.95
XLK,2025-09-05T17:32:00Z,262.01
XLK,2025-09-05T17:33:00Z,262.01
XLK,2025-09-05T17:34:00Z,261.98
XLK,2025-09-05T17:35:00Z,262.055
XLK,2025-09-05T17:36:00Z,262.015
XLK,2025-09-05T17:37:00Z,261.87
XLK,2025-09-05T17:38:00Z,261.9
XLK,2025-09-05T17:39:00Z,261.89
XLK,2025-09-05T17:41:00Z,261.74
XLK,2025-09-05T17:42:00Z,261.6
XLK,2025-09-05T17:43:00Z,261.46
XLK,2025-09-05T17:44:00Z,261.67
XLK,2025-09-05T17:45:00Z,261.72
XLK,2025-09-05T17:46:00Z,261.62
XLK,2025-09-05T17:48:00Z,261.585
XLK,2025-09-05T17:49:00Z,261.535
XLK,2025-09-05T17:50:00Z,261.61
XLK,2025-09-05T17:51:00Z,261.63
XLK,2025-09-05T17:52:00Z,261.7
XLK,2025-09-05T17:55:00Z,261.64
XLK,2025-09-05T17:56:00Z,261.56
XLK,2025-09-05T17:57:00Z,261.53
XLK,2025-09-05T17:59:00Z,261.7
XLK,2025-09-05T18:00:00Z,261.795
XLK,2025-09-05T18:01:00Z,261.765
XLK,2025-09-05T18:02:00Z,261.77
XLK,2025-09-05T18:03:00Z,261.72
XLK,2025-09-05T18:04:00Z,261.81
XLK,2025-09-05T18:06:00Z,261.945
XLK,2025-09-05T18:07:00Z,261.95
XLK,2025-09-05T18:08:00Z,261.975
XLK,2025-09-05T18:09:00Z,261.93
XLK,2025-09-05T18:10:00Z,261.98
XLK,2025-09-05T18:11:00Z,262.01
XLK,2025-09-05T18:12:00Z,261.89
XLK,2025-09-05T18:13:00Z,261.95
XLK,2025-09-05T18:15:00Z,262.095
XLK,2025-09-05T18:16:00Z,262.24
XLK,2025-09-05T18:17:00Z,262.23
XLK,2025-09-05T18:18:00Z,262.255
XLK,2025-09-05T18:19:00Z,262.365
XLK,2025-09-05T18:20:00Z,262.39
XLK,2025-09-05T18:21:00Z,262.39
XLK,2025-09-05T18:22:00Z,262.28
XLK,2025-09-05T18:24:00Z,262.24
XLK,2025-09-05T18:26:00Z,262.19
XLK,2025-09-05T18:27:00Z,262.39
XLK,2025-09-05T18:28:00Z,262.365
XLK,2025-09-05T18:30:00Z,262.425
XLK,2025-09-05T18:31:00Z,262.46
XLK,2025-09-05T18:32:00Z,262.545
XLK,2025-09-05T18:33:00Z,262.48
XLK,2025-09-05T18:34:00Z,262.33
XLK,2025-09-05T18:35:00Z,262.3
XLK,2025-09-05T18:37:00Z,262.39
XLK,2025-09-05T18:38:00Z,262.375
XLK,2025-09-05T18:39:00Z,262.39
XLK,2025-09-05T18:40:00Z,262.39
XLK,2025-09-05T18:41:00Z,262.33
XLK,2025-09-05T18:42:00Z,262.29
XLK,2025-09-05T18:43:00Z,262.33
XLK,2025-09-05T18:44:00Z,262.35
XLK,2025-09-05T18:45:00Z,262.415
XLK,2025-09-05T18:47:00Z,262.41
XLK,2025-09-05T18:48:00Z,262.39
XLK,2025-09-05T18:49:00Z,262.33
XLK,2025-09-05T18:50:00Z,262.39
XLK,2025-09-05T18:51:00Z,262.28
XLK,2025-09-05T18:52:00Z,262.3
XLK,2025-09-05T18:53:00Z,262.2
XLK,2025-09-05T18:54:00Z,262.23
XLK,2025-09-05T18:55:00Z,262.155
XLK,2025-09-05T18:56:00Z,262.245
XLK,2025-09-05T18:57:00Z,262.37
XLK,2025-09-05T18:58:00Z,262.395
XLK,2025-09-05T18:59:00Z,262.48
XLK,2025-09-05T19:00:00Z,262.42
XLK,2025-09-05T19:01:00Z,262.39
XLK,2025-09-05T19:02:00Z,262.35
XLK,2025-09-05T19:03:00Z,262.5
XLK,2025-09-05T19:04:00Z,262.49
XLK,2025-09-05T19:05:00Z,262.63
XLK,2025-09-05T19:06:00Z,262.735
XLK,2025-09-05T19:07:00Z,262.705
XLK,2025-09-05T19:08:00Z,262.715
XLK,2025-09-05T19:09:00Z,262.745
XLK,2025-09-05T19:10:00Z,262.745
XLK,2025-09-05T19:11:00Z,262.805
XLK,2025-09-05T19:12:00Z,262.78
XLK,2025-09-05T19:13:00Z,262.775
XLK,2025-09-05T19:15:00Z,262.755
XLK,2025-09-05T19:16:00Z,262.98
XLK,2025-09-05T19:17:00Z,262.89
XLK,2025-09-05T19:18:00Z,262.845
XLK,2025-09-05T19:19:00Z,262.87
XLK,2025-09-05T19:20:00Z,262.82
XLK,2025-09-05T19:21:00Z,262.815
XLK,2025-09-05T19:23:00Z,262.99
XLK,2025-09-05T19:26:00Z,263.065
XLK,2025-09-05T19:28:00Z,263.03
XLK,2025-09-05T19:29:00Z,262.99
XLK,2025-09-05T19:30:00Z,262.935
XLK,2025-09-05T19:31:00Z,262.77
XLK,2025-09-05T19:32:00Z,262.72
XLK,2025-09-05T19:33:00Z,262.765
XLK,2025-09-05T19:34:00Z,262.845
XLK,2025-09-05T19:35:00Z,262.955
XLK,2025-09-05T19:36:00Z,262.96
AMZN,2025-09-08T15:25:00Z,237.455
AMZN,2025-09-08T15:26:00Z,237.385
AMZN,2025-09-08T15:27:00Z,237.15
AMZN,2025-09-08T15:28:00Z,237.28
AMZN,2025-09-08T15:29:00Z,237.31
AMZN,2025-09-08T15:30:00Z,237.5
AMZN,2025-09-08T15:31:00Z,237.51
AMZN,2025-09-08T15:32:00Z,237.52
AMZN,2025-09-08T15:33:00Z,237.525
AMZN,2025-09-08T15:34:00Z,237.38
AMZN,2025-09-08T15:35:00Z,237.36
AMZN,2025-09-08T15:36:00Z,237.445
AMZN,2025-09-08T15:37:00Z,237.53
AMZN,2025-09-08T15:38:00Z,237.54
AMZN,2025-09-08T15:39:00Z,237.2
AMZN,2025-09-08T15:40:00Z,237.165
AMZN,2025-09-08T15:41:00Z,237.18
AMZN,2025-09-08T15:42:00Z,237.06
AMZN,2025-09-08T15:43:00Z,237.02
AMZN,2025-09-08T15:44:00Z,236.99
AMZN,2025-09-08T15:45:00Z,237.03
AMZN,2025-09-08T15:46:00Z,236.88
AMZN,2025-09-08T15:47:00Z,236.78
AMZN,2025-09-08T15:48:00Z,236.855
AMZN,2025-09-08T15:49:00Z,236.92
AMZN,2025-09-08T15:50:00Z,236.875
AMZN,2025-09-08T15:51:00Z,236.9
AMZN,2025-09-08T15:52:00Z,236.8
AMZN,2025-09-08T15:53:00Z,236.815
AMZN,2025-09-08T15:54:00Z,237.065
AMZN,2025-09-08T15:55:00Z,237.0
AMZN,2025-09-08T15:56:00Z,237.0
AMZN,2025-09-08T15:57:00Z,237.11
AMZN,2025-09-08T15:58:00Z,237.11
AMZN,2025-09-08T15:59:00Z,237.1
AMZN,2025-09-08T16:00:00Z,236.99
AMZN,2025-09-08T16:01:00Z,236.99
AMZN,2025-09-08T16:02:00Z,237.13
AMZN,2025-09-08T16:03:00Z,237.05
AMZN,2025-09-08T16:04:00Z,236.97
AMZN,2025-09-08T16:05:00Z,236.94
AMZN,2025-09-08T16:06:00Z,236.9
AMZN,2025-09-08T16:07:00Z,236.975
AMZN,2025-09-08T16:08:00Z,236.97
AMZN,2025-09-08T16:09:00Z,236.88
AMZN,2025-09-08T16:10:00Z,236.84
AMZN,2025-09-08T16:11:00Z,236.81
AMZN,2025-09-08T16:12:00Z,236.7
AMZN,2025-09-08T16:13:00Z,236.785
AMZN,2025-09-08T16:14:00Z,236.8
AMZN,2025-09-08T16:15:00Z,236.7
AMZN,2025-09-08T16:16:00Z,236.7
AMZN,2025-09-08T16:17:00Z,236.67
AMZN,2025-09-08T16:18:00Z,236.64
AMZN,2025-09-08T16:19:00Z,236.66
AMZN,2025-09-08T16:20:00Z,236.69
AMZN,2025-09-08T16:21:00Z,236.59
AMZN,2025-09-08T16:22:00Z,236.58
AMZN,2025-09-08T16:23:00Z,236.43
AMZN,2025-09-08T16:24:00Z,236.515
AMZN,2025-09-08T16:25:00Z,236.495
AMZN,2025-09-08T16:26:00Z,236.52
AMZN,2025-09-08T16:27:00Z,236.56
AMZN,2025-09-08T16:28:00Z,236.685
AMZN,2025-09-08T16:29:00Z,236.6
AMZN,2025-09-08T16:30:00Z,236.53
AMZN,2025-09-08T16:31:00Z,236.34
AMZN,2025-09-08T16:32:00Z,236.27
AMZN,2025-09-08T16:33:00Z,236.185
AMZN,2025-09-08T16:34:00Z,236.15
AMZN,2025-09-08T16:35:00Z,236.1
AMZN,2025-09-08T16:36:00Z,235.96
AMZN,2025-09-08T16:37:00Z,235.97
AMZN,2025-09-08T16:38:00Z,236.035
AMZN,2025-09-08T16:39:00Z,236.05
AMZN,2025-09-08T16:40:00Z,235.91
AMZN,2025-09-08T16:41:00Z,235.845
AMZN,2025-09-08T16:42:00Z,235.88
AMZN,2025-09-08T16:43:00Z,235.865
AMZN,2025-09-08T16:44:00Z,235.78
AMZN,2025-09-08T16:45:00Z,235.68
AMZN,2025-09-08T16:46:00Z,235.59
AMZN,2025-09-08T16:47:00Z,235.585
AMZN,2025-09-08T16:48:00Z,235.57
AMZN,2025-09-08T16:49:00Z,235.61
AMZN,2025-09-08T16:50:00Z,235.84
AMZN,2025-09-08T16:51:00Z,235.86
AMZN,2025-09-08T16:52:00Z,235.71
AMZN,2025-09-08T16:53:00Z,235.81
AMZN,2025-09-08T16:54:00Z,235.8
AMZN,2025-09-08T16:55:00Z,235.77
AMZN,2025-09-08T16:56:00Z,235.78
AMZN,2025-09-08T16:57:00Z,235.845
AMZN,2025-09-08T16:58:00Z,235.63
AMZN,2025-09-08T16:59:00Z,235.77
AMZN,2025-09-08T17:00:00Z,235.93
AMZN,2025-09-08T17:01:00Z,236.0
AMZN,2025-09-08T17:02:00Z,236.07
AMZN,2025-09-08T17:03:00Z,236.02
AMZN,2025-09-08T17:04:00Z,235.95
AMZN,2025-09-08T17:05:00Z,235.92
AMZN,2025-09-08T17:06:00Z,235.97
AMZN,2025-09-08T17:07:00Z,235.955
AMZN,2025-09-08T17:08:00Z,235.96
AMZN,2025-09-08T17:09:00Z,236.04
AMZN,2025-09-08T17:10:00Z,236.16
AMZN,2025-09-08T17:11:00Z,236.125
AMZN,2025-09-08T17:12:00Z,236.14
AMZN,2025-09-08T17:13:00Z,236.16
AMZN,2025-09-08T17:14:00Z,235.96
AMZN,2025-09-08T17:15:00Z,236.06
AMZN,2025-09-08T17:16:00Z,236.05
AMZN,2025-09-08T17:17:00Z,236.1
AMZN,2025-09-08T17:18:00Z,236.01
AMZN,2025-09-08T17:19:00Z,236.04
AMZN,2025-09-08T17:20:00Z,236.095
AMZN,2025-09-08T17:21:00Z,236.055
AMZN,2025-09-08T17:22:00Z,236.05
AMZN,2025-09-08T17:23:00Z,236.055
AMZN,2025-09-08T17:24:00Z,236.1
AMZN,2025-09-08T17:25:00Z,236.11
AMZN,2025-09-08T17:26:00Z,236.06
AMZN,2025-09-08T17:27:00Z,236.07
AMZN,2025-09-08T17:28:00Z,236.13
AMZN,2025-09-08T17:29:00Z,236.14
AMZN,2025-09-08T17:30:00Z,236.2
AMZN,2025-09-08T17:31:00Z,236.12
AMZN,2025-09-08T17:32:00Z,236.21
AMZN,2025-09-08T17:33:00Z,236.22
AMZN,2025-09-08T17:34:00Z,236.13
AMZN,2025-09-08T17:35:00Z,236.1
AMZN,2025-09-08T17:36:00Z,236.07
AMZN,2025-09-08T17:37:00Z,236.02
AMZN,2025-09-08T17:38:00Z,236.0
AMZN,2025-09-08T17:39:00Z,235.99
AMZN,2025-09-08T17:40:00Z,235.83
AMZN,2025-09-08T17:41:00Z,235.79
AMZN,2025-09-08T17:42:00Z,235.84
AMZN,2025-09-08T17:43:00Z,235.92
AMZN,2025-09-08T17:44:00Z,236.04
AMZN,2025-09-08T17:45:00Z,236.01
AMZN,2025-09-08T17:46:00Z,235.97
AMZN,2025-09-08T17:47:00Z,235.99
AMZN,2025-09-08T17:48:00Z,235.935
AMZN,2025-09-08T17:49:00Z,235.92
AMZN,2025-09-08T17:50:00Z,235.94
AMZN,2025-09-08T17:51:00Z,235.94
AMZN,2025-09-08T17:52:00Z,235.77
AMZN,2025-09-08T17:53:00Z,235.91
AMZN,2025-09-08T17:54:00Z,236.0
AMZN,2025-09-08T17:55:00Z,235.98
AMZN,2025-09-08T17:56:00Z,235.975
AMZN,2025-09-08T17:57:00Z,235.86
AMZN,2025-09-08T17:58:00Z,235.85
AMZN,2025-09-08T17:59:00Z,235.91
AMZN,2025-09-08T18:00:00Z,235.83
XLY,2025-09-08T15:25:00Z,236.335
XLY,2025-09-08T15:29:00Z,236.45
XLY,2025-09-08T15:30:00Z,236.49
XLY,2025-09-08T15:31:00Z,236.475
XLY,2025-09-08T15:32:00Z,236.46
XLY,2025-09-08T15:34:00Z,236.325
XLY,2025-09-08T15:35:00Z,236.43
XLY,2025-09-08T15:36:00Z,236.38
XLY,2025-09-08T15:37:00Z,236.39
XLY,2025-09-08T15:38:00Z,236.44
XLY,2025-09-08T15:39:00Z,236.385
XLY,2025-09-08T15:40:00Z,236.125
XLY,2025-09-08T15:41:00Z,236.09
XLY,2025-09-08T15:42:00Z,236.09
XLY,2025-09-08T15:43:00Z,236.15
XLY,2025-09-08T15:45:00Z,236.03
XLY,2025-09-08T15:46:00Z,235.925
XLY,2025-09-08T15:47:00Z,235.87
XLY,2025-09-08T15:48:00Z,235.87
XLY,2025-09-08T15:49:00Z,235.905
XLY,2025-09-08T15:51:00Z,235.99
XLY,2025-09-08T15:52:00Z,235.89
XLY,2025-09-08T15:53:00Z,235.99
XLY,2025-09-08T15:54:00Z,236.045
XLY,2025-09-08T15:56:00Z,236.065
XLY,2025-09-08T15:59:00Z,236.125
XLY,2025-09-08T16:00:00Z,236.06
XLY,2025-09-08T16:01:00Z,235.96
XLY,2025-09-08T16:02:00Z,235.995
XLY,2025-09-08T16:03:00Z,236.03
XLY,2025-09-08T16:04:00Z,235.935
XLY,2025-09-08T16:05:00Z,235.93
XLY,2025-09-08T16:06:00Z,235.9
XLY,2025-09-08T16:07:00Z,235.94
XLY,2025-09-08T16:08:00Z,235.85
XLY,2025-09-08T16:09:00Z,235.815
XLY,2025-09-08T16:10:00Z,235.845
XLY,2025-09-08T16:11:00Z,235.86
XLY,2025-09-08T16:13:00Z,235.9
XLY,2025-09-08T16:14:00Z,235.895
XLY,2025-09-08T16:15:00Z,235.905
XLY,2025-09-08T16:16:00Z,235.895
XLY,2025-09-08T16:17:00Z,235.92
XLY,2025-09-08T16:18:00Z,235.895
XLY,2025-09-08T16:19:00Z,235.835
XLY,2025-09-08T16:20:00Z,235.835
XLY,2025-09-08T16:21:00Z,235.865
XLY,2025-09-08T16:22:00Z,235.835
XLY,2025-09-08T16:23:00Z,235.83
XLY,2025-09-08T16:24:00Z,235.82
XLY,2025-09-08T16:25:00Z,235.89
XLY,2025-09-08T16:26:00Z,235.885
XLY,2025-09-08T16:27:00Z,235.89
XLY,2025-09-08T16:28:00Z,235.86
XLY,2025-09-08T16:30:00Z,235.885
XLY,2025-09-08T16:31:00Z,235.81
XLY,2025-09-08T16:32:00Z,235.72
XLY,2025-09-08T16:36:00Z,235.62
XLY,2025-09-08T16:37:00Z,235.59
XLY,2025-09-08T16:38:00Z,235.69
XLY,2025-09-08T16:39:00Z,235.73
XLY,2025-09-08T16:40:00Z,235.67
XLY,2025-09-08T16:41:00Z,235.68
XLY,2025-09-08T16:42:00Z,235.75
XLY,2025-09-08T16:43:00Z,235.76
XLY,2025-09-08T16:44:00Z,235.745
XLY,2025-09-08T16:45:00Z,235.61
XLY,2025-09-08T16:46:00Z,235.6
XLY,2025-09-08T16:47:00Z,235.6
XLY,2025-09-08T16:49:00Z,235.62
XLY,2025-09-08T16:52:00Z,235.75
XLY,2025-09-08T16:55:00Z,235.79
XLY,2025-09-08T16:57:00Z,235.7
XLY,2025-09-08T17:00:00Z,235.645
XLY,2025-09-08T17:01:00Z,235.58
XLY,2025-09-08T17:02:00Z,235.61
XLY,2025-09-08T17:04:00Z,235.54
XLY,2025-09-08T17:05:00Z,235.57
XLY,2025-09-08T17:06:00Z,235.64
XLY,2025-09-08T17:07:00Z,235.62
XLY,2025-09-08T17:08:00Z,235.62
XLY,2025-09-08T17:10:00Z,235.63
XLY,2025-09-08T17:11:00Z,235.595
XLY,2025-09-08T17:12:00Z,235.7
XLY,2025-09-08T17:13:00Z,235.68
XLY,2025-09-08T17:14:00Z,235.68
XLY,2025-09-08T17:15:00Z,235.66
XLY,2025-09-08T17:16:00Z,235.7
XLY,2025-09-08T17:17:00Z,235.795
XLY,2025-09-08T17:18:00Z,235.78
XLY,2025-09-08T17:19:00Z,235.84
XLY,2025-09-08T17:20:00Z,235.84
XLY,2025-09-08T17:21:00Z,235.87
XLY,2025-09-08T17:22:00Z,235.88
XLY,2025-09-08T17:23:00Z,235.92
XLY,2025-09-08T17:24:00Z,235.92
XLY,2025-09-08T17:26:00Z,235.88
XLY,2025-09-08T17:27:00Z,235.87
XLY,2025-09-08T17:28:00Z,235.91
XLY,2025-09-08T17:29:00Z,235.945
XLY,2025-09-08T17:30:00Z,235.95
XLY,2025-09-08T17:32:00Z,235.895
XLY,2025-09-08T17:34:00Z,235.89
XLY,2025-09-08T17:35:00Z,235.875
XLY,2025-09-08T17:36:00Z,235.85
XLY,2025-09-08T17:38:00Z,235.86
XLY,2025-09-08T17:43:00Z,235.805
XLY,2025-09-08T17:44:00Z,235.835
XLY,2025-09-08T17:46:00Z,235.865
XLY,2025-09-08T17:48:00Z,235.75
XLY,2025-09-08T17:49:00Z,235.73
XLY,2025-09-08T17:50:00Z,235.71
XLY,2025-09-08T17:51:00Z,235.71
XLY,2025-09-08T17:52:00Z,235.42
XLY,2025-09-08T17:53:00Z,235.535
XLY,2025-09-08T17:54:00Z,235.535
XLY,2025-09-08T17:55:00Z,235.6
XLY,2025-09-08T17:56:00Z,235.585
XLY,2025-09-08T17:57:00Z,235.475
XLY,2025-09-08T17:58:00Z,235.495
XLY,2025-09-08T17:59:00Z,235.465
XLY,2025-09-08T18:00:00Z,235.45
AMZN,2025-09-15T14:42:00Z,231.72
AMZN,2025-09-15T14:43:00Z,231.75
AMZN,2025-09-15T14:44:00Z,231.745
AMZN,2025-09-15T14:45:00Z,231.83
AMZN,2025-09-15T14:46:00Z,231.88
AMZN,2025-09-15T14:47:00Z,231.98
AMZN,2025-09-15T14:48:00Z,231.96
AMZN,2025-09-15T14:49:00Z,231.825
AMZN,2025-09-15T14:50:00Z,231.9
AMZN,2025-09-15T14:51:00Z,231.91
AMZN,2025-09-15T14:52:00Z,231.99
AMZN,2025-09-15T14:53:00Z,232.08
AMZN,2025-09-15T14:54:00Z,232.175
AMZN,2025-09-15T14:55:00Z,232.6
AMZN,2025-09-15T14:56:00Z,233.08
AMZN,2025-09-15T14:57:00Z,232.86
AMZN,2025-09-15T14:58:00Z,233.275
AMZN,2025-09-15T14:59:00Z,233.38
AMZN,2025-09-15T15:00:00Z,233.46
AMZN,2025-09-15T15:01:00Z,233.32
AMZN,2025-09-15T15:02:00Z,233.62
AMZN,2025-09-15T15:03:00Z,233.57
AMZN,2025-09-15T15:04:00Z,233.56
AMZN,2025-09-15T15:05:00Z,233.63
AMZN,2025-09-15T15:06:00Z,233.43
AMZN,2025-09-15T15:07:00Z,233.43
AMZN,2025-09-15T15:08:00Z,233.435
AMZN,2025-09-15T15:09:00Z,233.42
AMZN,2025-09-15T15:10:00Z,233.065
AMZN,2025-09-15T15:11:00Z,233.08
AMZN,2025-09-15T15:12:00Z,233.14
AMZN,2025-09-15T15:13:00Z,233.135
AMZN,2025-09-15T15:14:00Z,233.17
AMZN,2025-09-15T15:15:00Z,233.12
AMZN,2025-09-15T15:16:00Z,232.845
AMZN,2025-09-15T15:17:00Z,232.88
AMZN,2025-09-15T15:18:00Z,232.905
AMZN,2025-09-15T15:19:00Z,232.87
AMZN,2025-09-15T15:20:00Z,232.68
AMZN,2025-09-15T15:21:00Z,232.7
AMZN,2025-09-15T15:22:00Z,232.96
AMZN,2025-09-15T15:23:00Z,232.73
AMZN,2025-09-15T15:24:00Z,232.75
AMZN,2025-09-15T15:25:00Z,232.72
AMZN,2025-09-15T15:26:00Z,232.84
AMZN,2025-09-15T15:27:00Z,233.02
AMZN,2025-09-15T15:28:00Z,232.94
AMZN,2025-09-15T15:29:00Z,232.83
AMZN,2025-09-15T15:30:00Z,232.74
AMZN,2025-09-15T15:31:00Z,232.52
AMZN,2025-09-15T15:32:00Z,232.55
AMZN,2025-09-15T15:33:00Z,232.55
AMZN,2025-09-15T15:34:00Z,232.52
AMZN,2025-09-15T15:35:00Z,232.52
AMZN,2025-09-15T15:36:00Z,232.55
AMZN,2025-09-15T15:37:00Z,232.54
AMZN,2025-09-15T15:38:00Z,232.54
AMZN,2025-09-15T15:39:00Z,232.52
AMZN,2025-09-15T15:40:00Z,232.625
AMZN,2025-09-15T15:41:00Z,232.68
AMZN,2025-09-15T15:42:00Z,232.72
AMZN,2025-09-15T15:43:00Z,232.65
AMZN,2025-09-15T15:44:00Z,232.62
AMZN,2025-09-15T15:45:00Z,232.66
AMZN,2025-09-15T15:46:00Z,232.585
AMZN,2025-09-15T15:47:00Z,232.62
AMZN,2025-09-15T15:48:00Z,232.58
AMZN,2025-09-15T15:49:00Z,232.6
AMZN,2025-09-15T15:50:00Z,232.64
AMZN,2025-09-15T15:51:00Z,232.58
AMZN,2025-09-15T15:52:00Z,232.69
AMZN,2025-09-15T15:53:00Z,232.56
AMZN,2025-09-15T15:54:00Z,232.53
AMZN,2025-09-15T15:55:00Z,232.58
AMZN,2025-09-15T15:56:00Z,232.56
AMZN,2025-09-15T15:57:00Z,232.63
AMZN,2025-09-15T15:58:00Z,232.61
AMZN,2025-09-15T15:59:00Z,232.62
AMZN,2025-09-15T16:00:00Z,232.725
AMZN,2025-09-15T16:01:00Z,232.83
AMZN,2025-09-15T16:02:00Z,232.95
AMZN,2025-09-15T16:03:00Z,232.98
AMZN,2025-09-15T16:04:00Z,232.97
AMZN,2025-09-15T16:05:00Z,232.86
AMZN,2025-09-15T16:06:00Z,232.7
AMZN,2025-09-15T16:07:00Z,232.85
AMZN,2025-09-15T16:08:00Z,232.82
AMZN,2025-09-15T16:09:00Z,232.89
AMZN,2025-09-15T16:10:00Z,233.055
AMZN,2025-09-15T16:11:00Z,233.09
AMZN,2025-09-15T16:12:00Z,233.05
AMZN,2025-09-15T16:13:00Z,233.0
AMZN,2025-09-15T16:14:00Z,232.985
AMZN,2025-09-15T16:15:00Z,232.96
AMZN,2025-09-15T16:16:00Z,233.035
AMZN,2025-09-15T16:17:00Z,232.965
AMZN,2025-09-15T16:18:00Z,233.075
AMZN,2025-09-15T16:19:00Z,232.97
AMZN,2025-09-15T16:20:00Z,232.795
AMZN,2025-09-15T16:21:00Z,232.555
AMZN,2025-09-15T16:22:00Z,232.52
AMZN,2025-09-15T16:23:00Z,232.48
AMZN,2025-09-15T16:24:00Z,232.27
AMZN,2025-09-15T16:25:00Z,232.22
AMZN,2025-09-15T16:26:00Z,232.13
AMZN,2025-09-15T16:27:00Z,232.125
AMZN,2025-09-15T16:28:00Z,231.96
AMZN,2025-09-15T16:29:00Z,231.97
AMZN,2025-09-15T16:30:00Z,231.91
AMZN,2025-09-15T16:31:00Z,231.91
AMZN,2025-09-15T16:32:00Z,232.18
AMZN,2025-09-15T16:33:00Z,232.1
AMZN,2025-09-15T16:34:00Z,232.215
AMZN,2025-09-15T16:35:00Z,232.1
AMZN,2025-09-15T16:36:00Z,232.07
AMZN,2025-09-15T16:37:00Z,231.97
AMZN,2025-09-15T16:38:00Z,232.0
AMZN,2025-09-15T16:39:00Z,231.96
AMZN,2025-09-15T16:40:00Z,231.95
AMZN,2025-09-15T16:41:00Z,231.9
AMZN,2025-09-15T16:42:00Z,231.81
AMZN,2025-09-15T16:43:00Z,231.905
AMZN,2025-09-15T16:44:00Z,231.97
AMZN,2025-09-15T16:45:00Z,231.84
AMZN,2025-09-15T16:46:00Z,231.86
AMZN,2025-09-15T16:47:00Z,231.86
AMZN,2025-09-15T16:48:00Z,231.885
AMZN,2025-09-15T16:49:00Z,231.88
AMZN,2025-09-15T16:50:00Z,231.81
AMZN,2025-09-15T16:51:00Z,231.885
AMZN,2025-09-15T16:52:00Z,231.865
AMZN,2025-09-15T16:53:00Z,231.86
AMZN,2025-09-15T16:54:00Z,231.74
AMZN,2025-09-15T16:55:00Z,231.81
AMZN,2025-09-15T16:56:00Z,231.88
AMZN,2025-09-15T16:57:00Z,231.81
AMZN,2025-09-15T16:58:00Z,231.83
AMZN,2025-09-15T16:59:00Z,231.81
AMZN,2025-09-15T17:00:00Z,231.73
AMZN,2025-09-15T17:01:00Z,231.825
AMZN,2025-09-15T17:02:00Z,231.81
AMZN,2025-09-15T17:03:00Z,231.66
AMZN,2025-09-15T17:04:00Z,231.51
AMZN,2025-09-15T17:05:00Z,231.645
AMZN,2025-09-15T17:06:00Z,231.72
AMZN,2025-09-15T17:07:00Z,231.63
AMZN,2025-09-15T17:08:00Z,231.67
AMZN,2025-09-15T17:09:00Z,231.575
AMZN,2025-09-15T17:10:00Z,231.45
AMZN,2025-09-15T17:11:00Z,231.26
AMZN,2025-09-15T17:12:00Z,231.32
AMZN,2025-09-15T17:13:00Z,231.545
AMZN,2025-09-15T17:14:00Z,231.535
AMZN,2025-09-15T17:15:00Z,231.52
AMZN,2025-09-15T17:16:00Z,231.575
AMZN,2025-09-15T17:17:00Z,231.55
XLY,2025-09-15T14:42:00Z,241.675
XLY,2025-09-15T14:44:00Z,241.93
XLY,2025-09-15T14:45:00Z,241.925
XLY,2025-09-15T14:46:00Z,241.92
XLY,2025-09-15T14:47:00Z,241.93
XLY,2025-09-15T14:48:00Z,241.95
XLY,2025-09-15T14:50:00Z,241.95
XLY,2025-09-15T14:52:00Z,242.08
XLY,2025-09-15T14:54:00Z,242.15
XLY,2025-09-15T14:55:00Z,242.32
XLY,2025-09-15T14:56:00Z,242.35
XLY,2025-09-15T14:57:00Z,242.415
XLY,2025-09-15T14:59:00Z,242.605
XLY,2025-09-15T15:02:00Z,242.655
XLY,2025-09-15T15:03:00Z,242.67
XLY,2025-09-15T15:05:00Z,242.455
XLY,2025-09-15T15:06:00Z,242.44
XLY,2025-09-15T15:07:00Z,242.345
XLY,2025-09-15T15:08:00Z,242.3
XLY,2025-09-15T15:09:00Z,242.365
XLY,2025-09-15T15:10:00Z,242.25
XLY,2025-09-15T15:13:00Z,242.255
XLY,2025-09-15T15:16:00Z,242.29
XLY,2025-09-15T15:17:00Z,242.3
XLY,2025-09-15T15:18:00Z,242.535
XLY,2025-09-15T15:19:00Z,242.52
XLY,2025-09-15T15:20:00Z,242.42
XLY,2025-09-15T15:21:00Z,242.29
XLY,2025-09-15T15:22:00Z,242.41
XLY,2025-09-15T15:23:00Z,242.265
XLY,2025-09-15T15:28:00Z,242.28
XLY,2025-09-15T15:29:00Z,242.33
XLY,2025-09-15T15:30:00Z,242.26
XLY,2025-09-15T15:31:00Z,242.22
XLY,2025-09-15T15:34:00Z,242.14
XLY,2025-09-15T15:35:00Z,242.1
XLY,2025-09-15T15:36:00Z,242.17
XLY,2025-09-15T15:37:00Z,242.16
XLY,2025-09-15T15:38:00Z,242.075
XLY,2025-09-15T15:39:00Z,241.985
XLY,2025-09-15T15:40:00Z,241.935
XLY,2025-09-15T15:41:00Z,241.95
XLY,2025-09-15T15:42:00Z,242.0
XLY,2025-09-15T15:43:00Z,242.02
XLY,2025-09-15T15:45:00Z,241.915
XLY,2025-09-15T15:46:00Z,241.935
XLY,2025-09-15T15:47:00Z,241.95
XLY,2025-09-15T15:48:00Z,241.92
XLY,2025-09-15T15:52:00Z,241.88
XLY,2025-09-15T15:53:00Z,241.84
XLY,2025-09-15T15:54:00Z,241.87
XLY,2025-09-15T15:55:00Z,241.98
XLY,2025-09-15T15:56:00Z,241.99
XLY,2025-09-15T15:57:00Z,241.95
XLY,2025-09-15T15:58:00Z,241.97
XLY,2025-09-15T15:59:00Z,241.97
XLY,2025-09-15T16:00:00Z,241.91
XLY,2025-09-15T16:02:00Z,242.03
XLY,2025-09-15T16:03:00Z,242.12
XLY,2025-09-15T16:04:00Z,242.08
XLY,2025-09-15T16:05:00Z,242.08
XLY,2025-09-15T16:07:00Z,242.04
XLY,2025-09-15T16:10:00Z,242.05
XLY,2025-09-15T16:11:00Z,242.13
XLY,2025-09-15T16:12:00Z,242.15
XLY,2025-09-15T16:13:00Z,242.22
XLY,2025-09-15T16:14:00Z,242.295
XLY,2025-09-15T16:16:00Z,242.22
XLY,2025-09-15T16:17:00Z,242.2
XLY,2025-09-15T16:18:00Z,242.225
XLY,2025-09-15T16:19:00Z,242.23
XLY,2025-09-15T16:20:00Z,242.085
XLY,2025-09-15T16:21:00Z,242.045
XLY,2025-09-15T16:22:00Z,241.925
XLY,2025-09-15T16:23:00Z,241.915
XLY,2025-09-15T16:24:00Z,241.83
XLY,2025-09-15T16:25:00Z,241.755
XLY,2025-09-15T16:26:00Z,241.695
XLY,2025-09-15T16:29:00Z,241.7
XLY,2025-09-15T16:30:00Z,241.71
XLY,2025-09-15T16:31:00Z,241.805
XLY,2025-09-15T16:32:00Z,241.87
XLY,2025-09-15T16:35:00Z,241.83
XLY,2025-09-15T16:36:00Z,241.78
XLY,2025-09-15T16:37:00Z,241.66
XLY,2025-09-15T16:38:00Z,241.62
XLY,2025-09-15T16:39:00Z,241.64
XLY,2025-09-15T16:40:00Z,241.525
XLY,2025-09-15T16:42:00Z,241.5
XLY,2025-09-15T16:43:00Z,241.48
XLY,2025-09-15T16:45:00Z,241.48
XLY,2025-09-15T16:46:00Z,241.41
XLY,2025-09-15T16:47:00Z,241.43
XLY,2025-09-15T16:48:00Z,241.5
XLY,2025-09-15T16:49:00Z,241.49
XLY,2025-09-15T16:50:00Z,241.48
XLY,2025-09-15T16:51:00Z,241.48
XLY,2025-09-15T16:52:00Z,241.47
XLY,2025-09-15T16:56:00Z,241.455
XLY,2025-09-15T16:57:00Z,241.44
XLY,2025-09-15T16:58:00Z,241.38
XLY,2025-09-15T17:00:00Z,241.34
XLY,2025-09-15T17:02:00Z,241.375
XLY,2025-09-15T17:04:00Z,241.46
XLY,2025-09-15T17:06:00Z,241.495
XLY,2025-09-15T17:11:00Z,241.505
XLY,2025-09-15T17:12:00Z,241.51
XLY,2025-09-15T17:13:00Z,241.54
XLY,2025-09-15T17:14:00Z,241.505
XLY,2025-09-15T17:15:00Z,241.51
XLY,2025-09-15T17:16:00Z,241.46
XLY,2025-09-15T17:17:00Z,241.39
ITA,2025-09-19T15:59:00Z,202.575
ITA,2025-09-19T16:06:00Z,202.53
ITA,2025-09-19T16:29:00Z,202.61
ITA,2025-09-19T16:34:00Z,202.63
ITA,2025-09-19T16:43:00Z,202.78
ITA,2025-09-19T17:02:00Z,202.765
ITA,2025-09-19T17:05:00Z,202.69
ITA,2025-09-19T17:06:00Z,202.79
ITA,2025-09-19T17:08:00Z,202.74
ITA,2025-09-19T17:19:00Z,202.8
ITA,2025-09-19T17:22:00Z,202.8
ITA,2025-09-19T17:38:00Z,202.79
ITA,2025-09-19T17:40:00Z,202.81
ITA,2025-09-19T17:57:00Z,202.79
ITA,2025-09-19T17:58:00Z,202.965
ITA,2025-09-19T18:01:00Z,202.91
ITA,2025-09-19T18:05:00Z,203.0
ITA,2025-09-19T18:12:00Z,203.38
ITA,2025-09-19T18:16:00Z,203.31
ITA,2025-09-19T18:27:00Z,203.08
BA,2025-09-19T15:59:00Z,214.215
BA,2025-09-19T16:00:00Z,214.22
BA,2025-09-19T16:01:00Z,214.17
BA,2025-09-19T16:02:00Z,214.18
BA,2025-09-19T16:03:00Z,214.24
BA,2025-09-19T16:04:00Z,214.2
BA,2025-09-19T16:06:00Z,214.14
BA,2025-09-19T16:07:00Z,214.12
BA,2025-09-19T16:08:00Z,213.935
BA,2025-09-19T16:09:00Z,213.91
BA,2025-09-19T16:10:00Z,213.9
BA,2025-09-19T16:11:00Z,213.925
BA,2025-09-19T16:12:00Z,213.96
BA,2025-09-19T16:13:00Z,214.02
BA,2025-09-19T16:14:00Z,214.0
BA,2025-09-19T16:15:00Z,213.99
BA,2025-09-19T16:16:00Z,213.95
BA,2025-09-19T16:17:00Z,213.875
BA,2025-09-19T16:18:00Z,213.99
BA,2025-09-19T16:20:00Z,214.045
BA,2025-09-19T16:21:00Z,214.08
BA,2025-09-19T16:22:00Z,214.26
BA,2025-09-19T16:23:00Z,214.28
BA,2025-09-19T16:25:00Z,214.26
BA,2025-09-19T16:26:00Z,214.195
BA,2025-09-19T16:27:00Z,214.195
BA,2025-09-19T16:32:00Z,214.1
BA,2025-09-19T16:33:00Z,214.085
BA,2025-09-19T16:34:00Z,214.2
BA,2025-09-19T16:35:00Z,214.11
BA,2025-09-19T16:36:00Z,213.9
BA,2025-09-19T16:38:00Z,213.82
BA,2025-09-19T16:39:00Z,213.8
BA,2025-09-19T16:40:00Z,213.97
BA,2025-09-19T16:43:00Z,214.12
BA,2025-09-19T16:44:00Z,213.96
BA,2025-09-19T16:45:00Z,213.85
BA,2025-09-19T16:46:00Z,213.76
BA,2025-09-19T16:47:00Z,213.73
BA,2025-09-19T16:49:00Z,213.68
BA,2025-09-19T16:50:00Z,213.72
BA,2025-09-19T16:51:00Z,213.72
BA,2025-09-19T16:53:00Z,213.77
BA,2025-09-19T16:55:00Z,213.97
BA,2025-09-19T16:56:00Z,214.29
BA,2025-09-19T16:57:00Z,214.185
BA,2025-09-19T16:58:00Z,214.2
BA,2025-09-19T16:59:00Z,214.3
BA,2025-09-19T17:00:00Z,214.3
BA,2025-09-19T17:05:00Z,214.09
BA,2025-09-19T17:07:00Z,214.19
BA,2025-09-19T17:08:00Z,214.15
BA,2025-09-19T17:09:00Z,214.15
BA,2025-09-19T17:17:00Z,214.02
BA,2025-09-19T17:18:00Z,213.98
BA,2025-09-19T17:19:00Z,214.0
BA,2025-09-19T17:20:00Z,214.03
BA,2025-09-19T17:21:00Z,214.035
BA,2025-09-19T17:22:00Z,214.1
BA,2025-09-19T17:25:00Z,214.08
BA,2025-09-19T17:26:00Z,213.98
BA,2025-09-19T17:27:00Z,213.9
BA,2025-09-19T17:28:00Z,213.73
BA,2025-09-19T17:29:00Z,213.7
BA,2025-09-19T17:30:00Z,213.74
BA,2025-09-19T17:32:00Z,213.74
BA,2025-09-19T17:33:00Z,213.805
BA,2025-09-19T17:34:00Z,213.77
BA,2025-09-19T17:35:00Z,213.8
BA,2025-09-19T17:36:00Z,213.73
BA,2025-09-19T17:37:00Z,213.86
BA,2025-09-19T17:39:00Z,213.69
BA,2025-09-19T17:40:00Z,213.77
BA,2025-09-19T17:41:00Z,213.85
BA,2025-09-19T17:42:00Z,213.855
BA,2025-09-19T17:44:00Z,214.02
BA,2025-09-19T17:45:00Z,214.05
BA,2025-09-19T17:46:00Z,214.2
BA,2025-09-19T17:47:00Z,214.09
BA,2025-09-19T17:48:00Z,214.09
BA,2025-09-19T17:50:00Z,213.875
BA,2025-09-19T17:51:00Z,213.87
BA,2025-09-19T17:53:00Z,213.765
BA,2025-09-19T17:54:00Z,213.75
BA,2025-09-19T17:55:00Z,213.77
BA,2025-09-19T17:57:00Z,213.82
BA,2025-09-19T17:58:00Z,214.48
BA,2025-09-19T17:59:00Z,214.2
BA,2025-09-19T18:00:00Z,214.27
BA,2025-09-19T18:01:00Z,214.23
BA,2025-09-19T18:02:00Z,214.24
BA,2025-09-19T18:04:00Z,214.18
BA,2025-09-19T18:05:00Z,214.2
BA,2025-09-19T18:06:00Z,214.59
BA,2025-09-19T18:07:00Z,214.63
BA,2025-09-19T18:08:00Z,214.775
BA,2025-09-19T18:09:00Z,214.935
BA,2025-09-19T18:10:00Z,214.8
BA,2025-09-19T18:11:00Z,214.88
BA,2025-09-19T18:12:00Z,214.825
BA,2025-09-19T18:13:00Z,214.81
BA,2025-09-19T18:14:00Z,214.78
BA,2025-09-19T18:15:00Z,214.755
BA,2025-09-19T18:16:00Z,214.725
BA,2025-09-19T18:18:00Z,214.835
BA,2025-09-19T18:19:00Z,214.65
BA,2025-09-19T18:20:00Z,214.51
BA,2025-09-19T18:21:00Z,214.51
BA,2025-09-19T18:23:00Z,214.33
BA,2025-09-19T18:24:00Z,214.35
BA,2025-09-19T18:26:00Z,214.315
BA,2025-09-19T18:27:00Z,214.3
BA,2025-09-19T18:28:00Z,214.22
BA,2025-09-19T18:29:00Z,214.27
BA,2025-09-19T18:31:00Z,214.17
BA,2025-09-19T18:32:00Z,214.335
BA,2025-09-19T18:33:00Z,214.31
LMT,2025-09-19T16:02:00Z,472.65
LMT,2025-09-19T16:19:00Z,473.07
LMT,2025-09-19T16:42:00Z,473.02
LMT,2025-09-19T16:53:00Z,473.53
LMT,2025-09-19T16:56:00Z,473.33
LMT,2025-09-19T17:03:00Z,472.69
LMT,2025-09-19T17:08:00Z,472.63
LMT,2025-09-19T17:11:00Z,473.175
LMT,2025-09-19T17:13:00Z,473.25
LMT,2025-09-19T17:21:00Z,473.235
LMT,2025-09-19T17:28:00Z,474.055
LMT,2025-09-19T17:31:00Z,473.98
LMT,2025-09-19T17:36:00Z,474.385
LMT,2025-09-19T17:43:00Z,474.49
LMT,2025-09-19T17:51:00Z,474.12
LMT,2025-09-19T17:57:00Z,473.865
LMT,2025-09-19T17:58:00Z,474.06
LMT,2025-09-19T17:59:00Z,474.0
LMT,2025-09-19T18:08:00Z,474.035
LMT,2025-09-19T18:12:00Z,474.0
LMT,2025-09-19T18:17:00Z,473.65
LMT,2025-09-19T18:31:00Z,473.81
BA,2025-09-23T13:30:00Z,216.14
BA,2025-09-23T13:31:00Z,216.79
BA,2025-09-23T13:32:00Z,215.64
BA,2025-09-23T13:33:00Z,215.85
BA,2025-09-23T13:34:00Z,215.97
BA,2025-09-23T13:35:00Z,216.225
BA,2025-09-23T13:36:00Z,216.25
BA,2025-09-23T13:37:00Z,216.24
BA,2025-09-23T13:38:00Z,216.0
BA,2025-09-23T13:39:00Z,215.345
BA,2025-09-23T13:40:00Z,216.04
BA,2025-09-23T13:41:00Z,216.03
BA,2025-09-23T13:42:00Z,215.56
BA,2025-09-23T13:43:00Z,215.14
BA,2025-09-23T13:44:00Z,215.79
BA,2025-09-23T13:45:00Z,215.5
BA,2025-09-23T13:46:00Z,215.88
BA,2025-09-23T13:47:00Z,216.19
BA,2025-09-23T13:48:00Z,215.99
BA,2025-09-23T13:49:00Z,215.65
BA,2025-09-23T13:50:00Z,215.67
BA,2025-09-23T13:51:00Z,215.675
BA,2025-09-23T13:52:00Z,216.13
BA,2025-09-23T13:53:00Z,216.58
BA,2025-09-23T13:54:00Z,216.9
BA,2025-09-23T13:55:00Z,217.2
BA,2025-09-23T13:56:00Z,217.65
BA,2025-09-23T13:57:00Z,218.59
BA,2025-09-23T13:58:00Z,218.84
BA,2025-09-23T13:59:00Z,218.53
BA,2025-09-23T14:00:00Z,218.67
BA,2025-09-23T14:01:00Z,218.21
BA,2025-09-23T14:02:00Z,218.64
BA,2025-09-23T14:03:00Z,218.5
BA,2025-09-23T14:04:00Z,218.275
BA,2025-09-23T14:05:00Z,218.24
ITA,2025-09-23T13:30:00Z,204.63
ITA,2025-09-23T13:33:00Z,204.99
ITA,2025-09-23T13:40:00Z,205.44
ITA,2025-09-23T13:56:00Z,206.15
ITA,2025-09-23T13:57:00Z,206.27
ITA,2025-09-23T14:04:00Z,206.48
MSFT,2025-09-26T19:14:00Z,511.32
MSFT,2025-09-26T19:15:00Z,511.24
MSFT,2025-09-26T19:16:00Z,511.39
MSFT,2025-09-26T19:17:00Z,511.345
MSFT,2025-09-26T19:18:00Z,511.35
MSFT,2025-09-26T19:19:00Z,511.21
MSFT,2025-09-26T19:20:00Z,511.27
MSFT,2025-09-26T19:21:00Z,511.3
MSFT,2025-09-26T19:22:00Z,511.41
MSFT,2025-09-26T19:23:00Z,511.68
MSFT,2025-09-26T19:25:00Z,511.63
MSFT,2025-09-26T19:26:00Z,511.76
MSFT,2025-09-26T19:27:00Z,511.7
MSFT,2025-09-26T19:28:00Z,511.66
MSFT,2025-09-26T19:29:00Z,511.635
MSFT,2025-09-26T19:30:00Z,511.67
MSFT,2025-09-26T19:31:00Z,511.575
MSFT,2025-09-26T19:32:00Z,511.45
MSFT,2025-09-26T19:33:00Z,511.43
MSFT,2025-09-26T19:34:00Z,511.38
MSFT,2025-09-26T19:35:00Z,511.56
MSFT,2025-09-26T19:36:00Z,511.56
MSFT,2025-09-26T19:37:00Z,511.8
MSFT,2025-09-26T19:38:00Z,511.965
MSFT,2025-09-26T19:39:00Z,511.785
MSFT,2025-09-26T19:40:00Z,511.82
MSFT,2025-09-26T19:41:00Z,511.88
MSFT,2025-09-26T19:42:00Z,511.85
MSFT,2025-09-26T19:43:00Z,511.68
MSFT,2025-09-26T19:44:00Z,511.8
MSFT,2025-09-26T19:45:00Z,511.92
MSFT,2025-09-26T19:46:00Z,511.82
MSFT,2025-09-26T19:48:00Z,511.75
MSFT,2025-09-26T19:49:00Z,511.84
MSFT,2025-09-26T19:50:00Z,511.56
MSFT,2025-09-26T19:51:00Z,511.35
MSFT,2025-09-26T19:52:00Z,511.01
MSFT,2025-09-26T19:53:00Z,511.14
MSFT,2025-09-26T19:54:00Z,511.2
MSFT,2025-09-26T19:55:00Z,510.77
MSFT,2025-09-26T19:56:00Z,510.73
MSFT,2025-09-26T19:57:00Z,511.35
MSFT,2025-09-26T19:58:00Z,511.61
MSFT,2025-09-26T19:59:00Z,511.43
MSFT,2025-09-29T13:30:00Z,511.64
MSFT,2025-09-29T13:31:00Z,511.64
MSFT,2025-09-29T13:32:00Z,512.12
MSFT,2025-09-29T13:33:00Z,511.96
MSFT,2025-09-29T13:34:00Z,511.91
MSFT,2025-09-29T13:35:00Z,511.475
MSFT,2025-09-29T13:36:00Z,512.075
MSFT,2025-09-29T13:37:00Z,511.495
MSFT,2025-09-29T13:38:00Z,511.565
MSFT,2025-09-29T13:39:00Z,512.17
MSFT,2025-09-29T13:40:00Z,512.21
MSFT,2025-09-29T13:41:00Z,512.47
MSFT,2025-09-29T13:42:00Z,512.35
MSFT,2025-09-29T13:43:00Z,513.3
MSFT,2025-09-29T13:44:00Z,513.735
MSFT,2025-09-29T13:45:00Z,514.2
MSFT,2025-09-29T13:46:00Z,513.93
MSFT,2025-09-29T13:47:00Z,514.545
MSFT,2025-09-29T13:48:00Z,514.58
MSFT,2025-09-29T13:49:00Z,515.36
MSFT,2025-09-29T13:50:00Z,515.5
MSFT,2025-09-29T13:51:00Z,515.37
MSFT,2025-09-29T13:52:00Z,514.58
MSFT,2025-09-29T13:53:00Z,515.24
MSFT,2025-09-29T13:54:00Z,515.75
MSFT,2025-09-29T13:55:00Z,515.205
MSFT,2025-09-29T13:56:00Z,514.87
MSFT,2025-09-29T13:57:00Z,515.16
MSFT,2025-09-29T13:58:00Z,514.97
MSFT,2025-09-29T13:59:00Z,515.415
MSFT,2025-09-29T14:00:00Z,515.46
MSFT,2025-09-29T14:01:00Z,515.345
MSFT,2025-09-29T14:02:00Z,515.67
MSFT,2025-09-29T14:03:00Z,515.47
MSFT,2025-09-29T14:04:00Z,515.185
MSFT,2025-09-29T14:05:00Z,515.66
XLK,2025-09-26T19:15:00Z,278.705
XLK,2025-09-26T19:16:00Z,278.765
XLK,2025-09-26T19:17:00Z,278.835
XLK,2025-09-26T19:18:00Z,278.845
XLK,2025-09-26T19:19:00Z,278.85
XLK,2025-09-26T19:21:00Z,278.835
XLK,2025-09-26T19:23:00Z,278.93
XLK,2025-09-26T19:24:00Z,278.95
XLK,2025-09-26T19:26:00Z,278.895
XLK,2025-09-26T19:28:00Z,278.935
XLK,2025-09-26T19:29:00Z,278.86
XLK,2025-09-26T19:30:00Z,278.855
XLK,2025-09-26T19:33:00Z,278.765
XLK,2025-09-26T19:35:00Z,278.725
XLK,2025-09-26T19:37:00Z,278.7
XLK,2025-09-26T19:38:00Z,278.79
XLK,2025-09-26T19:39:00Z,278.73
XLK,2025-09-26T19:40:00Z,278.74
XLK,2025-09-26T19:41:00Z,278.75
XLK,2025-09-26T19:42:00Z,278.77
XLK,2025-09-26T19:43:00Z,278.785
XLK,2025-09-26T19:45:00Z,278.745
XLK,2025-09-26T19:47:00Z,278.665
XLK,2025-09-26T19:48:00Z,278.76
XLK,2025-09-26T19:50:00Z,278.64
XLK,2025-09-26T19:51:00Z,278.63
XLK,2025-09-26T19:52:00Z,278.6
XLK,2025-09-26T19:53:00Z,278.58
XLK,2025-09-26T19:54:00Z,278.67
XLK,2025-09-26T19:55:00Z,278.73
XLK,2025-09-26T19:56:00Z,278.71
XLK,2025-09-26T19:57:00Z,278.86
XLK,2025-09-26T19:58:00Z,278.89
XLK,2025-09-26T19:59:00Z,278.79
XLK,2025-09-29T13:30:00Z,280.82
XLK,2025-09-29T13:31:00Z,280.86
XLK,2025-09-29T13:32:00Z,280.89
XLK,2025-09-29T13:33:00Z,281.09
XLK,2025-09-29T13:34:00Z,281.08
XLK,2025-09-29T13:35:00Z,280.98
XLK,2025-09-29T13:36:00Z,281.17
XLK,2025-09-29T13:37:00Z,281.09
XLK,2025-09-29T13:38:00Z,281.15
XLK,2025-09-29T13:39:00Z,280.905
XLK,2025-09-29T13:40:00Z,280.935
XLK,2025-09-29T13:41:00Z,281.03
XLK,2025-09-29T13:42:00Z,281.095
XLK,2025-09-29T13:43:00Z,281.31
XLK,2025-09-29T13:44:00Z,281.59
XLK,2025-09-29T13:45:00Z,281.56
XLK,2025-09-29T13:46:00Z,281.79
XLK,2025-09-29T13:47:00Z,281.85
XLK,2025-09-29T13:48:00Z,281.77
XLK,2025-09-29T13:50:00Z,281.535
XLK,2025-09-29T13:51:00Z,281.49
XLK,2025-09-29T13:52:00Z,281.43
XLK,2025-09-29T13:53:00Z,281.615
XLK,2025-09-29T13:54:00Z,281.63
XLK,2025-09-29T13:55:00Z,281.445
XLK,2025-09-29T13:56:00Z,281.5
XLK,2025-09-29T13:57:00Z,281.54
XLK,2025-09-29T13:58:00Z,281.46
XLK,2025-09-29T13:59:00Z,281.45
XLK,2025-09-29T14:00:00Z,281.66
XLK,2025-09-29T14:01:00Z,281.21
XLK,2025-09-29T14:02:00Z,281.25
XLK,2025-09-29T14:03:00Z,281.295
XLK,2025-09-29T14:04:00Z,281.27
XLK,2025-09-29T14:05:00Z,281.33
AMZN,2025-10-10T13:30:00Z,227.19
AMZN,2025-10-10T13:31:00Z,227.22
AMZN,2025-10-10T13:32:00Z,226.86
AMZN,2025-10-10T13:33:00Z,226.29
AMZN,2025-10-10T13:34:00Z,226.905
AMZN,2025-10-10T13:35:00Z,226.88
AMZN,2025-10-10T13:36:00Z,226.62
AMZN,2025-10-10T13:37:00Z,227.55
AMZN,2025-10-10T13:38:00Z,227.39
AMZN,2025-10-10T13:39:00Z,227.26
AMZN,2025-10-10T13:40:00Z,227.475
AMZN,2025-10-10T13:41:00Z,227.28
AMZN,2025-10-10T13:42:00Z,227.305
AMZN,2025-10-10T13:43:00Z,227.64
AMZN,2025-10-10T13:44:00Z,228.01
AMZN,2025-10-10T13:45:00Z,228.24
AMZN,2025-10-10T13:46:00Z,227.82
AMZN,2025-10-10T13:47:00Z,227.63
AMZN,2025-10-10T13:48:00Z,227.425
AMZN,2025-10-10T13:49:00Z,227.325
AMZN,2025-10-10T13:50:00Z,226.86
AMZN,2025-10-10T13:51:00Z,226.835
AMZN,2025-10-10T13:52:00Z,227.01
AMZN,2025-10-10T13:53:00Z,227.06
AMZN,2025-10-10T13:54:00Z,226.98
AMZN,2025-10-10T13:55:00Z,227.08
AMZN,2025-10-10T13:56:00Z,227.155
AMZN,2025-10-10T13:57:00Z,227.03
AMZN,2025-10-10T13:58:00Z,227.12
AMZN,2025-10-10T13:59:00Z,227.01
AMZN,2025-10-10T14:00:00Z,226.99
AMZN,2025-10-10T14:01:00Z,226.43
AMZN,2025-10-10T14:02:00Z,226.655
AMZN,2025-10-10T14:03:00Z,226.45
AMZN,2025-10-10T14:04:00Z,226.7
AMZN,2025-10-10T14:05:00Z,226.77
XLY,2025-10-10T13:30:00Z,235.65
XLY,2025-10-10T13:31:00Z,235.84
XLY,2025-10-10T13:32:00Z,235.72
XLY,2025-10-10T13:34:00Z,235.625
XLY,2025-10-10T13:35:00Z,235.845
XLY,2025-10-10T13:36:00Z,236.03
XLY,2025-10-10T13:38:00Z,236.07
XLY,2025-10-10T13:42:00Z,235.8
XLY,2025-10-10T13:43:00Z,235.88
XLY,2025-10-10T13:44:00Z,236.07
XLY,2025-10-10T13:45:00Z,236.26
XLY,2025-10-10T13:46:00Z,236.37
XLY,2025-10-10T13:47:00Z,236.0
XLY,2025-10-10T13:49:00Z,235.71
XLY,2025-10-10T13:50:00Z,235.55
XLY,2025-10-10T13:51:00Z,235.47
XLY,2025-10-10T13:52:00Z,235.465
XLY,2025-10-10T13:53:00Z,235.57
XLY,2025-10-10T13:54:00Z,235.6
XLY,2025-10-10T13:56:00Z,235.715
XLY,2025-10-10T13:57:00Z,235.71
XLY,2025-10-10T13:59:00Z,235.81
XLY,2025-10-10T14:00:00Z,235.84
XLY,2025-10-10T14:01:00Z,235.63
XLY,2025-10-10T14:02:00Z,235.61
XLY,2025-10-10T14:03:00Z,235.59
XLY,2025-10-10T14:05:00Z,235.32
AMZN,2025-10-27T13:30:00Z,227.87
AMZN,2025-10-27T13:31:00Z,228.14
AMZN,2025-10-27T13:32:00Z,227.46
AMZN,2025-10-27T13:33:00Z,227.24
AMZN,2025-10-27T13:34:00Z,227.04
AMZN,2025-10-27T13:35:00Z,226.86
AMZN,2025-10-27T13:36:00Z,226.91
AMZN,2025-10-27T13:37:00Z,227.17
AMZN,2025-10-27T13:38:00Z,227.27
AMZN,2025-10-27T13:39:00Z,227.42
AMZN,2025-10-27T13:40:00Z,226.94
AMZN,2025-10-27T13:41:00Z,226.84
AMZN,2025-10-27T13:42:00Z,227.32
AMZN,2025-10-27T13:43:00Z,227.21
AMZN,2025-10-27T13:44:00Z,227.485
AMZN,2025-10-27T13:45:00Z,227.05
AMZN,2025-10-27T13:46:00Z,227.125
AMZN,2025-10-27T13:47:00Z,227.33
AMZN,2025-10-27T13:48:00Z,227.225
AMZN,2025-10-27T13:49:00Z,227.33
AMZN,2025-10-27T13:50:00Z,227.65
AMZN,2025-10-27T13:51:00Z,227.775
AMZN,2025-10-27T13:52:00Z,227.94
AMZN,2025-10-27T13:53:00Z,228.02
AMZN,2025-10-27T13:54:00Z,227.99
AMZN,2025-10-27T13:55:00Z,228.03
AMZN,2025-10-27T13:56:00Z,227.9
AMZN,2025-10-27T13:57:00Z,227.88
AMZN,2025-10-27T13:58:00Z,227.795
AMZN,2025-10-27T13:59:00Z,227.845
AMZN,2025-10-27T14:00:00Z,227.8
AMZN,2025-10-27T14:01:00Z,227.9
AMZN,2025-10-27T14:02:00Z,227.97
AMZN,2025-10-27T14:03:00Z,228.03
AMZN,2025-10-27T14:04:00Z,228.03
AMZN,2025-10-27T14:05:00Z,228.31
XLY,2025-10-27T13:30:00Z,239.94
XLY,2025-10-27T13:31:00Z,240.08
XLY,2025-10-27T13:32:00Z,240.32
XLY,2025-10-27T13:33:00Z,240.17
XLY,2025-10-27T13:34:00Z,240.05
XLY,2025-10-27T13:35:00Z,239.905
XLY,2025-10-27T13:36:00Z,239.67
XLY,2025-10-27T13:37:00Z,240.14
XLY,2025-10-27T13:39:00Z,240.44
XLY,2025-10-27T13:40:00Z,240.48
XLY,2025-10-27T13:41:00Z,240.27
XLY,2025-10-27T13:42:00Z,240.25
XLY,2025-10-27T13:43:00Z,240.275
XLY,2025-10-27T13:45:00Z,240.36
XLY,2025-10-27T13:46:00Z,240.425
XLY,2025-10-27T13:47:00Z,240.455
XLY,2025-10-27T13:48:00Z,240.23
XLY,2025-10-27T13:49:00Z,240.17
XLY,2025-10-27T13:50:00Z,240.245
XLY,2025-10-27T13:51:00Z,240.59
XLY,2025-10-27T13:52:00Z,240.51
XLY,2025-10-27T13:53:00Z,240.66
XLY,2025-10-27T13:54:00Z,240.485
XLY,2025-10-27T13:55:00Z,240.515
XLY,2025-10-27T13:57:00Z,240.66
XLY,2025-10-27T13:58:00Z,240.81
XLY,2025-10-27T13:59:00Z,240.74
XLY,2025-10-27T14:00:00Z,240.8
XLY,2025-10-27T14:01:00Z,240.835
XLY,2025-10-27T14:03:00Z,241.07
XLY,2025-10-27T14:04:00Z,240.98
XLY,2025-10-27T14:05:00Z,241.17
AMZN,2025-11-17T20:02:00Z,230.495
AMZN,2025-11-17T20:03:00Z,230.435
AMZN,2025-11-17T20:04:00Z,230.55
AMZN,2025-11-17T20:05:00Z,230.77
AMZN,2025-11-17T20:06:00Z,230.74
AMZN,2025-11-17T20:07:00Z,230.705
AMZN,2025-11-17T20:08:00Z,230.8
AMZN,2025-11-17T20:09:00Z,230.72
AMZN,2025-11-17T20:10:00Z,231.03
AMZN,2025-11-17T20:11:00Z,231.035
AMZN,2025-11-17T20:12:00Z,231.095
AMZN,2025-11-17T20:13:00Z,231.01
AMZN,2025-11-17T20:14:00Z,230.81
AMZN,2025-11-17T20:15:00Z,231.16
AMZN,2025-11-17T20:16:00Z,231.115
AMZN,2025-11-17T20:17:00Z,231.08
AMZN,2025-11-17T20:18:00Z,231.33
AMZN,2025-11-17T20:19:00Z,231.22
AMZN,2025-11-17T20:20:00Z,231.28
AMZN,2025-11-17T20:21:00Z,231.14
AMZN,2025-11-17T20:22:00Z,231.15
AMZN,2025-11-17T20:23:00Z,231.365
AMZN,2025-11-17T20:24:00Z,231.43
AMZN,2025-11-17T20:25:00Z,231.49
AMZN,2025-11-17T20:26:00Z,231.59
AMZN,2025-11-17T20:27:00Z,231.62
AMZN,2025-11-17T20:28:00Z,231.52
AMZN,2025-11-17T20:29:00Z,231.66
AMZN,2025-11-17T20:30:00Z,231.86
AMZN,2025-11-17T20:31:00Z,231.79
AMZN,2025-11-17T20:32:00Z,231.78
AMZN,2025-11-17T20:33:00Z,231.9
AMZN,2025-11-17T20:34:00Z,231.84
AMZN,2025-11-17T20:35:00Z,231.83
AMZN,2025-11-17T20:36:00Z,231.96
AMZN,2025-11-17T20:37:00Z,231.78
AMZN,2025-11-17T20:38:00Z,231.86
AMZN,2025-11-17T20:39:00Z,231.84
AMZN,2025-11-17T20:40:00Z,231.87
AMZN,2025-11-17T20:41:00Z,231.79
AMZN,2025-11-17T20:42:00Z,231.97
AMZN,2025-11-17T20:43:00Z,231.94
AMZN,2025-11-17T20:44:00Z,232.02
AMZN,2025-11-17T20:45:00Z,232.18
AMZN,2025-11-17T20:46:00Z,232.46
AMZN,2025-11-17T20:47:00Z,232.63
AMZN,2025-11-17T20:48:00Z,232.75
AMZN,2025-11-17T20:49:00Z,232.74
AMZN,2025-11-17T20:50:00Z,232.71
AMZN,2025-11-17T20:51:00Z,232.45
AMZN,2025-11-17T20:52:00Z,232.44
AMZN,2025-11-17T20:53:00Z,232.23
AMZN,2025-11-17T20:54:00Z,232.42
AMZN,2025-11-17T20:55:00Z,232.82
AMZN,2025-11-17T20:56:00Z,232.86
AMZN,2025-11-17T20:57:00Z,232.78
AMZN,2025-11-17T20:58:00Z,232.97
AMZN,2025-11-17T20:59:00Z,232.935
AMZN,2025-11-18T14:30:00Z,228.77
AMZN,2025-11-18T14:31:00Z,228.7
AMZN,2025-11-18T14:32:00Z,229.57
AMZN,2025-11-18T14:33:00Z,229.39
AMZN,2025-11-18T14:34:00Z,228.535
AMZN,2025-11-18T14:35:00Z,228.03
AMZN,2025-11-18T14:36:00Z,228.27
AMZN,2025-11-18T14:37:00Z,228.46
AMZN,2025-11-18T14:38:00Z,228.55
AMZN,2025-11-18T14:39:00Z,228.43
AMZN,2025-11-18T14:40:00Z,228.73
AMZN,2025-11-18T14:41:00Z,228.22
AMZN,2025-11-18T14:42:00Z,228.09
AMZN,2025-11-18T14:43:00Z,228.0
AMZN,2025-11-18T14:44:00Z,227.86
AMZN,2025-11-18T14:45:00Z,228.52
AMZN,2025-11-18T14:46:00Z,228.25
AMZN,2025-11-18T14:47:00Z,228.035
AMZN,2025-11-18T14:48:00Z,228.17
AMZN,2025-11-18T14:49:00Z,227.64
AMZN,2025-11-18T14:50:00Z,227.31
AMZN,2025-11-18T14:51:00Z,227.6
AMZN,2025-11-18T14:52:00Z,227.36
AMZN,2025-11-18T14:53:00Z,226.83
AMZN,2025-11-18T14:54:00Z,226.53
AMZN,2025-11-18T14:55:00Z,226.29
AMZN,2025-11-18T14:56:00Z,226.28
AMZN,2025-11-18T14:57:00Z,226.71
AMZN,2025-11-18T14:58:00Z,226.29
AMZN,2025-11-18T14:59:00Z,225.36
AMZN,2025-11-18T15:00:00Z,225.53
AMZN,2025-11-18T15:01:00Z,223.745
AMZN,2025-11-18T15:02:00Z,223.275
AMZN,2025-11-18T15:03:00Z,223.545
AMZN,2025-11-18T15:04:00Z,224.72
AMZN,2025-11-18T15:05:00Z,225.49
XLY,2025-11-17T20:02:00Z,227.58
XLY,2025-11-17T20:03:00Z,227.47
XLY,2025-11-17T20:04:00Z,227.61
XLY,2025-11-17T20:05:00Z,227.78
XLY,2025-11-17T20:07:00Z,227.83
XLY,2025-11-17T20:08:00Z,227.925
XLY,2025-11-17T20:09:00Z,227.79
XLY,2025-11-17T20:10:00Z,228.11
XLY,2025-11-17T20:11:00Z,228.11
XLY,2025-11-17T20:12:00Z,228.11
XLY,2025-11-17T20:13:00Z,227.98
XLY,2025-11-17T20:14:00Z,227.73
XLY,2025-11-17T20:15:00Z,227.93
XLY,2025-11-17T20:16:00Z,228.045
XLY,2025-11-17T20:17:00Z,227.92
XLY,2025-11-17T20:18:00Z,228.06
XLY,2025-11-17T20:19:00Z,227.925
XLY,2025-11-17T20:20:00Z,227.91
XLY,2025-11-17T20:21:00Z,227.91
XLY,2025-11-17T20:22:00Z,227.92
XLY,2025-11-17T20:23:00Z,227.94
XLY,2025-11-17T20:24:00Z,228.07
XLY,2025-11-17T20:25:00Z,228.16
XLY,2025-11-17T20:26:00Z,228.2
XLY,2025-11-17T20:27:00Z,228.12
XLY,2025-11-17T20:28:00Z,228.09
XLY,2025-11-17T20:30:00Z,228.3
XLY,2025-11-17T20:31:00Z,228.22
XLY,2025-11-17T20:32:00Z,228.13
XLY,2025-11-17T20:33:00Z,227.98
XLY,2025-11-17T20:34:00Z,228.02
XLY,2025-11-17T20:35:00Z,228.145
XLY,2025-11-17T20:36:00Z,228.205
XLY,2025-11-17T20:37:00Z,228.03
XLY,2025-11-17T20:38:00Z,227.89
XLY,2025-11-17T20:39:00Z,227.9
XLY,2025-11-17T20:40:00Z,227.95
XLY,2025-11-17T20:41:00Z,227.81
XLY,2025-11-17T20:42:00Z,228.005
XLY,2025-11-17T20:43:00Z,227.83
XLY,2025-11-17T20:44:00Z,228.085
XLY,2025-11-17T20:45:00Z,228.23
XLY,2025-11-17T20:46:00Z,228.46
XLY,2025-11-17T20:47:00Z,228.64
XLY,2025-11-17T20:48:00Z,228.515
XLY,2025-11-17T20:49:00Z,228.695
XLY,2025-11-17T20:50:00Z,228.74
XLY,2025-11-17T20:51:00Z,228.67
XLY,2025-11-17T20:52:00Z,228.7
XLY,2025-11-17T20:53:00Z,228.505
XLY,2025-11-17T20:54:00Z,228.635
XLY,2025-11-17T20:55:00Z,228.86
XLY,2025-11-17T20:56:00Z,228.83
XLY,2025-11-17T20:57:00Z,228.68
XLY,2025-11-17T20:58:00Z,228.795
XLY,2025-11-17T20:59:00Z,228.77
XLY,2025-11-18T14:30:00Z,226.335
XLY,2025-11-18T14:31:00Z,225.795
XLY,2025-11-18T14:32:00Z,226.93
XLY,2025-11-18T14:33:00Z,227.07
XLY,2025-11-18T14:34:00Z,226.38
XLY,2025-11-18T14:35:00Z,226.46
XLY,2025-11-18T14:36:00Z,226.58
XLY,2025-11-18T14:37:00Z,226.86
XLY,2025-11-18T14:38:00Z,226.69
XLY,2025-11-18T14:39:00Z,226.38
XLY,2025-11-18T14:40:00Z,226.49
XLY,2025-11-18T14:41:00Z,226.29
XLY,2025-11-18T14:42:00Z,226.21
XLY,2025-11-18T14:43:00Z,226.23
XLY,2025-11-18T14:44:00Z,226.23
XLY,2025-11-18T14:45:00Z,226.84
XLY,2025-11-18T14:46:00Z,226.525
XLY,2025-11-18T14:47:00Z,226.34
XLY,2025-11-18T14:48:00Z,226.18
XLY,2025-11-18T14:49:00Z,225.865
XLY,2025-11-18T14:50:00Z,225.81
XLY,2025-11-18T14:51:00Z,225.65
XLY,2025-11-18T14:52:00Z,225.53
XLY,2025-11-18T14:53:00Z,225.52
XLY,2025-11-18T14:54:00Z,225.48
XLY,2025-11-18T14:55:00Z,225.34
XLY,2025-11-18T14:56:00Z,225.28
XLY,2025-11-18T14:57:00Z,225.665
XLY,2025-11-18T14:58:00Z,225.485
XLY,2025-11-18T14:59:00Z,225.045
XLY,2025-11-18T15:00:00Z,225.245
XLY,2025-11-18T15:01:00Z,224.59
XLY,2025-11-18T15:02:00Z,224.4
XLY,2025-11-18T15:03:00Z,224.44
XLY,2025-11-18T15:04:00Z,224.44
XLY,2025-11-18T15:05:00Z,224.88
XLY,2025-12-08T14:30:00Z,119.095
XLY,2025-12-08T14:31:00Z,119.04
XLY,2025-12-08T14:32:00Z,119.005
XLY,2025-12-08T14:33:00Z,119.06
XLY,2025-12-08T14:34:00Z,118.94
XLY,2025-12-08T14:35:00Z,118.975
XLY,2025-12-08T14:37:00Z,118.84
XLY,2025-12-08T14:38:00Z,118.78
XLY,2025-12-08T14:39:00Z,118.725
XLY,2025-12-08T14:40:00Z,118.745
XLY,2025-12-08T14:41:00Z,118.83
XLY,2025-12-08T14:42:00Z,118.78
XLY,2025-12-08T14:43:00Z,118.95
XLY,2025-12-08T14:44:00Z,118.92
XLY,2025-12-08T14:45:00Z,118.84
XLY,2025-12-08T14:46:00Z,118.83
XLY,2025-12-08T14:47:00Z,118.975
XLY,2025-12-08T14:48:00Z,118.81
XLY,2025-12-08T14:49:00Z,118.88
XLY,2025-12-08T14:50:00Z,118.825
XLY,2025-12-08T14:51:00Z,118.865
XLY,2025-12-08T14:52:00Z,118.88
XLY,2025-12-08T14:53:00Z,118.965
XLY,2025-12-08T14:54:00Z,119.03
XLY,2025-12-08T14:55:00Z,119.0
XLY,2025-12-08T14:56:00Z,119.035
XLY,2025-12-08T14:57:00Z,119.005
XLY,2025-12-08T14:58:00Z,118.95
XLY,2025-12-08T14:59:00Z,118.94
XLY,2025-12-08T15:00:00Z,118.88
XLY,2025-12-08T15:01:00Z,118.845
XLY,2025-12-08T15:02:00Z,118.895
XLY,2025-12-08T15:03:00Z,118.87
XLY,2025-12-08T15:04:00Z,118.935
XLY,2025-12-08T15:05:00Z,118.85
AMZN,2025-12-08T14:30:00Z,229.2
AMZN,2025-12-08T14:31:00Z,229.0
AMZN,2025-12-08T14:32:00Z,229.23
AMZN,2025-12-08T14:33:00Z,229.575
AMZN,2025-12-08T14:34:00Z,229.81
AMZN,2025-12-08T14:35:00Z,230.38
AMZN,2025-12-08T14:36:00Z,230.335
AMZN,2025-12-08T14:37:00Z,230.08
AMZN,2025-12-08T14:38:00Z,230.27
AMZN,2025-12-08T14:39:00Z,230.16
AMZN,2025-12-08T14:40:00Z,230.62
AMZN,2025-12-08T14:41:00Z,230.345
AMZN,2025-12-08T14:42:00Z,230.025
AMZN,2025-12-08T14:43:00Z,230.57
AMZN,2025-12-08T14:44:00Z,230.35
AMZN,2025-12-08T14:45:00Z,230.075
AMZN,2025-12-08T14:46:00Z,229.77
AMZN,2025-12-08T14:47:00Z,229.84
AMZN,2025-12-08T14:48:00Z,229.22
AMZN,2025-12-08T14:49:00Z,229.425
AMZN,2025-12-08T14:50:00Z,229.6
AMZN,2025-12-08T14:51:00Z,229.51
AMZN,2025-12-08T14:52:00Z,229.5
AMZN,2025-12-08T14:53:00Z,229.61
AMZN,2025-12-08T14:54:00Z,229.855
AMZN,2025-12-08T14:55:00Z,229.63
AMZN,2025-12-08T14:56:00Z,229.85
AMZN,2025-12-08T14:57:00Z,229.8
AMZN,2025-12-08T14:58:00Z,229.665
AMZN,2025-12-08T14:59:00Z,229.67
AMZN,2025-12-08T15:00:00Z,229.365
AMZN,2025-12-08T15:01:00Z,229.29
AMZN,2025-12-08T15:02:00Z,229.265
AMZN,2025-12-08T15:03:00Z,229.395
AMZN,2025-12-08T15:04:00Z,229.36
AMZN,2025-12-08T15:05:00Z,229.235
XLK,2025-12-08T14:30:00Z,147.88
XLK,2025-12-08T14:31:00Z,148.09
XLK,2025-12-08T14:32:00Z,148.24
XLK,2025-12-08T14:33:00Z,148.17
XLK,2025-12-08T14:34:00Z,148.05
XLK,2025-12-08T14:35:00Z,147.99
XLK,2025-12-08T14:36:00Z,148.01
XLK,2025-12-08T14:37:00Z,148.02
XLK,2025-12-08T14:38:00Z,148.175
XLK,2025-12-08T14:39:00Z,148.14
XLK,2025-12-08T14:40:00Z,148.14
XLK,2025-12-08T14:41:00Z,148.05
XLK,2025-12-08T14:42:00Z,147.985
XLK,2025-12-08T14:43:00Z,148.12
XLK,2025-12-08T14:44:00Z,148.19
XLK,2025-12-08T14:45:00Z,148.15
XLK,2025-12-08T14:46:00Z,148.075
XLK,2025-12-08T14:47:00Z,147.95
XLK,2025-12-08T14:48:00Z,147.645
XLK,2025-12-08T14:49:00Z,147.8
XLK,2025-12-08T14:50:00Z,147.93
XLK,2025-12-08T14:51:00Z,147.9
XLK,2025-12-08T14:52:00Z,147.86
XLK,2025-12-08T14:53:00Z,147.85
XLK,2025-12-08T14:54:00Z,147.865
XLK,2025-12-08T14:55:00Z,147.8
XLK,2025-12-08T14:56:00Z,147.7
XLK,2025-12-08T14:57:00Z,147.73
XLK,2025-12-08T14:58:00Z,147.65
XLK,2025-12-08T14:59:00Z,147.7
XLK,2025-12-08T15:00:00Z,147.79
XLK,2025-12-08T15:01:00Z,147.81
XLK,2025-12-08T15:02:00Z,147.91
XLK,2025-12-08T15:03:00Z,147.875
XLK,2025-12-08T15:04:00Z,147.93
XLK,2025-12-08T15:05:00Z,147.82
AAPL,2025-12-08T14:02:00Z,278.09
AAPL,2025-12-08T14:30:00Z,278.61
AAPL,2025-12-08T14:31:00Z,279.265
AAPL,2025-12-08T14:32:00Z,279.36
AAPL,2025-12-08T14:33:00Z,279.16
AAPL,2025-12-08T14:34:00Z,279.11
AAPL,2025-12-08T14:35:00Z,278.295
AAPL,2025-12-08T14:36:00Z,278.55
AAPL,2025-12-08T14:37:00Z,278.32
AAPL,2025-12-08T14:38:00Z,278.09
AAPL,2025-12-08T14:39:00Z,277.78
AAPL,2025-12-08T14:40:00Z,277.57
AAPL,2025-12-08T14:41:00Z,277.795
AAPL,2025-12-08T14:42:00Z,277.76
AAPL,2025-12-08T14:43:00Z,277.535
AAPL,2025-12-08T14:44:00Z,277.88
AAPL,2025-12-08T14:45:00Z,278.04
AAPL,2025-12-08T14:46:00Z,278.28
AAPL,2025-12-08T14:47:00Z,277.96
AAPL,2025-12-08T14:48:00Z,277.78
AAPL,2025-12-08T14:49:00Z,277.92
AAPL,2025-12-08T14:50:00Z,277.815
AAPL,2025-12-08T14:51:00Z,277.75
AAPL,2025-12-08T14:52:00Z,277.73
AAPL,2025-12-08T14:53:00Z,277.68
AAPL,2025-12-08T14:54:00Z,277.745
AAPL,2025-12-08T14:55:00Z,277.545
AAPL,2025-12-08T14:56:00Z,277.65
AAPL,2025-12-08T14:57:00Z,277.68
AAPL,2025-12-08T14:58:00Z,277.82
AAPL,2025-12-08T14:59:00Z,277.95
AAPL,2025-12-08T15:00:00Z,278.18
AAPL,2025-12-08T15:01:00Z,278.13
AAPL,2025-12-08T15:02:00Z,278.13
AAPL,2025-12-08T15:03:00Z,277.66
AAPL,2025-12-08T15:04:00Z,277.66
AAPL,2025-12-08T15:05:00Z,277.82
NVDA,2025-12-08T19:29:00Z,184.715
NVDA,2025-12-08T19:30:00Z,184.625
NVDA,2025-12-08T19:31:00Z,184.72
NVDA,2025-12-08T19:32:00Z,184.68
NVDA,2025-12-08T19:33:00Z,184.895
NVDA,2025-12-08T19:34:00Z,184.94
NVDA,2025-12-08T19:35:00Z,185.03
NVDA,2025-12-08T19:36:00Z,184.875
NVDA,2025-12-08T19:37:00Z,184.965
NVDA,2025-12-08T19:38:00Z,184.72
NVDA,2025-12-08T19:39:00Z,184.725
NVDA,2025-12-08T19:40:00Z,184.515
NVDA,2025-12-08T19:41:00Z,184.59
NVDA,2025-12-08T19:42:00Z,184.67
NVDA,2025-12-08T19:43:00Z,184.57
NVDA,2025-12-08T19:44:00Z,184.655
NVDA,2025-12-08T19:45:00Z,184.37
NVDA,2025-12-08T19:46:00Z,184.395
NVDA,2025-12-08T19:47:00Z,184.4
NVDA,2025-12-08T19:48:00Z,184.52
NVDA,2025-12-08T19:49:00Z,184.535
NVDA,2025-12-08T19:50:00Z,184.645
NVDA,2025-12-08T19:51:00Z,184.715
NVDA,2025-12-08T19:52:00Z,184.775
NVDA,2025-12-08T19:53:00Z,184.805
NVDA,2025-12-08T19:54:00Z,184.82
NVDA,2025-12-08T19:55:00Z,184.68
NVDA,2025-12-08T19:56:00Z,184.58
NVDA,2025-12-08T19:57:00Z,184.355
NVDA,2025-12-08T19:58:00Z,184.335
NVDA,2025-12-08T19:59:00Z,184.425
NVDA,2025-12-08T20:00:00Z,184.465
NVDA,2025-12-08T20:01:00Z,184.58
NVDA,2025-12-08T20:02:00Z,184.5
NVDA,2025-12-08T20:03:00Z,184.685
NVDA,2025-12-08T20:04:00Z,184.645
NVDA,2025-12-08T20:05:00Z,184.57
NVDA,2025-12-08T20:06:00Z,184.515
NVDA,2025-12-08T20:07:00Z,184.44
NVDA,2025-12-08T20:08:00Z,184.585
NVDA,2025-12-08T20:09:00Z,184.59
NVDA,2025-12-08T20:10:00Z,184.59
NVDA,2025-12-08T20:11:00Z,184.555
NVDA,2025-12-08T20:12:00Z,184.525
NVDA,2025-12-08T20:13:00Z,184.535
NVDA,2025-12-08T20:14:00Z,184.73
NVDA,2025-12-08T20:15:00Z,184.825
NVDA,2025-12-08T20:16:00Z,184.63
NVDA,2025-12-08T20:17:00Z,184.51
NVDA,2025-12-08T20:18:00Z,184.685
NVDA,2025-12-08T20:19:00Z,184.645
NVDA,2025-12-08T20:20:00Z,184.645
NVDA,2025-12-08T20:21:00Z,184.845
NVDA,2025-12-08T20:22:00Z,184.83
NVDA,2025-12-08T20:23:00Z,184.725
NVDA,2025-12-08T20:24:00Z,184.7
NVDA,2025-12-08T20:25:00Z,184.705
NVDA,2025-12-08T20:26:00Z,184.695
NVDA,2025-12-08T20:27:00Z,184.735
NVDA,2025-12-08T20:28:00Z,184.835
NVDA,2025-12-08T20:29:00Z,184.91
NVDA,2025-12-08T20:30:00Z,184.78
NVDA,2025-12-08T20:31:00Z,184.81
NVDA,2025-12-08T20:32:00Z,184.755
NVDA,2025-12-08T20:33:00Z,184.72
NVDA,2025-12-08T20:34:00Z,184.635
NVDA,2025-12-08T20:35:00Z,184.505
NVDA,2025-12-08T20:36:00Z,184.575
NVDA,2025-12-08T20:37:00Z,184.575
NVDA,2025-12-08T20:38:00Z,184.45
NVDA,2025-12-08T20:39:00Z,184.355
NVDA,2025-12-08T20:40:00Z,184.38
NVDA,2025-12-08T20:41:00Z,184.325
NVDA,2025-12-08T20:42:00Z,184.39
NVDA,2025-12-08T20:43:00Z,184.495
NVDA,2025-12-08T20:44:00Z,184.565
NVDA,2025-12-08T20:45:00Z,184.515
NVDA,2025-12-08T20:46:00Z,184.685
NVDA,2025-12-08T20:47:00Z,184.62
NVDA,2025-12-08T20:48:00Z,184.645
NVDA,2025-12-08T20:49:00Z,184.61
NVDA,2025-12-08T20:50:00Z,184.94
NVDA,2025-12-08T20:51:00Z,184.925
NVDA,2025-12-08T20:52:00Z,185.055
NVDA,2025-12-08T20:53:00Z,185.105
NVDA,2025-12-08T20:54:00Z,184.97
NVDA,2025-12-08T20:55:00Z,184.82
NVDA,2025-12-08T20:56:00Z,185.005
NVDA,2025-12-08T20:57:00Z,185.17
NVDA,2025-12-08T20:58:00Z,185.15
NVDA,2025-12-08T20:59:00Z,185.575
NVDA,2025-12-08T21:32:00Z,187.64
NVDA,2025-12-08T21:33:00Z,187.4
NVDA,2025-12-08T21:39:00Z,187.91
NVDA,2025-12-09T13:06:00Z,187.21
NVDA,2025-12-09T13:08:00Z,187.16
NVDA,2025-12-09T13:09:00Z,187.22
NVDA,2025-12-09T13:14:00Z,187.12
NVDA,2025-12-09T13:16:00Z,187.04
NVDA,2025-12-09T13:27:00Z,187.01
NVDA,2025-12-09T13:32:00Z,186.41
NVDA,2025-12-09T13:34:00Z,186.38
NVDA,2025-12-09T13:35:00Z,186.19
NVDA,2025-12-09T13:36:00Z,185.95
NVDA,2025-12-09T13:39:00Z,186.37
NVDA,2025-12-09T13:40:00Z,186.35
NVDA,2025-12-09T13:51:00Z,186.14
NVDA,2025-12-09T13:59:00Z,186.47
NVDA,2025-12-09T14:04:00Z,186.47
NVDA,2025-12-09T14:06:00Z,186.49
NVDA,2025-12-09T14:14:00Z,186.38
NVDA,2025-12-09T14:17:00Z,186.22
NVDA,2025-12-09T14:18:00Z,186.38
NVDA,2025-12-09T14:30:00Z,184.965
NVDA,2025-12-09T14:31:00Z,184.2
NVDA,2025-12-09T14:32:00Z,183.83
NVDA,2025-12-09T14:33:00Z,184.08
NVDA,2025-12-09T14:34:00Z,183.91
NVDA,2025-12-09T14:35:00Z,184.15
NVDA,2025-12-09T14:36:00Z,184.0
NVDA,2025-12-09T14:37:00Z,184.36
NVDA,2025-12-09T14:38:00Z,184.63
NVDA,2025-12-09T14:39:00Z,184.79
NVDA,2025-12-09T14:40:00Z,184.38
NVDA,2025-12-09T14:41:00Z,184.705
NVDA,2025-12-09T14:42:00Z,184.61
NVDA,2025-12-09T14:43:00Z,184.17
NVDA,2025-12-09T14:44:00Z,184.41
NVDA,2025-12-09T14:45:00Z,184.65
NVDA,2025-12-09T14:46:00Z,184.94
NVDA,2025-12-09T14:47:00Z,184.31
NVDA,2025-12-09T14:48:00Z,184.505
NVDA,2025-12-09T14:49:00Z,184.665
NVDA,2025-12-09T14:50:00Z,184.85
NVDA,2025-12-09T14:51:00Z,184.51
NVDA,2025-12-09T14:52:00Z,184.49
NVDA,2025-12-09T14:53:00Z,184.01
NVDA,2025-12-09T14:54:00Z,183.96
NVDA,2025-12-09T14:55:00Z,183.89
NVDA,2025-12-09T14:56:00Z,184.24
NVDA,2025-12-09T14:57:00Z,183.98
NVDA,2025-12-09T14:58:00Z,184.055
NVDA,2025-12-09T14:59:00Z,184.09
NVDA,2025-12-09T15:00:00Z,184.24
NVDA,2025-12-09T15:01:00Z,184.42
NVDA,2025-12-09T15:02:00Z,184.835
NVDA,2025-12-09T15:03:00Z,184.675
NVDA,2025-12-09T15:04:00Z,184.605
NVDA,2025-12-09T15:05:00Z,184.455
SOXX,2025-12-08T19:29:00Z,311.435
SOXX,2025-12-08T19:30:00Z,311.54
SOXX,2025-12-08T19:31:00Z,311.56
SOXX,2025-12-08T19:32:00Z,311.42
SOXX,2025-12-08T19:33:00Z,311.485
SOXX,2025-12-08T19:35:00Z,311.61
SOXX,2025-12-08T19:36:00Z,311.5
SOXX,2025-12-08T19:37:00Z,311.61
SOXX,2025-12-08T19:38:00Z,311.49
SOXX,2025-12-08T19:39:00Z,311.52
SOXX,2025-12-08T19:41:00Z,311.51
SOXX,2025-12-08T19:44:00Z,311.49
SOXX,2025-12-08T19:47:00Z,311.03
SOXX,2025-12-08T19:48:00Z,311.21
SOXX,2025-12-08T19:49:00Z,311.39
SOXX,2025-12-08T19:50:00Z,311.33
SOXX,2025-12-08T19:51:00Z,311.5
SOXX,2025-12-08T19:52:00Z,311.55
SOXX,2025-12-08T19:53:00Z,311.4
SOXX,2025-12-08T19:54:00Z,311.43
SOXX,2025-12-08T19:55:00Z,311.36
SOXX,2025-12-08T19:56:00Z,311.23
SOXX,2025-12-08T19:57:00Z,311.14
SOXX,2025-12-08T19:58:00Z,310.98
SOXX,2025-12-08T19:59:00Z,311.0
SOXX,2025-12-08T20:00:00Z,310.97
SOXX,2025-12-08T20:01:00Z,311.03
SOXX,2025-12-08T20:03:00Z,311.11
SOXX,2025-12-08T20:04:00Z,310.88
SOXX,2025-12-08T20:05:00Z,310.76
SOXX,2025-12-08T20:06:00Z,310.87
SOXX,2025-12-08T20:09:00Z,311.25
SOXX,2025-12-08T20:10:00Z,311.18
SOXX,2025-12-08T20:11:00Z,311.3
SOXX,2025-12-08T20:12:00Z,311.3
SOXX,2025-12-08T20:13:00Z,311.29
SOXX,2025-12-08T20:14:00Z,311.24
SOXX,2025-12-08T20:15:00Z,311.24
SOXX,2025-12-08T20:16:00Z,311.36
SOXX,2025-12-08T20:17:00Z,311.3
SOXX,2025-12-08T20:18:00Z,311.36
SOXX,2025-12-08T20:19:00Z,311.33
SOXX,2025-12-08T20:20:00Z,311.34
SOXX,2025-12-08T20:21:00Z,311.5
SOXX,2025-12-08T20:22:00Z,311.61
SOXX,2025-12-08T20:23:00Z,311.5
SOXX,2025-12-08T20:24:00Z,311.49
SOXX,2025-12-08T20:25:00Z,311.4
SOXX,2025-12-08T20:26:00Z,311.48
SOXX,2025-12-08T20:27:00Z,311.54
SOXX,2025-12-08T20:28:00Z,311.52
SOXX,2025-12-08T20:30:00Z,311.43
SOXX,2025-12-08T20:31:00Z,311.58
SOXX,2025-12-08T20:32:00Z,311.6
SOXX,2025-12-08T20:33:00Z,311.5
SOXX,2025-12-08T20:34:00Z,311.43
SOXX,2025-12-08T20:35:00Z,311.22
SOXX,2025-12-08T20:36:00Z,311.38
SOXX,2025-12-08T20:37:00Z,311.43
SOXX,2025-12-08T20:38:00Z,311.32
SOXX,2025-12-08T20:39:00Z,311.31
SOXX,2025-12-08T20:40:00Z,311.39
SOXX,2025-12-08T20:41:00Z,311.4
SOXX,2025-12-08T20:42:00Z,311.34
SOXX,2025-12-08T20:44:00Z,311.38
SOXX,2025-12-08T20:45:00Z,311.38
SOXX,2025-12-08T20:46:00Z,311.54
SOXX,2025-12-08T20:47:00Z,311.53
SOXX,2025-12-08T20:48:00Z,311.47
SOXX,2025-12-08T20:49:00Z,311.51
SOXX,2025-12-08T20:50:00Z,311.88
SOXX,2025-12-08T20:51:00Z,311.91
SOXX,2025-12-08T20:52:00Z,312.16
SOXX,2025-12-08T20:53:00Z,312.095
SOXX,2025-12-08T20:54:00Z,312.13
SOXX,2025-12-08T20:55:00Z,312.15
SOXX,2025-12-08T20:56:00Z,312.22
SOXX,2025-12-08T20:57:00Z,312.22
SOXX,2025-12-08T20:58:00Z,312.3
SOXX,2025-12-08T20:59:00Z,312.74
SOXX,2025-12-08T21:02:00Z,312.29
SOXX,2025-12-08T21:30:00Z,313.25
SOXX,2025-12-08T21:31:00Z,313.15
SOXX,2025-12-08T21:33:00Z,313.14
SOXX,2025-12-08T21:37:00Z,313.39
SOXX,2025-12-08T21:38:00Z,313.32
SOXX,2025-12-08T21:42:00Z,313.63
SOXX,2025-12-08T21:58:00Z,313.4
SOXX,2025-12-09T13:39:00Z,310.97
SOXX,2025-12-09T14:06:00Z,310.72
SOXX,2025-12-09T14:30:00Z,310.52
SOXX,2025-12-09T14:31:00Z,310.07
SOXX,2025-12-09T14:32:00Z,309.875
SOXX,2025-12-09T14:33:00Z,310.215
SOXX,2025-12-09T14:34:00Z,309.93
SOXX,2025-12-09T14:35:00Z,310.42
SOXX,2025-12-09T14:36:00Z,310.12
SOXX,2025-12-09T14:38:00Z,310.85
SOXX,2025-12-09T14:39:00Z,311.27
SOXX,2025-12-09T14:40:00Z,310.61
SOXX,2025-12-09T14:41:00Z,311.06
SOXX,2025-12-09T14:42:00Z,311.47
SOXX,2025-12-09T14:43:00Z,311.44
SOXX,2025-12-09T14:44:00Z,311.42
SOXX,2025-12-09T14:45:00Z,311.17
SOXX,2025-12-09T14:46:00Z,311.32
SOXX,2025-12-09T14:48:00Z,310.26
SOXX,2025-12-09T14:49:00Z,310.72
SOXX,2025-12-09T14:50:00Z,311.04
SOXX,2025-12-09T14:51:00Z,311.03
SOXX,2025-12-09T14:52:00Z,310.71
SOXX,2025-12-09T14:53:00Z,310.45
SOXX,2025-12-09T14:54:00Z,310.19
SOXX,2025-12-09T14:55:00Z,309.94
SOXX,2025-12-09T14:56:00Z,310.24
SOXX,2025-12-09T14:57:00Z,310.21
SOXX,2025-12-09T14:58:00Z,310.28
SOXX,2025-12-09T14:59:00Z,310.31
SOXX,2025-12-09T15:00:00Z,310.4
SOXX,2025-12-09T15:01:00Z,310.63
SOXX,2025-12-09T15:02:00Z,311.26
SOXX,2025-12-09T15:03:00Z,311.14
SOXX,2025-12-09T15:04:00Z,310.8
SOXX,2025-12-09T15:05:00Z,310.48
AMD,2025-12-08T19:29:00Z,220.105
AMD,2025-12-08T19:30:00Z,220.05
AMD,2025-12-08T19:32:00Z,220.05
AMD,2025-12-08T19:33:00Z,220.1
AMD,2025-12-08T19:34:00Z,220.16
AMD,2025-12-08T19:35:00Z,220.29
AMD,2025-12-08T19:36:00Z,220.32
AMD,2025-12-08T19:37:00Z,220.375
AMD,2025-12-08T19:38:00Z,220.22
AMD,2025-12-08T19:39:00Z,220.115
AMD,2025-12-08T19:40:00Z,220.03
AMD,2025-12-08T19:41:00Z,219.96
AMD,2025-12-08T19:42:00Z,219.94
AMD,2025-12-08T19:43:00Z,219.92
AMD,2025-12-08T19:44:00Z,219.875
AMD,2025-12-08T19:45:00Z,219.76
AMD,2025-12-08T19:46:00Z,219.83
AMD,2025-12-08T19:47:00Z,219.78
AMD,2025-12-08T19:48:00Z,219.97
AMD,2025-12-08T19:49:00Z,220.22
AMD,2025-12-08T19:50:00Z,220.61
AMD,2025-12-08T19:51:00Z,220.58
AMD,2025-12-08T19:52:00Z,220.44
AMD,2025-12-08T19:53:00Z,220.33
AMD,2025-12-08T19:54:00Z,220.39
AMD,2025-12-08T19:55:00Z,220.32
AMD,2025-12-08T19:56:00Z,220.105
AMD,2025-12-08T19:57:00Z,219.84
AMD,2025-12-08T19:58:00Z,219.77
AMD,2025-12-08T19:59:00Z,219.85
AMD,2025-12-08T20:00:00Z,219.82
AMD,2025-12-08T20:01:00Z,219.83
AMD,2025-12-08T20:02:00Z,219.82
AMD,2025-12-08T20:03:00Z,220.05
AMD,2025-12-08T20:04:00Z,219.925
AMD,2025-12-08T20:05:00Z,219.715
AMD,2025-12-08T20:06:00Z,219.93
AMD,2025-12-08T20:07:00Z,220.005
AMD,2025-12-08T20:08:00Z,220.23
AMD,2025-12-08T20:09:00Z,220.4
AMD,2025-12-08T20:10:00Z,220.41
AMD,2025-12-08T20:11:00Z,220.47
AMD,2025-12-08T20:12:00Z,220.405
AMD,2025-12-08T20:13:00Z,220.42
AMD,2025-12-08T20:14:00Z,220.52
AMD,2025-12-08T20:15:00Z,220.44
AMD,2025-12-08T20:16:00Z,220.3
AMD,2025-12-08T20:17:00Z,220.24
AMD,2025-12-08T20:18:00Z,220.26
AMD,2025-12-08T20:19:00Z,220.405
AMD,2025-12-08T20:20:00Z,220.37
AMD,2025-12-08T20:21:00Z,220.49
AMD,2025-12-08T20:22:00Z,220.57
AMD,2025-12-08T20:23:00Z,220.32
AMD,2025-12-08T20:24:00Z,220.325
AMD,2025-12-08T20:25:00Z,220.41
AMD,2025-12-08T20:26:00Z,220.52
AMD,2025-12-08T20:27:00Z,220.56
AMD,2025-12-08T20:28:00Z,220.62
AMD,2025-12-08T20:29:00Z,220.74
AMD,2025-12-08T20:30:00Z,220.61
AMD,2025-12-08T20:31:00Z,220.7
AMD,2025-12-08T20:32:00Z,220.6
AMD,2025-12-08T20:33:00Z,220.71
AMD,2025-12-08T20:34:00Z,220.39
AMD,2025-12-08T20:35:00Z,220.255
AMD,2025-12-08T20:36:00Z,220.38
AMD,2025-12-08T20:37:00Z,220.43
AMD,2025-12-08T20:38:00Z,220.39
AMD,2025-12-08T20:39:00Z,220.3
AMD,2025-12-08T20:40:00Z,220.29
AMD,2025-12-08T20:41:00Z,220.39
AMD,2025-12-08T20:42:00Z,220.475
AMD,2025-12-08T20:43:00Z,220.53
AMD,2025-12-08T20:44:00Z,220.375
AMD,2025-12-08T20:45:00Z,220.35
AMD,2025-12-08T20:46:00Z,220.51
AMD,2025-12-08T20:47:00Z,220.42
AMD,2025-12-08T20:48:00Z,220.325
AMD,2025-12-08T20:49:00Z,220.25
AMD,2025-12-08T20:50:00Z,220.56
AMD,2025-12-08T20:51:00Z,220.49
AMD,2025-12-08T20:52:00Z,220.39
AMD,2025-12-08T20:53:00Z,220.41
AMD,2025-12-08T20:54:00Z,220.6
AMD,2025-12-08T20:55:00Z,220.44
AMD,2025-12-08T20:56:00Z,220.54
AMD,2025-12-08T20:57:00Z,220.72
AMD,2025-12-08T20:58:00Z,220.77
AMD,2025-12-08T20:59:00Z,221.09
AMD,2025-12-09T14:30:00Z,219.12
AMD,2025-12-09T14:31:00Z,218.435
AMD,2025-12-09T14:32:00Z,218.29
AMD,2025-12-09T14:33:00Z,219.12
AMD,2025-12-09T14:34:00Z,219.02
AMD,2025-12-09T14:35:00Z,219.79
AMD,2025-12-09T14:36:00Z,219.27
AMD,2025-12-09T14:37:00Z,219.775
AMD,2025-12-09T14:38:00Z,219.825
AMD,2025-12-09T14:39:00Z,220.0
AMD,2025-12-09T14:40:00Z,218.71
AMD,2025-12-09T14:41:00Z,219.61
AMD,2025-12-09T14:42:00Z,219.12
AMD,2025-12-09T14:43:00Z,219.44
AMD,2025-12-09T14:44:00Z,219.495
AMD,2025-12-09T14:45:00Z,219.915
AMD,2025-12-09T14:46:00Z,220.29
AMD,2025-12-09T14:47:00Z,220.075
AMD,2025-12-09T14:48:00Z,219.685
AMD,2025-12-09T14:49:00Z,220.21
AMD,2025-12-09T14:50:00Z,219.85
AMD,2025-12-09T14:51:00Z,219.88
AMD,2025-12-09T14:52:00Z,219.98
AMD,2025-12-09T14:53:00Z,219.18
AMD,2025-12-09T14:54:00Z,218.9
AMD,2025-12-09T14:55:00Z,219.09
AMD,2025-12-09T14:56:00Z,218.84
AMD,2025-12-09T14:57:00Z,218.9
AMD,2025-12-09T14:58:00Z,219.52
AMD,2025-12-09T14:59:00Z,219.18
AMD,2025-12-09T15:00:00Z,220.21
AMD,2025-12-09T15:01:00Z,220.68
AMD,2025-12-09T15:02:00Z,221.595
AMD,2025-12-09T15:03:00Z,221.15
AMD,2025-12-09T15:04:00Z,221.71
AMD,2025-12-09T15:05:00Z,222.06
INTC,2025-12-08T19:29:00Z,40.405
INTC,2025-12-08T19:30:00Z,40.4
INTC,2025-12-08T19:31:00Z,40.32
INTC,2025-12-08T19:32:00Z,40.29
INTC,2025-12-08T19:33:00Z,40.25
INTC,2025-12-08T19:34:00Z,40.17
INTC,2025-12-08T19:35:00Z,40.16
INTC,2025-12-08T19:36:00Z,40.13
INTC,2025-12-08T19:37:00Z,40.185
INTC,2025-12-08T19:38:00Z,40.16
INTC,2025-12-08T19:39:00Z,40.215
INTC,2025-12-08T19:40:00Z,40.2
INTC,2025-12-08T19:41:00Z,40.2
INTC,2025-12-08T19:42:00Z,40.215
INTC,2025-12-08T19:43:00Z,40.18
INTC,2025-12-08T19:44:00Z,40.18
INTC,2025-12-08T19:45:00Z,40.14
INTC,2025-12-08T19:46:00Z,40.17
INTC,2025-12-08T19:47:00Z,40.16
INTC,2025-12-08T19:48:00Z,40.175
INTC,2025-12-08T19:49:00Z,40.19
INTC,2025-12-08T19:50:00Z,40.19
INTC,2025-12-08T19:51:00Z,40.145
INTC,2025-12-08T19:52:00Z,40.15
INTC,2025-12-08T19:53:00Z,40.045
INTC,2025-12-08T19:54:00Z,40.07
INTC,2025-12-08T19:55:00Z,39.99
INTC,2025-12-08T19:56:00Z,39.995
INTC,2025-12-08T19:57:00Z,40.0
INTC,2025-12-08T19:58:00Z,39.98
INTC,2025-12-08T19:59:00Z,40.005
INTC,2025-12-08T20:00:00Z,39.99
INTC,2025-12-08T20:01:00Z,39.98
INTC,2025-12-08T20:02:00Z,40.0
INTC,2025-12-08T20:03:00Z,40.025
INTC,2025-12-08T20:04:00Z,39.925
INTC,2025-12-08T20:05:00Z,39.91
INTC,2025-12-08T20:06:00Z,39.9
INTC,2025-12-08T20:07:00Z,39.95
INTC,2025-12-08T20:08:00Z,39.975
INTC,2025-12-08T20:09:00Z,40.075
INTC,2025-12-08T20:10:00Z,40.105
INTC,2025-12-08T20:11:00Z,40.07
INTC,2025-12-08T20:12:00Z,40.09
INTC,2025-12-08T20:13:00Z,40.09
INTC,2025-12-08T20:14:00Z,40.125
INTC,2025-12-08T20:15:00Z,40.06
INTC,2025-12-08T20:16:00Z,40.06
INTC,2025-12-08T20:17:00Z,40.06
INTC,2025-12-08T20:18:00Z,40.04
INTC,2025-12-08T20:19:00Z,40.03
INTC,2025-12-08T20:20:00Z,40.04
INTC,2025-12-08T20:21:00Z,40.09
INTC,2025-12-08T20:22:00Z,40.125
INTC,2025-12-08T20:23:00Z,40.065
INTC,2025-12-08T20:24:00Z,40.085
INTC,2025-12-08T20:25:00Z,40.08
INTC,2025-12-08T20:26:00Z,40.09
INTC,2025-12-08T20:27:00Z,40.085
INTC,2025-12-08T20:28:00Z,40.085
INTC,2025-12-08T20:29:00Z,40.1
INTC,2025-12-08T20:30:00Z,40.07
INTC,2025-12-08T20:31:00Z,40.115
INTC,2025-12-08T20:32:00Z,40.07
INTC,2025-12-08T20:33:00Z,40.07
INTC,2025-12-08T20:34:00Z,40.035
INTC,2025-12-08T20:35:00Z,39.965
INTC,2025-12-08T20:36:00Z,39.95
INTC,2025-12-08T20:37:00Z,39.975
INTC,2025-12-08T20:38:00Z,39.965
INTC,2025-12-08T20:39:00Z,39.965
INTC,2025-12-08T20:40:00Z,39.97
INTC,2025-12-08T20:41:00Z,39.98
INTC,2025-12-08T20:42:00Z,40.005
INTC,2025-12-08T20:43:00Z,39.995
INTC,2025-12-08T20:44:00Z,40.015
INTC,2025-12-08T20:45:00Z,39.975
INTC,2025-12-08T20:46:00Z,39.97
INTC,2025-12-08T20:47:00Z,39.99
INTC,2025-12-08T20:48:00Z,39.96
INTC,2025-12-08T20:49:00Z,39.92
INTC,2025-12-08T20:50:00Z,39.97
INTC,2025-12-08T20:51:00Z,39.97
INTC,2025-12-08T20:52:00Z,39.99
INTC,2025-12-08T20:53:00Z,39.98
INTC,2025-12-08T20:54:00Z,39.985
INTC,2025-12-08T20:55:00Z,40.07
INTC,2025-12-08T20:56:00Z,40.155
INTC,2025-12-08T20:57:00Z,40.19
INTC,2025-12-08T20:58:00Z,40.225
INTC,2025-12-08T20:59:00Z,40.33
INTC,2025-12-08T21:39:00Z,40.59
INTC,2025-12-09T13:36:00Z,40.43
INTC,2025-12-09T14:11:00Z,40.39
INTC,2025-12-09T14:12:00Z,40.38
INTC,2025-12-09T14:14:00Z,40.4
INTC,2025-12-09T14:15:00Z,40.39
INTC,2025-12-09T14:18:00Z,40.46
INTC,2025-12-09T14:20:00Z,40.43
INTC,2025-12-09T14:21:00Z,40.39
INTC,2025-12-09T14:23:00Z,40.38
INTC,2025-12-09T14:24:00Z,40.34
INTC,2025-12-09T14:27:00Z,40.31
INTC,2025-12-09T14:30:00Z,41.01
INTC,2025-12-09T14:31:00Z,40.71
INTC,2025-12-09T14:32:00Z,40.44
INTC,2025-12-09T14:33:00Z,40.3
INTC,2025-12-09T14:34:00Z,40.15
INTC,2025-12-09T14:35:00Z,40.42
INTC,2025-12-09T14:36:00Z,40.35
INTC,2025-12-09T14:37:00Z,40.37
INTC,2025-12-09T14:38:00Z,40.23
INTC,2025-12-09T14:39:00Z,40.225
INTC,2025-12-09T14:40:00Z,40.13
INTC,2025-12-09T14:41:00Z,40.32
INTC,2025-12-09T14:42:00Z,40.48
INTC,2025-12-09T14:43:00Z,40.45
INTC,2025-12-09T14:44:00Z,40.44
INTC,2025-12-09T14:45:00Z,40.41
INTC,2025-12-09T14:46:00Z,40.475
INTC,2025-12-09T14:47:00Z,40.365
INTC,2025-12-09T14:48:00Z,40.38
INTC,2025-12-09T14:49:00Z,40.45
INTC,2025-12-09T14:50:00Z,40.39
INTC,2025-12-09T14:51:00Z,40.385
INTC,2025-12-09T14:52:00Z,40.385
INTC,2025-12-09T14:53:00Z,40.33
INTC,2025-12-09T14:54:00Z,40.4
INTC,2025-12-09T14:55:00Z,40.28
INTC,2025-12-09T14:56:00Z,40.25
INTC,2025-12-09T14:57:00Z,40.27
INTC,2025-12-09T14:58:00Z,40.34
INTC,2025-12-09T14:59:00Z,40.405
INTC,2025-12-09T15:00:00Z,40.335
INTC,2025-12-09T15:01:00Z,40.445
INTC,2025-12-09T15:02:00Z,40.53
INTC,2025-12-09T15:03:00Z,40.395
INTC,2025-12-09T15:04:00Z,40.28
INTC,2025-12-09T15:05:00Z,40.28
AMZN,2025-12-15T19:54:00Z,223.02
AMZN,2025-12-15T19:55:00Z,223.075
AMZN,2025-12-15T19:56:00Z,223.15
AMZN,2025-12-15T19:57:00Z,223.19
AMZN,2025-12-15T19:58:00Z,223.27
AMZN,2025-12-15T19:59:00Z,223.23
AMZN,2025-12-15T20:00:00Z,223.045
AMZN,2025-12-15T20:01:00Z,223.02
AMZN,2025-12-15T20:02:00Z,223.18
AMZN,2025-12-15T20:03:00Z,223.21
AMZN,2025-12-15T20:04:00Z,223.28
AMZN,2025-12-15T20:05:00Z,223.385
AMZN,2025-12-15T20:06:00Z,223.26
AMZN,2025-12-15T20:07:00Z,223.26
AMZN,2025-12-15T20:08:00Z,223.13
AMZN,2025-12-15T20:09:00Z,223.205
AMZN,2025-12-15T20:10:00Z,223.08
AMZN,2025-12-15T20:11:00Z,223.03
AMZN,2025-12-15T20:12:00Z,223.025
AMZN,2025-12-15T20:13:00Z,222.89
AMZN,2025-12-15T20:14:00Z,222.87
AMZN,2025-12-15T20:15:00Z,222.965
AMZN,2025-12-15T20:16:00Z,222.82
AMZN,2025-12-15T20:17:00Z,222.86
AMZN,2025-12-15T20:18:00Z,222.76
AMZN,2025-12-15T20:19:00Z,222.805
AMZN,2025-12-15T20:20:00Z,222.81
AMZN,2025-12-15T20:21:00Z,222.695
AMZN,2025-12-15T20:22:00Z,222.7
AMZN,2025-12-15T20:23:00Z,222.555
AMZN,2025-12-15T20:24:00Z,222.595
AMZN,2025-12-15T20:25:00Z,222.595
AMZN,2025-12-15T20:26:00Z,222.62
AMZN,2025-12-15T20:27:00Z,222.69
AMZN,2025-12-15T20:28:00Z,222.69
AMZN,2025-12-15T20:29:00Z,222.705
AMZN,2025-12-15T20:30:00Z,222.61
AMZN,2025-12-15T20:31:00Z,222.525
AMZN,2025-12-15T20:32:00Z,222.59
AMZN,2025-12-15T20:33:00Z,222.42
AMZN,2025-12-15T20:34:00Z,222.355
AMZN,2025-12-15T20:35:00Z,222.325
AMZN,2025-12-15T20:36:00Z,222.27
AMZN,2025-12-15T20:37:00Z,222.31
AMZN,2025-12-15T20:38:00Z,222.31
AMZN,2025-12-15T20:39:00Z,222.465
AMZN,2025-12-15T20:40:00Z,222.53
AMZN,2025-12-15T20:41:00Z,222.425
AMZN,2025-12-15T20:42:00Z,222.38
AMZN,2025-12-15T20:43:00Z,222.36
AMZN,2025-12-15T20:44:00Z,222.315
AMZN,2025-12-15T20:45:00Z,222.44
AMZN,2025-12-15T20:46:00Z,222.39
AMZN,2025-12-15T20:47:00Z,222.53
AMZN,2025-12-15T20:48:00Z,222.46
AMZN,2025-12-15T20:49:00Z,222.62
AMZN,2025-12-15T20:50:00Z,222.58
AMZN,2025-12-15T20:51:00Z,222.48
AMZN,2025-12-15T20:52:00Z,222.43
AMZN,2025-12-15T20:53:00Z,222.625
AMZN,2025-12-15T20:54:00Z,222.165
AMZN,2025-12-15T20:55:00Z,222.315
AMZN,2025-12-15T20:56:00Z,222.195
AMZN,2025-12-15T20:57:00Z,222.22
AMZN,2025-12-15T20:58:00Z,222.355
AMZN,2025-12-15T20:59:00Z,222.61
AMZN,2025-12-16T14:30:00Z,223.17
AMZN,2025-12-16T14:31:00Z,223.145
AMZN,2025-12-16T14:32:00Z,222.39
AMZN,2025-12-16T14:33:00Z,222.44
AMZN,2025-12-16T14:34:00Z,222.1
AMZN,2025-12-16T14:35:00Z,222.285
AMZN,2025-12-16T14:36:00Z,223.14
AMZN,2025-12-16T14:37:00Z,223.25
AMZN,2025-12-16T14:38:00Z,223.585
AMZN,2025-12-16T14:39:00Z,223.05
AMZN,2025-12-16T14:40:00Z,222.5
AMZN,2025-12-16T14:41:00Z,222.27
AMZN,2025-12-16T14:42:00Z,222.44
AMZN,2025-12-16T14:43:00Z,222.28
AMZN,2025-12-16T14:44:00Z,222.44
AMZN,2025-12-16T14:45:00Z,222.18
AMZN,2025-12-16T14:46:00Z,222.16
AMZN,2025-12-16T14:47:00Z,222.83
AMZN,2025-12-16T14:48:00Z,222.665
AMZN,2025-12-16T14:49:00Z,222.59
AMZN,2025-12-16T14:50:00Z,222.965
AMZN,2025-12-16T14:51:00Z,222.94
AMZN,2025-12-16T14:52:00Z,222.66
AMZN,2025-12-16T14:53:00Z,222.725
AMZN,2025-12-16T14:54:00Z,222.75
AMZN,2025-12-16T14:55:00Z,222.82
AMZN,2025-12-16T14:56:00Z,222.9
AMZN,2025-12-16T14:57:00Z,223.38
AMZN,2025-12-16T14:58:00Z,223.56
AMZN,2025-12-16T14:59:00Z,223.25
AMZN,2025-12-16T15:00:00Z,223.315
AMZN,2025-12-16T15:01:00Z,223.11
AMZN,2025-12-16T15:02:00Z,222.83
AMZN,2025-12-16T15:03:00Z,222.6
AMZN,2025-12-16T15:04:00Z,222.755
AMZN,2025-12-16T15:05:00Z,222.79
XLY,2025-12-15T19:54:00Z,122.01
XLY,2025-12-15T19:55:00Z,121.995
XLY,2025-12-15T19:56:00Z,122.035
XLY,2025-12-15T19:57:00Z,122.065
XLY,2025-12-15T19:58:00Z,122.13
XLY,2025-12-15T19:59:00Z,122.185
XLY,2025-12-15T20:01:00Z,122.085
XLY,2025-12-15T20:02:00Z,122.11
XLY,2025-12-15T20:03:00Z,122.09
XLY,2025-12-15T20:04:00Z,122.125
XLY,2025-12-15T20:05:00Z,122.125
XLY,2025-12-15T20:06:00Z,122.175
XLY,2025-12-15T20:07:00Z,122.17
XLY,2025-12-15T20:08:00Z,122.14
XLY,2025-12-15T20:09:00Z,122.12
XLY,2025-12-15T20:10:00Z,122.105
XLY,2025-12-15T20:12:00Z,122.075
XLY,2025-12-15T20:13:00Z,122.05
XLY,2025-12-15T20:14:00Z,122.03
XLY,2025-12-15T20:15:00Z,122.04
XLY,2025-12-15T20:17:00Z,122.045
XLY,2025-12-15T20:18:00Z,121.99
XLY,2025-12-15T20:19:00Z,121.98
XLY,2025-12-15T20:21:00Z,121.97
XLY,2025-12-15T20:22:00Z,121.915
XLY,2025-12-15T20:23:00Z,121.915
XLY,2025-12-15T20:24:00Z,121.965
XLY,2025-12-15T20:25:00Z,121.95
XLY,2025-12-15T20:26:00Z,121.91
XLY,2025-12-15T20:27:00Z,121.95
XLY,2025-12-15T20:28:00Z,121.96
XLY,2025-12-15T20:29:00Z,121.945
XLY,2025-12-15T20:30:00Z,121.93
XLY,2025-12-15T20:31:00Z,121.925
XLY,2025-12-15T20:32:00Z,121.92
XLY,2025-12-15T20:33:00Z,121.945
XLY,2025-12-15T20:34:00Z,121.9
XLY,2025-12-15T20:35:00Z,121.865
XLY,2025-12-15T20:36:00Z,121.9
XLY,2025-12-15T20:37:00Z,121.91
XLY,2025-12-15T20:38:00Z,121.9
XLY,2025-12-15T20:39:00Z,121.955
XLY,2025-12-15T20:40:00Z,121.985
XLY,2025-12-15T20:41:00Z,121.915
XLY,2025-12-15T20:42:00Z,121.94
XLY,2025-12-15T20:43:00Z,121.92
XLY,2025-12-15T20:44:00Z,121.835
XLY,2025-12-15T20:45:00Z,121.875
XLY,2025-12-15T20:46:00Z,121.88
XLY,2025-12-15T20:47:00Z,121.92
XLY,2025-12-15T20:48:00Z,121.97
XLY,2025-12-15T20:49:00Z,121.975
XLY,2025-12-15T20:50:00Z,122.08
XLY,2025-12-15T20:51:00Z,121.995
XLY,2025-12-15T20:52:00Z,122.045
XLY,2025-12-15T20:53:00Z,122.055
XLY,2025-12-15T20:54:00Z,121.865
XLY,2025-12-15T20:55:00Z,121.86
XLY,2025-12-15T20:56:00Z,121.8
XLY,2025-12-15T20:57:00Z,121.8
XLY,2025-12-15T20:58:00Z,121.73
XLY,2025-12-15T20:59:00Z,121.745
XLY,2025-12-16T14:30:00Z,121.76
XLY,2025-12-16T14:31:00Z,121.68
XLY,2025-12-16T14:32:00Z,121.46
XLY,2025-12-16T14:33:00Z,121.54
XLY,2025-12-16T14:34:00Z,121.38
XLY,2025-12-16T14:35:00Z,121.435
XLY,2025-12-16T14:36:00Z,121.74
XLY,2025-12-16T14:37:00Z,121.725
XLY,2025-12-16T14:38:00Z,121.75
XLY,2025-12-16T14:39:00Z,121.77
XLY,2025-12-16T14:40:00Z,121.735
XLY,2025-12-16T14:41:00Z,121.595
XLY,2025-12-16T14:42:00Z,121.5
XLY,2025-12-16T14:43:00Z,121.55
XLY,2025-12-16T14:44:00Z,121.58
XLY,2025-12-16T14:45:00Z,121.365
XLY,2025-12-16T14:46:00Z,121.405
XLY,2025-12-16T14:47:00Z,121.76
XLY,2025-12-16T14:48:00Z,121.755
XLY,2025-12-16T14:49:00Z,121.74
XLY,2025-12-16T14:50:00Z,121.905
XLY,2025-12-16T14:51:00Z,121.98
XLY,2025-12-16T14:52:00Z,121.85
XLY,2025-12-16T14:53:00Z,121.835
XLY,2025-12-16T14:54:00Z,121.895
XLY,2025-12-16T14:55:00Z,121.94
XLY,2025-12-16T14:56:00Z,121.885
XLY,2025-12-16T14:57:00Z,121.945
XLY,2025-12-16T14:58:00Z,121.975
XLY,2025-12-16T14:59:00Z,121.965
XLY,2025-12-16T15:00:00Z,121.95
XLY,2025-12-16T15:01:00Z,122.025
XLY,2025-12-16T15:02:00Z,121.785
XLY,2025-12-16T15:03:00Z,121.695
XLY,2025-12-16T15:04:00Z,121.83
XLY,2025-12-16T15:05:00Z,121.905
AMZN,2025-12-30T19:19:00Z,231.835
AMZN,2025-12-30T19:20:00Z,231.84
AMZN,2025-12-30T19:21:00Z,231.77
AMZN,2025-12-30T19:22:00Z,231.77
AMZN,2025-12-30T19:23:00Z,231.73
AMZN,2025-12-30T19:24:00Z,231.63
AMZN,2025-12-30T19:25:00Z,231.745
AMZN,2025-12-30T19:26:00Z,231.7
AMZN,2025-12-30T19:27:00Z,231.67
AMZN,2025-12-30T19:28:00Z,231.66
AMZN,2025-12-30T19:29:00Z,231.7
AMZN,2025-12-30T19:30:00Z,231.72
AMZN,2025-12-30T19:31:00Z,231.67
AMZN,2025-12-30T19:32:00Z,231.665
AMZN,2025-12-30T19:33:00Z,231.66
AMZN,2025-12-30T19:34:00Z,231.685
AMZN,2025-12-30T19:35:00Z,231.53
AMZN,2025-12-30T19:36:00Z,231.59
AMZN,2025-12-30T19:37:00Z,231.59
AMZN,2025-12-30T19:38:00Z,231.58
AMZN,2025-12-30T19:39:00Z,231.595
AMZN,2025-12-30T19:40:00Z,231.6
AMZN,2025-12-30T19:41:00Z,231.7
AMZN,2025-12-30T19:42:00Z,231.76
AMZN,2025-12-30T19:43:00Z,231.68
AMZN,2025-12-30T19:44:00Z,231.64
AMZN,2025-12-30T19:45:00Z,231.65
AMZN,2025-12-30T19:46:00Z,231.635
AMZN,2025-12-30T19:47:00Z,231.63
AMZN,2025-12-30T19:48:00Z,231.655
AMZN,2025-12-30T19:49:00Z,231.6
AMZN,2025-12-30T19:50:00Z,231.62
AMZN,2025-12-30T19:51:00Z,231.57
AMZN,2025-12-30T19:52:00Z,231.5
AMZN,2025-12-30T19:53:00Z,231.52
AMZN,2025-12-30T19:54:00Z,231.495
AMZN,2025-12-30T19:55:00Z,231.48
AMZN,2025-12-30T19:58:00Z,231.51
AMZN,2025-12-30T19:59:00Z,231.515
AMZN,2025-12-30T20:00:00Z,231.515
AMZN,2025-12-30T20:01:00Z,231.445
AMZN,2025-12-30T20:02:00Z,231.48
AMZN,2025-12-30T20:03:00Z,231.485
AMZN,2025-12-30T20:04:00Z,231.475
AMZN,2025-12-30T20:05:00Z,231.465
AMZN,2025-12-30T20:06:00Z,231.45
AMZN,2025-12-30T20:07:00Z,231.47
AMZN,2025-12-30T20:08:00Z,231.495
AMZN,2025-12-30T20:09:00Z,231.445
AMZN,2025-12-30T20:10:00Z,231.34
AMZN,2025-12-30T20:11:00Z,231.29
AMZN,2025-12-30T20:12:00Z,231.355
AMZN,2025-12-30T20:13:00Z,231.365
AMZN,2025-12-30T20:14:00Z,231.395
AMZN,2025-12-30T20:15:00Z,231.46
AMZN,2025-12-30T20:16:00Z,231.48
AMZN,2025-12-30T20:17:00Z,231.47
AMZN,2025-12-30T20:18:00Z,231.555
AMZN,2025-12-30T20:19:00Z,231.59
AMZN,2025-12-30T20:20:00Z,231.64
AMZN,2025-12-30T20:21:00Z,231.69
AMZN,2025-12-30T20:22:00Z,231.695
AMZN,2025-12-30T20:23:00Z,231.785
AMZN,2025-12-30T20:24:00Z,231.74
AMZN,2025-12-30T20:25:00Z,231.74
AMZN,2025-12-30T20:26:00Z,231.69
AMZN,2025-12-30T20:27:00Z,231.7
AMZN,2025-12-30T20:28:00Z,231.72
AMZN,2025-12-30T20:29:00Z,231.74
AMZN,2025-12-30T20:30:00Z,231.775
AMZN,2025-12-30T20:31:00Z,231.79
AMZN,2025-12-30T20:32:00Z,231.83
AMZN,2025-12-30T20:33:00Z,231.845
AMZN,2025-12-30T20:34:00Z,231.87
AMZN,2025-12-30T20:35:00Z,231.9
AMZN,2025-12-30T20:36:00Z,231.935
AMZN,2025-12-30T20:37:00Z,231.93
AMZN,2025-12-30T20:38:00Z,231.92
AMZN,2025-12-30T20:39:00Z,231.97
AMZN,2025-12-30T20:40:00Z,232.01
AMZN,2025-12-30T20:41:00Z,231.995
AMZN,2025-12-30T20:42:00Z,231.945
AMZN,2025-12-30T20:43:00Z,232.0
AMZN,2025-12-30T20:44:00Z,232.02
AMZN,2025-12-30T20:45:00Z,232.115
AMZN,2025-12-30T20:46:00Z,232.105
AMZN,2025-12-30T20:47:00Z,232.17
AMZN,2025-12-30T20:48:00Z,232.15
AMZN,2025-12-30T20:49:00Z,232.08
AMZN,2025-12-30T20:50:00Z,232.055
AMZN,2025-12-30T20:51:00Z,232.105
AMZN,2025-12-30T20:52:00Z,232.36
AMZN,2025-12-30T20:53:00Z,232.3
AMZN,2025-12-30T20:54:00Z,232.51
AMZN,2025-12-30T20:55:00Z,232.75
AMZN,2025-12-30T20:56:00Z,232.69
AMZN,2025-12-30T20:57:00Z,232.745
AMZN,2025-12-30T20:58:00Z,232.68
AMZN,2025-12-30T20:59:00Z,232.49
AMZN,2025-12-31T14:30:00Z,232.27
AMZN,2025-12-31T14:31:00Z,232.2
AMZN,2025-12-31T14:32:00Z,231.81
AMZN,2025-12-31T14:33:00Z,231.84
AMZN,2025-12-31T14:34:00Z,232.2
AMZN,2025-12-31T14:35:00Z,232.335
AMZN,2025-12-31T14:36:00Z,232.165
AMZN,2025-12-31T14:37:00Z,231.9
AMZN,2025-12-31T14:38:00Z,231.89
AMZN,2025-12-31T14:39:00Z,231.97
AMZN,2025-12-31T14:40:00Z,231.81
AMZN,2025-12-31T14:41:00Z,231.93
AMZN,2025-12-31T14:42:00Z,232.04
AMZN,2025-12-31T14:43:00Z,232.2
AMZN,2025-12-31T14:44:00Z,232.21
AMZN,2025-12-31T14:45:00Z,231.93
AMZN,2025-12-31T14:46:00Z,232.025
AMZN,2025-12-31T14:47:00Z,231.82
AMZN,2025-12-31T14:48:00Z,231.92
AMZN,2025-12-31T14:49:00Z,231.89
AMZN,2025-12-31T14:50:00Z,231.855
AMZN,2025-12-31T14:51:00Z,231.985
AMZN,2025-12-31T14:52:00Z,232.135
AMZN,2025-12-31T14:53:00Z,231.96
AMZN,2025-12-31T14:54:00Z,232.275
AMZN,2025-12-31T14:55:00Z,232.26
AMZN,2025-12-31T14:56:00Z,232.18
AMZN,2025-12-31T14:57:00Z,232.01
AMZN,2025-12-31T14:58:00Z,231.91
AMZN,2025-12-31T14:59:00Z,231.91
AMZN,2025-12-31T15:00:00Z,231.815
AMZN,2025-12-31T15:01:00Z,231.915
AMZN,2025-12-31T15:02:00Z,231.97
AMZN,2025-12-31T15:03:00Z,232.0
AMZN,2025-12-31T15:04:00Z,232.18
AMZN,2025-12-31T15:05:00Z,232.205
XLY,2025-12-30T19:21:00Z,120.64
XLY,2025-12-30T19:22:00Z,120.64
XLY,2025-12-30T19:23:00Z,120.625
XLY,2025-12-30T19:24:00Z,120.62
XLY,2025-12-30T19:25:00Z,120.615
XLY,2025-12-30T19:26:00Z,120.61
XLY,2025-12-30T19:27:00Z,120.585
XLY,2025-12-30T19:28:00Z,120.58
XLY,2025-12-30T19:29:00Z,120.585
XLY,2025-12-30T19:30:00Z,120.59
XLY,2025-12-30T19:32:00Z,120.575
XLY,2025-12-30T19:33:00Z,120.545
XLY,2025-12-30T19:36:00Z,120.535
XLY,2025-12-30T19:39:00Z,120.545
XLY,2025-12-30T19:43:00Z,120.595
XLY,2025-12-30T19:44:00Z,120.57
XLY,2025-12-30T19:45:00Z,120.575
XLY,2025-12-30T19:46:00Z,120.545
XLY,2025-12-30T19:47:00Z,120.565
XLY,2025-12-30T19:48:00Z,120.575
XLY,2025-12-30T19:49:00Z,120.535
XLY,2025-12-30T19:50:00Z,120.53
XLY,2025-12-30T19:52:00Z,120.52
XLY,2025-12-30T19:53:00Z,120.53
XLY,2025-12-30T19:56:00Z,120.57
XLY,2025-12-30T19:57:00Z,120.545
XLY,2025-12-30T19:58:00Z,120.56
XLY,2025-12-30T20:02:00Z,120.575
XLY,2025-12-30T20:03:00Z,120.57
XLY,2025-12-30T20:04:00Z,120.565
XLY,2025-12-30T20:05:00Z,120.54
XLY,2025-12-30T20:06:00Z,120.51
XLY,2025-12-30T20:07:00Z,120.5
XLY,2025-12-30T20:08:00Z,120.475
XLY,2025-12-30T20:09:00Z,120.48
XLY,2025-12-30T20:10:00Z,120.445
XLY,2025-12-30T20:11:00Z,120.42
XLY,2025-12-30T20:12:00Z,120.41
XLY,2025-12-30T20:13:00Z,120.41
XLY,2025-12-30T20:14:00Z,120.42
XLY,2025-12-30T20:15:00Z,120.425
XLY,2025-12-30T20:17:00Z,120.46
XLY,2025-12-30T20:18:00Z,120.47
XLY,2025-12-30T20:19:00Z,120.475
XLY,2025-12-30T20:20:00Z,120.45
XLY,2025-12-30T20:21:00Z,120.495
XLY,2025-12-30T20:22:00Z,120.5
XLY,2025-12-30T20:23:00Z,120.525
XLY,2025-12-30T20:24:00Z,120.505
XLY,2025-12-30T20:25:00Z,120.49
XLY,2025-12-30T20:26:00Z,120.46
XLY,2025-12-30T20:27:00Z,120.44
XLY,2025-12-30T20:28:00Z,120.445
XLY,2025-12-30T20:29:00Z,120.435
XLY,2025-12-30T20:30:00Z,120.445
XLY,2025-12-30T20:31:00Z,120.455
XLY,2025-12-30T20:32:00Z,120.425
XLY,2025-12-30T20:33:00Z,120.4
XLY,2025-12-30T20:34:00Z,120.445
XLY,2025-12-30T20:35:00Z,120.455
XLY,2025-12-30T20:36:00Z,120.465
XLY,2025-12-30T20:37:00Z,120.445
XLY,2025-12-30T20:38:00Z,120.425
XLY,2025-12-30T20:40:00Z,120.425
XLY,2025-12-30T20:41:00Z,120.435
XLY,2025-12-30T20:42:00Z,120.415
XLY,2025-12-30T20:43:00Z,120.445
XLY,2025-12-30T20:44:00Z,120.425
XLY,2025-12-30T20:45:00Z,120.425
XLY,2025-12-30T20:46:00Z,120.425
XLY,2025-12-30T20:47:00Z,120.435
XLY,2025-12-30T20:48:00Z,120.445
XLY,2025-12-30T20:49:00Z,120.435
XLY,2025-12-30T20:50:00Z,120.39
XLY,2025-12-30T20:51:00Z,120.405
XLY,2025-12-30T20:52:00Z,120.415
XLY,2025-12-30T20:53:00Z,120.405
XLY,2025-12-30T20:54:00Z,120.41
XLY,2025-12-30T20:55:00Z,120.435
XLY,2025-12-30T20:56:00Z,120.43
XLY,2025-12-30T20:57:00Z,120.44
XLY,2025-12-30T20:58:00Z,120.4
XLY,2025-12-30T20:59:00Z,120.355
XLY,2025-12-31T14:30:00Z,120.345
XLY,2025-12-31T14:31:00Z,120.17
XLY,2025-12-31T14:32:00Z,120.11
XLY,2025-12-31T14:33:00Z,120.245
XLY,2025-12-31T14:34:00Z,120.165
XLY,2025-12-31T14:35:00Z,120.34
XLY,2025-12-31T14:37:00Z,120.175
XLY,2025-12-31T14:38:00Z,120.125
XLY,2025-12-31T14:39:00Z,120.15
XLY,2025-12-31T14:40:00Z,120.165
XLY,2025-12-31T14:45:00Z,120.11
XLY,2025-12-31T14:46:00Z,120.115
XLY,2025-12-31T14:48:00Z,120.11
XLY,2025-12-31T14:49:00Z,120.12
XLY,2025-12-31T14:50:00Z,120.17
XLY,2025-12-31T14:52:00Z,120.165
XLY,2025-12-31T14:53:00Z,120.15
XLY,2025-12-31T14:56:00Z,120.185
XLY,2025-12-31T14:58:00Z,120.125
XLY,2025-12-31T14:59:00Z,120.16
XLY,2025-12-31T15:01:00Z,120.145
XLY,2025-12-31T15:02:00Z,120.15
XLY,2025-12-31T15:05:00Z,120.165
AMZN,2026-01-02T14:30:00Z,232.845
AMZN,2026-01-02T14:31:00Z,232.54
AMZN,2026-01-02T14:32:00Z,232.59
AMZN,2026-01-02T14:33:00Z,232.805
AMZN,2026-01-02T14:34:00Z,233.25
AMZN,2026-01-02T14:35:00Z,232.9
AMZN,2026-01-02T14:36:00Z,233.52
AMZN,2026-01-02T14:37:00Z,233.85
AMZN,2026-01-02T14:38:00Z,234.07
AMZN,2026-01-02T14:39:00Z,233.64
AMZN,2026-01-02T14:40:00Z,233.93
AMZN,2026-01-02T14:41:00Z,234.25
AMZN,2026-01-02T14:42:00Z,234.38
AMZN,2026-01-02T14:43:00Z,234.63
AMZN,2026-01-02T14:44:00Z,234.78
AMZN,2026-01-02T14:45:00Z,235.16
AMZN,2026-01-02T14:46:00Z,235.14
AMZN,2026-01-02T14:47:00Z,235.31
AMZN,2026-01-02T14:48:00Z,234.885
AMZN,2026-01-02T14:49:00Z,234.37
AMZN,2026-01-02T14:50:00Z,234.61
AMZN,2026-01-02T14:51:00Z,234.74
AMZN,2026-01-02T14:52:00Z,234.29
AMZN,2026-01-02T14:53:00Z,233.77
AMZN,2026-01-02T14:54:00Z,233.61
AMZN,2026-01-02T14:55:00Z,233.59
AMZN,2026-01-02T14:56:00Z,233.44
AMZN,2026-01-02T14:57:00Z,233.22
AMZN,2026-01-02T14:58:00Z,233.015
AMZN,2026-01-02T14:59:00Z,232.845
AMZN,2026-01-02T15:00:00Z,232.915
AMZN,2026-01-02T15:01:00Z,232.54
AMZN,2026-01-02T15:02:00Z,232.48
AMZN,2026-01-02T15:03:00Z,232.07
AMZN,2026-01-02T15:04:00Z,231.925
AMZN,2026-01-02T15:05:00Z,231.88
XLY,2026-01-02T14:30:00Z,120.08
XLY,2026-01-02T14:31:00Z,119.84
XLY,2026-01-02T14:32:00Z,119.85
XLY,2026-01-02T14:33:00Z,119.735
XLY,2026-01-02T14:34:00Z,119.765
XLY,2026-01-02T14:35:00Z,119.585
XLY,2026-01-02T14:36:00Z,119.63
XLY,2026-01-02T14:37:00Z,119.61
XLY,2026-01-02T14:38:00Z,119.59
XLY,2026-01-02T14:39:00Z,119.575
XLY,2026-01-02T14:40:00Z,119.585
XLY,2026-01-02T14:41:00Z,119.54
XLY,2026-01-02T14:42:00Z,119.495
XLY,2026-01-02T14:43:00Z,119.6
XLY,2026-01-02T14:44:00Z,119.51
XLY,2026-01-02T14:45:00Z,119.54
XLY,2026-01-02T14:46:00Z,119.505
XLY,2026-01-02T14:47:00Z,119.68
XLY,2026-01-02T14:48:00Z,119.7
XLY,2026-01-02T14:49:00Z,119.615
XLY,2026-01-02T14:50:00Z,119.775
XLY,2026-01-02T14:51:00Z,119.785
XLY,2026-01-02T14:52:00Z,119.775
XLY,2026-01-02T14:53:00Z,119.685
XLY,2026-01-02T14:54:00Z,119.69
XLY,2026-01-02T14:55:00Z,119.75
XLY,2026-01-02T14:56:00Z,119.76
XLY,2026-01-02T14:57:00Z,119.74
XLY,2026-01-02T14:58:00Z,119.645
XLY,2026-01-02T14:59:00Z,119.61
XLY,2026-01-02T15:00:00Z,119.665
XLY,2026-01-02T15:01:00Z,119.655
XLY,2026-01-02T15:02:00Z,119.59
XLY,2026-01-02T15:03:00Z,119.535
XLY,2026-01-02T15:04:00Z,119.465
XLY,2026-01-02T15:05:00Z,119.49
ITA,2026-01-07T19:05:00Z,232.31
ITA,2026-01-07T19:08:00Z,231.74
ITA,2026-01-07T19:09:00Z,230.49
ITA,2026-01-07T19:10:00Z,230.76
ITA,2026-01-07T19:11:00Z,229.91
ITA,2026-01-07T19:12:00Z,229.51
ITA,2026-01-07T19:13:00Z,229.965
ITA,2026-01-07T19:14:00Z,229.9
ITA,2026-01-07T19:15:00Z,229.165
ITA,2026-01-07T19:16:00Z,229.385
ITA,2026-01-07T19:17:00Z,229.28
ITA,2026-01-07T19:18:00Z,229.06
ITA,2026-01-07T19:21:00Z,229.36
ITA,2026-01-07T19:22:00Z,229.95
ITA,2026-01-07T19:26:00Z,230.09
ITA,2026-01-07T19:29:00Z,230.08
ITA,2026-01-07T19:30:00Z,229.855
ITA,2026-01-07T19:31:00Z,230.075
ITA,2026-01-07T19:34:00Z,229.95
ITA,2026-01-07T19:36:00Z,229.82
ITA,2026-01-07T19:38:00Z,229.445
ITA,2026-01-07T19:41:00Z,228.97
ITA,2026-01-07T19:42:00Z,229.23
ITA,2026-01-07T19:43:00Z,229.05
ITA,2026-01-07T19:45:00Z,229.175
ITA,2026-01-07T19:46:00Z,229.25
ITA,2026-01-07T19:47:00Z,229.265
ITA,2026-01-07T19:50:00Z,229.04
ITA,2026-01-07T19:51:00Z,228.95
ITA,2026-01-07T19:52:00Z,228.905
ITA,2026-01-07T19:53:00Z,228.985
ITA,2026-01-07T19:55:00Z,228.365
ITA,2026-01-07T19:57:00Z,228.37
ITA,2026-01-07T19:59:00Z,228.39
ITA,2026-01-07T20:00:00Z,228.48
ITA,2026-01-07T20:02:00Z,228.34
ITA,2026-01-07T20:03:00Z,228.34
ITA,2026-01-07T20:04:00Z,228.485
ITA,2026-01-07T20:05:00Z,228.485
ITA,2026-01-07T20:07:00Z,228.1
ITA,2026-01-07T20:09:00Z,228.19
ITA,2026-01-07T20:10:00Z,228.01
ITA,2026-01-07T20:11:00Z,227.86
ITA,2026-01-07T20:12:00Z,227.7
ITA,2026-01-07T20:13:00Z,227.72
ITA,2026-01-07T20:16:00Z,227.52
ITA,2026-01-07T20:18:00Z,227.74
ITA,2026-01-07T20:20:00Z,227.62
ITA,2026-01-07T20:22:00Z,227.54
ITA,2026-01-07T20:23:00Z,227.55
ITA,2026-01-07T20:24:00Z,227.375
ITA,2026-01-07T20:25:00Z,227.315
ITA,2026-01-07T20:26:00Z,227.07
ITA,2026-01-07T20:27:00Z,226.9
ITA,2026-01-07T20:28:00Z,226.96
ITA,2026-01-07T20:29:00Z,226.89
ITA,2026-01-07T20:30:00Z,226.83
ITA,2026-01-07T20:32:00Z,227.0
ITA,2026-01-07T20:33:00Z,227.01
ITA,2026-01-07T20:34:00Z,226.79
ITA,2026-01-07T20:36:00Z,226.58
ITA,2026-01-07T20:37:00Z,226.72
ITA,2026-01-07T20:39:00Z,226.82
ITA,2026-01-07T20:40:00Z,227.045
ITA,2026-01-07T20:41:00Z,226.76
ITA,2026-01-07T20:42:00Z,226.835
ITA,2026-01-07T20:43:00Z,226.895
ITA,2026-01-07T20:45:00Z,227.01
ITA,2026-01-07T20:47:00Z,227.04
ITA,2026-01-07T20:48:00Z,227.0
ITA,2026-01-07T20:49:00Z,226.86
ITA,2026-01-07T20:50:00Z,226.82
ITA,2026-01-07T20:51:00Z,226.6
ITA,2026-01-07T20:52:00Z,226.51
ITA,2026-01-07T20:53:00Z,226.39
ITA,2026-01-07T20:54:00Z,226.395
ITA,2026-01-07T20:55:00Z,226.23
ITA,2026-01-07T20:56:00Z,226.315
ITA,2026-01-07T20:57:00Z,226.44
ITA,2026-01-07T20:58:00Z,226.385
ITA,2026-01-07T20:59:00Z,226.315
ITA,2026-01-08T14:30:00Z,233.275
ITA,2026-01-08T14:31:00Z,233.58
ITA,2026-01-08T14:32:00Z,233.97
ITA,2026-01-08T14:34:00Z,233.47
ITA,2026-01-08T14:35:00Z,233.98
ITA,2026-01-08T14:36:00Z,234.67
ITA,2026-01-08T14:37:00Z,234.545
ITA,2026-01-08T14:38:00Z,234.44
ITA,2026-01-08T14:39:00Z,234.3
ITA,2026-01-08T14:40:00Z,234.97
ITA,2026-01-08T14:41:00Z,234.465
ITA,2026-01-08T14:42:00Z,234.17
ITA,2026-01-08T14:43:00Z,234.15
ITA,2026-01-08T14:45:00Z,234.42
ITA,2026-01-08T14:46:00Z,234.75
ITA,2026-01-08T14:48:00Z,235.74
ITA,2026-01-08T14:49:00Z,235.76
ITA,2026-01-08T14:50:00Z,235.64
ITA,2026-01-08T14:55:00Z,234.72
ITA,2026-01-08T14:57:00Z,234.08
ITA,2026-01-08T14:58:00Z,234.35
ITA,2026-01-08T14:59:00Z,234.39
ITA,2026-01-08T15:00:00Z,234.37
RTX,2026-01-07T19:02:00Z,192.895
RTX,2026-01-07T19:03:00Z,193.035
RTX,2026-01-07T19:04:00Z,193.275
RTX,2026-01-07T19:05:00Z,193.4
RTX,2026-01-07T19:06:00Z,193.57
RTX,2026-01-07T19:08:00Z,192.645
RTX,2026-01-07T19:09:00Z,191.165
RTX,2026-01-07T19:10:00Z,190.72
RTX,2026-01-07T19:11:00Z,190.67
RTX,2026-01-07T19:12:00Z,190.41
RTX,2026-01-07T19:13:00Z,190.94
RTX,2026-01-07T19:14:00Z,190.68
RTX,2026-01-07T19:15:00Z,189.69
RTX,2026-01-07T19:16:00Z,189.7
RTX,2026-01-07T19:17:00Z,189.43
RTX,2026-01-07T19:18:00Z,189.71
RTX,2026-01-07T19:19:00Z,190.275
RTX,2026-01-07T19:20:00Z,189.95
RTX,2026-01-07T19:21:00Z,190.48
RTX,2026-01-07T19:22:00Z,190.76
RTX,2026-01-07T19:23:00Z,190.56
RTX,2026-01-07T19:24:00Z,190.81
RTX,2026-01-07T19:25:00Z,190.705
RTX,2026-01-07T19:26:00Z,190.97
RTX,2026-01-07T19:27:00Z,190.44
RTX,2026-01-07T19:28:00Z,190.67
RTX,2026-01-07T19:29:00Z,190.51
RTX,2026-01-07T19:30:00Z,190.15
RTX,2026-01-07T19:31:00Z,190.15
RTX,2026-01-07T19:32:00Z,190.385
RTX,2026-01-07T19:33:00Z,190.49
RTX,2026-01-07T19:34:00Z,190.01
RTX,2026-01-07T19:35:00Z,189.77
RTX,2026-01-07T19:37:00Z,189.77
RTX,2026-01-07T19:38:00Z,189.345
RTX,2026-01-07T19:39:00Z,188.76
RTX,2026-01-07T19:40:00Z,188.72
RTX,2026-01-07T19:41:00Z,188.67
RTX,2026-01-07T19:42:00Z,188.94
RTX,2026-01-07T19:43:00Z,188.77
RTX,2026-01-07T19:44:00Z,188.66
RTX,2026-01-07T19:45:00Z,189.05
RTX,2026-01-07T19:46:00Z,189.24
RTX,2026-01-07T19:47:00Z,189.02
RTX,2026-01-07T19:48:00Z,189.125
RTX,2026-01-07T19:49:00Z,188.91
RTX,2026-01-07T19:51:00Z,188.41
RTX,2026-01-07T19:52:00Z,188.275
RTX,2026-01-07T19:53:00Z,188.48
RTX,2026-01-07T19:54:00Z,188.495
RTX,2026-01-07T19:55:00Z,187.6
RTX,2026-01-07T19:56:00Z,187.79
RTX,2026-01-07T19:57:00Z,187.655
RTX,2026-01-07T19:58:00Z,187.555
RTX,2026-01-07T19:59:00Z,187.74
RTX,2026-01-07T20:00:00Z,187.925
RTX,2026-01-07T20:01:00Z,187.55
RTX,2026-01-07T20:02:00Z,187.535
RTX,2026-01-07T20:03:00Z,187.8
RTX,2026-01-07T20:04:00Z,187.86
RTX,2026-01-07T20:05:00Z,187.4
RTX,2026-01-07T20:06:00Z,187.19
RTX,2026-01-07T20:07:00Z,187.58
RTX,2026-01-07T20:08:00Z,187.755
RTX,2026-01-07T20:09:00Z,187.81
RTX,2026-01-07T20:10:00Z,187.68
RTX,2026-01-07T20:11:00Z,187.5
RTX,2026-01-07T20:12:00Z,187.29
RTX,2026-01-07T20:13:00Z,187.325
RTX,2026-01-07T20:14:00Z,187.325
RTX,2026-01-07T20:15:00Z,187.27
RTX,2026-01-07T20:16:00Z,187.35
RTX,2026-01-07T20:17:00Z,187.19
RTX,2026-01-07T20:18:00Z,187.14
RTX,2026-01-07T20:19:00Z,187.06
RTX,2026-01-07T20:20:00Z,186.99
RTX,2026-01-07T20:21:00Z,186.88
RTX,2026-01-07T20:22:00Z,186.96
RTX,2026-01-07T20:23:00Z,187.06
RTX,2026-01-07T20:24:00Z,186.88
RTX,2026-01-07T20:25:00Z,186.91
RTX,2026-01-07T20:26:00Z,186.57
RTX,2026-01-07T20:27:00Z,186.365
RTX,2026-01-07T20:28:00Z,186.455
RTX,2026-01-07T20:29:00Z,186.62
RTX,2026-01-07T20:30:00Z,186.21
RTX,2026-01-07T20:31:00Z,186.33
RTX,2026-01-07T20:32:00Z,186.36
RTX,2026-01-07T20:33:00Z,186.09
RTX,2026-01-07T20:34:00Z,186.05
RTX,2026-01-07T20:35:00Z,185.85
RTX,2026-01-07T20:36:00Z,185.705
RTX,2026-01-07T20:37:00Z,185.835
RTX,2026-01-07T20:38:00Z,186.03
RTX,2026-01-07T20:39:00Z,185.735
RTX,2026-01-07T20:40:00Z,185.93
RTX,2026-01-07T20:41:00Z,185.805
RTX,2026-01-07T20:42:00Z,185.875
RTX,2026-01-07T20:43:00Z,185.97
RTX,2026-01-07T20:44:00Z,186.295
RTX,2026-01-07T20:45:00Z,186.27
RTX,2026-01-07T20:46:00Z,186.44
RTX,2026-01-07T20:47:00Z,186.495
RTX,2026-01-07T20:48:00Z,186.395
RTX,2026-01-07T20:49:00Z,186.19
RTX,2026-01-07T20:50:00Z,186.42
RTX,2026-01-07T20:51:00Z,186.245
RTX,2026-01-07T20:52:00Z,186.24
RTX,2026-01-07T20:53:00Z,186.27
RTX,2026-01-07T20:54:00Z,186.13
RTX,2026-01-07T20:55:00Z,185.865
RTX,2026-01-07T20:56:00Z,186.14
RTX,2026-01-07T20:57:00Z,186.15
RTX,2026-01-07T20:58:00Z,185.99
RTX,2026-01-07T20:59:00Z,185.74
RTX,2026-01-08T14:30:00Z,192.49
RTX,2026-01-08T14:31:00Z,192.575
RTX,2026-01-08T14:32:00Z,193.19
RTX,2026-01-08T14:33:00Z,190.99
RTX,2026-01-08T14:34:00Z,191.72
RTX,2026-01-08T14:35:00Z,192.01
RTX,2026-01-08T14:36:00Z,193.02
RTX,2026-01-08T14:37:00Z,193.19
RTX,2026-01-08T14:38:00Z,193.26
RTX,2026-01-08T14:39:00Z,193.02
RTX,2026-01-08T14:40:00Z,193.595
RTX,2026-01-08T14:41:00Z,193.735
RTX,2026-01-08T14:42:00Z,193.765
RTX,2026-01-08T14:43:00Z,194.33
RTX,2026-01-08T14:44:00Z,194.28
RTX,2026-01-08T14:45:00Z,193.97
RTX,2026-01-08T14:46:00Z,194.93
RTX,2026-01-08T14:47:00Z,195.1
RTX,2026-01-08T14:48:00Z,195.45
RTX,2026-01-08T14:49:00Z,195.77
RTX,2026-01-08T14:50:00Z,196.23
RTX,2026-01-08T14:51:00Z,196.2
RTX,2026-01-08T14:52:00Z,196.17
RTX,2026-01-08T14:53:00Z,195.86
RTX,2026-01-08T14:54:00Z,195.48
RTX,2026-01-08T14:55:00Z,195.54
RTX,2026-01-08T14:56:00Z,195.76
RTX,2026-01-08T14:57:00Z,195.77
RTX,2026-01-08T14:58:00Z,195.81
RTX,2026-01-08T14:59:00Z,196.05
RTX,2026-01-08T15:00:00Z,196.0
RTX,2026-01-08T15:01:00Z,195.68
RTX,2026-01-08T15:02:00Z,195.5
RTX,2026-01-08T15:03:00Z,195.06
RTX,2026-01-08T15:04:00Z,195.035
RTX,2026-01-08T15:05:00Z,195.13
INTC,2026-01-08T19:13:00Z,40.87
INTC,2026-01-08T19:14:00Z,40.875
INTC,2026-01-08T19:15:00Z,40.83
INTC,2026-01-08T19:16:00Z,40.845
INTC,2026-01-08T19:17:00Z,40.89
INTC,2026-01-08T19:18:00Z,40.89
INTC,2026-01-08T19:19:00Z,40.915
INTC,2026-01-08T19:20:00Z,40.925
INTC,2026-01-08T19:21:00Z,40.885
INTC,2026-01-08T19:22:00Z,40.87
INTC,2026-01-08T19:23:00Z,40.855
INTC,2026-01-08T19:24:00Z,40.885
INTC,2026-01-08T19:25:00Z,40.855
INTC,2026-01-08T19:26:00Z,40.93
INTC,2026-01-08T19:27:00Z,40.915
INTC,2026-01-08T19:28:00Z,40.92
INTC,2026-01-08T19:29:00Z,40.925
INTC,2026-01-08T19:30:00Z,40.985
INTC,2026-01-08T19:31:00Z,41.04
INTC,2026-01-08T19:32:00Z,41.02
INTC,2026-01-08T19:33:00Z,40.98
INTC,2026-01-08T19:34:00Z,40.96
INTC,2026-01-08T19:35:00Z,40.91
INTC,2026-01-08T19:36:00Z,40.86
INTC,2026-01-08T19:37:00Z,40.865
INTC,2026-01-08T19:38:00Z,40.84
INTC,2026-01-08T19:39:00Z,40.845
INTC,2026-01-08T19:40:00Z,40.87
INTC,2026-01-08T19:41:00Z,40.85
INTC,2026-01-08T19:42:00Z,40.82
INTC,2026-01-08T19:43:00Z,40.8
INTC,2026-01-08T19:44:00Z,40.81
INTC,2026-01-08T19:45:00Z,40.84
INTC,2026-01-08T19:46:00Z,40.9
INTC,2026-01-08T19:47:00Z,40.975
INTC,2026-01-08T19:48:00Z,41.01
INTC,2026-01-08T19:49:00Z,41.085
INTC,2026-01-08T19:50:00Z,41.18
INTC,2026-01-08T19:51:00Z,41.245
INTC,2026-01-08T19:52:00Z,41.22
INTC,2026-01-08T19:53:00Z,41.215
INTC,2026-01-08T19:54:00Z,41.225
INTC,2026-01-08T19:55:00Z,41.205
INTC,2026-01-08T19:56:00Z,41.14
INTC,2026-01-08T19:57:00Z,41.14
INTC,2026-01-08T19:58:00Z,41.185
INTC,2026-01-08T19:59:00Z,41.23
INTC,2026-01-08T20:00:00Z,41.19
INTC,2026-01-08T20:01:00Z,41.155
INTC,2026-01-08T20:02:00Z,41.15
INTC,2026-01-08T20:03:00Z,41.125
INTC,2026-01-08T20:04:00Z,41.175
INTC,2026-01-08T20:05:00Z,41.135
INTC,2026-01-08T20:06:00Z,41.16
INTC,2026-01-08T20:07:00Z,41.17
INTC,2026-01-08T20:08:00Z,41.13
INTC,2026-01-08T20:09:00Z,41.16
INTC,2026-01-08T20:10:00Z,41.24
INTC,2026-01-08T20:11:00Z,41.185
INTC,2026-01-08T20:12:00Z,41.19
INTC,2026-01-08T20:13:00Z,41.215
INTC,2026-01-08T20:14:00Z,41.115
INTC,2026-01-08T20:15:00Z,41.145
INTC,2026-01-08T20:16:00Z,41.12
INTC,2026-01-08T20:17:00Z,41.105
INTC,2026-01-08T20:18:00Z,41.115
INTC,2026-01-08T20:19:00Z,41.105
INTC,2026-01-08T20:20:00Z,41.09
INTC,2026-01-08T20:21:00Z,41.065
INTC,2026-01-08T20:22:00Z,41.05
INTC,2026-01-08T20:23:00Z,41.085
INTC,2026-01-08T20:24:00Z,41.06
INTC,2026-01-08T20:25:00Z,41.115
INTC,2026-01-08T20:26:00Z,41.1
INTC,2026-01-08T20:27:00Z,41.13
INTC,2026-01-08T20:28:00Z,41.12
INTC,2026-01-08T20:29:00Z,41.045
INTC,2026-01-08T20:30:00Z,41.11
INTC,2026-01-08T20:31:00Z,41.125
INTC,2026-01-08T20:32:00Z,41.115
INTC,2026-01-08T20:33:00Z,41.12
INTC,2026-01-08T20:34:00Z,41.125
INTC,2026-01-08T20:35:00Z,41.145
INTC,2026-01-08T20:36:00Z,41.17
INTC,2026-01-08T20:37:00Z,41.165
INTC,2026-01-08T20:38:00Z,41.145
INTC,2026-01-08T20:39:00Z,41.195
INTC,2026-01-08T20:40:00Z,41.2
INTC,2026-01-08T20:41:00Z,41.2
INTC,2026-01-08T20:42:00Z,41.205
INTC,2026-01-08T20:43:00Z,41.225
INTC,2026-01-08T20:44:00Z,41.225
INTC,2026-01-08T20:45:00Z,41.245
INTC,2026-01-08T20:46:00Z,41.21
INTC,2026-01-08T20:47:00Z,41.285
INTC,2026-01-08T20:48:00Z,41.215
INTC,2026-01-08T20:49:00Z,41.26
INTC,2026-01-08T20:50:00Z,41.23
INTC,2026-01-08T20:51:00Z,41.23
INTC,2026-01-08T20:52:00Z,41.24
INTC,2026-01-08T20:53:00Z,41.26
INTC,2026-01-08T20:54:00Z,41.215
INTC,2026-01-08T20:55:00Z,41.17
INTC,2026-01-08T20:56:00Z,41.175
INTC,2026-01-08T20:57:00Z,41.125
INTC,2026-01-08T20:58:00Z,41.125
INTC,2026-01-08T20:59:00Z,41.14
INTC,2026-01-09T13:14:00Z,42.29
INTC,2026-01-09T13:36:00Z,42.12
INTC,2026-01-09T14:03:00Z,42.14
INTC,2026-01-09T14:10:00Z,42.11
INTC,2026-01-09T14:30:00Z,42.15
INTC,2026-01-09T14:31:00Z,42.27
INTC,2026-01-09T14:32:00Z,42.52
INTC,2026-01-09T14:33:00Z,42.645
INTC,2026-01-09T14:34:00Z,42.69
INTC,2026-01-09T14:35:00Z,42.74
INTC,2026-01-09T14:36:00Z,42.84
INTC,2026-01-09T14:37:00Z,42.77
INTC,2026-01-09T14:38:00Z,42.81
INTC,2026-01-09T14:39:00Z,42.815
INTC,2026-01-09T14:40:00Z,42.88
INTC,2026-01-09T14:41:00Z,42.83
INTC,2026-01-09T14:42:00Z,42.95
INTC,2026-01-09T14:43:00Z,43.04
INTC,2026-01-09T14:44:00Z,43.22
INTC,2026-01-09T14:45:00Z,43.455
INTC,2026-01-09T14:46:00Z,43.695
INTC,2026-01-09T14:47:00Z,44.05
INTC,2026-01-09T14:48:00Z,43.83
INTC,2026-01-09T14:49:00Z,44.305
INTC,2026-01-09T14:50:00Z,44.54
INTC,2026-01-09T14:51:00Z,44.5
INTC,2026-01-09T14:52:00Z,44.3
INTC,2026-01-09T14:53:00Z,44.325
INTC,2026-01-09T14:54:00Z,44.43
INTC,2026-01-09T14:55:00Z,44.74
INTC,2026-01-09T14:56:00Z,44.66
INTC,2026-01-09T14:57:00Z,44.64
INTC,2026-01-09T14:58:00Z,44.6
INTC,2026-01-09T14:59:00Z,44.745
INTC,2026-01-09T15:00:00Z,44.51
INTC,2026-01-09T15:01:00Z,44.65
INTC,2026-01-09T15:02:00Z,44.83
INTC,2026-01-09T15:03:00Z,44.64
INTC,2026-01-09T15:04:00Z,44.5
INTC,2026-01-09T15:05:00Z,44.545
SOXX,2026-01-08T19:13:00Z,318.77
SOXX,2026-01-08T19:15:00Z,318.5
SOXX,2026-01-08T19:17:00Z,318.72
SOXX,2026-01-08T19:18:00Z,318.75
SOXX,2026-01-08T19:22:00Z,318.85
SOXX,2026-01-08T19:23:00Z,318.67
SOXX,2026-01-08T19:27:00Z,318.72
SOXX,2026-01-08T19:28:00Z,318.78
SOXX,2026-01-08T19:29:00Z,318.85
SOXX,2026-01-08T19:30:00Z,319.08
SOXX,2026-01-08T19:31:00Z,319.2
SOXX,2026-01-08T19:32:00Z,319.16
SOXX,2026-01-08T19:33:00Z,319.1
SOXX,2026-01-08T19:34:00Z,319.04
SOXX,2026-01-08T19:35:00Z,319.05
SOXX,2026-01-08T19:36:00Z,318.865
SOXX,2026-01-08T19:37:00Z,318.8
SOXX,2026-01-08T19:38:00Z,318.785
SOXX,2026-01-08T19:42:00Z,318.84
SOXX,2026-01-08T19:43:00Z,318.75
SOXX,2026-01-08T19:44:00Z,318.77
SOXX,2026-01-08T19:45:00Z,318.77
SOXX,2026-01-08T19:46:00Z,318.77
SOXX,2026-01-08T19:47:00Z,318.84
SOXX,2026-01-08T19:48:00Z,318.975
SOXX,2026-01-08T19:50:00Z,319.19
SOXX,2026-01-08T19:51:00Z,319.18
SOXX,2026-01-08T19:52:00Z,319.43
SOXX,2026-01-08T19:53:00Z,319.49
SOXX,2026-01-08T19:54:00Z,319.55
SOXX,2026-01-08T19:55:00Z,319.22
SOXX,2026-01-08T19:57:00Z,318.94
SOXX,2026-01-08T19:58:00Z,319.01
SOXX,2026-01-08T19:59:00Z,319.21
SOXX,2026-01-08T20:01:00Z,318.94
SOXX,2026-01-08T20:02:00Z,319.04
SOXX,2026-01-08T20:03:00Z,319.07
SOXX,2026-01-08T20:04:00Z,318.98
SOXX,2026-01-08T20:05:00Z,319.03
SOXX,2026-01-08T20:06:00Z,318.89
SOXX,2026-01-08T20:08:00Z,318.92
SOXX,2026-01-08T20:10:00Z,319.03
SOXX,2026-01-08T20:11:00Z,318.965
SOXX,2026-01-08T20:13:00Z,318.95
SOXX,2026-01-08T20:14:00Z,318.87
SOXX,2026-01-08T20:15:00Z,318.96
SOXX,2026-01-08T20:16:00Z,318.94
SOXX,2026-01-08T20:17:00Z,318.8
SOXX,2026-01-08T20:18:00Z,318.765
SOXX,2026-01-08T20:19:00Z,318.78
SOXX,2026-01-08T20:20:00Z,318.72
SOXX,2026-01-08T20:21:00Z,318.72
SOXX,2026-01-08T20:23:00Z,318.77
SOXX,2026-01-08T20:25:00Z,318.895
SOXX,2026-01-08T20:26:00Z,318.89
SOXX,2026-01-08T20:27:00Z,319.11
SOXX,2026-01-08T20:28:00Z,319.09
SOXX,2026-01-08T20:29:00Z,318.9
SOXX,2026-01-08T20:30:00Z,319.14
SOXX,2026-01-08T20:31:00Z,319.28
SOXX,2026-01-08T20:33:00Z,319.13
SOXX,2026-01-08T20:34:00Z,319.105
SOXX,2026-01-08T20:35:00Z,319.38
SOXX,2026-01-08T20:36:00Z,319.555
SOXX,2026-01-08T20:37:00Z,319.51
SOXX,2026-01-08T20:38:00Z,319.485
SOXX,2026-01-08T20:40:00Z,319.34
SOXX,2026-01-08T20:41:00Z,319.29
SOXX,2026-01-08T20:42:00Z,319.28
SOXX,2026-01-08T20:43:00Z,319.3
SOXX,2026-01-08T20:44:00Z,319.34
SOXX,2026-01-08T20:45:00Z,319.42
SOXX,2026-01-08T20:46:00Z,319.5
SOXX,2026-01-08T20:47:00Z,319.61
SOXX,2026-01-08T20:48:00Z,319.53
SOXX,2026-01-08T20:49:00Z,319.5
SOXX,2026-01-08T20:50:00Z,319.39
SOXX,2026-01-08T20:51:00Z,319.45
SOXX,2026-01-08T20:52:00Z,319.51
SOXX,2026-01-08T20:53:00Z,319.62
SOXX,2026-01-08T20:54:00Z,319.49
SOXX,2026-01-08T20:55:00Z,319.52
SOXX,2026-01-08T20:56:00Z,319.57
SOXX,2026-01-08T20:57:00Z,319.495
SOXX,2026-01-08T20:58:00Z,319.515
SOXX,2026-01-08T20:59:00Z,319.49
SOXX,2026-01-08T21:11:00Z,319.38
SOXX,2026-01-08T21:12:00Z,319.44
SOXX,2026-01-08T21:18:00Z,319.61
SOXX,2026-01-08T21:40:00Z,320.0
SOXX,2026-01-09T13:32:00Z,323.09
SOXX,2026-01-09T13:50:00Z,323.61
SOXX,2026-01-09T14:00:00Z,324.02
SOXX,2026-01-09T14:04:00Z,324.03
SOXX,2026-01-09T14:11:00Z,323.79
SOXX,2026-01-09T14:15:00Z,323.3
SOXX,2026-01-09T14:17:00Z,323.41
SOXX,2026-01-09T14:24:00Z,322.72
SOXX,2026-01-09T14:30:00Z,321.285
SOXX,2026-01-09T14:31:00Z,321.61
SOXX,2026-01-09T14:32:00Z,321.98
SOXX,2026-01-09T14:33:00Z,322.78
SOXX,2026-01-09T14:34:00Z,322.55
SOXX,2026-01-09T14:35:00Z,323.17
SOXX,2026-01-09T14:36:00Z,323.73
SOXX,2026-01-09T14:37:00Z,323.95
SOXX,2026-01-09T14:38:00Z,324.58
SOXX,2026-01-09T14:39:00Z,324.62
SOXX,2026-01-09T14:40:00Z,324.33
SOXX,2026-01-09T14:41:00Z,324.57
SOXX,2026-01-09T14:42:00Z,324.78
SOXX,2026-01-09T14:43:00Z,324.65
SOXX,2026-01-09T14:44:00Z,324.46
SOXX,2026-01-09T14:45:00Z,324.54
SOXX,2026-01-09T14:46:00Z,324.86
SOXX,2026-01-09T14:47:00Z,324.97
SOXX,2026-01-09T14:48:00Z,324.065
SOXX,2026-01-09T14:49:00Z,324.54
SOXX,2026-01-09T14:50:00Z,324.655
SOXX,2026-01-09T14:51:00Z,324.4
SOXX,2026-01-09T14:52:00Z,324.16
SOXX,2026-01-09T14:53:00Z,324.97
SOXX,2026-01-09T14:54:00Z,324.91
SOXX,2026-01-09T14:55:00Z,324.62
SOXX,2026-01-09T14:56:00Z,324.59
SOXX,2026-01-09T14:57:00Z,324.8
SOXX,2026-01-09T14:58:00Z,325.1
SOXX,2026-01-09T14:59:00Z,325.1
SOXX,2026-01-09T15:00:00Z,325.58
SOXX,2026-01-09T15:01:00Z,325.22
SOXX,2026-01-09T15:02:00Z,326.03
SOXX,2026-01-09T15:03:00Z,325.45
SOXX,2026-01-09T15:04:00Z,325.165
SOXX,2026-01-09T15:05:00Z,324.97
XLY,2026-01-09T20:00:00Z,124.19
XLY,2026-01-09T20:01:00Z,124.265
XLY,2026-01-09T20:02:00Z,124.285
XLY,2026-01-09T20:03:00Z,124.315
XLY,2026-01-09T20:04:00Z,124.315
XLY,2026-01-09T20:05:00Z,124.29
XLY,2026-01-09T20:06:00Z,124.29
XLY,2026-01-09T20:07:00Z,124.295
XLY,2026-01-09T20:08:00Z,124.27
XLY,2026-01-09T20:10:00Z,124.27
XLY,2026-01-09T20:12:00Z,124.29
XLY,2026-01-09T20:13:00Z,124.3
XLY,2026-01-09T20:14:00Z,124.295
XLY,2026-01-09T20:15:00Z,124.29
XLY,2026-01-09T20:16:00Z,124.325
XLY,2026-01-09T20:17:00Z,124.315
XLY,2026-01-09T20:18:00Z,124.3
XLY,2026-01-09T20:19:00Z,124.32
XLY,2026-01-09T20:20:00Z,124.3
XLY,2026-01-09T20:21:00Z,124.34
XLY,2026-01-09T20:22:00Z,124.345
XLY,2026-01-09T20:23:00Z,124.36
XLY,2026-01-09T20:24:00Z,124.375
XLY,2026-01-09T20:25:00Z,124.37
XLY,2026-01-09T20:26:00Z,124.385
XLY,2026-01-09T20:27:00Z,124.38
XLY,2026-01-09T20:28:00Z,124.39
XLY,2026-01-09T20:29:00Z,124.385
XLY,2026-01-09T20:30:00Z,124.405
XLY,2026-01-09T20:31:00Z,124.415
XLY,2026-01-09T20:32:00Z,124.355
XLY,2026-01-09T20:33:00Z,124.345
XLY,2026-01-09T20:34:00Z,124.365
XLY,2026-01-09T20:35:00Z,124.345
XLY,2026-01-09T20:36:00Z,124.365
XLY,2026-01-09T20:37:00Z,124.375
XLY,2026-01-09T20:38:00Z,124.395
XLY,2026-01-09T20:39:00Z,124.365
XLY,2026-01-09T20:40:00Z,124.4
XLY,2026-01-09T20:41:00Z,124.375
XLY,2026-01-09T20:42:00Z,124.345
XLY,2026-01-09T20:43:00Z,124.345
XLY,2026-01-09T20:44:00Z,124.375
XLY,2026-01-09T20:45:00Z,124.37
XLY,2026-01-09T20:46:00Z,124.365
XLY,2026-01-09T20:47:00Z,124.4
XLY,2026-01-09T20:48:00Z,124.385
XLY,2026-01-09T20:49:00Z,124.365
XLY,2026-01-09T20:50:00Z,124.47
XLY,2026-01-09T20:51:00Z,124.445
XLY,2026-01-09T20:52:00Z,124.46
XLY,2026-01-09T20:53:00Z,124.475
XLY,2026-01-09T20:54:00Z,124.545
XLY,2026-01-09T20:55:00Z,124.505
XLY,2026-01-09T20:56:00Z,124.505
XLY,2026-01-09T20:57:00Z,124.43
XLY,2026-01-09T20:58:00Z,124.44
XLY,2026-01-09T20:59:00Z,124.43
XLY,2026-01-12T14:30:00Z,123.48
XLY,2026-01-12T14:31:00Z,123.4
XLY,2026-01-12T14:32:00Z,123.575
XLY,2026-01-12T14:33:00Z,123.585
XLY,2026-01-12T14:34:00Z,123.63
XLY,2026-01-12T14:35:00Z,123.605
XLY,2026-01-12T14:36:00Z,123.565
XLY,2026-01-12T14:37:00Z,123.635
XLY,2026-01-12T14:38:00Z,123.645
XLY,2026-01-12T14:39:00Z,123.77
XLY,2026-01-12T14:40:00Z,123.82
XLY,2026-01-12T14:41:00Z,123.985
XLY,2026-01-12T14:42:00Z,123.965
XLY,2026-01-12T14:43:00Z,123.935
XLY,2026-01-12T14:44:00Z,123.925
XLY,2026-01-12T14:45:00Z,123.915
XLY,2026-01-12T14:46:00Z,123.92
XLY,2026-01-12T14:47:00Z,123.99
XLY,2026-01-12T14:48:00Z,123.95
XLY,2026-01-12T14:49:00Z,124.095
XLY,2026-01-12T14:50:00Z,124.075
XLY,2026-01-12T14:51:00Z,124.305
XLY,2026-01-12T14:52:00Z,124.325
XLY,2026-01-12T14:53:00Z,124.315
XLY,2026-01-12T14:54:00Z,124.29
XLY,2026-01-12T14:55:00Z,124.32
XLY,2026-01-12T14:56:00Z,124.41
XLY,2026-01-12T14:57:00Z,124.535
XLY,2026-01-12T14:58:00Z,124.595
XLY,2026-01-12T14:59:00Z,124.51
XLY,2026-01-12T15:00:00Z,124.435
XLY,2026-01-12T15:01:00Z,124.51
XLY,2026-01-12T15:02:00Z,124.51
XLY,2026-01-12T15:03:00Z,124.475
XLY,2026-01-12T15:04:00Z,124.385
XLY,2026-01-12T15:05:00Z,124.38
AMZN,2026-01-09T20:00:00Z,246.99
AMZN,2026-01-09T20:01:00Z,247.14
AMZN,2026-01-09T20:02:00Z,247.105
AMZN,2026-01-09T20:03:00Z,247.09
AMZN,2026-01-09T20:04:00Z,247.13
AMZN,2026-01-09T20:05:00Z,247.145
AMZN,2026-01-09T20:06:00Z,247.165
AMZN,2026-01-09T20:07:00Z,247.11
AMZN,2026-01-09T20:08:00Z,246.94
AMZN,2026-01-09T20:09:00Z,246.88
AMZN,2026-01-09T20:10:00Z,246.84
AMZN,2026-01-09T20:11:00Z,246.81
AMZN,2026-01-09T20:12:00Z,246.82
AMZN,2026-01-09T20:13:00Z,246.83
AMZN,2026-01-09T20:14:00Z,246.88
AMZN,2026-01-09T20:15:00Z,246.9
AMZN,2026-01-09T20:16:00Z,246.99
AMZN,2026-01-09T20:17:00Z,247.065
AMZN,2026-01-09T20:18:00Z,247.09
AMZN,2026-01-09T20:19:00Z,247.14
AMZN,2026-01-09T20:20:00Z,247.13
AMZN,2026-01-09T20:21:00Z,247.115
AMZN,2026-01-09T20:22:00Z,247.18
AMZN,2026-01-09T20:23:00Z,247.22
AMZN,2026-01-09T20:24:00Z,247.13
AMZN,2026-01-09T20:25:00Z,247.075
AMZN,2026-01-09T20:26:00Z,247.26
AMZN,2026-01-09T20:27:00Z,247.25
AMZN,2026-01-09T20:28:00Z,247.135
AMZN,2026-01-09T20:29:00Z,247.045
AMZN,2026-01-09T20:30:00Z,247.05
AMZN,2026-01-09T20:31:00Z,247.14
AMZN,2026-01-09T20:32:00Z,246.99
AMZN,2026-01-09T20:33:00Z,246.92
AMZN,2026-01-09T20:34:00Z,246.95
AMZN,2026-01-09T20:35:00Z,247.0
AMZN,2026-01-09T20:36:00Z,246.94
AMZN,2026-01-09T20:37:00Z,246.94
AMZN,2026-01-09T20:38:00Z,246.97
AMZN,2026-01-09T20:39:00Z,246.94
AMZN,2026-01-09T20:40:00Z,247.18
AMZN,2026-01-09T20:41:00Z,247.09
AMZN,2026-01-09T20:42:00Z,247.06
AMZN,2026-01-09T20:43:00Z,247.14
AMZN,2026-01-09T20:44:00Z,247.26
AMZN,2026-01-09T20:45:00Z,247.225
AMZN,2026-01-09T20:46:00Z,247.195
AMZN,2026-01-09T20:47:00Z,247.17
AMZN,2026-01-09T20:48:00Z,247.195
AMZN,2026-01-09T20:49:00Z,247.135
AMZN,2026-01-09T20:50:00Z,247.43
AMZN,2026-01-09T20:51:00Z,247.24
AMZN,2026-01-09T20:52:00Z,247.29
AMZN,2026-01-09T20:53:00Z,247.32
AMZN,2026-01-09T20:54:00Z,247.73
AMZN,2026-01-09T20:55:00Z,247.575
AMZN,2026-01-09T20:56:00Z,247.615
AMZN,2026-01-09T20:57:00Z,247.415
AMZN,2026-01-09T20:58:00Z,247.515
AMZN,2026-01-09T20:59:00Z,247.32
AMZN,2026-01-09T21:04:00Z,247.33
AMZN,2026-01-09T21:07:00Z,247.34
AMZN,2026-01-09T21:12:00Z,247.33
AMZN,2026-01-12T13:05:00Z,245.72
AMZN,2026-01-12T13:15:00Z,245.73
AMZN,2026-01-12T14:30:00Z,247.23
AMZN,2026-01-12T14:31:00Z,247.53
AMZN,2026-01-12T14:32:00Z,247.1
AMZN,2026-01-12T14:33:00Z,247.095
AMZN,2026-01-12T14:34:00Z,247.74
AMZN,2026-01-12T14:35:00Z,247.645
AMZN,2026-01-12T14:36:00Z,247.69
AMZN,2026-01-12T14:37:00Z,247.105
AMZN,2026-01-12T14:38:00Z,247.36
AMZN,2026-01-12T14:39:00Z,247.7
AMZN,2026-01-12T14:40:00Z,247.42
AMZN,2026-01-12T14:41:00Z,247.87
AMZN,2026-01-12T14:42:00Z,248.11
AMZN,2026-01-12T14:43:00Z,248.08
AMZN,2026-01-12T14:44:00Z,247.99
AMZN,2026-01-12T14:45:00Z,247.635
AMZN,2026-01-12T14:46:00Z,247.25
AMZN,2026-01-12T14:47:00Z,247.375
AMZN,2026-01-12T14:48:00Z,247.17
AMZN,2026-01-12T14:49:00Z,247.245
AMZN,2026-01-12T14:50:00Z,247.375
AMZN,2026-01-12T14:51:00Z,247.545
AMZN,2026-01-12T14:52:00Z,247.37
AMZN,2026-01-12T14:53:00Z,247.36
AMZN,2026-01-12T14:54:00Z,247.06
AMZN,2026-01-12T14:55:00Z,247.45
AMZN,2026-01-12T14:56:00Z,247.86
AMZN,2026-01-12T14:57:00Z,248.25
AMZN,2026-01-12T14:58:00Z,248.15
AMZN,2026-01-12T14:59:00Z,247.97
AMZN,2026-01-12T15:00:00Z,247.8
AMZN,2026-01-12T15:01:00Z,248.05
AMZN,2026-01-12T15:02:00Z,247.97
AMZN,2026-01-12T15:03:00Z,247.955
AMZN,2026-01-12T15:04:00Z,247.81
AMZN,2026-01-12T15:05:00Z,247.73
MSFT,2026-01-13T13:31:00Z,476.84
MSFT,2026-01-13T13:42:00Z,476.83
MSFT,2026-01-13T14:02:00Z,476.21
MSFT,2026-01-13T14:23:00Z,476.09
MSFT,2026-01-13T14:30:00Z,474.38
MSFT,2026-01-13T14:31:00Z,473.91
MSFT,2026-01-13T14:32:00Z,473.645
MSFT,2026-01-13T14:33:00Z,473.86
MSFT,2026-01-13T14:34:00Z,474.48
MSFT,2026-01-13T14:35:00Z,474.83
MSFT,2026-01-13T14:36:00Z,475.395
MSFT,2026-01-13T14:37:00Z,475.28
MSFT,2026-01-13T14:38:00Z,475.035
MSFT,2026-01-13T14:39:00Z,475.17
MSFT,2026-01-13T14:40:00Z,475.625
MSFT,2026-01-13T14:41:00Z,475.56
MSFT,2026-01-13T14:42:00Z,474.86
MSFT,2026-01-13T14:43:00Z,474.12
MSFT,2026-01-13T14:44:00Z,473.7
MSFT,2026-01-13T14:45:00Z,473.82
MSFT,2026-01-13T14:46:00Z,473.41
MSFT,2026-01-13T14:47:00Z,473.285
MSFT,2026-01-13T14:48:00Z,473.11
MSFT,2026-01-13T14:49:00Z,472.885
MSFT,2026-01-13T14:50:00Z,472.935
MSFT,2026-01-13T14:51:00Z,472.39
MSFT,2026-01-13T14:52:00Z,472.91
MSFT,2026-01-13T14:53:00Z,473.32
MSFT,2026-01-13T14:54:00Z,472.93
MSFT,2026-01-13T14:55:00Z,472.68
MSFT,2026-01-13T14:56:00Z,472.59
MSFT,2026-01-13T14:57:00Z,472.66
MSFT,2026-01-13T14:58:00Z,472.63
MSFT,2026-01-13T14:59:00Z,472.94
MSFT,2026-01-13T15:00:00Z,473.41
MSFT,2026-01-13T15:01:00Z,473.045
MSFT,2026-01-13T15:02:00Z,472.365
MSFT,2026-01-13T15:03:00Z,472.7
MSFT,2026-01-13T15:04:00Z,473.405
MSFT,2026-01-13T15:05:00Z,473.62
XLK,2026-01-13T13:41:00Z,147.04
XLK,2026-01-13T14:30:00Z,146.91
XLK,2026-01-13T14:31:00Z,146.74
XLK,2026-01-13T14:32:00Z,146.72
XLK,2026-01-13T14:33:00Z,146.88
XLK,2026-01-13T14:34:00Z,147.07
XLK,2026-01-13T14:35:00Z,147.12
XLK,2026-01-13T14:36:00Z,147.15
XLK,2026-01-13T14:37:00Z,147.05
XLK,2026-01-13T14:38:00Z,147.06
XLK,2026-01-13T14:39:00Z,147.25
XLK,2026-01-13T14:40:00Z,147.26
XLK,2026-01-13T14:41:00Z,147.365
XLK,2026-01-13T14:42:00Z,147.135
XLK,2026-01-13T14:43:00Z,146.98
XLK,2026-01-13T14:44:00Z,147.03
XLK,2026-01-13T14:45:00Z,146.955
XLK,2026-01-13T14:46:00Z,146.93
XLK,2026-01-13T14:47:00Z,146.855
XLK,2026-01-13T14:48:00Z,146.84
XLK,2026-01-13T14:49:00Z,146.845
XLK,2026-01-13T14:50:00Z,146.835
XLK,2026-01-13T14:51:00Z,146.655
XLK,2026-01-13T14:52:00Z,146.84
XLK,2026-01-13T14:53:00Z,147.01
XLK,2026-01-13T14:54:00Z,146.785
XLK,2026-01-13T14:55:00Z,146.92
XLK,2026-01-13T14:56:00Z,146.965
XLK,2026-01-13T14:57:00Z,146.92
XLK,2026-01-13T14:58:00Z,146.86
XLK,2026-01-13T14:59:00Z,146.835
XLK,2026-01-13T15:00:00Z,146.92
XLK,2026-01-13T15:01:00Z,146.81
XLK,2026-01-13T15:02:00Z,146.65
XLK,2026-01-13T15:03:00Z,146.65
XLK,2026-01-13T15:04:00Z,146.74
XLK,2026-01-13T15:05:00Z,146.89
SOXX,2026-01-14T13:21:00Z,331.09
SOXX,2026-01-14T13:45:00Z,330.65
SOXX,2026-01-14T14:22:00Z,330.83
SOXX,2026-01-14T14:30:00Z,331.1
SOXX,2026-01-14T14:31:00Z,329.775
SOXX,2026-01-14T14:32:00Z,329.66
SOXX,2026-01-14T14:33:00Z,330.555
SOXX,2026-01-14T14:34:00Z,331.385
SOXX,2026-01-14T14:35:00Z,330.73
SOXX,2026-01-14T14:36:00Z,329.75
SOXX,2026-01-14T14:37:00Z,329.89
SOXX,2026-01-14T14:38:00Z,330.005
SOXX,2026-01-14T14:39:00Z,329.525
SOXX,2026-01-14T14:40:00Z,329.68
SOXX,2026-01-14T14:41:00Z,329.2
SOXX,2026-01-14T14:42:00Z,329.05
SOXX,2026-01-14T14:43:00Z,329.33
SOXX,2026-01-14T14:44:00Z,328.975
SOXX,2026-01-14T14:45:00Z,329.06
SOXX,2026-01-14T14:46:00Z,329.69
SOXX,2026-01-14T14:47:00Z,330.08
SOXX,2026-01-14T14:48:00Z,330.75
SOXX,2026-01-14T14:49:00Z,330.86
SOXX,2026-01-14T14:50:00Z,330.11
SOXX,2026-01-14T14:51:00Z,330.54
SOXX,2026-01-14T14:52:00Z,330.7
SOXX,2026-01-14T14:53:00Z,330.1
SOXX,2026-01-14T14:54:00Z,330.07
SOXX,2026-01-14T14:55:00Z,329.87
SOXX,2026-01-14T14:56:00Z,330.245
SOXX,2026-01-14T14:57:00Z,330.3
SOXX,2026-01-14T14:58:00Z,329.89
SOXX,2026-01-14T14:59:00Z,329.59
SOXX,2026-01-14T15:00:00Z,328.54
SOXX,2026-01-14T15:01:00Z,328.81
SOXX,2026-01-14T15:02:00Z,328.74
SOXX,2026-01-14T15:03:00Z,328.74
SOXX,2026-01-14T15:04:00Z,328.82
SOXX,2026-01-14T15:05:00Z,329.165
INTC,2026-01-14T13:36:00Z,48.62
INTC,2026-01-14T13:46:00Z,48.37
INTC,2026-01-14T14:28:00Z,49.0
INTC,2026-01-14T14:30:00Z,48.59
INTC,2026-01-14T14:31:00Z,48.1
INTC,2026-01-14T14:32:00Z,47.97
INTC,2026-01-14T14:33:00Z,48.55
INTC,2026-01-14T14:34:00Z,48.49
INTC,2026-01-14T14:35:00Z,48.365
INTC,2026-01-14T14:36:00Z,47.86
INTC,2026-01-14T14:37:00Z,47.86
INTC,2026-01-14T14:38:00Z,48.1
INTC,2026-01-14T14:39:00Z,47.91
INTC,2026-01-14T14:40:00Z,47.88
INTC,2026-01-14T14:41:00Z,47.61
INTC,2026-01-14T14:42:00Z,47.675
INTC,2026-01-14T14:43:00Z,47.78
INTC,2026-01-14T14:44:00Z,47.85
INTC,2026-01-14T14:45:00Z,48.09
INTC,2026-01-14T14:46:00Z,48.005
INTC,2026-01-14T14:47:00Z,47.925
INTC,2026-01-14T14:48:00Z,47.99
INTC,2026-01-14T14:49:00Z,47.83
INTC,2026-01-14T14:50:00Z,47.7
INTC,2026-01-14T14:51:00Z,47.9
INTC,2026-01-14T14:52:00Z,48.31
INTC,2026-01-14T14:53:00Z,48.275
INTC,2026-01-14T14:54:00Z,48.27
INTC,2026-01-14T14:55:00Z,48.26
INTC,2026-01-14T14:56:00Z,48.465
INTC,2026-01-14T14:57:00Z,48.455
INTC,2026-01-14T14:58:00Z,48.51
INTC,2026-01-14T14:59:00Z,48.255
INTC,2026-01-14T15:00:00Z,48.1
INTC,2026-01-14T15:01:00Z,48.23
INTC,2026-01-14T15:02:00Z,48.08
INTC,2026-01-14T15:03:00Z,48.13
INTC,2026-01-14T15:04:00Z,48.08
INTC,2026-01-14T15:05:00Z,48.37
JPM,2026-01-20T14:30:00Z,306.3
JPM,2026-01-20T14:31:00Z,307.57
JPM,2026-01-20T14:32:00Z,307.685
JPM,2026-01-20T14:33:00Z,306.69
JPM,2026-01-20T14:34:00Z,307.48
JPM,2026-01-20T14:35:00Z,307.17
JPM,2026-01-20T14:36:00Z,307.67
JPM,2026-01-20T14:37:00Z,307.0
JPM,2026-01-20T14:38:00Z,306.7
JPM,2026-01-20T14:39:00Z,306.49
JPM,2026-01-20T14:40:00Z,305.77
JPM,2026-01-20T14:41:00Z,306.4
JPM,2026-01-20T14:42:00Z,306.12
JPM,2026-01-20T14:43:00Z,306.42
JPM,2026-01-20T14:44:00Z,306.375
JPM,2026-01-20T14:45:00Z,305.97
JPM,2026-01-20T14:46:00Z,305.83
JPM,2026-01-20T14:47:00Z,306.28
JPM,2026-01-20T14:48:00Z,306.66
JPM,2026-01-20T14:49:00Z,306.51
JPM,2026-01-20T14:50:00Z,307.18
JPM,2026-01-20T14:51:00Z,307.1
JPM,2026-01-20T14:52:00Z,306.6
JPM,2026-01-20T14:53:00Z,306.39
JPM,2026-01-20T14:54:00Z,306.76
JPM,2026-01-20T14:55:00Z,307.01
JPM,2026-01-20T14:56:00Z,307.22
JPM,2026-01-20T14:57:00Z,307.07
JPM,2026-01-20T14:58:00Z,306.94
JPM,2026-01-20T14:59:00Z,306.76
JPM,2026-01-20T15:00:00Z,307.1
JPM,2026-01-20T15:01:00Z,307.05
JPM,2026-01-20T15:02:00Z,306.81
JPM,2026-01-20T15:03:00Z,307.19
JPM,2026-01-20T15:04:00Z,307.78
JPM,2026-01-20T15:05:00Z,307.625
XLF,2026-01-20T14:30:00Z,53.685
XLF,2026-01-20T14:31:00Z,53.825
XLF,2026-01-20T14:32:00Z,53.76
XLF,2026-01-20T14:33:00Z,53.635
XLF,2026-01-20T14:34:00Z,53.705
XLF,2026-01-20T14:35:00Z,53.74
XLF,2026-01-20T14:36:00Z,53.845
XLF,2026-01-20T14:37:00Z,53.8
XLF,2026-01-20T14:38:00Z,53.77
XLF,2026-01-20T14:39:00Z,53.805
XLF,2026-01-20T14:40:00Z,53.75
XLF,2026-01-20T14:41:00Z,53.83
XLF,2026-01-20T14:42:00Z,53.85
XLF,2026-01-20T14:43:00Z,53.84
XLF,2026-01-20T14:44:00Z,53.895
XLF,2026-01-20T14:45:00Z,53.8
XLF,2026-01-20T14:46:00Z,53.785
XLF,2026-01-20T14:47:00Z,53.83
XLF,2026-01-20T14:48:00Z,53.85
XLF,2026-01-20T14:49:00Z,53.865
XLF,2026-01-20T14:50:00Z,53.875
XLF,2026-01-20T14:51:00Z,53.885
XLF,2026-01-20T14:52:00Z,53.83
XLF,2026-01-20T14:53:00Z,53.75
XLF,2026-01-20T14:54:00Z,53.755
XLF,2026-01-20T14:55:00Z,53.745
XLF,2026-01-20T14:56:00Z,53.78
XLF,2026-01-20T14:57:00Z,53.81
XLF,2026-01-20T14:58:00Z,53.76
XLF,2026-01-20T14:59:00Z,53.74
XLF,2026-01-20T15:00:00Z,53.725
XLF,2026-01-20T15:01:00Z,53.72
XLF,2026-01-20T15:02:00Z,53.715
XLF,2026-01-20T15:03:00Z,53.73
XLF,2026-01-20T15:04:00Z,53.785
XLF,2026-01-20T15:05:00Z,53.69
JPM,2026-01-22T16:02:00Z,305.31
JPM,2026-01-22T16:03:00Z,305.66
JPM,2026-01-22T16:04:00Z,305.61
JPM,2026-01-22T16:05:00Z,305.61
JPM,2026-01-22T16:06:00Z,305.675
JPM,2026-01-22T16:07:00Z,305.535
JPM,2026-01-22T16:08:00Z,305.595
JPM,2026-01-22T16:09:00Z,305.495
JPM,2026-01-22T16:10:00Z,305.68
JPM,2026-01-22T16:11:00Z,305.755
JPM,2026-01-22T16:12:00Z,305.905
JPM,2026-01-22T16:13:00Z,305.97
JPM,2026-01-22T16:14:00Z,305.97
JPM,2026-01-22T16:15:00Z,306.005
JPM,2026-01-22T16:16:00Z,305.52
JPM,2026-01-22T16:17:00Z,305.54
JPM,2026-01-22T16:18:00Z,305.7
JPM,2026-01-22T16:19:00Z,305.91
JPM,2026-01-22T16:20:00Z,306.145
JPM,2026-01-22T16:21:00Z,306.015
JPM,2026-01-22T16:22:00Z,306.09
JPM,2026-01-22T16:23:00Z,305.92
JPM,2026-01-22T16:24:00Z,305.86
JPM,2026-01-22T16:25:00Z,306.005
JPM,2026-01-22T16:26:00Z,305.99
JPM,2026-01-22T16:27:00Z,306.05
JPM,2026-01-22T16:28:00Z,306.15
JPM,2026-01-22T16:29:00Z,305.96
JPM,2026-01-22T16:30:00Z,305.92
JPM,2026-01-22T16:31:00Z,306.095
JPM,2026-01-22T16:32:00Z,306.24
JPM,2026-01-22T16:33:00Z,306.41
JPM,2026-01-22T16:34:00Z,306.435
JPM,2026-01-22T16:35:00Z,306.29
JPM,2026-01-22T16:36:00Z,306.315
JPM,2026-01-22T16:37:00Z,306.57
JPM,2026-01-22T16:38:00Z,306.45
JPM,2026-01-22T16:39:00Z,306.4
JPM,2026-01-22T16:40:00Z,306.5
JPM,2026-01-22T16:41:00Z,306.57
JPM,2026-01-22T16:42:00Z,306.535
JPM,2026-01-22T16:43:00Z,306.61
JPM,2026-01-22T16:44:00Z,306.75
JPM,2026-01-22T16:45:00Z,306.87
JPM,2026-01-22T16:46:00Z,306.93
JPM,2026-01-22T16:47:00Z,306.8
JPM,2026-01-22T16:48:00Z,306.79
JPM,2026-01-22T16:49:00Z,306.77
JPM,2026-01-22T16:50:00Z,306.79
JPM,2026-01-22T16:51:00Z,306.735
JPM,2026-01-22T16:53:00Z,306.785
JPM,2026-01-22T16:54:00Z,306.7
JPM,2026-01-22T16:55:00Z,306.655
JPM,2026-01-22T16:56:00Z,306.44
JPM,2026-01-22T16:57:00Z,306.43
JPM,2026-01-22T16:59:00Z,306.485
JPM,2026-01-22T17:00:00Z,306.29
JPM,2026-01-22T17:01:00Z,306.32
JPM,2026-01-22T17:02:00Z,306.18
JPM,2026-01-22T17:03:00Z,306.39
JPM,2026-01-22T17:04:00Z,306.46
JPM,2026-01-22T17:05:00Z,306.85
JPM,2026-01-22T17:06:00Z,306.92
JPM,2026-01-22T17:07:00Z,307.36
JPM,2026-01-22T17:08:00Z,307.58
JPM,2026-01-22T17:09:00Z,307.96
JPM,2026-01-22T17:10:00Z,307.88
JPM,2026-01-22T17:11:00Z,307.9
JPM,2026-01-22T17:12:00Z,307.89
JPM,2026-01-22T17:13:00Z,307.37
JPM,2026-01-22T17:14:00Z,307.08
JPM,2026-01-22T17:15:00Z,306.75
JPM,2026-01-22T17:16:00Z,307.43
JPM,2026-01-22T17:17:00Z,307.39
JPM,2026-01-22T17:18:00Z,307.45
JPM,2026-01-22T17:19:00Z,307.47
JPM,2026-01-22T17:20:00Z,307.23
JPM,2026-01-22T17:21:00Z,306.95
JPM,2026-01-22T17:22:00Z,306.77
JPM,2026-01-22T17:23:00Z,305.75
JPM,2026-01-22T17:24:00Z,305.98
JPM,2026-01-22T17:25:00Z,306.01
JPM,2026-01-22T17:26:00Z,306.11
JPM,2026-01-22T17:27:00Z,306.04
JPM,2026-01-22T17:28:00Z,306.21
JPM,2026-01-22T17:29:00Z,306.32
JPM,2026-01-22T17:30:00Z,306.24
JPM,2026-01-22T17:31:00Z,306.47
JPM,2026-01-22T17:32:00Z,306.84
JPM,2026-01-22T17:33:00Z,306.75
JPM,2026-01-22T17:34:00Z,306.8
JPM,2026-01-22T17:35:00Z,306.65
JPM,2026-01-22T17:36:00Z,306.43
JPM,2026-01-22T17:37:00Z,306.43
JPM,2026-01-22T17:38:00Z,306.175
JPM,2026-01-22T17:39:00Z,305.79
JPM,2026-01-22T17:40:00Z,305.29
JPM,2026-01-22T17:41:00Z,304.915
JPM,2026-01-22T17:42:00Z,305.455
JPM,2026-01-22T17:43:00Z,305.26
JPM,2026-01-22T17:44:00Z,304.64
JPM,2026-01-22T17:45:00Z,304.74
JPM,2026-01-22T17:46:00Z,304.72
JPM,2026-01-22T17:47:00Z,305.015
JPM,2026-01-22T17:48:00Z,304.96
JPM,2026-01-22T17:49:00Z,305.04
JPM,2026-01-22T17:50:00Z,305.26
JPM,2026-01-22T17:51:00Z,305.57
JPM,2026-01-22T17:52:00Z,305.395
JPM,2026-01-22T17:53:00Z,305.905
JPM,2026-01-22T17:54:00Z,305.62
JPM,2026-01-22T17:55:00Z,305.55
JPM,2026-01-22T17:56:00Z,305.75
JPM,2026-01-22T17:57:00Z,305.78
JPM,2026-01-22T17:59:00Z,305.73
JPM,2026-01-22T18:01:00Z,305.875
JPM,2026-01-22T18:02:00Z,306.025
JPM,2026-01-22T18:03:00Z,306.01
JPM,2026-01-22T18:04:00Z,306.12
JPM,2026-01-22T18:05:00Z,305.965
JPM,2026-01-22T18:06:00Z,306.1
JPM,2026-01-22T18:07:00Z,306.065
JPM,2026-01-22T18:08:00Z,306.075
JPM,2026-01-22T18:09:00Z,305.95
JPM,2026-01-22T18:10:00Z,305.75
JPM,2026-01-22T18:11:00Z,305.7
JPM,2026-01-22T18:12:00Z,305.97
JPM,2026-01-22T18:13:00Z,305.665
JPM,2026-01-22T18:15:00Z,305.78
JPM,2026-01-22T18:16:00Z,305.465
JPM,2026-01-22T18:17:00Z,305.59
JPM,2026-01-22T18:18:00Z,305.51
JPM,2026-01-22T18:19:00Z,305.34
JPM,2026-01-22T18:20:00Z,305.43
JPM,2026-01-22T18:21:00Z,305.26
JPM,2026-01-22T18:22:00Z,305.36
JPM,2026-01-22T18:23:00Z,305.29
JPM,2026-01-22T18:24:00Z,305.13
JPM,2026-01-22T18:25:00Z,305.13
JPM,2026-01-22T18:26:00Z,305.025
JPM,2026-01-22T18:27:00Z,305.11
JPM,2026-01-22T18:28:00Z,305.125
JPM,2026-01-22T18:29:00Z,305.025
JPM,2026-01-22T18:30:00Z,305.02
JPM,2026-01-22T18:31:00Z,305.4
JPM,2026-01-22T18:32:00Z,305.2
JPM,2026-01-22T18:33:00Z,305.46
JPM,2026-01-22T18:34:00Z,305.41
JPM,2026-01-22T18:35:00Z,305.065
JPM,2026-01-22T18:36:00Z,304.89
XLF,2026-01-22T16:02:00Z,53.8
XLF,2026-01-22T16:03:00Z,53.825
XLF,2026-01-22T16:04:00Z,53.83
XLF,2026-01-22T16:05:00Z,53.835
XLF,2026-01-22T16:06:00Z,53.84
XLF,2026-01-22T16:07:00Z,53.81
XLF,2026-01-22T16:08:00Z,53.82
XLF,2026-01-22T16:09:00Z,53.835
XLF,2026-01-22T16:10:00Z,53.845
XLF,2026-01-22T16:11:00Z,53.84
XLF,2026-01-22T16:12:00Z,53.855
XLF,2026-01-22T16:13:00Z,53.855
XLF,2026-01-22T16:14:00Z,53.845
XLF,2026-01-22T16:15:00Z,53.845
XLF,2026-01-22T16:16:00Z,53.815
XLF,2026-01-22T16:17:00Z,53.805
XLF,2026-01-22T16:18:00Z,53.825
XLF,2026-01-22T16:19:00Z,53.84
XLF,2026-01-22T16:20:00Z,53.855
XLF,2026-01-22T16:21:00Z,53.825
XLF,2026-01-22T16:22:00Z,53.805
XLF,2026-01-22T16:23:00Z,53.805
XLF,2026-01-22T16:24:00Z,53.805
XLF,2026-01-22T16:25:00Z,53.815
XLF,2026-01-22T16:26:00Z,53.815
XLF,2026-01-22T16:27:00Z,53.835
XLF,2026-01-22T16:28:00Z,53.83
XLF,2026-01-22T16:29:00Z,53.81
XLF,2026-01-22T16:30:00Z,53.81
XLF,2026-01-22T16:31:00Z,53.825
XLF,2026-01-22T16:32:00Z,53.845
XLF,2026-01-22T16:33:00Z,53.84
XLF,2026-01-22T16:34:00Z,53.85
XLF,2026-01-22T16:35:00Z,53.855
XLF,2026-01-22T16:36:00Z,53.855
XLF,2026-01-22T16:37:00Z,53.865
XLF,2026-01-22T16:38:00Z,53.845
XLF,2026-01-22T16:39:00Z,53.845
XLF,2026-01-22T16:40:00Z,53.855
XLF,2026-01-22T16:41:00Z,53.865
XLF,2026-01-22T16:42:00Z,53.86
XLF,2026-01-22T16:43:00Z,53.875
XLF,2026-01-22T16:44:00Z,53.88
XLF,2026-01-22T16:45:00Z,53.885
XLF,2026-01-22T16:46:00Z,53.895
XLF,2026-01-22T16:47:00Z,53.9
XLF,2026-01-22T16:48:00Z,53.895
XLF,2026-01-22T16:49:00Z,53.885
XLF,2026-01-22T16:50:00Z,53.88
XLF,2026-01-22T16:51:00Z,53.89
XLF,2026-01-22T16:52:00Z,53.88
XLF,2026-01-22T16:53:00Z,53.88
XLF,2026-01-22T16:54:00Z,53.875
XLF,2026-01-22T16:55:00Z,53.855
XLF,2026-01-22T16:56:00Z,53.855
XLF,2026-01-22T16:57:00Z,53.85
XLF,2026-01-22T16:58:00Z,53.845
XLF,2026-01-22T16:59:00Z,53.865
XLF,2026-01-22T17:00:00Z,53.845
XLF,2026-01-22T17:01:00Z,53.865
XLF,2026-01-22T17:02:00Z,53.865
XLF,2026-01-22T17:03:00Z,53.88
XLF,2026-01-22T17:04:00Z,53.89
XLF,2026-01-22T17:05:00Z,53.9
XLF,2026-01-22T17:06:00Z,53.95
XLF,2026-01-22T17:07:00Z,53.98
XLF,2026-01-22T17:08:00Z,54.02
XLF,2026-01-22T17:09:00Z,54.035
XLF,2026-01-22T17:10:00Z,54.025
XLF,2026-01-22T17:11:00Z,54.03
XLF,2026-01-22T17:12:00Z,54.025
XLF,2026-01-22T17:13:00Z,54.0
XLF,2026-01-22T17:14:00Z,53.99
XLF,2026-01-22T17:15:00Z,53.98
XLF,2026-01-22T17:16:00Z,54.005
XLF,2026-01-22T17:17:00Z,54.0
XLF,2026-01-22T17:18:00Z,53.98
XLF,2026-01-22T17:19:00Z,53.99
XLF,2026-01-22T17:20:00Z,53.97
XLF,2026-01-22T17:21:00Z,53.96
XLF,2026-01-22T17:22:00Z,53.945
XLF,2026-01-22T17:23:00Z,53.925
XLF,2026-01-22T17:24:00Z,53.93
XLF,2026-01-22T17:25:00Z,53.925
XLF,2026-01-22T17:26:00Z,53.945
XLF,2026-01-22T17:27:00Z,53.915
XLF,2026-01-22T17:28:00Z,53.925
XLF,2026-01-22T17:29:00Z,53.935
XLF,2026-01-22T17:30:00Z,53.945
XLF,2026-01-22T17:31:00Z,53.965
XLF,2026-01-22T17:32:00Z,53.99
XLF,2026-01-22T17:33:00Z,54.0
XLF,2026-01-22T17:34:00Z,54.0
XLF,2026-01-22T17:35:00Z,53.985
XLF,2026-01-22T17:36:00Z,53.975
XLF,2026-01-22T17:37:00Z,53.97
XLF,2026-01-22T17:38:00Z,53.97
XLF,2026-01-22T17:39:00Z,53.965
XLF,2026-01-22T17:40:00Z,53.965
XLF,2026-01-22T17:41:00Z,53.935
XLF,2026-01-22T17:42:00Z,53.965
XLF,2026-01-22T17:43:00Z,53.955
XLF,2026-01-22T17:44:00Z,53.945
XLF,2026-01-22T17:45:00Z,53.925
XLF,2026-01-22T17:46:00Z,53.925
XLF,2026-01-22T17:47:00Z,53.945
XLF,2026-01-22T17:48:00Z,53.935
XLF,2026-01-22T17:49:00Z,53.94
XLF,2026-01-22T17:50:00Z,53.965
XLF,2026-01-22T17:51:00Z,53.985
XLF,2026-01-22T17:52:00Z,53.995
XLF,2026-01-22T17:53:00Z,53.995
XLF,2026-01-22T17:55:00Z,53.975
XLF,2026-01-22T17:56:00Z,53.965
XLF,2026-01-22T17:57:00Z,53.975
XLF,2026-01-22T17:58:00Z,53.975
XLF,2026-01-22T17:59:00Z,53.98
XLF,2026-01-22T18:00:00Z,53.975
XLF,2026-01-22T18:01:00Z,53.975
XLF,2026-01-22T18:02:00Z,53.985
XLF,2026-01-22T18:03:00Z,53.975
XLF,2026-01-22T18:04:00Z,53.99
XLF,2026-01-22T18:05:00Z,53.985
XLF,2026-01-22T18:06:00Z,53.965
XLF,2026-01-22T18:07:00Z,53.95
XLF,2026-01-22T18:08:00Z,53.95
XLF,2026-01-22T18:10:00Z,53.92
XLF,2026-01-22T18:11:00Z,53.91
XLF,2026-01-22T18:12:00Z,53.925
XLF,2026-01-22T18:13:00Z,53.9
XLF,2026-01-22T18:14:00Z,53.89
XLF,2026-01-22T18:15:00Z,53.915
XLF,2026-01-22T18:16:00Z,53.895
XLF,2026-01-22T18:17:00Z,53.905
XLF,2026-01-22T18:18:00Z,53.885
XLF,2026-01-22T18:19:00Z,53.885
XLF,2026-01-22T18:20:00Z,53.885
XLF,2026-01-22T18:21:00Z,53.875
XLF,2026-01-22T18:22:00Z,53.855
XLF,2026-01-22T18:23:00Z,53.86
XLF,2026-01-22T18:25:00Z,53.845
XLF,2026-01-22T18:26:00Z,53.845
XLF,2026-01-22T18:27:00Z,53.845
XLF,2026-01-22T18:28:00Z,53.84
XLF,2026-01-22T18:29:00Z,53.84
XLF,2026-01-22T18:30:00Z,53.845
XLF,2026-01-22T18:31:00Z,53.885
XLF,2026-01-22T18:32:00Z,53.885
XLF,2026-01-22T18:33:00Z,53.9
XLF,2026-01-22T18:34:00Z,53.895
XLF,2026-01-22T18:35:00Z,53.885
XLF,2026-01-22T18:36:00Z,53.88
AMZN,2026-01-23T16:31:00Z,239.07
AMZN,2026-01-23T16:32:00Z,239.05
AMZN,2026-01-23T16:33:00Z,239.135
AMZN,2026-01-23T16:34:00Z,239.21
AMZN,2026-01-23T16:35:00Z,239.38
AMZN,2026-01-23T16:36:00Z,239.56
AMZN,2026-01-23T16:37:00Z,239.795
AMZN,2026-01-23T16:38:00Z,240.06
AMZN,2026-01-23T16:39:00Z,240.02
AMZN,2026-01-23T16:40:00Z,240.16
AMZN,2026-01-23T16:41:00Z,240.13
AMZN,2026-01-23T16:42:00Z,240.15
AMZN,2026-01-23T16:43:00Z,240.0
AMZN,2026-01-23T16:44:00Z,239.89
AMZN,2026-01-23T16:45:00Z,239.545
AMZN,2026-01-23T16:46:00Z,239.85
AMZN,2026-01-23T16:47:00Z,239.815
AMZN,2026-01-23T16:48:00Z,239.9
AMZN,2026-01-23T16:49:00Z,240.11
AMZN,2026-01-23T16:50:00Z,240.195
AMZN,2026-01-23T16:51:00Z,240.17
AMZN,2026-01-23T16:52:00Z,240.26
AMZN,2026-01-23T16:53:00Z,240.12
AMZN,2026-01-23T16:54:00Z,240.07
AMZN,2026-01-23T16:55:00Z,240.09
AMZN,2026-01-23T16:56:00Z,240.13
AMZN,2026-01-23T16:57:00Z,240.205
AMZN,2026-01-23T16:58:00Z,240.11
AMZN,2026-01-23T16:59:00Z,240.05
AMZN,2026-01-23T17:00:00Z,239.96
AMZN,2026-01-23T17:01:00Z,240.075
AMZN,2026-01-23T17:02:00Z,239.965
AMZN,2026-01-23T17:03:00Z,239.87
AMZN,2026-01-23T17:04:00Z,239.9
AMZN,2026-01-23T17:05:00Z,239.72
AMZN,2026-01-23T17:06:00Z,239.9
AMZN,2026-01-23T17:07:00Z,239.91
AMZN,2026-01-23T17:08:00Z,239.945
AMZN,2026-01-23T17:09:00Z,240.02
AMZN,2026-01-23T17:10:00Z,239.94
AMZN,2026-01-23T17:11:00Z,239.835
AMZN,2026-01-23T17:12:00Z,239.895
AMZN,2026-01-23T17:13:00Z,239.85
AMZN,2026-01-23T17:14:00Z,240.0
AMZN,2026-01-23T17:15:00Z,239.915
AMZN,2026-01-23T17:16:00Z,239.79
AMZN,2026-01-23T17:17:00Z,239.81
AMZN,2026-01-23T17:18:00Z,239.84
AMZN,2026-01-23T17:19:00Z,239.845
AMZN,2026-01-23T17:20:00Z,239.82
AMZN,2026-01-23T17:21:00Z,239.78
AMZN,2026-01-23T17:22:00Z,239.88
AMZN,2026-01-23T17:23:00Z,239.86
AMZN,2026-01-23T17:24:00Z,239.85
AMZN,2026-01-23T17:25:00Z,239.82
AMZN,2026-01-23T17:26:00Z,239.97
AMZN,2026-01-23T17:27:00Z,239.92
AMZN,2026-01-23T17:28:00Z,239.87
AMZN,2026-01-23T17:29:00Z,239.915
AMZN,2026-01-23T17:30:00Z,239.77
AMZN,2026-01-23T17:31:00Z,239.82
AMZN,2026-01-23T17:32:00Z,239.7
AMZN,2026-01-23T17:33:00Z,239.69
AMZN,2026-01-23T17:34:00Z,239.645
AMZN,2026-01-23T17:35:00Z,239.71
AMZN,2026-01-23T17:36:00Z,239.73
AMZN,2026-01-23T17:37:00Z,239.96
AMZN,2026-01-23T17:38:00Z,239.65
AMZN,2026-01-23T17:39:00Z,239.715
AMZN,2026-01-23T17:40:00Z,239.615
AMZN,2026-01-23T17:41:00Z,239.6
AMZN,2026-01-23T17:42:00Z,239.355
AMZN,2026-01-23T17:43:00Z,239.3
AMZN,2026-01-23T17:44:00Z,239.17
AMZN,2026-01-23T17:45:00Z,239.305
AMZN,2026-01-23T17:46:00Z,239.19
AMZN,2026-01-23T17:47:00Z,239.28
AMZN,2026-01-23T17:48:00Z,239.355
AMZN,2026-01-23T17:49:00Z,239.39
AMZN,2026-01-23T17:50:00Z,239.19
AMZN,2026-01-23T17:51:00Z,239.06
AMZN,2026-01-23T17:52:00Z,238.845
AMZN,2026-01-23T17:53:00Z,238.91
AMZN,2026-01-23T17:54:00Z,238.98
AMZN,2026-01-23T17:55:00Z,239.165
AMZN,2026-01-23T17:56:00Z,239.155
AMZN,2026-01-23T17:57:00Z,239.135
AMZN,2026-01-23T17:58:00Z,239.135
AMZN,2026-01-23T17:59:00Z,239.19
AMZN,2026-01-23T18:00:00Z,239.28
AMZN,2026-01-23T18:01:00Z,239.27
AMZN,2026-01-23T18:02:00Z,239.295
AMZN,2026-01-23T18:03:00Z,239.65
AMZN,2026-01-23T18:04:00Z,239.63
AMZN,2026-01-23T18:05:00Z,239.52
AMZN,2026-01-23T18:06:00Z,239.66
AMZN,2026-01-23T18:07:00Z,239.51
AMZN,2026-01-23T18:08:00Z,239.71
AMZN,2026-01-23T18:09:00Z,239.64
AMZN,2026-01-23T18:10:00Z,239.63
AMZN,2026-01-23T18:11:00Z,239.615
AMZN,2026-01-23T18:12:00Z,239.46
AMZN,2026-01-23T18:13:00Z,239.44
AMZN,2026-01-23T18:14:00Z,239.3
AMZN,2026-01-23T18:15:00Z,239.45
AMZN,2026-01-23T18:16:00Z,239.44
AMZN,2026-01-23T18:17:00Z,239.45
AMZN,2026-01-23T18:18:00Z,239.55
AMZN,2026-01-23T18:19:00Z,239.45
AMZN,2026-01-23T18:20:00Z,239.405
AMZN,2026-01-23T18:21:00Z,239.54
AMZN,2026-01-23T18:22:00Z,239.45
AMZN,2026-01-23T18:23:00Z,239.53
AMZN,2026-01-23T18:24:00Z,239.43
AMZN,2026-01-23T18:25:00Z,239.53
AMZN,2026-01-23T18:26:00Z,239.51
AMZN,2026-01-23T18:27:00Z,239.59
AMZN,2026-01-23T18:28:00Z,239.56
AMZN,2026-01-23T18:29:00Z,239.42
AMZN,2026-01-23T18:30:00Z,239.49
AMZN,2026-01-23T18:31:00Z,239.49
AMZN,2026-01-23T18:32:00Z,239.465
AMZN,2026-01-23T18:33:00Z,239.35
AMZN,2026-01-23T18:34:00Z,239.25
AMZN,2026-01-23T18:35:00Z,239.34
AMZN,2026-01-23T18:36:00Z,239.33
AMZN,2026-01-23T18:37:00Z,239.335
AMZN,2026-01-23T18:38:00Z,239.48
AMZN,2026-01-23T18:39:00Z,239.52
AMZN,2026-01-23T18:40:00Z,239.275
AMZN,2026-01-23T18:41:00Z,239.235
AMZN,2026-01-23T18:42:00Z,239.16
AMZN,2026-01-23T18:43:00Z,239.07
AMZN,2026-01-23T18:44:00Z,239.1
AMZN,2026-01-23T18:45:00Z,239.01
AMZN,2026-01-23T18:46:00Z,239.06
AMZN,2026-01-23T18:47:00Z,239.09
AMZN,2026-01-23T18:48:00Z,239.06
AMZN,2026-01-23T18:49:00Z,239.19
AMZN,2026-01-23T18:50:00Z,239.155
AMZN,2026-01-23T18:51:00Z,239.05
AMZN,2026-01-23T18:52:00Z,239.14
AMZN,2026-01-23T18:53:00Z,239.055
AMZN,2026-01-23T18:54:00Z,239.11
AMZN,2026-01-23T18:55:00Z,239.08
AMZN,2026-01-23T18:56:00Z,239.13
AMZN,2026-01-23T18:57:00Z,239.135
AMZN,2026-01-23T18:58:00Z,239.15
AMZN,2026-01-23T18:59:00Z,239.11
AMZN,2026-01-23T19:00:00Z,239.15
AMZN,2026-01-23T19:01:00Z,239.17
AMZN,2026-01-23T19:02:00Z,239.15
AMZN,2026-01-23T19:03:00Z,239.48
AMZN,2026-01-23T19:04:00Z,239.455
AMZN,2026-01-23T19:05:00Z,239.555
AMZN,2026-01-23T19:06:00Z,239.6
XLY,2026-01-23T16:31:00Z,123.01
XLY,2026-01-23T16:33:00Z,122.98
XLY,2026-01-23T16:34:00Z,122.99
XLY,2026-01-23T16:35:00Z,123.095
XLY,2026-01-23T16:36:00Z,123.075
XLY,2026-01-23T16:37:00Z,123.065
XLY,2026-01-23T16:38:00Z,123.16
XLY,2026-01-23T16:39:00Z,123.18
XLY,2026-01-23T16:41:00Z,123.185
XLY,2026-01-23T16:42:00Z,123.17
XLY,2026-01-23T16:43:00Z,123.17
XLY,2026-01-23T16:44:00Z,123.17
XLY,2026-01-23T16:46:00Z,123.11
XLY,2026-01-23T16:47:00Z,123.115
XLY,2026-01-23T16:48:00Z,123.155
XLY,2026-01-23T16:49:00Z,123.15
XLY,2026-01-23T16:50:00Z,123.18
XLY,2026-01-23T16:51:00Z,123.2
XLY,2026-01-23T16:52:00Z,123.215
XLY,2026-01-23T16:53:00Z,123.17
XLY,2026-01-23T16:54:00Z,123.115
XLY,2026-01-23T16:55:00Z,123.09
XLY,2026-01-23T16:56:00Z,123.085
XLY,2026-01-23T16:57:00Z,123.095
XLY,2026-01-23T16:58:00Z,123.12
XLY,2026-01-23T16:59:00Z,123.13
XLY,2026-01-23T17:00:00Z,123.095
XLY,2026-01-23T17:01:00Z,123.155
XLY,2026-01-23T17:02:00Z,123.175
XLY,2026-01-23T17:03:00Z,123.15
XLY,2026-01-23T17:04:00Z,123.16
XLY,2026-01-23T17:05:00Z,123.14
XLY,2026-01-23T17:06:00Z,123.13
XLY,2026-01-23T17:07:00Z,123.17
XLY,2026-01-23T17:08:00Z,123.145
XLY,2026-01-23T17:09:00Z,123.145
XLY,2026-01-23T17:10:00Z,123.135
XLY,2026-01-23T17:11:00Z,123.14
XLY,2026-01-23T17:12:00Z,123.145
XLY,2026-01-23T17:13:00Z,123.155
XLY,2026-01-23T17:16:00Z,123.13
XLY,2026-01-23T17:17:00Z,123.13
XLY,2026-01-23T17:18:00Z,123.14
XLY,2026-01-23T17:19:00Z,123.16
XLY,2026-01-23T17:20:00Z,123.13
XLY,2026-01-23T17:21:00Z,123.125
XLY,2026-01-23T17:24:00Z,123.155
XLY,2026-01-23T17:26:00Z,123.195
XLY,2026-01-23T17:27:00Z,123.2
XLY,2026-01-23T17:29:00Z,123.24
XLY,2026-01-23T17:30:00Z,123.23
XLY,2026-01-23T17:31:00Z,123.195
XLY,2026-01-23T17:33:00Z,123.11
XLY,2026-01-23T17:34:00Z,123.06
XLY,2026-01-23T17:35:00Z,123.06
XLY,2026-01-23T17:36:00Z,123.09
XLY,2026-01-23T17:38:00Z,123.05
XLY,2026-01-23T17:40:00Z,122.98
XLY,2026-01-23T17:41:00Z,122.985
XLY,2026-01-23T17:42:00Z,122.965
XLY,2026-01-23T17:43:00Z,122.92
XLY,2026-01-23T17:44:00Z,122.925
XLY,2026-01-23T17:45:00Z,122.92
XLY,2026-01-23T17:46:00Z,122.87
XLY,2026-01-23T17:47:00Z,122.93
XLY,2026-01-23T17:49:00Z,122.91
XLY,2026-01-23T17:50:00Z,122.86
XLY,2026-01-23T17:51:00Z,122.79
XLY,2026-01-23T17:52:00Z,122.75
XLY,2026-01-23T17:53:00Z,122.74
XLY,2026-01-23T17:54:00Z,122.73
XLY,2026-01-23T17:55:00Z,122.82
XLY,2026-01-23T17:56:00Z,122.78
XLY,2026-01-23T17:57:00Z,122.715
XLY,2026-01-23T17:58:00Z,122.7
XLY,2026-01-23T18:00:00Z,122.75
XLY,2026-01-23T18:01:00Z,122.74
XLY,2026-01-23T18:02:00Z,122.71
XLY,2026-01-23T18:03:00Z,122.78
XLY,2026-01-23T18:05:00Z,122.725
XLY,2026-01-23T18:06:00Z,122.755
XLY,2026-01-23T18:07:00Z,122.82
XLY,2026-01-23T18:09:00Z,122.875
XLY,2026-01-23T18:10:00Z,122.84
XLY,2026-01-23T18:11:00Z,122.835
XLY,2026-01-23T18:12:00Z,122.835
XLY,2026-01-23T18:13:00Z,122.815
XLY,2026-01-23T18:14:00Z,122.755
XLY,2026-01-23T18:15:00Z,122.79
XLY,2026-01-23T18:16:00Z,122.77
XLY,2026-01-23T18:17:00Z,122.83
XLY,2026-01-23T18:19:00Z,122.865
XLY,2026-01-23T18:20:00Z,122.82
XLY,2026-01-23T18:22:00Z,122.845
XLY,2026-01-23T18:24:00Z,122.85
XLY,2026-01-23T18:25:00Z,122.9
XLY,2026-01-23T18:27:00Z,122.94
XLY,2026-01-23T18:29:00Z,122.9
XLY,2026-01-23T18:30:00Z,122.92
XLY,2026-01-23T18:31:00Z,122.96
XLY,2026-01-23T18:32:00Z,122.97
XLY,2026-01-23T18:33:00Z,122.965
XLY,2026-01-23T18:34:00Z,122.91
XLY,2026-01-23T18:35:00Z,122.92
XLY,2026-01-23T18:37:00Z,122.94
XLY,2026-01-23T18:38:00Z,122.95
XLY,2026-01-23T18:39:00Z,122.985
XLY,2026-01-23T18:40:00Z,122.94
XLY,2026-01-23T18:41:00Z,122.935
XLY,2026-01-23T18:42:00Z,122.92
XLY,2026-01-23T18:44:00Z,122.92
XLY,2026-01-23T18:45:00Z,122.92
XLY,2026-01-23T18:46:00Z,122.91
XLY,2026-01-23T18:47:00Z,122.93
XLY,2026-01-23T18:48:00Z,122.92
XLY,2026-01-23T18:49:00Z,122.9
XLY,2026-01-23T18:50:00Z,122.92
XLY,2026-01-23T18:51:00Z,122.87
XLY,2026-01-23T18:52:00Z,122.87
XLY,2026-01-23T18:53:00Z,122.88
XLY,2026-01-23T18:55:00Z,122.87
XLY,2026-01-23T18:56:00Z,122.95
XLY,2026-01-23T18:57:00Z,122.96
XLY,2026-01-23T18:58:00Z,122.97
XLY,2026-01-23T18:59:00Z,122.96
XLY,2026-01-23T19:00:00Z,122.98
XLY,2026-01-23T19:01:00Z,122.995
XLY,2026-01-23T19:02:00Z,122.96
XLY,2026-01-23T19:03:00Z,123.03
XLY,2026-01-23T19:04:00Z,123.035
XLY,2026-01-23T19:05:00Z,123.07
XLY,2026-01-23T19:06:00Z,123.09
AMZN,2026-01-26T15:01:00Z,238.62
AMZN,2026-01-26T15:02:00Z,238.84
AMZN,2026-01-26T15:03:00Z,238.51
AMZN,2026-01-26T15:04:00Z,238.55
AMZN,2026-01-26T15:05:00Z,238.6
AMZN,2026-01-26T15:06:00Z,238.54
AMZN,2026-01-26T15:07:00Z,238.72
AMZN,2026-01-26T15:08:00Z,238.79
AMZN,2026-01-26T15:09:00Z,238.71
AMZN,2026-01-26T15:10:00Z,238.54
AMZN,2026-01-26T15:11:00Z,238.58
AMZN,2026-01-26T15:12:00Z,238.55
AMZN,2026-01-26T15:13:00Z,238.805
AMZN,2026-01-26T15:14:00Z,238.8
AMZN,2026-01-26T15:15:00Z,238.84
AMZN,2026-01-26T15:16:00Z,238.91
AMZN,2026-01-26T15:17:00Z,238.97
AMZN,2026-01-26T15:18:00Z,239.07
AMZN,2026-01-26T15:19:00Z,239.38
AMZN,2026-01-26T15:20:00Z,239.45
AMZN,2026-01-26T15:21:00Z,239.44
AMZN,2026-01-26T15:22:00Z,239.46
AMZN,2026-01-26T15:23:00Z,239.345
AMZN,2026-01-26T15:24:00Z,239.505
AMZN,2026-01-26T15:25:00Z,239.61
AMZN,2026-01-26T15:26:00Z,239.33
AMZN,2026-01-26T15:27:00Z,239.22
AMZN,2026-01-26T15:28:00Z,239.0
AMZN,2026-01-26T15:29:00Z,238.96
AMZN,2026-01-26T15:30:00Z,239.14
AMZN,2026-01-26T15:31:00Z,239.18
AMZN,2026-01-26T15:32:00Z,239.33
AMZN,2026-01-26T15:33:00Z,239.315
AMZN,2026-01-26T15:34:00Z,239.535
AMZN,2026-01-26T15:35:00Z,239.545
AMZN,2026-01-26T15:36:00Z,239.695
AMZN,2026-01-26T15:37:00Z,239.745
AMZN,2026-01-26T15:38:00Z,239.79
AMZN,2026-01-26T15:39:00Z,239.62
AMZN,2026-01-26T15:40:00Z,239.4
AMZN,2026-01-26T15:41:00Z,239.43
AMZN,2026-01-26T15:42:00Z,239.42
AMZN,2026-01-26T15:43:00Z,239.26
AMZN,2026-01-26T15:44:00Z,239.375
AMZN,2026-01-26T15:45:00Z,239.51
AMZN,2026-01-26T15:46:00Z,239.855
AMZN,2026-01-26T15:47:00Z,239.855
AMZN,2026-01-26T15:48:00Z,239.85
AMZN,2026-01-26T15:49:00Z,239.825
AMZN,2026-01-26T15:50:00Z,239.735
AMZN,2026-01-26T15:51:00Z,239.815
AMZN,2026-01-26T15:52:00Z,239.85
AMZN,2026-01-26T15:53:00Z,239.835
AMZN,2026-01-26T15:54:00Z,239.63
AMZN,2026-01-26T15:55:00Z,239.56
AMZN,2026-01-26T15:56:00Z,239.73
AMZN,2026-01-26T15:57:00Z,239.57
AMZN,2026-01-26T15:58:00Z,239.575
AMZN,2026-01-26T15:59:00Z,239.43
AMZN,2026-01-26T16:00:00Z,239.585
AMZN,2026-01-26T16:01:00Z,239.645
AMZN,2026-01-26T16:02:00Z,239.52
AMZN,2026-01-26T16:03:00Z,239.43
AMZN,2026-01-26T16:04:00Z,239.51
AMZN,2026-01-26T16:05:00Z,239.36
AMZN,2026-01-26T16:06:00Z,239.47
AMZN,2026-01-26T16:07:00Z,239.43
AMZN,2026-01-26T16:08:00Z,239.55
AMZN,2026-01-26T16:09:00Z,239.92
AMZN,2026-01-26T16:10:00Z,239.88
AMZN,2026-01-26T16:11:00Z,239.9
AMZN,2026-01-26T16:12:00Z,239.665
AMZN,2026-01-26T16:13:00Z,239.485
AMZN,2026-01-26T16:14:00Z,239.55
AMZN,2026-01-26T16:15:00Z,239.215
AMZN,2026-01-26T16:16:00Z,239.25
AMZN,2026-01-26T16:17:00Z,239.195
AMZN,2026-01-26T16:18:00Z,238.99
AMZN,2026-01-26T16:19:00Z,239.01
AMZN,2026-01-26T16:20:00Z,239.03
AMZN,2026-01-26T16:21:00Z,239.21
AMZN,2026-01-26T16:22:00Z,239.42
AMZN,2026-01-26T16:23:00Z,239.67
AMZN,2026-01-26T16:24:00Z,239.735
AMZN,2026-01-26T16:25:00Z,239.875
AMZN,2026-01-26T16:26:00Z,239.8
AMZN,2026-01-26T16:27:00Z,239.935
AMZN,2026-01-26T16:28:00Z,239.83
AMZN,2026-01-26T16:29:00Z,239.86
AMZN,2026-01-26T16:30:00Z,239.93
AMZN,2026-01-26T16:31:00Z,239.93
AMZN,2026-01-26T16:32:00Z,239.86
AMZN,2026-01-26T16:33:00Z,239.75
AMZN,2026-01-26T16:34:00Z,239.56
AMZN,2026-01-26T16:35:00Z,239.48
AMZN,2026-01-26T16:36:00Z,239.5
AMZN,2026-01-26T16:37:00Z,239.6
AMZN,2026-01-26T16:38:00Z,239.605
AMZN,2026-01-26T16:39:00Z,239.6
AMZN,2026-01-26T16:40:00Z,239.53
AMZN,2026-01-26T16:41:00Z,239.6
AMZN,2026-01-26T16:42:00Z,239.46
AMZN,2026-01-26T16:43:00Z,239.565
AMZN,2026-01-26T16:44:00Z,239.51
AMZN,2026-01-26T16:45:00Z,239.57
AMZN,2026-01-26T16:46:00Z,239.64
AMZN,2026-01-26T16:47:00Z,239.51
AMZN,2026-01-26T16:48:00Z,239.53
AMZN,2026-01-26T16:49:00Z,239.53
AMZN,2026-01-26T16:50:00Z,239.45
AMZN,2026-01-26T16:51:00Z,239.55
AMZN,2026-01-26T16:52:00Z,239.5
AMZN,2026-01-26T16:53:00Z,239.58
AMZN,2026-01-26T16:54:00Z,239.54
AMZN,2026-01-26T16:55:00Z,239.58
AMZN,2026-01-26T16:56:00Z,239.66
AMZN,2026-01-26T16:57:00Z,239.59
AMZN,2026-01-26T16:58:00Z,239.6
AMZN,2026-01-26T16:59:00Z,239.67
AMZN,2026-01-26T17:00:00Z,239.76
AMZN,2026-01-26T17:01:00Z,239.85
AMZN,2026-01-26T17:02:00Z,239.915
AMZN,2026-01-26T17:03:00Z,239.87
AMZN,2026-01-26T17:04:00Z,239.91
AMZN,2026-01-26T17:05:00Z,239.83
AMZN,2026-01-26T17:06:00Z,239.9
AMZN,2026-01-26T17:07:00Z,240.0
AMZN,2026-01-26T17:08:00Z,240.055
AMZN,2026-01-26T17:09:00Z,240.0
AMZN,2026-01-26T17:10:00Z,239.835
AMZN,2026-01-26T17:11:00Z,239.96
AMZN,2026-01-26T17:12:00Z,240.015
AMZN,2026-01-26T17:13:00Z,240.02
AMZN,2026-01-26T17:14:00Z,239.95
AMZN,2026-01-26T17:15:00Z,239.92
AMZN,2026-01-26T17:16:00Z,239.89
AMZN,2026-01-26T17:17:00Z,239.9
AMZN,2026-01-26T17:18:00Z,239.885
AMZN,2026-01-26T17:19:00Z,239.73
AMZN,2026-01-26T17:20:00Z,239.75
AMZN,2026-01-26T17:21:00Z,239.655
AMZN,2026-01-26T17:22:00Z,239.695
AMZN,2026-01-26T17:23:00Z,239.68
AMZN,2026-01-26T17:24:00Z,239.65
AMZN,2026-01-26T17:25:00Z,239.78
AMZN,2026-01-26T17:26:00Z,239.69
AMZN,2026-01-26T17:27:00Z,239.7
AMZN,2026-01-26T17:28:00Z,239.64
AMZN,2026-01-26T17:29:00Z,239.64
AMZN,2026-01-26T17:30:00Z,239.55
AMZN,2026-01-26T17:31:00Z,239.48
AMZN,2026-01-26T17:32:00Z,239.575
AMZN,2026-01-26T17:33:00Z,239.395
AMZN,2026-01-26T17:34:00Z,239.4
AMZN,2026-01-26T17:35:00Z,239.09
AMZN,2026-01-26T17:36:00Z,239.21
XLY,2026-01-26T15:01:00Z,122.56
XLY,2026-01-26T15:02:00Z,122.65
XLY,2026-01-26T15:05:00Z,122.57
XLY,2026-01-26T15:06:00Z,122.57
XLY,2026-01-26T15:07:00Z,122.65
XLY,2026-01-26T15:08:00Z,122.64
XLY,2026-01-26T15:09:00Z,122.6
XLY,2026-01-26T15:10:00Z,122.58
XLY,2026-01-26T15:11:00Z,122.6
XLY,2026-01-26T15:12:00Z,122.655
XLY,2026-01-26T15:13:00Z,122.745
XLY,2026-01-26T15:14:00Z,122.78
XLY,2026-01-26T15:16:00Z,122.875
XLY,2026-01-26T15:18:00Z,122.87
XLY,2026-01-26T15:19:00Z,122.82
XLY,2026-01-26T15:20:00Z,122.92
XLY,2026-01-26T15:21:00Z,122.925
XLY,2026-01-26T15:22:00Z,122.92
XLY,2026-01-26T15:23:00Z,122.9
XLY,2026-01-26T15:24:00Z,122.89
XLY,2026-01-26T15:25:00Z,122.875
XLY,2026-01-26T15:26:00Z,122.8
XLY,2026-01-26T15:27:00Z,122.715
XLY,2026-01-26T15:28:00Z,122.715
XLY,2026-01-26T15:31:00Z,122.63
XLY,2026-01-26T15:32:00Z,122.675
XLY,2026-01-26T15:33:00Z,122.705
XLY,2026-01-26T15:34:00Z,122.705
XLY,2026-01-26T15:35:00Z,122.695
XLY,2026-01-26T15:36:00Z,122.705
XLY,2026-01-26T15:37:00Z,122.755
XLY,2026-01-26T15:39:00Z,122.74
XLY,2026-01-26T15:40:00Z,122.72
XLY,2026-01-26T15:42:00Z,122.675
XLY,2026-01-26T15:43:00Z,122.675
XLY,2026-01-26T15:44:00Z,122.67
XLY,2026-01-26T15:45:00Z,122.725
XLY,2026-01-26T15:46:00Z,122.79
XLY,2026-01-26T15:47:00Z,122.8
XLY,2026-01-26T15:48:00Z,122.86
XLY,2026-01-26T15:49:00Z,122.83
XLY,2026-01-26T15:50:00Z,122.82
XLY,2026-01-26T15:51:00Z,122.81
XLY,2026-01-26T15:52:00Z,122.83
XLY,2026-01-26T15:54:00Z,122.91
XLY,2026-01-26T15:55:00Z,122.86
XLY,2026-01-26T15:56:00Z,122.82
XLY,2026-01-26T15:57:00Z,122.79
XLY,2026-01-26T15:58:00Z,122.79
XLY,2026-01-26T15:59:00Z,122.75
XLY,2026-01-26T16:00:00Z,122.75
XLY,2026-01-26T16:01:00Z,122.77
XLY,2026-01-26T16:02:00Z,122.77
XLY,2026-01-26T16:06:00Z,122.68
XLY,2026-01-26T16:07:00Z,122.645
XLY,2026-01-26T16:09:00Z,122.775
XLY,2026-01-26T16:13:00Z,122.67
XLY,2026-01-26T16:15:00Z,122.59
XLY,2026-01-26T16:17:00Z,122.58
XLY,2026-01-26T16:19:00Z,122.555
XLY,2026-01-26T16:22:00Z,122.635
XLY,2026-01-26T16:24:00Z,122.72
XLY,2026-01-26T16:25:00Z,122.735
XLY,2026-01-26T16:26:00Z,122.76
XLY,2026-01-26T16:27:00Z,122.77
XLY,2026-01-26T16:28:00Z,122.82
XLY,2026-01-26T16:29:00Z,122.84
XLY,2026-01-26T16:30:00Z,122.815
XLY,2026-01-26T16:31:00Z,122.81
XLY,2026-01-26T16:36:00Z,122.7
XLY,2026-01-26T16:37:00Z,122.75
XLY,2026-01-26T16:39:00Z,122.71
XLY,2026-01-26T16:40:00Z,122.69
XLY,2026-01-26T16:41:00Z,122.7
XLY,2026-01-26T16:42:00Z,122.655
XLY,2026-01-26T16:43:00Z,122.67
XLY,2026-01-26T16:45:00Z,122.64
XLY,2026-01-26T16:46:00Z,122.66
XLY,2026-01-26T16:47:00Z,122.6
XLY,2026-01-26T16:48:00Z,122.61
XLY,2026-01-26T16:49:00Z,122.61
XLY,2026-01-26T16:50:00Z,122.6
XLY,2026-01-26T16:51:00Z,122.625
XLY,2026-01-26T16:52:00Z,122.635
XLY,2026-01-26T16:54:00Z,122.695
XLY,2026-01-26T16:55:00Z,122.66
XLY,2026-01-26T16:56:00Z,122.7
XLY,2026-01-26T16:57:00Z,122.68
XLY,2026-01-26T16:58:00Z,122.68
XLY,2026-01-26T17:00:00Z,122.68
XLY,2026-01-26T17:01:00Z,122.68
XLY,2026-01-26T17:02:00Z,122.695
XLY,2026-01-26T17:03:00Z,122.7
XLY,2026-01-26T17:04:00Z,122.72
XLY,2026-01-26T17:05:00Z,122.7
XLY,2026-01-26T17:06:00Z,122.72
XLY,2026-01-26T17:07:00Z,122.73
XLY,2026-01-26T17:10:00Z,122.7
XLY,2026-01-26T17:11:00Z,122.69
XLY,2026-01-26T17:12:00Z,122.69
XLY,2026-01-26T17:13:00Z,122.68
XLY,2026-01-26T17:15:00Z,122.67
XLY,2026-01-26T17:16:00Z,122.675
XLY,2026-01-26T17:17:00Z,122.67
XLY,2026-01-26T17:18:00Z,122.68
XLY,2026-01-26T17:19:00Z,122.66
XLY,2026-01-26T17:20:00Z,122.61
XLY,2026-01-26T17:23:00Z,122.62
XLY,2026-01-26T17:24:00Z,122.635
XLY,2026-01-26T17:25:00Z,122.67
XLY,2026-01-26T17:26:00Z,122.665
XLY,2026-01-26T17:27:00Z,122.7
XLY,2026-01-26T17:29:00Z,122.68
XLY,2026-01-26T17:30:00Z,122.665
XLY,2026-01-26T17:33:00Z,122.59
XLY,2026-01-26T17:34:00Z,122.605
MS,2026-01-30T14:31:00Z,180.72
MS,2026-01-30T14:32:00Z,181.42
MS,2026-01-30T14:33:00Z,181.345
MS,2026-01-30T14:34:00Z,181.2
MS,2026-01-30T14:37:00Z,181.475
MS,2026-01-30T14:41:00Z,181.105
MS,2026-01-30T14:44:00Z,181.44
MS,2026-01-30T14:45:00Z,181.58
MS,2026-01-30T14:47:00Z,181.825
MS,2026-01-30T14:48:00Z,181.61
MS,2026-01-30T14:49:00Z,181.685
MS,2026-01-30T14:50:00Z,181.72
MS,2026-01-30T14:51:00Z,181.85
MS,2026-01-30T14:52:00Z,181.66
MS,2026-01-30T14:53:00Z,181.58
MS,2026-01-30T14:55:00Z,181.82
MS,2026-01-30T14:56:00Z,181.82
MS,2026-01-30T14:57:00Z,181.76
MS,2026-01-30T14:58:00Z,181.52
MS,2026-01-30T14:59:00Z,181.83
MS,2026-01-30T15:00:00Z,181.9
MS,2026-01-30T15:01:00Z,181.595
MS,2026-01-30T15:02:00Z,181.91
MS,2026-01-30T15:05:00Z,182.13
XLF,2026-01-30T14:05:00Z,53.3
XLF,2026-01-30T14:30:00Z,53.485
XLF,2026-01-30T14:31:00Z,53.43
XLF,2026-01-30T14:32:00Z,53.58
XLF,2026-01-30T14:33:00Z,53.525
XLF,2026-01-30T14:34:00Z,53.505
XLF,2026-01-30T14:35:00Z,53.48
XLF,2026-01-30T14:36:00Z,53.595
XLF,2026-01-30T14:37:00Z,53.635
XLF,2026-01-30T14:38:00Z,53.62
XLF,2026-01-30T14:39:00Z,53.545
XLF,2026-01-30T14:40:00Z,53.5
XLF,2026-01-30T14:41:00Z,53.545
XLF,2026-01-30T14:42:00Z,53.5
XLF,2026-01-30T14:43:00Z,53.505
XLF,2026-01-30T14:44:00Z,53.505
XLF,2026-01-30T14:45:00Z,53.475
XLF,2026-01-30T14:46:00Z,53.45
XLF,2026-01-30T14:47:00Z,53.47
XLF,2026-01-30T14:48:00Z,53.445
XLF,2026-01-30T14:49:00Z,53.385
XLF,2026-01-30T14:50:00Z,53.42
XLF,2026-01-30T14:51:00Z,53.435
XLF,2026-01-30T14:52:00Z,53.41
XLF,2026-01-30T14:53:00Z,53.385
XLF,2026-01-30T14:54:00Z,53.345
XLF,2026-01-30T14:55:00Z,53.385
XLF,2026-01-30T14:56:00Z,53.375
XLF,2026-01-30T14:57:00Z,53.39
XLF,2026-01-30T14:58:00Z,53.36
XLF,2026-01-30T14:59:00Z,53.4
XLF,2026-01-30T15:00:00Z,53.43
XLF,2026-01-30T15:01:00Z,53.425
XLF,2026-01-30T15:02:00Z,53.44
XLF,2026-01-30T15:03:00Z,53.41
XLF,2026-01-30T15:04:00Z,53.425
XLF,2026-01-30T15:05:00Z,53.45
AMZN,2026-02-02T14:30:00Z,240.0
AMZN,2026-02-02T14:31:00Z,240.37
AMZN,2026-02-02T14:32:00Z,240.7
AMZN,2026-02-02T14:33:00Z,240.95
AMZN,2026-02-02T14:34:00Z,240.33
AMZN,2026-02-02T14:35:00Z,239.98
AMZN,2026-02-02T14:36:00Z,240.7
AMZN,2026-02-02T14:37:00Z,241.04
AMZN,2026-02-02T14:38:00Z,241.27
AMZN,2026-02-02T14:39:00Z,241.35
AMZN,2026-02-02T14:40:00Z,240.83
AMZN,2026-02-02T14:41:00Z,240.97
AMZN,2026-02-02T14:42:00Z,240.72
AMZN,2026-02-02T14:43:00Z,240.97
AMZN,2026-02-02T14:44:00Z,240.835
AMZN,2026-02-02T14:45:00Z,240.91
AMZN,2026-02-02T14:46:00Z,241.15
AMZN,2026-02-02T14:47:00Z,241.25
AMZN,2026-02-02T14:48:00Z,241.72
AMZN,2026-02-02T14:49:00Z,242.075
AMZN,2026-02-02T14:50:00Z,242.745
AMZN,2026-02-02T14:51:00Z,242.71
AMZN,2026-02-02T14:52:00Z,242.95
AMZN,2026-02-02T14:53:00Z,242.8
AMZN,2026-02-02T14:54:00Z,242.715
AMZN,2026-02-02T14:55:00Z,242.88
AMZN,2026-02-02T14:56:00Z,242.975
AMZN,2026-02-02T14:57:00Z,242.99
AMZN,2026-02-02T14:58:00Z,243.19
AMZN,2026-02-02T14:59:00Z,243.3
AMZN,2026-02-02T15:00:00Z,243.51
AMZN,2026-02-02T15:01:00Z,243.11
AMZN,2026-02-02T15:02:00Z,243.56
AMZN,2026-02-02T15:03:00Z,243.79
AMZN,2026-02-02T15:04:00Z,244.11
AMZN,2026-02-02T15:05:00Z,244.3
XLY,2026-02-02T14:30:00Z,120.625
XLY,2026-02-02T14:31:00Z,120.29
XLY,2026-02-02T14:32:00Z,120.42
XLY,2026-02-02T14:33:00Z,120.6
XLY,2026-02-02T14:34:00Z,120.62
XLY,2026-02-02T14:35:00Z,120.79
XLY,2026-02-02T14:36:00Z,120.84
XLY,2026-02-02T14:37:00Z,121.01
XLY,2026-02-02T14:38:00Z,121.02
XLY,2026-02-02T14:39:00Z,121.1
XLY,2026-02-02T14:40:00Z,120.94
XLY,2026-02-02T14:41:00Z,120.99
XLY,2026-02-02T14:42:00Z,120.975
XLY,2026-02-02T14:43:00Z,121.1
XLY,2026-02-02T14:44:00Z,121.14
XLY,2026-02-02T14:45:00Z,121.23
XLY,2026-02-02T14:47:00Z,121.29
XLY,2026-02-02T14:48:00Z,121.24
XLY,2026-02-02T14:49:00Z,121.37
XLY,2026-02-02T14:50:00Z,121.42
XLY,2026-02-02T14:51:00Z,121.4
XLY,2026-02-02T14:52:00Z,121.38
XLY,2026-02-02T14:53:00Z,121.39
XLY,2026-02-02T14:54:00Z,121.31
XLY,2026-02-02T14:55:00Z,121.33
XLY,2026-02-02T14:56:00Z,121.25
XLY,2026-02-02T14:57:00Z,121.26
XLY,2026-02-02T14:58:00Z,121.2
XLY,2026-02-02T14:59:00Z,121.215
XLY,2026-02-02T15:00:00Z,121.25
XLY,2026-02-02T15:01:00Z,121.145
XLY,2026-02-02T15:02:00Z,121.175
XLY,2026-02-02T15:03:00Z,121.33
XLY,2026-02-02T15:04:00Z,121.415
XLY,2026-02-02T15:05:00Z,121.49
AAPL,2026-02-11T13:59:00Z,274.31
AAPL,2026-02-11T14:22:00Z,274.09
AAPL,2026-02-11T14:30:00Z,276.21
AAPL,2026-02-11T14:31:00Z,276.64
AAPL,2026-02-11T14:32:00Z,275.32
AAPL,2026-02-11T14:33:00Z,275.0
AAPL,2026-02-11T14:34:00Z,274.81
AAPL,2026-02-11T14:35:00Z,275.02
AAPL,2026-02-11T14:36:00Z,274.98
AAPL,2026-02-11T14:37:00Z,275.855
AAPL,2026-02-11T14:38:00Z,275.51
AAPL,2026-02-11T14:39:00Z,275.43
AAPL,2026-02-11T14:40:00Z,275.74
AAPL,2026-02-11T14:41:00Z,276.29
AAPL,2026-02-11T14:42:00Z,275.84
AAPL,2026-02-11T14:43:00Z,275.63
AAPL,2026-02-11T14:44:00Z,275.59
AAPL,2026-02-11T14:45:00Z,276.075
AAPL,2026-02-11T14:46:00Z,276.075
AAPL,2026-02-11T14:47:00Z,276.24
AAPL,2026-02-11T14:48:00Z,276.44
AAPL,2026-02-11T14:49:00Z,276.11
AAPL,2026-02-11T14:50:00Z,276.28
AAPL,2026-02-11T14:51:00Z,276.43
AAPL,2026-02-11T14:52:00Z,276.72
AAPL,2026-02-11T14:53:00Z,276.97
AAPL,2026-02-11T14:54:00Z,277.295
AAPL,2026-02-11T14:55:00Z,276.64
AAPL,2026-02-11T14:56:00Z,276.31
AAPL,2026-02-11T14:57:00Z,276.725
AAPL,2026-02-11T14:58:00Z,276.225
AAPL,2026-02-11T14:59:00Z,276.39
AAPL,2026-02-11T15:00:00Z,276.56
AAPL,2026-02-11T15:01:00Z,276.99
AAPL,2026-02-11T15:02:00Z,276.695
AAPL,2026-02-11T15:03:00Z,276.74
AAPL,2026-02-11T15:04:00Z,276.52
AAPL,2026-02-11T15:05:00Z,276.51
XLK,2026-02-11T13:56:00Z,144.47
XLK,2026-02-11T14:30:00Z,144.72
XLK,2026-02-11T14:31:00Z,144.54
XLK,2026-02-11T14:32:00Z,144.235
XLK,2026-02-11T14:33:00Z,144.18
XLK,2026-02-11T14:34:00Z,144.11
XLK,2026-02-11T14:35:00Z,143.99
XLK,2026-02-11T14:36:00Z,143.85
XLK,2026-02-11T14:37:00Z,143.85
XLK,2026-02-11T14:38:00Z,143.635
XLK,2026-02-11T14:39:00Z,143.685
XLK,2026-02-11T14:40:00Z,143.845
XLK,2026-02-11T14:41:00Z,143.99
XLK,2026-02-11T14:43:00Z,144.085
XLK,2026-02-11T14:44:00Z,144.215
XLK,2026-02-11T14:45:00Z,144.43
XLK,2026-02-11T14:46:00Z,144.07
XLK,2026-02-11T14:47:00Z,144.18
XLK,2026-02-11T14:48:00Z,144.385
XLK,2026-02-11T14:49:00Z,144.275
XLK,2026-02-11T14:50:00Z,144.01
XLK,2026-02-11T14:51:00Z,144.2
XLK,2026-02-11T14:52:00Z,143.985
XLK,2026-02-11T14:53:00Z,143.825
XLK,2026-02-11T14:54:00Z,143.82
XLK,2026-02-11T14:55:00Z,143.815
XLK,2026-02-11T14:56:00Z,143.655
XLK,2026-02-11T14:57:00Z,143.575
XLK,2026-02-11T14:58:00Z,143.29
XLK,2026-02-11T14:59:00Z,143.35
XLK,2026-02-11T15:00:00Z,143.46
XLK,2026-02-11T15:01:00Z,143.435
XLK,2026-02-11T15:02:00Z,143.075
XLK,2026-02-11T15:03:00Z,143.225
XLK,2026-02-11T15:04:00Z,143.165
XLK,2026-02-11T15:05:00Z,143.02
INTC,2026-02-23T14:30:00Z,44.27
INTC,2026-02-23T14:31:00Z,44.09
INTC,2026-02-23T14:32:00Z,44.22
INTC,2026-02-23T14:33:00Z,44.18
INTC,2026-02-23T14:34:00Z,44.15
INTC,2026-02-23T14:35:00Z,44.085
INTC,2026-02-23T14:36:00Z,44.045
INTC,2026-02-23T14:37:00Z,44.135
INTC,2026-02-23T14:38:00Z,44.27
INTC,2026-02-23T14:39:00Z,44.305
INTC,2026-02-23T14:40:00Z,44.01
INTC,2026-02-23T14:41:00Z,44.1
INTC,2026-02-23T14:42:00Z,44.14
INTC,2026-02-23T14:43:00Z,44.065
INTC,2026-02-23T14:44:00Z,43.925
INTC,2026-02-23T14:45:00Z,43.93
INTC,2026-02-23T14:46:00Z,44.055
INTC,2026-02-23T14:47:00Z,44.13
INTC,2026-02-23T14:48:00Z,43.99
INTC,2026-02-23T14:49:00Z,44.135
INTC,2026-02-23T14:50:00Z,44.43
INTC,2026-02-23T14:51:00Z,44.35
INTC,2026-02-23T14:52:00Z,44.33
INTC,2026-02-23T14:53:00Z,44.37
INTC,2026-02-23T14:54:00Z,44.32
INTC,2026-02-23T14:55:00Z,44.25
INTC,2026-02-23T14:56:00Z,44.23
INTC,2026-02-23T14:57:00Z,44.2
INTC,2026-02-23T14:58:00Z,44.11
INTC,2026-02-23T14:59:00Z,44.14
INTC,2026-02-23T15:00:00Z,44.135
INTC,2026-02-23T15:01:00Z,44.155
INTC,2026-02-23T15:02:00Z,44.225
INTC,2026-02-23T15:03:00Z,44.19
INTC,2026-02-23T15:04:00Z,44.14
INTC,2026-02-23T15:05:00Z,44.12
SOXX,2026-02-23T13:19:00Z,356.04
SOXX,2026-02-23T13:53:00Z,356.5
SOXX,2026-02-23T14:28:00Z,357.09
SOXX,2026-02-23T14:30:00Z,358.78
SOXX,2026-02-23T14:31:00Z,357.315
SOXX,2026-02-23T14:32:00Z,358.49
SOXX,2026-02-23T14:33:00Z,359.1
SOXX,2026-02-23T14:34:00Z,358.43
SOXX,2026-02-23T14:35:00Z,358.93
SOXX,2026-02-23T14:36:00Z,359.38
SOXX,2026-02-23T14:37:00Z,359.66
SOXX,2026-02-23T14:38:00Z,359.98
SOXX,2026-02-23T14:39:00Z,360.32
SOXX,2026-02-23T14:40:00Z,358.855
SOXX,2026-02-23T14:41:00Z,359.005
SOXX,2026-02-23T14:42:00Z,358.98
SOXX,2026-02-23T14:43:00Z,359.1
SOXX,2026-02-23T14:44:00Z,358.48
SOXX,2026-02-23T14:45:00Z,358.28
SOXX,2026-02-23T14:46:00Z,358.76
SOXX,2026-02-23T14:47:00Z,359.03
SOXX,2026-02-23T14:48:00Z,358.5
SOXX,2026-02-23T14:49:00Z,358.36
SOXX,2026-02-23T14:50:00Z,359.69
SOXX,2026-02-23T14:51:00Z,359.74
SOXX,2026-02-23T14:52:00Z,359.66
SOXX,2026-02-23T14:53:00Z,360.11
SOXX,2026-02-23T14:54:00Z,359.875
SOXX,2026-02-23T14:55:00Z,359.37
SOXX,2026-02-23T14:56:00Z,359.62
SOXX,2026-02-23T14:57:00Z,359.76
SOXX,2026-02-23T14:58:00Z,359.24
SOXX,2026-02-23T14:59:00Z,359.24
SOXX,2026-02-23T15:00:00Z,359.07
SOXX,2026-02-23T15:01:00Z,359.06
SOXX,2026-02-23T15:02:00Z,358.86
SOXX,2026-02-23T15:03:00Z,358.73
SOXX,2026-02-23T15:04:00Z,358.09
SOXX,2026-02-23T15:05:00Z,357.87
AAPL,2026-02-27T14:18:00Z,272.66
AAPL,2026-02-27T14:30:00Z,269.94
AAPL,2026-02-27T14:31:00Z,269.36
AAPL,2026-02-27T14:32:00Z,269.755
AAPL,2026-02-27T14:33:00Z,269.75
AAPL,2026-02-27T14:34:00Z,269.465
AAPL,2026-02-27T14:35:00Z,269.34
AAPL,2026-02-27T14:36:00Z,269.365
AAPL,2026-02-27T14:37:00Z,269.585
AAPL,2026-02-27T14:38:00Z,269.895
AAPL,2026-02-27T14:39:00Z,269.62
AAPL,2026-02-27T14:40:00Z,269.26
AAPL,2026-02-27T14:41:00Z,269.19
AAPL,2026-02-27T14:42:00Z,269.36
AAPL,2026-02-27T14:43:00Z,269.11
AAPL,2026-02-27T14:44:00Z,268.96
AAPL,2026-02-27T14:45:00Z,269.19
AAPL,2026-02-27T14:46:00Z,270.13
AAPL,2026-02-27T14:47:00Z,269.88
AAPL,2026-02-27T14:48:00Z,270.79
AAPL,2026-02-27T14:49:00Z,270.735
AAPL,2026-02-27T14:50:00Z,270.8
AAPL,2026-02-27T14:51:00Z,271.155
AAPL,2026-02-27T14:52:00Z,271.16
AAPL,2026-02-27T14:53:00Z,270.965
AAPL,2026-02-27T14:54:00Z,271.2
AAPL,2026-02-27T14:55:00Z,270.95
AAPL,2026-02-27T14:56:00Z,270.475
AAPL,2026-02-27T14:57:00Z,270.36
AAPL,2026-02-27T14:58:00Z,270.925
AAPL,2026-02-27T14:59:00Z,270.69
AAPL,2026-02-27T15:00:00Z,271.18
AAPL,2026-02-27T15:01:00Z,271.095
AAPL,2026-02-27T15:02:00Z,271.08
AAPL,2026-02-27T15:03:00Z,270.375
AAPL,2026-02-27T15:04:00Z,270.015
AAPL,2026-02-27T15:05:00Z,269.925
AAPL,2026-02-27T15:06:00Z,269.99
AAPL,2026-02-27T15:07:00Z,270.145
AAPL,2026-02-27T15:08:00Z,270.18
AAPL,2026-02-27T15:09:00Z,269.87
AAPL,2026-02-27T15:10:00Z,270.03
AAPL,2026-02-27T15:11:00Z,270.23
AAPL,2026-02-27T15:12:00Z,269.84
AAPL,2026-02-27T15:13:00Z,269.725
AAPL,2026-02-27T15:14:00Z,269.535
AAPL,2026-02-27T15:15:00Z,269.415
AAPL,2026-02-27T15:16:00Z,269.02
AAPL,2026-02-27T15:17:00Z,269.115
AAPL,2026-02-27T15:18:00Z,269.17
AAPL,2026-02-27T15:19:00Z,269.35
AAPL,2026-02-27T15:20:00Z,269.745
AAPL,2026-02-27T15:21:00Z,269.43
AAPL,2026-02-27T15:22:00Z,269.19
AAPL,2026-02-27T15:23:00Z,269.29
AAPL,2026-02-27T15:24:00Z,269.52
AAPL,2026-02-27T15:25:00Z,269.34
AAPL,2026-02-27T15:26:00Z,268.745
AAPL,2026-02-27T15:27:00Z,268.57
AAPL,2026-02-27T15:28:00Z,268.375
AAPL,2026-02-27T15:29:00Z,268.5
AAPL,2026-02-27T15:30:00Z,268.83
AAPL,2026-02-27T15:31:00Z,268.555
AAPL,2026-02-27T15:32:00Z,268.28
AAPL,2026-02-27T15:33:00Z,268.39
AAPL,2026-02-27T15:34:00Z,268.315
AAPL,2026-02-27T15:35:00Z,268.435
AAPL,2026-02-27T15:36:00Z,268.69
AAPL,2026-02-27T15:37:00Z,268.78
AAPL,2026-02-27T15:38:00Z,268.79
AAPL,2026-02-27T15:39:00Z,268.57
AAPL,2026-02-27T15:40:00Z,268.79
AAPL,2026-02-27T15:41:00Z,268.61
AAPL,2026-02-27T15:42:00Z,268.48
AAPL,2026-02-27T15:43:00Z,268.785
AAPL,2026-02-27T15:44:00Z,268.705
AAPL,2026-02-27T15:45:00Z,269.07
AAPL,2026-02-27T15:46:00Z,269.03
AAPL,2026-02-27T15:47:00Z,268.77
AAPL,2026-02-27T15:48:00Z,268.99
AAPL,2026-02-27T15:49:00Z,268.95
AAPL,2026-02-27T15:50:00Z,268.82
AAPL,2026-02-27T15:51:00Z,268.48
AAPL,2026-02-27T15:52:00Z,268.73
AAPL,2026-02-27T15:53:00Z,268.44
AAPL,2026-02-27T15:54:00Z,268.52
AAPL,2026-02-27T15:55:00Z,268.51
AAPL,2026-02-27T15:56:00Z,268.62
AAPL,2026-02-27T15:57:00Z,268.77
AAPL,2026-02-27T15:58:00Z,268.74
AAPL,2026-02-27T15:59:00Z,268.91
AAPL,2026-02-27T16:00:00Z,269.12
AAPL,2026-02-27T16:01:00Z,269.42
AAPL,2026-02-27T16:02:00Z,269.58
AAPL,2026-02-27T16:03:00Z,269.5
AAPL,2026-02-27T16:04:00Z,269.45
AAPL,2026-02-27T16:05:00Z,269.35
AAPL,2026-02-27T16:06:00Z,269.23
AAPL,2026-02-27T16:07:00Z,269.08
AAPL,2026-02-27T16:08:00Z,268.95
AAPL,2026-02-27T16:09:00Z,268.72
AAPL,2026-02-27T16:10:00Z,268.725
AAPL,2026-02-27T16:11:00Z,268.71
AAPL,2026-02-27T16:12:00Z,268.25
AAPL,2026-02-27T16:13:00Z,268.42
AAPL,2026-02-27T16:14:00Z,268.42
AAPL,2026-02-27T16:15:00Z,268.475
AAPL,2026-02-27T16:16:00Z,268.29
XLK,2026-02-27T14:30:00Z,138.25
XLK,2026-02-27T14:31:00Z,138.21
XLK,2026-02-27T14:32:00Z,138.615
XLK,2026-02-27T14:33:00Z,138.86
XLK,2026-02-27T14:34:00Z,138.765
XLK,2026-02-27T14:35:00Z,138.72
XLK,2026-02-27T14:36:00Z,138.67
XLK,2026-02-27T14:37:00Z,138.575
XLK,2026-02-27T14:38:00Z,138.845
XLK,2026-02-27T14:39:00Z,138.97
XLK,2026-02-27T14:40:00Z,138.68
XLK,2026-02-27T14:41:00Z,138.58
XLK,2026-02-27T14:42:00Z,138.23
XLK,2026-02-27T14:43:00Z,138.01
XLK,2026-02-27T14:44:00Z,138.195
XLK,2026-02-27T14:45:00Z,138.315
XLK,2026-02-27T14:46:00Z,138.59
XLK,2026-02-27T14:47:00Z,138.485
XLK,2026-02-27T14:48:00Z,138.615
XLK,2026-02-27T14:49:00Z,138.97
XLK,2026-02-27T14:50:00Z,138.775
XLK,2026-02-27T14:51:00Z,138.94
XLK,2026-02-27T14:52:00Z,138.68
XLK,2026-02-27T14:53:00Z,138.63
XLK,2026-02-27T14:54:00Z,138.635
XLK,2026-02-27T14:55:00Z,138.55
XLK,2026-02-27T14:56:00Z,138.51
XLK,2026-02-27T14:57:00Z,138.57
XLK,2026-02-27T14:58:00Z,138.625
XLK,2026-02-27T14:59:00Z,138.64
XLK,2026-02-27T15:00:00Z,138.77
XLK,2026-02-27T15:01:00Z,139.01
XLK,2026-02-27T15:02:00Z,139.045
XLK,2026-02-27T15:03:00Z,138.98
XLK,2026-02-27T15:04:00Z,139.045
XLK,2026-02-27T15:05:00Z,139.23
XLK,2026-02-27T15:06:00Z,139.32
XLK,2026-02-27T15:07:00Z,139.43
XLK,2026-02-27T15:08:00Z,139.56
XLK,2026-02-27T15:09:00Z,139.46
XLK,2026-02-27T15:10:00Z,139.59
XLK,2026-02-27T15:11:00Z,139.735
XLK,2026-02-27T15:12:00Z,139.645
XLK,2026-02-27T15:13:00Z,139.51
XLK,2026-02-27T15:14:00Z,139.39
XLK,2026-02-27T15:15:00Z,139.345
XLK,2026-02-27T15:16:00Z,139.18
XLK,2026-02-27T15:17:00Z,139.165
XLK,2026-02-27T15:18:00Z,139.06
XLK,2026-02-27T15:19:00Z,139.195
XLK,2026-02-27T15:20:00Z,139.295
XLK,2026-02-27T15:21:00Z,139.225
XLK,2026-02-27T15:22:00Z,139.21
XLK,2026-02-27T15:23:00Z,139.26
XLK,2026-02-27T15:24:00Z,139.41
XLK,2026-02-27T15:25:00Z,139.165
XLK,2026-02-27T15:26:00Z,139.16
XLK,2026-02-27T15:27:00Z,139.295
XLK,2026-02-27T15:28:00Z,139.395
XLK,2026-02-27T15:29:00Z,139.295
XLK,2026-02-27T15:30:00Z,139.36
XLK,2026-02-27T15:31:00Z,139.225
XLK,2026-02-27T15:32:00Z,139.025
XLK,2026-02-27T15:33:00Z,139.25
XLK,2026-02-27T15:34:00Z,139.175
XLK,2026-02-27T15:35:00Z,139.21
XLK,2026-02-27T15:36:00Z,139.27
XLK,2026-02-27T15:37:00Z,139.28
XLK,2026-02-27T15:38:00Z,139.37
XLK,2026-02-27T15:39:00Z,139.305
XLK,2026-02-27T15:40:00Z,139.26
XLK,2026-02-27T15:41:00Z,139.195
XLK,2026-02-27T15:42:00Z,139.245
XLK,2026-02-27T15:43:00Z,139.425
XLK,2026-02-27T15:44:00Z,139.415
XLK,2026-02-27T15:45:00Z,139.515
XLK,2026-02-27T15:46:00Z,139.455
XLK,2026-02-27T15:47:00Z,139.49
XLK,2026-02-27T15:48:00Z,139.37
XLK,2026-02-27T15:49:00Z,139.31
XLK,2026-02-27T15:50:00Z,139.255
XLK,2026-02-27T15:51:00Z,139.08
XLK,2026-02-27T15:52:00Z,139.135
XLK,2026-02-27T15:53:00Z,139.09
XLK,2026-02-27T15:54:00Z,139.095
XLK,2026-02-27T15:55:00Z,139.13
XLK,2026-02-27T15:56:00Z,139.205
XLK,2026-02-27T15:57:00Z,139.35
XLK,2026-02-27T15:58:00Z,139.37
XLK,2026-02-27T15:59:00Z,139.41
XLK,2026-02-27T16:00:00Z,139.365
XLK,2026-02-27T16:01:00Z,139.47
XLK,2026-02-27T16:02:00Z,139.48
XLK,2026-02-27T16:03:00Z,139.505
XLK,2026-02-27T16:04:00Z,139.495
XLK,2026-02-27T16:05:00Z,139.455
XLK,2026-02-27T16:06:00Z,139.375
XLK,2026-02-27T16:07:00Z,139.375
XLK,2026-02-27T16:08:00Z,139.26
XLK,2026-02-27T16:09:00Z,139.17
XLK,2026-02-27T16:10:00Z,139.2
XLK,2026-02-27T16:11:00Z,139.165
XLK,2026-02-27T16:12:00Z,139.16
XLK,2026-02-27T16:13:00Z,139.36
XLK,2026-02-27T16:14:00Z,139.315
XLK,2026-02-27T16:15:00Z,139.37
XLK,2026-02-27T16:16:00Z,139.29
AAPL,2026-02-27T16:42:00Z,269.055
AAPL,2026-02-27T16:43:00Z,269.015
AAPL,2026-02-27T16:44:00Z,268.83
AAPL,2026-02-27T16:45:00Z,268.84
AAPL,2026-02-27T16:46:00Z,268.78
AAPL,2026-02-27T16:47:00Z,268.645
AAPL,2026-02-27T16:48:00Z,268.65
AAPL,2026-02-27T16:49:00Z,268.6
AAPL,2026-02-27T16:50:00Z,268.71
AAPL,2026-02-27T16:51:00Z,268.95
AAPL,2026-02-27T16:52:00Z,269.03
AAPL,2026-02-27T16:53:00Z,269.07
AAPL,2026-02-27T16:54:00Z,269.21
AAPL,2026-02-27T16:55:00Z,269.295
AAPL,2026-02-27T16:56:00Z,269.225
AAPL,2026-02-27T16:57:00Z,269.05
AAPL,2026-02-27T16:58:00Z,269.04
AAPL,2026-02-27T16:59:00Z,268.605
AAPL,2026-02-27T17:00:00Z,268.78
AAPL,2026-02-27T17:01:00Z,268.805
AAPL,2026-02-27T17:02:00Z,268.9
AAPL,2026-02-27T17:03:00Z,268.94
AAPL,2026-02-27T17:04:00Z,269.015
AAPL,2026-02-27T17:05:00Z,269.18
AAPL,2026-02-27T17:06:00Z,268.88
AAPL,2026-02-27T17:07:00Z,268.935
AAPL,2026-02-27T17:08:00Z,269.065
AAPL,2026-02-27T17:09:00Z,268.925
AAPL,2026-02-27T17:10:00Z,268.82
AAPL,2026-02-27T17:11:00Z,268.67
AAPL,2026-02-27T17:12:00Z,268.62
AAPL,2026-02-27T17:13:00Z,268.43
AAPL,2026-02-27T17:14:00Z,267.96
AAPL,2026-02-27T17:15:00Z,267.84
AAPL,2026-02-27T17:16:00Z,267.755
AAPL,2026-02-27T17:17:00Z,267.66
AAPL,2026-02-27T17:18:00Z,267.655
AAPL,2026-02-27T17:19:00Z,267.805
AAPL,2026-02-27T17:20:00Z,267.58
AAPL,2026-02-27T17:21:00Z,267.595
AAPL,2026-02-27T17:22:00Z,267.305
AAPL,2026-02-27T17:23:00Z,267.4
AAPL,2026-02-27T17:24:00Z,267.6
AAPL,2026-02-27T17:25:00Z,267.805
AAPL,2026-02-27T17:26:00Z,267.775
AAPL,2026-02-27T17:27:00Z,267.64
AAPL,2026-02-27T17:28:00Z,267.89
AAPL,2026-02-27T17:29:00Z,267.89
AAPL,2026-02-27T17:30:00Z,268.01
AAPL,2026-02-27T17:31:00Z,267.74
AAPL,2026-02-27T17:32:00Z,268.07
AAPL,2026-02-27T17:33:00Z,267.95
AAPL,2026-02-27T17:34:00Z,268.1
AAPL,2026-02-27T17:35:00Z,268.07
AAPL,2026-02-27T17:36:00Z,268.005
AAPL,2026-02-27T17:37:00Z,268.06
AAPL,2026-02-27T17:38:00Z,268.02
AAPL,2026-02-27T17:39:00Z,267.74
AAPL,2026-02-27T17:40:00Z,267.64
AAPL,2026-02-27T17:41:00Z,267.69
AAPL,2026-02-27T17:42:00Z,267.5
AAPL,2026-02-27T17:43:00Z,267.54
AAPL,2026-02-27T17:44:00Z,267.41
AAPL,2026-02-27T17:45:00Z,267.15
AAPL,2026-02-27T17:46:00Z,267.06
AAPL,2026-02-27T17:47:00Z,266.94
AAPL,2026-02-27T17:48:00Z,266.89
AAPL,2026-02-27T17:49:00Z,266.97
AAPL,2026-02-27T17:50:00Z,267.18
AAPL,2026-02-27T17:51:00Z,267.15
AAPL,2026-02-27T17:52:00Z,267.125
AAPL,2026-02-27T17:53:00Z,267.35
AAPL,2026-02-27T17:54:00Z,267.35
AAPL,2026-02-27T17:55:00Z,267.335
AAPL,2026-02-27T17:56:00Z,267.245
AAPL,2026-02-27T17:57:00Z,267.305
AAPL,2026-02-27T17:58:00Z,267.34
AAPL,2026-02-27T17:59:00Z,267.085
AAPL,2026-02-27T18:00:00Z,267.32
AAPL,2026-02-27T18:01:00Z,267.16
AAPL,2026-02-27T18:02:00Z,266.995
AAPL,2026-02-27T18:03:00Z,267.0
AAPL,2026-02-27T18:04:00Z,266.99
AAPL,2026-02-27T18:05:00Z,266.77
AAPL,2026-02-27T18:06:00Z,266.87
AAPL,2026-02-27T18:07:00Z,266.88
AAPL,2026-02-27T18:08:00Z,266.92
AAPL,2026-02-27T18:09:00Z,266.79
AAPL,2026-02-27T18:10:00Z,266.87
AAPL,2026-02-27T18:11:00Z,266.86
AAPL,2026-02-27T18:12:00Z,266.61
AAPL,2026-02-27T18:13:00Z,266.73
AAPL,2026-02-27T18:14:00Z,266.49
AAPL,2026-02-27T18:15:00Z,266.4
AAPL,2026-02-27T18:16:00Z,266.48
AAPL,2026-02-27T18:17:00Z,266.41
AAPL,2026-02-27T18:18:00Z,266.46
AAPL,2026-02-27T18:19:00Z,266.4
AAPL,2026-02-27T18:20:00Z,266.48
AAPL,2026-02-27T18:21:00Z,266.3
AAPL,2026-02-27T18:22:00Z,266.51
AAPL,2026-02-27T18:23:00Z,266.36
AAPL,2026-02-27T18:24:00Z,266.275
AAPL,2026-02-27T18:25:00Z,265.96
AAPL,2026-02-27T18:26:00Z,266.0
AAPL,2026-02-27T18:27:00Z,265.92
AAPL,2026-02-27T18:28:00Z,265.97
AAPL,2026-02-27T18:29:00Z,266.18
AAPL,2026-02-27T18:30:00Z,266.11
AAPL,2026-02-27T18:31:00Z,266.14
AAPL,2026-02-27T18:32:00Z,266.14
AAPL,2026-02-27T18:33:00Z,266.16
AAPL,2026-02-27T18:34:00Z,266.19
AAPL,2026-02-27T18:35:00Z,266.245
AAPL,2026-02-27T18:36:00Z,266.24
AAPL,2026-02-27T18:37:00Z,265.92
AAPL,2026-02-27T18:38:00Z,266.01
AAPL,2026-02-27T18:39:00Z,265.94
AAPL,2026-02-27T18:40:00Z,266.06
AAPL,2026-02-27T18:41:00Z,266.175
AAPL,2026-02-27T18:42:00Z,266.125
AAPL,2026-02-27T18:43:00Z,266.02
AAPL,2026-02-27T18:44:00Z,266.01
AAPL,2026-02-27T18:45:00Z,266.11
AAPL,2026-02-27T18:46:00Z,266.025
AAPL,2026-02-27T18:47:00Z,266.24
AAPL,2026-02-27T18:48:00Z,266.08
AAPL,2026-02-27T18:49:00Z,265.92
AAPL,2026-02-27T18:50:00Z,266.01
AAPL,2026-02-27T18:51:00Z,266.185
AAPL,2026-02-27T18:52:00Z,266.24
AAPL,2026-02-27T18:53:00Z,266.18
AAPL,2026-02-27T18:54:00Z,266.045
AAPL,2026-02-27T18:55:00Z,266.1
AAPL,2026-02-27T18:56:00Z,266.01
AAPL,2026-02-27T18:57:00Z,265.955
AAPL,2026-02-27T18:58:00Z,266.12
AAPL,2026-02-27T18:59:00Z,266.11
AAPL,2026-02-27T19:00:00Z,266.08
AAPL,2026-02-27T19:01:00Z,266.08
AAPL,2026-02-27T19:02:00Z,266.2
AAPL,2026-02-27T19:03:00Z,266.29
AAPL,2026-02-27T19:04:00Z,266.34
AAPL,2026-02-27T19:05:00Z,266.26
AAPL,2026-02-27T19:06:00Z,266.36
AAPL,2026-02-27T19:07:00Z,266.23
AAPL,2026-02-27T19:08:00Z,266.1
AAPL,2026-02-27T19:09:00Z,265.78
AAPL,2026-02-27T19:10:00Z,265.76
AAPL,2026-02-27T19:11:00Z,265.72
AAPL,2026-02-27T19:12:00Z,265.855
AAPL,2026-02-27T19:13:00Z,265.87
AAPL,2026-02-27T19:14:00Z,266.15
AAPL,2026-02-27T19:15:00Z,266.06
AAPL,2026-02-27T19:16:00Z,266.09
XLK,2026-02-27T16:42:00Z,139.0
XLK,2026-02-27T16:43:00Z,138.95
XLK,2026-02-27T16:44:00Z,138.885
XLK,2026-02-27T16:45:00Z,138.93
XLK,2026-02-27T16:46:00Z,138.975
XLK,2026-02-27T16:47:00Z,138.935
XLK,2026-02-27T16:48:00Z,138.865
XLK,2026-02-27T16:49:00Z,138.815
XLK,2026-02-27T16:50:00Z,138.92
XLK,2026-02-27T16:51:00Z,139.08
XLK,2026-02-27T16:52:00Z,139.06
XLK,2026-02-27T16:53:00Z,139.08
XLK,2026-02-27T16:54:00Z,139.16
XLK,2026-02-27T16:55:00Z,139.22
XLK,2026-02-27T16:56:00Z,139.245
XLK,2026-02-27T16:57:00Z,139.185
XLK,2026-02-27T16:58:00Z,139.195
XLK,2026-02-27T16:59:00Z,139.07
XLK,2026-02-27T17:00:00Z,139.185
XLK,2026-02-27T17:01:00Z,139.185
XLK,2026-02-27T17:02:00Z,139.19
XLK,2026-02-27T17:03:00Z,139.3
XLK,2026-02-27T17:04:00Z,139.205
XLK,2026-02-27T17:05:00Z,139.165
XLK,2026-02-27T17:06:00Z,139.245
XLK,2026-02-27T17:07:00Z,139.295
XLK,2026-02-27T17:08:00Z,139.365
XLK,2026-02-27T17:09:00Z,139.33
XLK,2026-02-27T17:10:00Z,139.175
XLK,2026-02-27T17:11:00Z,139.065
XLK,2026-02-27T17:12:00Z,139.035
XLK,2026-02-27T17:13:00Z,138.88
XLK,2026-02-27T17:14:00Z,138.895
XLK,2026-02-27T17:15:00Z,138.89
XLK,2026-02-27T17:17:00Z,138.8
XLK,2026-02-27T17:18:00Z,138.84
XLK,2026-02-27T17:19:00Z,138.815
XLK,2026-02-27T17:20:00Z,138.8
XLK,2026-02-27T17:21:00Z,138.75
XLK,2026-02-27T17:22:00Z,138.535
XLK,2026-02-27T17:23:00Z,138.655
XLK,2026-02-27T17:24:00Z,138.745
XLK,2026-02-27T17:25:00Z,138.765
XLK,2026-02-27T17:26:00Z,138.905
XLK,2026-02-27T17:27:00Z,138.88
XLK,2026-02-27T17:28:00Z,138.925
XLK,2026-02-27T17:29:00Z,138.87
XLK,2026-02-27T17:30:00Z,138.965
XLK,2026-02-27T17:31:00Z,138.915
XLK,2026-02-27T17:32:00Z,138.98
XLK,2026-02-27T17:33:00Z,138.96
XLK,2026-02-27T17:34:00Z,139.11
XLK,2026-02-27T17:35:00Z,139.075
XLK,2026-02-27T17:36:00Z,139.095
XLK,2026-02-27T17:37:00Z,139.025
XLK,2026-02-27T17:38:00Z,139.02
XLK,2026-02-27T17:39:00Z,139.04
XLK,2026-02-27T17:40:00Z,138.885
XLK,2026-02-27T17:41:00Z,138.81
XLK,2026-02-27T17:42:00Z,138.71
XLK,2026-02-27T17:43:00Z,138.8
XLK,2026-02-27T17:44:00Z,138.81
XLK,2026-02-27T17:45:00Z,138.76
XLK,2026-02-27T17:46:00Z,138.75
XLK,2026-02-27T17:47:00Z,138.75
XLK,2026-02-27T17:48:00Z,138.745
XLK,2026-02-27T17:49:00Z,138.755
XLK,2026-02-27T17:50:00Z,138.745
XLK,2026-02-27T17:51:00Z,138.725
XLK,2026-02-27T17:52:00Z,138.715
XLK,2026-02-27T17:53:00Z,138.83
XLK,2026-02-27T17:54:00Z,138.83
XLK,2026-02-27T17:55:00Z,138.88
XLK,2026-02-27T17:56:00Z,138.875
XLK,2026-02-27T17:57:00Z,138.89
XLK,2026-02-27T17:58:00Z,138.87
XLK,2026-02-27T17:59:00Z,138.89
XLK,2026-02-27T18:00:00Z,138.93
XLK,2026-02-27T18:01:00Z,138.765
XLK,2026-02-27T18:02:00Z,138.805
XLK,2026-02-27T18:03:00Z,138.775
XLK,2026-02-27T18:04:00Z,138.75
XLK,2026-02-27T18:05:00Z,138.685
XLK,2026-02-27T18:06:00Z,138.77
XLK,2026-02-27T18:07:00Z,138.81
XLK,2026-02-27T18:08:00Z,138.73
XLK,2026-02-27T18:09:00Z,138.73
XLK,2026-02-27T18:10:00Z,138.66
XLK,2026-02-27T18:11:00Z,138.735
XLK,2026-02-27T18:12:00Z,138.62
XLK,2026-02-27T18:13:00Z,138.63
XLK,2026-02-27T18:14:00Z,138.61
XLK,2026-02-27T18:15:00Z,138.555
XLK,2026-02-27T18:16:00Z,138.565
XLK,2026-02-27T18:17:00Z,138.58
XLK,2026-02-27T18:18:00Z,138.53
XLK,2026-02-27T18:19:00Z,138.445
XLK,2026-02-27T18:20:00Z,138.435
XLK,2026-02-27T18:21:00Z,138.33
XLK,2026-02-27T18:22:00Z,138.445
XLK,2026-02-27T18:23:00Z,138.425
XLK,2026-02-27T18:24:00Z,138.42
XLK,2026-02-27T18:25:00Z,138.38
XLK,2026-02-27T18:26:00Z,138.36
XLK,2026-02-27T18:27:00Z,138.355
XLK,2026-02-27T18:28:00Z,138.465
XLK,2026-02-27T18:29:00Z,138.505
XLK,2026-02-27T18:30:00Z,138.485
XLK,2026-02-27T18:31:00Z,138.53
XLK,2026-02-27T18:32:00Z,138.45
XLK,2026-02-27T18:33:00Z,138.45
XLK,2026-02-27T18:34:00Z,138.495
XLK,2026-02-27T18:35:00Z,138.49
XLK,2026-02-27T18:36:00Z,138.5
XLK,2026-02-27T18:37:00Z,138.365
XLK,2026-02-27T18:38:00Z,138.38
XLK,2026-02-27T18:39:00Z,138.435
XLK,2026-02-27T18:40:00Z,138.51
XLK,2026-02-27T18:41:00Z,138.54
XLK,2026-02-27T18:42:00Z,138.54
XLK,2026-02-27T18:43:00Z,138.43
XLK,2026-02-27T18:44:00Z,138.44
XLK,2026-02-27T18:45:00Z,138.43
XLK,2026-02-27T18:46:00Z,138.405
XLK,2026-02-27T18:47:00Z,138.465
XLK,2026-02-27T18:48:00Z,138.345
XLK,2026-02-27T18:49:00Z,138.34
XLK,2026-02-27T18:50:00Z,138.26
XLK,2026-02-27T18:51:00Z,138.315
XLK,2026-02-27T18:52:00Z,138.375
XLK,2026-02-27T18:53:00Z,138.375
XLK,2026-02-27T18:54:00Z,138.31
XLK,2026-02-27T18:55:00Z,138.325
XLK,2026-02-27T18:56:00Z,138.245
XLK,2026-02-27T18:57:00Z,138.285
XLK,2026-02-27T18:58:00Z,138.355
XLK,2026-02-27T18:59:00Z,138.355
XLK,2026-02-27T19:00:00Z,138.38
XLK,2026-02-27T19:01:00Z,138.43
XLK,2026-02-27T19:02:00Z,138.49
XLK,2026-02-27T19:03:00Z,138.54
XLK,2026-02-27T19:04:00Z,138.555
XLK,2026-02-27T19:05:00Z,138.525
XLK,2026-02-27T19:06:00Z,138.625
XLK,2026-02-27T19:07:00Z,138.51
XLK,2026-02-27T19:08:00Z,138.43
XLK,2026-02-27T19:09:00Z,138.325
XLK,2026-02-27T19:10:00Z,138.36
XLK,2026-02-27T19:11:00Z,138.28
XLK,2026-02-27T19:12:00Z,138.29
XLK,2026-02-27T19:13:00Z,138.34
XLK,2026-02-27T19:14:00Z,138.32
XLK,2026-02-27T19:15:00Z,138.315
XLK,2026-02-27T19:16:00Z,138.31
BA,2026-03-06T18:46:00Z,227.55
BA,2026-03-06T18:47:00Z,227.53
BA,2026-03-06T18:48:00Z,227.455
BA,2026-03-06T18:49:00Z,227.75
BA,2026-03-06T18:50:00Z,227.585
BA,2026-03-06T18:51:00Z,227.75
BA,2026-03-06T18:52:00Z,227.65
BA,2026-03-06T18:53:00Z,228.44
BA,2026-03-06T18:54:00Z,228.0
BA,2026-03-06T18:55:00Z,228.56
BA,2026-03-06T18:56:00Z,228.81
BA,2026-03-06T18:57:00Z,228.705
BA,2026-03-06T18:58:00Z,228.325
BA,2026-03-06T18:59:00Z,228.5
BA,2026-03-06T19:00:00Z,228.505
BA,2026-03-06T19:01:00Z,228.695
BA,2026-03-06T19:03:00Z,229.22
BA,2026-03-06T19:04:00Z,229.28
BA,2026-03-06T19:05:00Z,229.57
BA,2026-03-06T19:06:00Z,229.75
BA,2026-03-06T19:07:00Z,230.29
BA,2026-03-06T19:08:00Z,230.01
BA,2026-03-06T19:09:00Z,229.555
BA,2026-03-06T19:10:00Z,229.31
BA,2026-03-06T19:11:00Z,229.67
BA,2026-03-06T19:12:00Z,230.0
BA,2026-03-06T19:13:00Z,229.88
BA,2026-03-06T19:14:00Z,230.27
BA,2026-03-06T19:15:00Z,230.505
BA,2026-03-06T19:16:00Z,230.2
BA,2026-03-06T19:17:00Z,230.53
BA,2026-03-06T19:18:00Z,230.505
BA,2026-03-06T19:19:00Z,230.79
BA,2026-03-06T19:20:00Z,230.64
BA,2026-03-06T19:21:00Z,230.86
BA,2026-03-06T19:22:00Z,230.75
BA,2026-03-06T19:23:00Z,230.49
BA,2026-03-06T19:24:00Z,230.29
BA,2026-03-06T19:25:00Z,230.51
BA,2026-03-06T19:26:00Z,230.06
BA,2026-03-06T19:27:00Z,230.35
BA,2026-03-06T19:28:00Z,230.38
BA,2026-03-06T19:29:00Z,230.51
BA,2026-03-06T19:30:00Z,230.41
BA,2026-03-06T19:31:00Z,230.19
BA,2026-03-06T19:32:00Z,229.94
BA,2026-03-06T19:33:00Z,229.845
BA,2026-03-06T19:34:00Z,229.77
BA,2026-03-06T19:35:00Z,230.06
BA,2026-03-06T19:36:00Z,230.025
BA,2026-03-06T19:37:00Z,230.01
BA,2026-03-06T19:38:00Z,229.59
BA,2026-03-06T19:39:00Z,229.9
BA,2026-03-06T19:40:00Z,230.09
BA,2026-03-06T19:41:00Z,230.39
BA,2026-03-06T19:42:00Z,230.5
BA,2026-03-06T19:43:00Z,230.41
BA,2026-03-06T19:45:00Z,230.4
BA,2026-03-06T19:46:00Z,230.395
BA,2026-03-06T19:47:00Z,230.48
BA,2026-03-06T19:48:00Z,230.655
BA,2026-03-06T19:50:00Z,230.525
BA,2026-03-06T19:51:00Z,230.325
BA,2026-03-06T19:52:00Z,230.525
BA,2026-03-06T19:53:00Z,230.7
BA,2026-03-06T19:54:00Z,230.68
BA,2026-03-06T19:55:00Z,230.69
BA,2026-03-06T19:56:00Z,230.61
BA,2026-03-06T19:57:00Z,230.36
BA,2026-03-06T19:58:00Z,230.41
BA,2026-03-06T19:59:00Z,230.41
BA,2026-03-06T20:00:00Z,230.61
BA,2026-03-06T20:01:00Z,230.32
BA,2026-03-06T20:02:00Z,230.47
BA,2026-03-06T20:03:00Z,230.685
BA,2026-03-06T20:04:00Z,230.63
BA,2026-03-06T20:05:00Z,230.58
BA,2026-03-06T20:06:00Z,230.62
BA,2026-03-06T20:07:00Z,230.61
BA,2026-03-06T20:08:00Z,230.71
BA,2026-03-06T20:09:00Z,230.415
BA,2026-03-06T20:10:00Z,230.46
BA,2026-03-06T20:11:00Z,230.34
BA,2026-03-06T20:12:00Z,230.46
BA,2026-03-06T20:13:00Z,230.625
BA,2026-03-06T20:14:00Z,230.74
BA,2026-03-06T20:15:00Z,230.96
BA,2026-03-06T20:16:00Z,231.7
BA,2026-03-06T20:17:00Z,231.4
BA,2026-03-06T20:18:00Z,231.085
BA,2026-03-06T20:19:00Z,231.13
BA,2026-03-06T20:20:00Z,231.13
BA,2026-03-06T20:21:00Z,230.69
BA,2026-03-06T20:22:00Z,230.94
BA,2026-03-06T20:23:00Z,230.79
BA,2026-03-06T20:24:00Z,230.545
BA,2026-03-06T20:25:00Z,230.365
BA,2026-03-06T20:26:00Z,230.41
BA,2026-03-06T20:27:00Z,230.435
BA,2026-03-06T20:28:00Z,230.5
BA,2026-03-06T20:29:00Z,230.53
BA,2026-03-06T20:30:00Z,230.77
BA,2026-03-06T20:31:00Z,230.73
BA,2026-03-06T20:32:00Z,230.39
BA,2026-03-06T20:33:00Z,230.45
BA,2026-03-06T20:34:00Z,230.22
BA,2026-03-06T20:35:00Z,230.15
BA,2026-03-06T20:36:00Z,230.13
BA,2026-03-06T20:37:00Z,230.055
BA,2026-03-06T20:38:00Z,229.95
BA,2026-03-06T20:39:00Z,230.115
BA,2026-03-06T20:40:00Z,230.6
BA,2026-03-06T20:41:00Z,230.6
BA,2026-03-06T20:42:00Z,230.725
BA,2026-03-06T20:43:00Z,230.67
BA,2026-03-06T20:44:00Z,230.42
BA,2026-03-06T20:45:00Z,230.44
BA,2026-03-06T20:46:00Z,230.38
BA,2026-03-06T20:47:00Z,230.67
BA,2026-03-06T20:48:00Z,230.8
BA,2026-03-06T20:49:00Z,230.65
BA,2026-03-06T20:50:00Z,230.685
BA,2026-03-06T20:51:00Z,230.96
BA,2026-03-06T20:52:00Z,230.825
BA,2026-03-06T20:53:00Z,230.795
BA,2026-03-06T20:54:00Z,230.94
BA,2026-03-06T20:55:00Z,230.55
BA,2026-03-06T20:56:00Z,230.52
BA,2026-03-06T20:57:00Z,230.96
BA,2026-03-06T20:58:00Z,231.19
BA,2026-03-06T20:59:00Z,231.06
ITA,2026-03-06T18:49:00Z,241.75
ITA,2026-03-06T18:52:00Z,241.59
ITA,2026-03-06T18:54:00Z,241.75
ITA,2026-03-06T18:56:00Z,241.86
ITA,2026-03-06T18:59:00Z,242.025
ITA,2026-03-06T19:00:00Z,241.995
ITA,2026-03-06T19:10:00Z,241.89
ITA,2026-03-06T19:18:00Z,242.09
ITA,2026-03-06T19:22:00Z,241.95
ITA,2026-03-06T19:30:00Z,242.38
ITA,2026-03-06T19:36:00Z,242.18
ITA,2026-03-06T19:44:00Z,242.09
ITA,2026-03-06T19:48:00Z,241.83
ITA,2026-03-06T19:51:00Z,241.94
ITA,2026-03-06T19:53:00Z,242.11
ITA,2026-03-06T19:58:00Z,241.93
ITA,2026-03-06T19:59:00Z,242.01
ITA,2026-03-06T20:08:00Z,242.29
ITA,2026-03-06T20:21:00Z,241.32
ITA,2026-03-06T20:29:00Z,241.03
ITA,2026-03-06T20:30:00Z,241.24
ITA,2026-03-06T20:35:00Z,240.675
ITA,2026-03-06T20:40:00Z,241.22
ITA,2026-03-06T20:41:00Z,241.3
ITA,2026-03-06T20:43:00Z,241.56
ITA,2026-03-06T20:45:00Z,241.315
ITA,2026-03-06T20:46:00Z,241.77
ITA,2026-03-06T20:47:00Z,241.82
ITA,2026-03-06T20:48:00Z,241.77
ITA,2026-03-06T20:49:00Z,241.64
ITA,2026-03-06T20:50:00Z,241.09
ITA,2026-03-06T20:52:00Z,241.37
ITA,2026-03-06T20:55:00Z,241.405
ITA,2026-03-06T20:56:00Z,241.49
ITA,2026-03-06T20:57:00Z,241.885
ITA,2026-03-06T20:58:00Z,242.06
ITA,2026-03-06T20:59:00Z,241.975
RTX,2026-03-06T18:46:00Z,208.53
RTX,2026-03-06T18:47:00Z,208.75
RTX,2026-03-06T18:48:00Z,208.55
RTX,2026-03-06T18:50:00Z,208.53
RTX,2026-03-06T18:51:00Z,208.44
RTX,2026-03-06T18:52:00Z,208.48
RTX,2026-03-06T18:53:00Z,208.44
RTX,2026-03-06T18:54:00Z,208.725
RTX,2026-03-06T18:55:00Z,209.04
RTX,2026-03-06T18:56:00Z,208.96
RTX,2026-03-06T18:57:00Z,208.88
RTX,2026-03-06T18:58:00Z,208.91
RTX,2026-03-06T18:59:00Z,209.07
RTX,2026-03-06T19:00:00Z,208.86
RTX,2026-03-06T19:03:00Z,208.74
RTX,2026-03-06T19:04:00Z,208.82
RTX,2026-03-06T19:05:00Z,208.59
RTX,2026-03-06T19:06:00Z,208.65
RTX,2026-03-06T19:07:00Z,208.8
RTX,2026-03-06T19:08:00Z,208.81
RTX,2026-03-06T19:09:00Z,208.8
RTX,2026-03-06T19:10:00Z,208.95
RTX,2026-03-06T19:11:00Z,208.82
RTX,2026-03-06T19:12:00Z,209.12
RTX,2026-03-06T19:13:00Z,209.16
RTX,2026-03-06T19:14:00Z,209.15
RTX,2026-03-06T19:15:00Z,209.29
RTX,2026-03-06T19:16:00Z,209.28
RTX,2026-03-06T19:17:00Z,209.3
RTX,2026-03-06T19:18:00Z,209.24
RTX,2026-03-06T19:19:00Z,209.225
RTX,2026-03-06T19:21:00Z,209.19
RTX,2026-03-06T19:22:00Z,209.1
RTX,2026-03-06T19:23:00Z,209.105
RTX,2026-03-06T19:25:00Z,209.11
RTX,2026-03-06T19:27:00Z,209.41
RTX,2026-03-06T19:29:00Z,209.545
RTX,2026-03-06T19:30:00Z,209.645
RTX,2026-03-06T19:32:00Z,209.29
RTX,2026-03-06T19:33:00Z,209.43
RTX,2026-03-06T19:34:00Z,209.47
RTX,2026-03-06T19:37:00Z,209.55
RTX,2026-03-06T19:38:00Z,209.44
RTX,2026-03-06T19:39:00Z,209.46
RTX,2026-03-06T19:40:00Z,209.395
RTX,2026-03-06T19:41:00Z,209.545
RTX,2026-03-06T19:42:00Z,209.6
RTX,2026-03-06T19:43:00Z,209.6
RTX,2026-03-06T19:45:00Z,209.37
RTX,2026-03-06T19:46:00Z,209.29
RTX,2026-03-06T19:47:00Z,209.38
RTX,2026-03-06T19:48:00Z,209.48
RTX,2026-03-06T19:51:00Z,209.415
RTX,2026-03-06T19:52:00Z,209.36
RTX,2026-03-06T19:53:00Z,209.43
RTX,2026-03-06T19:54:00Z,209.49
RTX,2026-03-06T19:55:00Z,209.35
RTX,2026-03-06T19:56:00Z,209.36
RTX,2026-03-06T19:57:00Z,209.15
RTX,2026-03-06T19:59:00Z,209.36
RTX,2026-03-06T20:00:00Z,209.55
RTX,2026-03-06T20:03:00Z,209.44
RTX,2026-03-06T20:04:00Z,209.41
RTX,2026-03-06T20:05:00Z,209.27
RTX,2026-03-06T20:07:00Z,209.25
RTX,2026-03-06T20:08:00Z,209.28
RTX,2026-03-06T20:09:00Z,209.3
RTX,2026-03-06T20:10:00Z,209.2
RTX,2026-03-06T20:11:00Z,209.01
RTX,2026-03-06T20:12:00Z,209.09
RTX,2026-03-06T20:13:00Z,209.05
RTX,2026-03-06T20:14:00Z,208.85
RTX,2026-03-06T20:15:00Z,208.89
RTX,2026-03-06T20:16:00Z,209.085
RTX,2026-03-06T20:17:00Z,208.87
RTX,2026-03-06T20:18:00Z,208.92
RTX,2026-03-06T20:19:00Z,208.8
RTX,2026-03-06T20:20:00Z,208.835
RTX,2026-03-06T20:21:00Z,208.75
RTX,2026-03-06T20:22:00Z,209.05
RTX,2026-03-06T20:23:00Z,208.99
RTX,2026-03-06T20:24:00Z,209.13
RTX,2026-03-06T20:25:00Z,209.07
RTX,2026-03-06T20:26:00Z,209.07
RTX,2026-03-06T20:27:00Z,209.05
RTX,2026-03-06T20:28:00Z,209.095
RTX,2026-03-06T20:30:00Z,209.21
RTX,2026-03-06T20:31:00Z,208.95
RTX,2026-03-06T20:32:00Z,209.05
RTX,2026-03-06T20:33:00Z,209.05
RTX,2026-03-06T20:34:00Z,208.9
RTX,2026-03-06T20:35:00Z,208.77
RTX,2026-03-06T20:36:00Z,208.71
RTX,2026-03-06T20:37:00Z,208.7
RTX,2026-03-06T20:39:00Z,208.71
RTX,2026-03-06T20:40:00Z,208.935
RTX,2026-03-06T20:42:00Z,209.215
RTX,2026-03-06T20:43:00Z,209.15
RTX,2026-03-06T20:44:00Z,209.01
RTX,2026-03-06T20:45:00Z,208.835
RTX,2026-03-06T20:46:00Z,209.34
RTX,2026-03-06T20:47:00Z,209.69
RTX,2026-03-06T20:48:00Z,209.48
RTX,2026-03-06T20:49:00Z,209.515
RTX,2026-03-06T20:50:00Z,208.75
RTX,2026-03-06T20:51:00Z,209.02
RTX,2026-03-06T20:52:00Z,209.08
RTX,2026-03-06T20:53:00Z,209.105
RTX,2026-03-06T20:54:00Z,209.2
RTX,2026-03-06T20:55:00Z,208.98
RTX,2026-03-06T20:56:00Z,209.16
RTX,2026-03-06T20:57:00Z,209.46
RTX,2026-03-06T20:58:00Z,209.63
RTX,2026-03-06T20:59:00Z,209.835
LMT,2026-03-06T18:46:00Z,669.38
LMT,2026-03-06T18:51:00Z,668.455
LMT,2026-03-06T18:52:00Z,667.99
LMT,2026-03-06T18:54:00Z,668.5
LMT,2026-03-06T18:55:00Z,668.84
LMT,2026-03-06T19:01:00Z,669.0
LMT,2026-03-06T19:02:00Z,668.73
LMT,2026-03-06T19:05:00Z,667.62
LMT,2026-03-06T19:06:00Z,668.12
LMT,2026-03-06T19:14:00Z,670.11
LMT,2026-03-06T19:15:00Z,670.38
LMT,2026-03-06T19:17:00Z,670.62
LMT,2026-03-06T19:25:00Z,670.53
LMT,2026-03-06T19:26:00Z,671.46
LMT,2026-03-06T19:27:00Z,671.55
LMT,2026-03-06T19:29:00Z,671.46
LMT,2026-03-06T19:36:00Z,670.905
LMT,2026-03-06T19:39:00Z,670.7
LMT,2026-03-06T19:43:00Z,671.83
LMT,2026-03-06T19:44:00Z,671.49
LMT,2026-03-06T19:46:00Z,671.4
LMT,2026-03-06T19:47:00Z,671.145
LMT,2026-03-06T19:49:00Z,671.27
LMT,2026-03-06T19:50:00Z,671.15
LMT,2026-03-06T19:56:00Z,671.4
LMT,2026-03-06T19:58:00Z,671.17
LMT,2026-03-06T20:04:00Z,672.215
LMT,2026-03-06T20:07:00Z,671.77
LMT,2026-03-06T20:08:00Z,672.35
LMT,2026-03-06T20:10:00Z,671.67
LMT,2026-03-06T20:11:00Z,671.55
LMT,2026-03-06T20:13:00Z,671.25
LMT,2026-03-06T20:14:00Z,671.495
LMT,2026-03-06T20:17:00Z,671.0
LMT,2026-03-06T20:21:00Z,669.49
LMT,2026-03-06T20:23:00Z,669.87
LMT,2026-03-06T20:24:00Z,670.12
LMT,2026-03-06T20:29:00Z,669.65
LMT,2026-03-06T20:30:00Z,670.19
LMT,2026-03-06T20:35:00Z,668.315
LMT,2026-03-06T20:36:00Z,667.79
LMT,2026-03-06T20:37:00Z,668.15
LMT,2026-03-06T20:38:00Z,667.725
LMT,2026-03-06T20:39:00Z,668.28
LMT,2026-03-06T20:40:00Z,668.255
LMT,2026-03-06T20:41:00Z,668.32
LMT,2026-03-06T20:42:00Z,668.485
LMT,2026-03-06T20:44:00Z,668.36
LMT,2026-03-06T20:45:00Z,668.445
LMT,2026-03-06T20:46:00Z,672.74
LMT,2026-03-06T20:47:00Z,672.51
LMT,2026-03-06T20:48:00Z,670.95
LMT,2026-03-06T20:49:00Z,672.05
LMT,2026-03-06T20:50:00Z,670.78
LMT,2026-03-06T20:51:00Z,670.045
LMT,2026-03-06T20:52:00Z,669.62
LMT,2026-03-06T20:53:00Z,671.275
LMT,2026-03-06T20:54:00Z,670.94
LMT,2026-03-06T20:55:00Z,670.715
LMT,2026-03-06T20:56:00Z,670.59
LMT,2026-03-06T20:57:00Z,672.03
LMT,2026-03-06T20:58:00Z,672.21
LMT,2026-03-06T20:59:00Z,671.81
NOC,2026-03-06T18:46:00Z,751.23
NOC,2026-03-06T18:47:00Z,751.0
NOC,2026-03-06T18:48:00Z,750.8
NOC,2026-03-06T18:53:00Z,750.76
NOC,2026-03-06T18:57:00Z,752.03
NOC,2026-03-06T18:59:00Z,752.4
NOC,2026-03-06T19:03:00Z,751.96
NOC,2026-03-06T19:06:00Z,752.23
NOC,2026-03-06T19:07:00Z,753.075
NOC,2026-03-06T19:10:00Z,753.0
NOC,2026-03-06T19:11:00Z,753.115
NOC,2026-03-06T19:12:00Z,753.41
NOC,2026-03-06T19:13:00Z,753.73
NOC,2026-03-06T19:17:00Z,754.38
NOC,2026-03-06T19:19:00Z,754.44
NOC,2026-03-06T19:22:00Z,754.21
NOC,2026-03-06T19:26:00Z,755.11
NOC,2026-03-06T19:27:00Z,755.79
NOC,2026-03-06T19:30:00Z,756.43
NOC,2026-03-06T19:31:00Z,757.15
NOC,2026-03-06T19:36:00Z,757.48
NOC,2026-03-06T19:37:00Z,757.04
NOC,2026-03-06T19:39:00Z,756.96
NOC,2026-03-06T19:41:00Z,757.26
NOC,2026-03-06T19:42:00Z,757.25
NOC,2026-03-06T19:43:00Z,757.24
NOC,2026-03-06T19:54:00Z,757.14
NOC,2026-03-06T19:58:00Z,757.41
NOC,2026-03-06T20:04:00Z,758.375
NOC,2026-03-06T20:06:00Z,758.16
NOC,2026-03-06T20:11:00Z,757.07
NOC,2026-03-06T20:14:00Z,756.75
NOC,2026-03-06T20:26:00Z,756.26
NOC,2026-03-06T20:30:00Z,756.79
NOC,2026-03-06T20:33:00Z,755.635
NOC,2026-03-06T20:36:00Z,754.08
NOC,2026-03-06T20:37:00Z,754.49
NOC,2026-03-06T20:40:00Z,754.81
NOC,2026-03-06T20:42:00Z,755.325
NOC,2026-03-06T20:45:00Z,755.02
NOC,2026-03-06T20:46:00Z,756.01
NOC,2026-03-06T20:47:00Z,757.77
NOC,2026-03-06T20:48:00Z,757.68
NOC,2026-03-06T20:50:00Z,755.26
NOC,2026-03-06T20:51:00Z,755.47
NOC,2026-03-06T20:52:00Z,756.7
NOC,2026-03-06T20:53:00Z,756.83
NOC,2026-03-06T20:54:00Z,756.95
NOC,2026-03-06T20:55:00Z,756.59
NOC,2026-03-06T20:56:00Z,756.87
NOC,2026-03-06T20:57:00Z,756.45
NOC,2026-03-06T20:58:00Z,758.1
NOC,2026-03-06T20:59:00Z,756.33
INTC,2026-03-18T12:44:00Z,44.01
INTC,2026-03-18T13:02:00Z,43.76
INTC,2026-03-18T13:30:00Z,44.62
INTC,2026-03-18T13:31:00Z,44.22
INTC,2026-03-18T13:32:00Z,44.22
INTC,2026-03-18T13:33:00Z,44.215
INTC,2026-03-18T13:34:00Z,44.205
INTC,2026-03-18T13:35:00Z,44.305
INTC,2026-03-18T13:36:00Z,44.355
INTC,2026-03-18T13:37:00Z,44.325
INTC,2026-03-18T13:38:00Z,44.43
INTC,2026-03-18T13:39:00Z,44.46
INTC,2026-03-18T13:40:00Z,44.73
INTC,2026-03-18T13:41:00Z,44.63
INTC,2026-03-18T13:42:00Z,44.7
INTC,2026-03-18T13:43:00Z,44.52
INTC,2026-03-18T13:44:00Z,44.625
INTC,2026-03-18T13:45:00Z,44.605
INTC,2026-03-18T13:46:00Z,44.79
INTC,2026-03-18T13:47:00Z,44.735
INTC,2026-03-18T13:48:00Z,44.65
INTC,2026-03-18T13:49:00Z,44.77
INTC,2026-03-18T13:50:00Z,44.715
INTC,2026-03-18T13:51:00Z,44.445
INTC,2026-03-18T13:52:00Z,44.605
INTC,2026-03-18T13:53:00Z,44.6
INTC,2026-03-18T13:54:00Z,44.61
INTC,2026-03-18T13:55:00Z,44.56
INTC,2026-03-18T13:56:00Z,44.52
INTC,2026-03-18T13:57:00Z,44.58
INTC,2026-03-18T13:58:00Z,44.61
INTC,2026-03-18T13:59:00Z,44.63
INTC,2026-03-18T14:00:00Z,44.61
INTC,2026-03-18T14:01:00Z,44.56
INTC,2026-03-18T14:02:00Z,44.46
INTC,2026-03-18T14:03:00Z,44.48
INTC,2026-03-18T14:04:00Z,44.425
INTC,2026-03-18T14:05:00Z,44.395
SOXX,2026-03-18T12:05:00Z,343.29
SOXX,2026-03-18T12:14:00Z,342.57
SOXX,2026-03-18T12:23:00Z,341.52
SOXX,2026-03-18T12:25:00Z,341.54
SOXX,2026-03-18T12:26:00Z,341.55
SOXX,2026-03-18T12:42:00Z,339.79
SOXX,2026-03-18T12:48:00Z,338.9
SOXX,2026-03-18T12:54:00Z,338.88
SOXX,2026-03-18T12:57:00Z,338.86
SOXX,2026-03-18T13:01:00Z,338.38
SOXX,2026-03-18T13:02:00Z,338.82
SOXX,2026-03-18T13:12:00Z,338.81
SOXX,2026-03-18T13:27:00Z,339.66
SOXX,2026-03-18T13:30:00Z,341.925
SOXX,2026-03-18T13:31:00Z,340.79
SOXX,2026-03-18T13:32:00Z,341.13
SOXX,2026-03-18T13:33:00Z,340.53
SOXX,2026-03-18T13:34:00Z,339.955
SOXX,2026-03-18T13:35:00Z,340.375
SOXX,2026-03-18T13:36:00Z,340.93
SOXX,2026-03-18T13:37:00Z,340.93
SOXX,2026-03-18T13:38:00Z,340.9
SOXX,2026-03-18T13:39:00Z,340.9
SOXX,2026-03-18T13:40:00Z,340.72
SOXX,2026-03-18T13:41:00Z,340.96
SOXX,2026-03-18T13:42:00Z,341.015
SOXX,2026-03-18T13:43:00Z,339.99
SOXX,2026-03-18T13:44:00Z,340.36
SOXX,2026-03-18T13:45:00Z,340.82
SOXX,2026-03-18T13:46:00Z,341.48
SOXX,2026-03-18T13:47:00Z,341.9
SOXX,2026-03-18T13:48:00Z,341.385
SOXX,2026-03-18T13:49:00Z,342.0
SOXX,2026-03-18T13:50:00Z,341.6
SOXX,2026-03-18T13:51:00Z,341.32
SOXX,2026-03-18T13:52:00Z,341.76
SOXX,2026-03-18T13:53:00Z,341.82
SOXX,2026-03-18T13:54:00Z,341.64
SOXX,2026-03-18T13:55:00Z,341.565
SOXX,2026-03-18T13:56:00Z,341.46
SOXX,2026-03-18T13:57:00Z,341.81
SOXX,2026-03-18T13:58:00Z,341.815
SOXX,2026-03-18T13:59:00Z,342.19
SOXX,2026-03-18T14:00:00Z,341.66
SOXX,2026-03-18T14:01:00Z,341.8
SOXX,2026-03-18T14:02:00Z,341.34
SOXX,2026-03-18T14:03:00Z,341.54
SOXX,2026-03-18T14:04:00Z,341.83
SOXX,2026-03-18T14:05:00Z,341.61
JPM,2026-03-19T18:55:00Z,286.67
JPM,2026-03-19T18:56:00Z,286.96
JPM,2026-03-19T18:57:00Z,287.08
JPM,2026-03-19T18:58:00Z,287.62
JPM,2026-03-19T18:59:00Z,287.58
JPM,2026-03-19T19:00:00Z,287.68
JPM,2026-03-19T19:01:00Z,288.15
JPM,2026-03-19T19:02:00Z,288.54
JPM,2026-03-19T19:03:00Z,288.2
JPM,2026-03-19T19:04:00Z,288.19
JPM,2026-03-19T19:05:00Z,288.685
JPM,2026-03-19T19:06:00Z,289.15
JPM,2026-03-19T19:07:00Z,288.595
JPM,2026-03-19T19:08:00Z,289.03
JPM,2026-03-19T19:09:00Z,288.68
JPM,2026-03-19T19:10:00Z,288.8
JPM,2026-03-19T19:11:00Z,288.98
JPM,2026-03-19T19:12:00Z,288.65
JPM,2026-03-19T19:13:00Z,288.2
JPM,2026-03-19T19:14:00Z,288.77
JPM,2026-03-19T19:15:00Z,288.945
JPM,2026-03-19T19:16:00Z,288.88
JPM,2026-03-19T19:17:00Z,288.78
JPM,2026-03-19T19:18:00Z,288.82
JPM,2026-03-19T19:19:00Z,288.81
JPM,2026-03-19T19:20:00Z,288.43
JPM,2026-03-19T19:21:00Z,288.3
JPM,2026-03-19T19:22:00Z,288.37
JPM,2026-03-19T19:23:00Z,288.09
JPM,2026-03-19T19:24:00Z,288.17
JPM,2026-03-19T19:25:00Z,287.87
JPM,2026-03-19T19:26:00Z,287.88
JPM,2026-03-19T19:27:00Z,287.82
JPM,2026-03-19T19:28:00Z,287.575
JPM,2026-03-19T19:29:00Z,287.73
JPM,2026-03-19T19:30:00Z,287.625
JPM,2026-03-19T19:31:00Z,287.79
JPM,2026-03-19T19:32:00Z,287.64
JPM,2026-03-19T19:33:00Z,287.78
JPM,2026-03-19T19:34:00Z,287.74
JPM,2026-03-19T19:35:00Z,287.4
JPM,2026-03-19T19:36:00Z,287.81
JPM,2026-03-19T19:37:00Z,288.16
JPM,2026-03-19T19:38:00Z,287.99
JPM,2026-03-19T19:39:00Z,288.14
JPM,2026-03-19T19:40:00Z,288.3
JPM,2026-03-19T19:41:00Z,288.12
JPM,2026-03-19T19:42:00Z,288.07
JPM,2026-03-19T19:43:00Z,288.34
JPM,2026-03-19T19:44:00Z,288.31
JPM,2026-03-19T19:45:00Z,288.175
JPM,2026-03-19T19:46:00Z,288.305
JPM,2026-03-19T19:47:00Z,288.63
JPM,2026-03-19T19:48:00Z,288.625
JPM,2026-03-19T19:49:00Z,288.515
JPM,2026-03-19T19:50:00Z,288.14
JPM,2026-03-19T19:51:00Z,288.33
JPM,2026-03-19T19:52:00Z,288.295
JPM,2026-03-19T19:53:00Z,288.14
JPM,2026-03-19T19:54:00Z,288.13
JPM,2026-03-19T19:55:00Z,288.0
JPM,2026-03-19T19:56:00Z,287.88
JPM,2026-03-19T19:57:00Z,288.14
JPM,2026-03-19T19:58:00Z,287.89
JPM,2026-03-19T19:59:00Z,288.0
JPM,2026-03-20T13:30:00Z,288.13
JPM,2026-03-20T13:31:00Z,288.1
JPM,2026-03-20T13:32:00Z,287.91
JPM,2026-03-20T13:33:00Z,287.825
JPM,2026-03-20T13:34:00Z,287.42
JPM,2026-03-20T13:35:00Z,286.81
JPM,2026-03-20T13:36:00Z,286.745
JPM,2026-03-20T13:37:00Z,286.84
JPM,2026-03-20T13:38:00Z,286.485
JPM,2026-03-20T13:39:00Z,287.22
JPM,2026-03-20T13:40:00Z,287.49
JPM,2026-03-20T13:41:00Z,287.18
JPM,2026-03-20T13:42:00Z,287.38
JPM,2026-03-20T13:43:00Z,287.46
JPM,2026-03-20T13:44:00Z,287.4
JPM,2026-03-20T13:45:00Z,287.815
JPM,2026-03-20T13:46:00Z,287.58
JPM,2026-03-20T13:47:00Z,287.92
JPM,2026-03-20T13:48:00Z,287.67
JPM,2026-03-20T13:49:00Z,287.92
JPM,2026-03-20T13:50:00Z,287.33
JPM,2026-03-20T13:51:00Z,287.16
JPM,2026-03-20T13:52:00Z,287.15
JPM,2026-03-20T13:53:00Z,287.53
JPM,2026-03-20T13:54:00Z,287.66
JPM,2026-03-20T13:55:00Z,287.47
JPM,2026-03-20T13:56:00Z,287.53
JPM,2026-03-20T13:57:00Z,288.005
JPM,2026-03-20T13:58:00Z,287.565
JPM,2026-03-20T13:59:00Z,287.65
JPM,2026-03-20T14:00:00Z,287.81
JPM,2026-03-20T14:01:00Z,287.92
JPM,2026-03-20T14:02:00Z,288.51
JPM,2026-03-20T14:03:00Z,288.39
JPM,2026-03-20T14:04:00Z,287.98
JPM,2026-03-20T14:05:00Z,288.13
XLF,2026-03-19T18:55:00Z,48.745
XLF,2026-03-19T18:56:00Z,48.795
XLF,2026-03-19T18:57:00Z,48.815
XLF,2026-03-19T18:58:00Z,48.88
XLF,2026-03-19T18:59:00Z,48.87
XLF,2026-03-19T19:00:00Z,48.865
XLF,2026-03-19T19:01:00Z,48.96
XLF,2026-03-19T19:02:00Z,49.035
XLF,2026-03-19T19:03:00Z,48.98
XLF,2026-03-19T19:04:00Z,48.99
XLF,2026-03-19T19:05:00Z,49.065
XLF,2026-03-19T19:06:00Z,49.17
XLF,2026-03-19T19:07:00Z,49.075
XLF,2026-03-19T19:08:00Z,49.15
XLF,2026-03-19T19:09:00Z,49.095
XLF,2026-03-19T19:10:00Z,49.11
XLF,2026-03-19T19:11:00Z,49.15
XLF,2026-03-19T19:12:00Z,49.09
XLF,2026-03-19T19:13:00Z,49.03
XLF,2026-03-19T19:14:00Z,49.115
XLF,2026-03-19T19:15:00Z,49.11
XLF,2026-03-19T19:16:00Z,49.08
XLF,2026-03-19T19:17:00Z,49.12
XLF,2026-03-19T19:18:00Z,49.11
XLF,2026-03-19T19:19:00Z,49.12
XLF,2026-03-19T19:20:00Z,49.04
XLF,2026-03-19T19:21:00Z,49.05
XLF,2026-03-19T19:22:00Z,49.06
XLF,2026-03-19T19:23:00Z,49.025
XLF,2026-03-19T19:24:00Z,49.02
XLF,2026-03-19T19:25:00Z,48.97
XLF,2026-03-19T19:26:00Z,48.98
XLF,2026-03-19T19:27:00Z,48.97
XLF,2026-03-19T19:28:00Z,48.95
XLF,2026-03-19T19:29:00Z,48.97
XLF,2026-03-19T19:30:00Z,48.97
XLF,2026-03-19T19:31:00Z,48.98
XLF,2026-03-19T19:32:00Z,48.97
XLF,2026-03-19T19:33:00Z,48.985
XLF,2026-03-19T19:34:00Z,48.98
XLF,2026-03-19T19:35:00Z,48.92
XLF,2026-03-19T19:36:00Z,48.97
XLF,2026-03-19T19:37:00Z,49.015
XLF,2026-03-19T19:38:00Z,48.99
XLF,2026-03-19T19:39:00Z,49.025
XLF,2026-03-19T19:40:00Z,49.025
XLF,2026-03-19T19:41:00Z,49.03
XLF,2026-03-19T19:42:00Z,49.02
XLF,2026-03-19T19:43:00Z,49.03
XLF,2026-03-19T19:44:00Z,49.045
XLF,2026-03-19T19:45:00Z,49.01
XLF,2026-03-19T19:46:00Z,49.025
XLF,2026-03-19T19:47:00Z,49.07
XLF,2026-03-19T19:48:00Z,49.06
XLF,2026-03-19T19:49:00Z,49.045
XLF,2026-03-19T19:50:00Z,48.995
XLF,2026-03-19T19:51:00Z,49.02
XLF,2026-03-19T19:52:00Z,49.015
XLF,2026-03-19T19:53:00Z,49.005
XLF,2026-03-19T19:54:00Z,48.995
XLF,2026-03-19T19:55:00Z,48.985
XLF,2026-03-19T19:56:00Z,48.97
XLF,2026-03-19T19:57:00Z,49.005
XLF,2026-03-19T19:58:00Z,48.99
XLF,2026-03-19T19:59:00Z,48.98
XLF,2026-03-20T13:30:00Z,49.09
XLF,2026-03-20T13:31:00Z,49.015
XLF,2026-03-20T13:32:00Z,49.0
XLF,2026-03-20T13:33:00Z,48.92
XLF,2026-03-20T13:34:00Z,48.92
XLF,2026-03-20T13:35:00Z,48.88
XLF,2026-03-20T13:36:00Z,48.91
XLF,2026-03-20T13:37:00Z,48.88
XLF,2026-03-20T13:38:00Z,48.88
XLF,2026-03-20T13:39:00Z,48.94
XLF,2026-03-20T13:40:00Z,48.96
XLF,2026-03-20T13:41:00Z,48.96
XLF,2026-03-20T13:42:00Z,48.95
XLF,2026-03-20T13:43:00Z,48.97
XLF,2026-03-20T13:44:00Z,49.065
XLF,2026-03-20T13:45:00Z,49.125
XLF,2026-03-20T13:46:00Z,49.07
XLF,2026-03-20T13:47:00Z,49.08
XLF,2026-03-20T13:48:00Z,49.04
XLF,2026-03-20T13:49:00Z,49.05
XLF,2026-03-20T13:50:00Z,48.97
XLF,2026-03-20T13:51:00Z,48.925
XLF,2026-03-20T13:52:00Z,48.95
XLF,2026-03-20T13:53:00Z,48.97
XLF,2026-03-20T13:54:00Z,48.99
XLF,2026-03-20T13:55:00Z,49.035
XLF,2026-03-20T13:56:00Z,48.99
XLF,2026-03-20T13:57:00Z,49.01
XLF,2026-03-20T13:58:00Z,48.96
XLF,2026-03-20T13:59:00Z,48.97
XLF,2026-03-20T14:00:00Z,48.97
XLF,2026-03-20T14:01:00Z,48.97
XLF,2026-03-20T14:02:00Z,49.04
XLF,2026-03-20T14:03:00Z,49.01
XLF,2026-03-20T14:04:00Z,49.03
XLF,2026-03-20T14:05:00Z,49.03
AMZN,2026-04-10T13:30:00Z,236.62
AMZN,2026-04-10T13:31:00Z,236.91
AMZN,2026-04-10T13:32:00Z,237.16
AMZN,2026-04-10T13:33:00Z,236.95
AMZN,2026-04-10T13:34:00Z,237.51
AMZN,2026-04-10T13:35:00Z,237.55
AMZN,2026-04-10T13:36:00Z,237.8
AMZN,2026-04-10T13:37:00Z,238.1
AMZN,2026-04-10T13:38:00Z,238.205
AMZN,2026-04-10T13:39:00Z,238.305
AMZN,2026-04-10T13:40:00Z,238.51
AMZN,2026-04-10T13:41:00Z,238.69
AMZN,2026-04-10T13:42:00Z,238.415
AMZN,2026-04-10T13:43:00Z,238.07
AMZN,2026-04-10T13:44:00Z,238.63
AMZN,2026-04-10T13:45:00Z,237.79
AMZN,2026-04-10T13:46:00Z,237.48
AMZN,2026-04-10T13:47:00Z,238.075
AMZN,2026-04-10T13:48:00Z,237.32
AMZN,2026-04-10T13:49:00Z,237.14
AMZN,2026-04-10T13:50:00Z,237.265
AMZN,2026-04-10T13:51:00Z,237.54
AMZN,2026-04-10T13:52:00Z,237.615
AMZN,2026-04-10T13:53:00Z,237.93
AMZN,2026-04-10T13:54:00Z,238.2
AMZN,2026-04-10T13:55:00Z,237.92
AMZN,2026-04-10T13:56:00Z,237.675
AMZN,2026-04-10T13:57:00Z,238.05
AMZN,2026-04-10T13:58:00Z,238.34
AMZN,2026-04-10T13:59:00Z,238.19
AMZN,2026-04-10T14:00:00Z,237.995
AMZN,2026-04-10T14:01:00Z,237.08
AMZN,2026-04-10T14:02:00Z,236.97
AMZN,2026-04-10T14:03:00Z,236.88
AMZN,2026-04-10T14:04:00Z,237.31
AMZN,2026-04-10T14:05:00Z,237.66
XLY,2026-04-10T13:30:00Z,113.125
XLY,2026-04-10T13:31:00Z,113.32
XLY,2026-04-10T13:32:00Z,113.18
XLY,2026-04-10T13:33:00Z,112.94
XLY,2026-04-10T13:34:00Z,113.06
XLY,2026-04-10T13:35:00Z,112.985
XLY,2026-04-10T13:36:00Z,112.97
XLY,2026-04-10T13:37:00Z,112.965
XLY,2026-04-10T13:38:00Z,113.055
XLY,2026-04-10T13:39:00Z,113.13
XLY,2026-04-10T13:40:00Z,113.27
XLY,2026-04-10T13:41:00Z,113.295
XLY,2026-04-10T13:42:00Z,113.26
XLY,2026-04-10T13:43:00Z,113.08
XLY,2026-04-10T13:44:00Z,113.115
XLY,2026-04-10T13:45:00Z,112.895
XLY,2026-04-10T13:46:00Z,112.835
XLY,2026-04-10T13:47:00Z,112.93
XLY,2026-04-10T13:48:00Z,112.885
XLY,2026-04-10T13:49:00Z,112.83
XLY,2026-04-10T13:50:00Z,112.715
XLY,2026-04-10T13:51:00Z,112.84
XLY,2026-04-10T13:52:00Z,112.9
XLY,2026-04-10T13:53:00Z,112.865
XLY,2026-04-10T13:54:00Z,112.94
XLY,2026-04-10T13:55:00Z,112.9
XLY,2026-04-10T13:56:00Z,112.985
XLY,2026-04-10T13:57:00Z,112.985
XLY,2026-04-10T13:58:00Z,113.025
XLY,2026-04-10T13:59:00Z,113.035
XLY,2026-04-10T14:00:00Z,112.975
XLY,2026-04-10T14:01:00Z,112.795
XLY,2026-04-10T14:02:00Z,112.835
XLY,2026-04-10T14:03:00Z,112.845
XLY,2026-04-10T14:04:00Z,112.915
XLY,2026-04-10T14:05:00Z,112.925
AAPL,2026-04-17T17:22:00Z,270.57
AAPL,2026-04-17T17:23:00Z,270.74
AAPL,2026-04-17T17:24:00Z,270.345
AAPL,2026-04-17T17:25:00Z,270.45
AAPL,2026-04-17T17:26:00Z,270.53
AAPL,2026-04-17T17:27:00Z,270.69
AAPL,2026-04-17T17:28:00Z,270.5
AAPL,2026-04-17T17:29:00Z,270.58
AAPL,2026-04-17T17:30:00Z,270.64
AAPL,2026-04-17T17:31:00Z,270.48
AAPL,2026-04-17T17:32:00Z,270.48
AAPL,2026-04-17T17:33:00Z,270.49
AAPL,2026-04-17T17:34:00Z,270.55
AAPL,2026-04-17T17:35:00Z,270.52
AAPL,2026-04-17T17:36:00Z,270.46
AAPL,2026-04-17T17:37:00Z,270.65
AAPL,2026-04-17T17:38:00Z,270.61
AAPL,2026-04-17T17:39:00Z,270.55
AAPL,2026-04-17T17:40:00Z,270.44
AAPL,2026-04-17T17:41:00Z,270.57
AAPL,2026-04-17T17:42:00Z,270.59
AAPL,2026-04-17T17:43:00Z,270.46
AAPL,2026-04-17T17:44:00Z,270.49
AAPL,2026-04-17T17:45:00Z,270.46
AAPL,2026-04-17T17:46:00Z,270.6
AAPL,2026-04-17T17:47:00Z,270.56
AAPL,2026-04-17T17:48:00Z,270.44
AAPL,2026-04-17T17:49:00Z,270.32
AAPL,2026-04-17T17:50:00Z,270.26
AAPL,2026-04-17T17:51:00Z,270.25
AAPL,2026-04-17T17:52:00Z,270.24
AAPL,2026-04-17T17:53:00Z,270.25
AAPL,2026-04-17T17:54:00Z,270.26
AAPL,2026-04-17T17:55:00Z,270.265
AAPL,2026-04-17T17:56:00Z,270.355
AAPL,2026-04-17T17:57:00Z,270.27
AAPL,2026-04-17T17:58:00Z,270.34
AAPL,2026-04-17T17:59:00Z,270.27
AAPL,2026-04-17T18:00:00Z,270.23
AAPL,2026-04-17T18:01:00Z,270.37
AAPL,2026-04-17T18:02:00Z,270.38
AAPL,2026-04-17T18:03:00Z,270.32
AAPL,2026-04-17T18:04:00Z,270.315
AAPL,2026-04-17T18:05:00Z,270.37
AAPL,2026-04-17T18:06:00Z,270.36
AAPL,2026-04-17T18:07:00Z,270.37
AAPL,2026-04-17T18:08:00Z,270.27
AAPL,2026-04-17T18:09:00Z,270.2
AAPL,2026-04-17T18:10:00Z,269.99
AAPL,2026-04-17T18:11:00Z,269.99
AAPL,2026-04-17T18:12:00Z,270.115
AAPL,2026-04-17T18:13:00Z,269.97
AAPL,2026-04-17T18:14:00Z,270.02
AAPL,2026-04-17T18:15:00Z,270.13
AAPL,2026-04-17T18:16:00Z,270.15
AAPL,2026-04-17T18:17:00Z,270.18
AAPL,2026-04-17T18:18:00Z,270.2
AAPL,2026-04-17T18:19:00Z,270.14
AAPL,2026-04-17T18:20:00Z,270.1
AAPL,2026-04-17T18:21:00Z,270.01
AAPL,2026-04-17T18:22:00Z,270.015
AAPL,2026-04-17T18:23:00Z,270.09
AAPL,2026-04-17T18:24:00Z,270.29
AAPL,2026-04-17T18:25:00Z,270.51
AAPL,2026-04-17T18:26:00Z,270.455
AAPL,2026-04-17T18:27:00Z,270.37
AAPL,2026-04-17T18:28:00Z,270.27
AAPL,2026-04-17T18:29:00Z,270.205
AAPL,2026-04-17T18:30:00Z,270.32
AAPL,2026-04-17T18:31:00Z,270.39
AAPL,2026-04-17T18:32:00Z,270.41
AAPL,2026-04-17T18:33:00Z,270.505
AAPL,2026-04-17T18:34:00Z,270.53
AAPL,2026-04-17T18:35:00Z,270.56
AAPL,2026-04-17T18:36:00Z,270.73
AAPL,2026-04-17T18:37:00Z,270.76
AAPL,2026-04-17T18:38:00Z,270.785
AAPL,2026-04-17T18:39:00Z,270.75
AAPL,2026-04-17T18:40:00Z,270.77
AAPL,2026-04-17T18:41:00Z,270.71
AAPL,2026-04-17T18:42:00Z,270.53
AAPL,2026-04-17T18:43:00Z,270.51
AAPL,2026-04-17T18:44:00Z,270.615
AAPL,2026-04-17T18:45:00Z,270.52
AAPL,2026-04-17T18:46:00Z,270.475
AAPL,2026-04-17T18:47:00Z,270.39
AAPL,2026-04-17T18:48:00Z,270.345
AAPL,2026-04-17T18:49:00Z,270.37
AAPL,2026-04-17T18:50:00Z,270.235
AAPL,2026-04-17T18:51:00Z,270.2
AAPL,2026-04-17T18:52:00Z,269.99
AAPL,2026-04-17T18:53:00Z,270.02
AAPL,2026-04-17T18:54:00Z,269.93
AAPL,2026-04-17T18:55:00Z,270.16
AAPL,2026-04-17T18:56:00Z,270.11
AAPL,2026-04-17T18:57:00Z,270.145
AAPL,2026-04-17T18:58:00Z,270.195
AAPL,2026-04-17T18:59:00Z,270.12
AAPL,2026-04-17T19:00:00Z,270.04
AAPL,2026-04-17T19:01:00Z,270.04
AAPL,2026-04-17T19:02:00Z,270.06
AAPL,2026-04-17T19:03:00Z,270.07
AAPL,2026-04-17T19:04:00Z,270.08
AAPL,2026-04-17T19:05:00Z,269.94
AAPL,2026-04-17T19:06:00Z,269.87
AAPL,2026-04-17T19:07:00Z,269.87
AAPL,2026-04-17T19:08:00Z,269.87
AAPL,2026-04-17T19:09:00Z,269.87
AAPL,2026-04-17T19:10:00Z,269.71
AAPL,2026-04-17T19:11:00Z,269.715
AAPL,2026-04-17T19:12:00Z,269.64
AAPL,2026-04-17T19:13:00Z,269.67
AAPL,2026-04-17T19:14:00Z,269.625
AAPL,2026-04-17T19:15:00Z,269.69
AAPL,2026-04-17T19:16:00Z,269.75
AAPL,2026-04-17T19:17:00Z,269.66
AAPL,2026-04-17T19:18:00Z,269.62
AAPL,2026-04-17T19:19:00Z,269.65
AAPL,2026-04-17T19:20:00Z,269.61
AAPL,2026-04-17T19:21:00Z,269.725
AAPL,2026-04-17T19:22:00Z,269.69
AAPL,2026-04-17T19:23:00Z,269.73
AAPL,2026-04-17T19:24:00Z,269.725
AAPL,2026-04-17T19:25:00Z,269.69
AAPL,2026-04-17T19:26:00Z,269.71
AAPL,2026-04-17T19:27:00Z,269.675
AAPL,2026-04-17T19:28:00Z,269.63
AAPL,2026-04-17T19:29:00Z,269.7
AAPL,2026-04-17T19:30:00Z,269.74
AAPL,2026-04-17T19:31:00Z,269.84
AAPL,2026-04-17T19:32:00Z,270.04
AAPL,2026-04-17T19:33:00Z,270.14
AAPL,2026-04-17T19:34:00Z,270.24
AAPL,2026-04-17T19:35:00Z,270.17
AAPL,2026-04-17T19:36:00Z,270.13
AAPL,2026-04-17T19:37:00Z,270.14
AAPL,2026-04-17T19:38:00Z,270.25
AAPL,2026-04-17T19:39:00Z,270.25
AAPL,2026-04-17T19:40:00Z,270.27
AAPL,2026-04-17T19:41:00Z,270.28
AAPL,2026-04-17T19:42:00Z,270.32
AAPL,2026-04-17T19:43:00Z,270.35
AAPL,2026-04-17T19:44:00Z,270.48
AAPL,2026-04-17T19:45:00Z,270.4
AAPL,2026-04-17T19:46:00Z,270.46
AAPL,2026-04-17T19:47:00Z,270.365
AAPL,2026-04-17T19:48:00Z,270.33
AAPL,2026-04-17T19:49:00Z,270.355
AAPL,2026-04-17T19:50:00Z,270.13
AAPL,2026-04-17T19:51:00Z,269.97
AAPL,2026-04-17T19:52:00Z,269.775
AAPL,2026-04-17T19:53:00Z,269.955
AAPL,2026-04-17T19:54:00Z,270.095
AAPL,2026-04-17T19:55:00Z,270.11
AAPL,2026-04-17T19:56:00Z,270.195
XLK,2026-04-17T17:22:00Z,154.03
XLK,2026-04-17T17:23:00Z,154.22
XLK,2026-04-17T17:24:00Z,153.8
XLK,2026-04-17T17:25:00Z,153.82
XLK,2026-04-17T17:26:00Z,153.815
XLK,2026-04-17T17:27:00Z,153.95
XLK,2026-04-17T17:28:00Z,153.81
XLK,2026-04-17T17:29:00Z,153.91
XLK,2026-04-17T17:30:00Z,154.02
XLK,2026-04-17T17:31:00Z,153.96
XLK,2026-04-17T17:33:00Z,153.89
XLK,2026-04-17T17:34:00Z,153.975
XLK,2026-04-17T17:35:00Z,153.835
XLK,2026-04-17T17:36:00Z,153.86
XLK,2026-04-17T17:37:00Z,154.04
XLK,2026-04-17T17:38:00Z,154.03
XLK,2026-04-17T17:39:00Z,153.98
XLK,2026-04-17T17:40:00Z,154.03
XLK,2026-04-17T17:41:00Z,154.06
XLK,2026-04-17T17:42:00Z,154.05
XLK,2026-04-17T17:44:00Z,154.005
XLK,2026-04-17T17:45:00Z,154.18
XLK,2026-04-17T17:46:00Z,154.28
XLK,2026-04-17T17:47:00Z,154.28
XLK,2026-04-17T17:48:00Z,154.26
XLK,2026-04-17T17:50:00Z,154.245
XLK,2026-04-17T17:51:00Z,154.2
XLK,2026-04-17T17:53:00Z,154.21
XLK,2026-04-17T17:57:00Z,154.18
XLK,2026-04-17T17:58:00Z,154.16
XLK,2026-04-17T17:59:00Z,154.105
XLK,2026-04-17T18:00:00Z,154.16
XLK,2026-04-17T18:01:00Z,154.16
XLK,2026-04-17T18:02:00Z,154.18
XLK,2026-04-17T18:03:00Z,154.135
XLK,2026-04-17T18:06:00Z,154.055
XLK,2026-04-17T18:07:00Z,154.01
XLK,2026-04-17T18:08:00Z,153.94
XLK,2026-04-17T18:09:00Z,153.925
XLK,2026-04-17T18:10:00Z,153.97
XLK,2026-04-17T18:13:00Z,153.89
XLK,2026-04-17T18:14:00Z,153.915
XLK,2026-04-17T18:15:00Z,153.955
XLK,2026-04-17T18:16:00Z,153.95
XLK,2026-04-17T18:20:00Z,153.97
XLK,2026-04-17T18:21:00Z,153.81
XLK,2026-04-17T18:22:00Z,153.82
XLK,2026-04-17T18:23:00Z,153.84
XLK,2026-04-17T18:25:00Z,154.04
XLK,2026-04-17T18:26:00Z,154.11
XLK,2026-04-17T18:27:00Z,154.035
XLK,2026-04-17T18:29:00Z,153.915
XLK,2026-04-17T18:30:00Z,153.955
XLK,2026-04-17T18:31:00Z,153.985
XLK,2026-04-17T18:32:00Z,154.015
XLK,2026-04-17T18:33:00Z,154.03
XLK,2026-04-17T18:34:00Z,154.055
XLK,2026-04-17T18:35:00Z,154.055
XLK,2026-04-17T18:36:00Z,154.075
XLK,2026-04-17T18:38:00Z,154.105
XLK,2026-04-17T18:39:00Z,154.055
XLK,2026-04-17T18:40:00Z,154.09
XLK,2026-04-17T18:41:00Z,154.035
XLK,2026-04-17T18:42:00Z,153.93
XLK,2026-04-17T18:43:00Z,153.97
XLK,2026-04-17T18:45:00Z,154.04
XLK,2026-04-17T18:46:00Z,154.045
XLK,2026-04-17T18:47:00Z,154.04
XLK,2026-04-17T18:49:00Z,154.005
XLK,2026-04-17T18:50:00Z,153.99
XLK,2026-04-17T18:52:00Z,153.885
XLK,2026-04-17T18:53:00Z,153.86
XLK,2026-04-17T18:54:00Z,153.895
XLK,2026-04-17T18:55:00Z,153.95
XLK,2026-04-17T18:56:00Z,153.975
XLK,2026-04-17T18:57:00Z,153.995
XLK,2026-04-17T18:58:00Z,153.955
XLK,2026-04-17T18:59:00Z,154.0
XLK,2026-04-17T19:00:00Z,153.995
XLK,2026-04-17T19:01:00Z,153.985
XLK,2026-04-17T19:02:00Z,153.98
XLK,2026-04-17T19:03:00Z,153.945
XLK,2026-04-17T19:05:00Z,153.875
XLK,2026-04-17T19:06:00Z,153.85
XLK,2026-04-17T19:07:00Z,153.92
XLK,2026-04-17T19:08:00Z,153.905
XLK,2026-04-17T19:09:00Z,153.875
XLK,2026-04-17T19:10:00Z,153.815
XLK,2026-04-17T19:11:00Z,153.815
XLK,2026-04-17T19:12:00Z,153.805
XLK,2026-04-17T19:13:00Z,153.8
XLK,2026-04-17T19:14:00Z,153.84
XLK,2026-04-17T19:16:00Z,153.925
XLK,2026-04-17T19:17:00Z,153.92
XLK,2026-04-17T19:19:00Z,153.92
XLK,2026-04-17T19:20:00Z,153.94
XLK,2026-04-17T19:21:00Z,153.975
XLK,2026-04-17T19:22:00Z,153.94
XLK,2026-04-17T19:23:00Z,153.96
XLK,2026-04-17T19:24:00Z,153.95
XLK,2026-04-17T19:25:00Z,154.03
XLK,2026-04-17T19:26:00Z,154.02
XLK,2026-04-17T19:27:00Z,153.985
XLK,2026-04-17T19:28:00Z,153.92
XLK,2026-04-17T19:29:00Z,153.96
XLK,2026-04-17T19:30:00Z,153.975
XLK,2026-04-17T19:31:00Z,154.015
XLK,2026-04-17T19:32:00Z,154.005
XLK,2026-04-17T19:34:00Z,154.085
XLK,2026-04-17T19:35:00Z,154.045
XLK,2026-04-17T19:36:00Z,154.0
XLK,2026-04-17T19:37:00Z,154.04
XLK,2026-04-17T19:38:00Z,154.105
XLK,2026-04-17T19:39:00Z,154.135
XLK,2026-04-17T19:40:00Z,154.13
XLK,2026-04-17T19:41:00Z,154.075
XLK,2026-04-17T19:43:00Z,154.16
XLK,2026-04-17T19:44:00Z,154.15
XLK,2026-04-17T19:45:00Z,154.09
XLK,2026-04-17T19:46:00Z,154.135
XLK,2026-04-17T19:47:00Z,154.08
XLK,2026-04-17T19:48:00Z,154.125
XLK,2026-04-17T19:49:00Z,154.11
XLK,2026-04-17T19:50:00Z,154.14
XLK,2026-04-17T19:51:00Z,154.18
XLK,2026-04-17T19:52:00Z,154.13
XLK,2026-04-17T19:53:00Z,154.19
XLK,2026-04-17T19:54:00Z,154.25
XLK,2026-04-17T19:55:00Z,154.29
XLK,2026-04-17T19:56:00Z,154.28
XLY,2026-04-17T17:22:00Z,121.19
XLY,2026-04-17T17:23:00Z,121.22
XLY,2026-04-17T17:24:00Z,120.99
XLY,2026-04-17T17:25:00Z,121.055
XLY,2026-04-17T17:27:00Z,121.055
XLY,2026-04-17T17:28:00Z,120.97
XLY,2026-04-17T17:30:00Z,121.055
XLY,2026-04-17T17:31:00Z,121.01
XLY,2026-04-17T17:34:00Z,121.005
XLY,2026-04-17T17:35:00Z,120.955
XLY,2026-04-17T17:36:00Z,120.91
XLY,2026-04-17T17:37:00Z,120.955
XLY,2026-04-17T17:38:00Z,121.05
XLY,2026-04-17T17:39:00Z,121.02
XLY,2026-04-17T17:40:00Z,121.04
XLY,2026-04-17T17:41:00Z,121.005
XLY,2026-04-17T17:42:00Z,121.01
XLY,2026-04-17T17:43:00Z,120.97
XLY,2026-04-17T17:44:00Z,120.93
XLY,2026-04-17T17:45:00Z,121.01
XLY,2026-04-17T17:46:00Z,121.115
XLY,2026-04-17T17:47:00Z,121.13
XLY,2026-04-17T17:49:00Z,121.1
XLY,2026-04-17T17:50:00Z,121.1
XLY,2026-04-17T17:51:00Z,121.08
XLY,2026-04-17T17:52:00Z,121.115
XLY,2026-04-17T17:53:00Z,121.12
XLY,2026-04-17T17:54:00Z,121.125
XLY,2026-04-17T17:55:00Z,121.105
XLY,2026-04-17T17:58:00Z,121.075
XLY,2026-04-17T18:01:00Z,121.095
XLY,2026-04-17T18:02:00Z,121.015
XLY,2026-04-17T18:03:00Z,120.985
XLY,2026-04-17T18:04:00Z,120.955
XLY,2026-04-17T18:05:00Z,120.92
XLY,2026-04-17T18:06:00Z,120.885
XLY,2026-04-17T18:07:00Z,120.855
XLY,2026-04-17T18:08:00Z,120.795
XLY,2026-04-17T18:09:00Z,120.78
XLY,2026-04-17T18:10:00Z,120.83
XLY,2026-04-17T18:11:00Z,120.765
XLY,2026-04-17T18:12:00Z,120.745
XLY,2026-04-17T18:13:00Z,120.64
XLY,2026-04-17T18:14:00Z,120.615
XLY,2026-04-17T18:15:00Z,120.695
XLY,2026-04-17T18:16:00Z,120.695
XLY,2026-04-17T18:17:00Z,120.69
XLY,2026-04-17T18:18:00Z,120.7
XLY,2026-04-17T18:20:00Z,120.605
XLY,2026-04-17T18:21:00Z,120.605
XLY,2026-04-17T18:22:00Z,120.555
XLY,2026-04-17T18:23:00Z,120.57
XLY,2026-04-17T18:24:00Z,120.64
XLY,2026-04-17T18:25:00Z,120.78
XLY,2026-04-17T18:26:00Z,120.75
XLY,2026-04-17T18:27:00Z,120.76
XLY,2026-04-17T18:28:00Z,120.7
XLY,2026-04-17T18:29:00Z,120.68
XLY,2026-04-17T18:30:00Z,120.7
XLY,2026-04-17T18:31:00Z,120.68
XLY,2026-04-17T18:32:00Z,120.7
XLY,2026-04-17T18:33:00Z,120.74
XLY,2026-04-17T18:34:00Z,120.71
XLY,2026-04-17T18:35:00Z,120.7
XLY,2026-04-17T18:36:00Z,120.745
XLY,2026-04-17T18:37:00Z,120.74
XLY,2026-04-17T18:38:00Z,120.72
XLY,2026-04-17T18:40:00Z,120.73
XLY,2026-04-17T18:41:00Z,120.69
XLY,2026-04-17T18:42:00Z,120.68
XLY,2026-04-17T18:43:00Z,120.69
XLY,2026-04-17T18:44:00Z,120.71
XLY,2026-04-17T18:47:00Z,120.71
XLY,2026-04-17T18:49:00Z,120.67
XLY,2026-04-17T18:50:00Z,120.65
XLY,2026-04-17T18:51:00Z,120.67
XLY,2026-04-17T18:52:00Z,120.595
XLY,2026-04-17T18:53:00Z,120.595
XLY,2026-04-17T18:54:00Z,120.585
XLY,2026-04-17T18:55:00Z,120.625
XLY,2026-04-17T18:56:00Z,120.6
XLY,2026-04-17T18:57:00Z,120.57
XLY,2026-04-17T18:58:00Z,120.55
XLY,2026-04-17T19:00:00Z,120.56
XLY,2026-04-17T19:01:00Z,120.6
XLY,2026-04-17T19:02:00Z,120.58
XLY,2026-04-17T19:03:00Z,120.57
XLY,2026-04-17T19:04:00Z,120.56
XLY,2026-04-17T19:05:00Z,120.52
XLY,2026-04-17T19:06:00Z,120.505
XLY,2026-04-17T19:07:00Z,120.53
XLY,2026-04-17T19:08:00Z,120.5
XLY,2026-04-17T19:09:00Z,120.52
XLY,2026-04-17T19:10:00Z,120.49
XLY,2026-04-17T19:11:00Z,120.48
XLY,2026-04-17T19:12:00Z,120.47
XLY,2026-04-17T19:13:00Z,120.42
XLY,2026-04-17T19:14:00Z,120.45
XLY,2026-04-17T19:15:00Z,120.5
XLY,2026-04-17T19:16:00Z,120.51
XLY,2026-04-17T19:21:00Z,120.5
XLY,2026-04-17T19:22:00Z,120.44
XLY,2026-04-17T19:23:00Z,120.43
XLY,2026-04-17T19:24:00Z,120.4
XLY,2026-04-17T19:25:00Z,120.465
XLY,2026-04-17T19:26:00Z,120.45
XLY,2026-04-17T19:27:00Z,120.42
XLY,2026-04-17T19:28:00Z,120.42
XLY,2026-04-17T19:29:00Z,120.43
XLY,2026-04-17T19:30:00Z,120.44
XLY,2026-04-17T19:31:00Z,120.49
XLY,2026-04-17T19:32:00Z,120.555
XLY,2026-04-17T19:33:00Z,120.64
XLY,2026-04-17T19:34:00Z,120.595
XLY,2026-04-17T19:35:00Z,120.6
XLY,2026-04-17T19:36:00Z,120.57
XLY,2026-04-17T19:37:00Z,120.61
XLY,2026-04-17T19:38:00Z,120.665
XLY,2026-04-17T19:39:00Z,120.7
XLY,2026-04-17T19:40:00Z,120.695
XLY,2026-04-17T19:41:00Z,120.67
XLY,2026-04-17T19:42:00Z,120.705
XLY,2026-04-17T19:43:00Z,120.675
XLY,2026-04-17T19:44:00Z,120.64
XLY,2026-04-17T19:45:00Z,120.575
XLY,2026-04-17T19:46:00Z,120.595
XLY,2026-04-17T19:47:00Z,120.475
XLY,2026-04-17T19:48:00Z,120.47
XLY,2026-04-17T19:49:00Z,120.49
XLY,2026-04-17T19:50:00Z,120.475
XLY,2026-04-17T19:51:00Z,120.5
XLY,2026-04-17T19:52:00Z,120.45
XLY,2026-04-17T19:53:00Z,120.475
XLY,2026-04-17T19:54:00Z,120.45
XLY,2026-04-17T19:55:00Z,120.475
XLY,2026-04-17T19:56:00Z,120.41
XLY,2026-04-17T19:57:00Z,120.395
MCD,2026-04-17T17:22:00Z,311.47
MCD,2026-04-17T17:23:00Z,311.64
MCD,2026-04-17T17:24:00Z,311.51
MCD,2026-04-17T17:26:00Z,311.44
MCD,2026-04-17T17:27:00Z,311.49
MCD,2026-04-17T17:28:00Z,311.39
MCD,2026-04-17T17:30:00Z,311.42
MCD,2026-04-17T17:31:00Z,311.45
MCD,2026-04-17T17:32:00Z,311.57
MCD,2026-04-17T17:33:00Z,311.655
MCD,2026-04-17T17:35:00Z,311.58
MCD,2026-04-17T17:36:00Z,311.75
MCD,2026-04-17T17:37:00Z,311.825
MCD,2026-04-17T17:38:00Z,311.88
MCD,2026-04-17T17:39:00Z,311.755
MCD,2026-04-17T17:40:00Z,311.79
MCD,2026-04-17T17:41:00Z,311.8
MCD,2026-04-17T17:42:00Z,311.76
MCD,2026-04-17T17:43:00Z,311.46
MCD,2026-04-17T17:45:00Z,311.58
MCD,2026-04-17T17:46:00Z,311.68
MCD,2026-04-17T17:47:00Z,311.77
MCD,2026-04-17T17:48:00Z,311.575
MCD,2026-04-17T17:49:00Z,311.68
MCD,2026-04-17T17:50:00Z,311.68
MCD,2026-04-17T17:51:00Z,311.8
MCD,2026-04-17T17:54:00Z,311.93
MCD,2026-04-17T17:55:00Z,311.725
MCD,2026-04-17T17:56:00Z,312.01
MCD,2026-04-17T17:57:00Z,311.98
MCD,2026-04-17T17:58:00Z,311.98
MCD,2026-04-17T17:59:00Z,312.045
MCD,2026-04-17T18:00:00Z,311.92
MCD,2026-04-17T18:02:00Z,311.99
MCD,2026-04-17T18:03:00Z,311.9
MCD,2026-04-17T18:04:00Z,311.83
MCD,2026-04-17T18:05:00Z,311.81
MCD,2026-04-17T18:07:00Z,311.725
MCD,2026-04-17T18:08:00Z,311.73
MCD,2026-04-17T18:09:00Z,311.73
MCD,2026-04-17T18:10:00Z,311.8
MCD,2026-04-17T18:11:00Z,311.76
MCD,2026-04-17T18:12:00Z,311.68
MCD,2026-04-17T18:13:00Z,311.68
MCD,2026-04-17T18:15:00Z,311.57
MCD,2026-04-17T18:16:00Z,311.55
MCD,2026-04-17T18:17:00Z,311.56
MCD,2026-04-17T18:19:00Z,311.585
MCD,2026-04-17T18:21:00Z,311.67
MCD,2026-04-17T18:22:00Z,311.7
MCD,2026-04-17T18:25:00Z,311.77
MCD,2026-04-17T18:26:00Z,311.76
MCD,2026-04-17T18:28:00Z,311.77
MCD,2026-04-17T18:29:00Z,311.82
MCD,2026-04-17T18:30:00Z,311.76
MCD,2026-04-17T18:31:00Z,311.815
MCD,2026-04-17T18:36:00Z,311.8
MCD,2026-04-17T18:38:00Z,311.62
MCD,2026-04-17T18:42:00Z,311.7
MCD,2026-04-17T18:43:00Z,311.67
MCD,2026-04-17T18:44:00Z,311.71
MCD,2026-04-17T18:45:00Z,311.71
MCD,2026-04-17T18:46:00Z,311.59
MCD,2026-04-17T18:47:00Z,311.52
MCD,2026-04-17T18:51:00Z,311.48
MCD,2026-04-17T18:52:00Z,311.43
MCD,2026-04-17T18:53:00Z,311.57
MCD,2026-04-17T18:54:00Z,311.54
MCD,2026-04-17T18:55:00Z,311.605
MCD,2026-04-17T18:56:00Z,311.59
MCD,2026-04-17T18:57:00Z,311.585
MCD,2026-04-17T18:58:00Z,311.54
MCD,2026-04-17T18:59:00Z,311.745
MCD,2026-04-17T19:00:00Z,311.765
MCD,2026-04-17T19:01:00Z,311.84
MCD,2026-04-17T19:02:00Z,311.86
MCD,2026-04-17T19:04:00Z,311.855
MCD,2026-04-17T19:05:00Z,311.825
MCD,2026-04-17T19:06:00Z,311.91
MCD,2026-04-17T19:07:00Z,312.015
MCD,2026-04-17T19:08:00Z,312.045
MCD,2026-04-17T19:09:00Z,311.88
MCD,2026-04-17T19:10:00Z,311.865
MCD,2026-04-17T19:11:00Z,311.82
MCD,2026-04-17T19:13:00Z,311.75
MCD,2026-04-17T19:14:00Z,311.74
MCD,2026-04-17T19:16:00Z,311.66
MCD,2026-04-17T19:18:00Z,311.635
MCD,2026-04-17T19:19:00Z,311.65
MCD,2026-04-17T19:20:00Z,311.67
MCD,2026-04-17T19:21:00Z,311.705
MCD,2026-04-17T19:22:00Z,311.67
MCD,2026-04-17T19:23:00Z,311.68
MCD,2026-04-17T19:24:00Z,311.72
MCD,2026-04-17T19:25:00Z,311.675
MCD,2026-04-17T19:26:00Z,311.71
MCD,2026-04-17T19:28:00Z,311.735
MCD,2026-04-17T19:29:00Z,311.77
MCD,2026-04-17T19:30:00Z,311.64
MCD,2026-04-17T19:31:00Z,311.8
MCD,2026-04-17T19:32:00Z,311.855
MCD,2026-04-17T19:34:00Z,311.7
MCD,2026-04-17T19:35:00Z,311.67
MCD,2026-04-17T19:36:00Z,311.75
MCD,2026-04-17T19:37:00Z,311.84
MCD,2026-04-17T19:38:00Z,311.925
MCD,2026-04-17T19:39:00Z,311.95
MCD,2026-04-17T19:40:00Z,311.865
MCD,2026-04-17T19:41:00Z,311.93
MCD,2026-04-17T19:42:00Z,312.13
MCD,2026-04-17T19:44:00Z,312.31
MCD,2026-04-17T19:45:00Z,312.035
MCD,2026-04-17T19:46:00Z,311.96
MCD,2026-04-17T19:47:00Z,311.835
MCD,2026-04-17T19:48:00Z,311.775
MCD,2026-04-17T19:49:00Z,311.82
MCD,2026-04-17T19:50:00Z,311.94
MCD,2026-04-17T19:51:00Z,311.95
MCD,2026-04-17T19:52:00Z,312.085
MCD,2026-04-17T19:53:00Z,312.265
MCD,2026-04-17T19:54:00Z,312.48
MCD,2026-04-17T19:55:00Z,312.08
MCD,2026-04-17T19:56:00Z,312.01
MCD,2026-04-17T19:57:00Z,312.02
BA,2026-04-20T15:38:00Z,222.72
BA,2026-04-20T15:39:00Z,222.54
BA,2026-04-20T15:40:00Z,222.9
BA,2026-04-20T15:44:00Z,222.94
BA,2026-04-20T15:46:00Z,222.52
BA,2026-04-20T15:49:00Z,222.64
BA,2026-04-20T15:50:00Z,222.6
BA,2026-04-20T15:51:00Z,222.49
BA,2026-04-20T15:52:00Z,222.57
BA,2026-04-20T15:53:00Z,222.55
BA,2026-04-20T15:54:00Z,222.67
BA,2026-04-20T15:55:00Z,222.7
BA,2026-04-20T15:57:00Z,222.89
BA,2026-04-20T15:58:00Z,222.77
BA,2026-04-20T15:59:00Z,222.76
BA,2026-04-20T16:00:00Z,222.73
BA,2026-04-20T16:01:00Z,222.68
BA,2026-04-20T16:02:00Z,222.48
BA,2026-04-20T16:03:00Z,222.48
BA,2026-04-20T16:04:00Z,222.365
BA,2026-04-20T16:10:00Z,222.5
BA,2026-04-20T16:12:00Z,222.54
BA,2026-04-20T16:13:00Z,222.525
BA,2026-04-20T16:14:00Z,222.44
BA,2026-04-20T16:15:00Z,222.37
BA,2026-04-20T16:16:00Z,222.22
BA,2026-04-20T16:17:00Z,222.29
BA,2026-04-20T16:20:00Z,222.65
BA,2026-04-20T16:21:00Z,222.655
BA,2026-04-20T16:22:00Z,222.595
BA,2026-04-20T16:25:00Z,222.77
BA,2026-04-20T16:26:00Z,222.64
BA,2026-04-20T16:28:00Z,222.63
BA,2026-04-20T16:29:00Z,222.715
BA,2026-04-20T16:30:00Z,222.765
BA,2026-04-20T16:33:00Z,222.88
BA,2026-04-20T16:34:00Z,222.69
BA,2026-04-20T16:35:00Z,222.63
BA,2026-04-20T16:36:00Z,222.53
BA,2026-04-20T16:37:00Z,222.49
BA,2026-04-20T16:39:00Z,222.59
BA,2026-04-20T16:40:00Z,222.555
BA,2026-04-20T16:41:00Z,222.66
BA,2026-04-20T16:43:00Z,222.68
BA,2026-04-20T16:46:00Z,222.77
BA,2026-04-20T16:51:00Z,222.74
BA,2026-04-20T16:52:00Z,222.765
BA,2026-04-20T16:53:00Z,222.72
BA,2026-04-20T16:55:00Z,222.825
BA,2026-04-20T16:57:00Z,222.81
BA,2026-04-20T17:00:00Z,223.01
BA,2026-04-20T17:01:00Z,222.98
BA,2026-04-20T17:04:00Z,222.67
BA,2026-04-20T17:05:00Z,222.74
BA,2026-04-20T17:06:00Z,222.87
BA,2026-04-20T17:09:00Z,222.67
BA,2026-04-20T17:14:00Z,222.83
BA,2026-04-20T17:15:00Z,222.86
BA,2026-04-20T17:18:00Z,222.975
BA,2026-04-20T17:19:00Z,222.9
BA,2026-04-20T17:20:00Z,222.86
BA,2026-04-20T17:26:00Z,222.91
BA,2026-04-20T17:30:00Z,222.715
BA,2026-04-20T17:31:00Z,222.73
BA,2026-04-20T17:32:00Z,222.75
BA,2026-04-20T17:36:00Z,223.03
BA,2026-04-20T17:37:00Z,222.975
BA,2026-04-20T17:38:00Z,222.92
BA,2026-04-20T17:39:00Z,222.965
BA,2026-04-20T17:41:00Z,222.96
BA,2026-04-20T17:42:00Z,222.975
BA,2026-04-20T17:44:00Z,223.05
BA,2026-04-20T17:46:00Z,223.105
BA,2026-04-20T17:47:00Z,223.14
BA,2026-04-20T17:50:00Z,223.15
BA,2026-04-20T17:51:00Z,223.15
BA,2026-04-20T17:52:00Z,223.15
BA,2026-04-20T17:53:00Z,223.17
BA,2026-04-20T17:54:00Z,223.135
BA,2026-04-20T17:55:00Z,223.08
BA,2026-04-20T18:00:00Z,223.12
BA,2026-04-20T18:01:00Z,223.06
BA,2026-04-20T18:03:00Z,223.15
BA,2026-04-20T18:05:00Z,223.18
BA,2026-04-20T18:06:00Z,223.4
BA,2026-04-20T18:08:00Z,223.23
ITA,2026-04-20T15:58:00Z,231.63
ITA,2026-04-20T16:01:00Z,231.33
ITA,2026-04-20T16:56:00Z,230.96
ITA,2026-04-20T16:58:00Z,231.13
ITA,2026-04-20T17:03:00Z,231.12
ITA,2026-04-20T17:20:00Z,231.09
ITA,2026-04-20T17:40:00Z,231.0
ITA,2026-04-20T17:47:00Z,230.96
ITA,2026-04-20T17:55:00Z,230.84
AMZN,2026-04-20T15:36:00Z,246.25
AMZN,2026-04-20T15:37:00Z,246.26
AMZN,2026-04-20T15:38:00Z,246.36
AMZN,2026-04-20T15:39:00Z,246.36
AMZN,2026-04-20T15:40:00Z,246.52
AMZN,2026-04-20T15:41:00Z,246.615
AMZN,2026-04-20T15:42:00Z,246.51
AMZN,2026-04-20T15:43:00Z,246.42
AMZN,2026-04-20T15:44:00Z,246.44
AMZN,2026-04-20T15:45:00Z,246.445
AMZN,2026-04-20T15:46:00Z,246.53
AMZN,2026-04-20T15:47:00Z,246.72
AMZN,2026-04-20T15:48:00Z,246.82
AMZN,2026-04-20T15:49:00Z,246.62
AMZN,2026-04-20T15:50:00Z,246.525
AMZN,2026-04-20T15:51:00Z,246.5
AMZN,2026-04-20T15:52:00Z,246.53
AMZN,2026-04-20T15:53:00Z,246.48
AMZN,2026-04-20T15:54:00Z,246.585
AMZN,2026-04-20T15:55:00Z,246.65
AMZN,2026-04-20T15:56:00Z,246.67
AMZN,2026-04-20T15:57:00Z,246.64
AMZN,2026-04-20T15:58:00Z,246.74
AMZN,2026-04-20T15:59:00Z,246.79
AMZN,2026-04-20T16:00:00Z,246.78
AMZN,2026-04-20T16:01:00Z,246.81
AMZN,2026-04-20T16:02:00Z,246.73
AMZN,2026-04-20T16:03:00Z,246.655
AMZN,2026-04-20T16:04:00Z,246.68
AMZN,2026-04-20T16:05:00Z,246.77
AMZN,2026-04-20T16:06:00Z,246.85
AMZN,2026-04-20T16:07:00Z,246.85
AMZN,2026-04-20T16:08:00Z,246.89
AMZN,2026-04-20T16:09:00Z,246.865
AMZN,2026-04-20T16:10:00Z,246.79
AMZN,2026-04-20T16:11:00Z,246.775
AMZN,2026-04-20T16:12:00Z,246.8
AMZN,2026-04-20T16:13:00Z,246.91
AMZN,2026-04-20T16:14:00Z,246.92
AMZN,2026-04-20T16:15:00Z,246.93
AMZN,2026-04-20T16:16:00Z,246.71
AMZN,2026-04-20T16:17:00Z,246.69
AMZN,2026-04-20T16:18:00Z,246.74
AMZN,2026-04-20T16:19:00Z,246.88
AMZN,2026-04-20T16:20:00Z,246.745
AMZN,2026-04-20T16:21:00Z,246.715
AMZN,2026-04-20T16:22:00Z,246.65
AMZN,2026-04-20T16:23:00Z,246.73
AMZN,2026-04-20T16:24:00Z,246.73
AMZN,2026-04-20T16:25:00Z,246.6
AMZN,2026-04-20T16:26:00Z,246.595
AMZN,2026-04-20T16:27:00Z,246.645
AMZN,2026-04-20T16:28:00Z,246.8
AMZN,2026-04-20T16:29:00Z,246.73
AMZN,2026-04-20T16:30:00Z,246.945
AMZN,2026-04-20T16:31:00Z,246.97
AMZN,2026-04-20T16:32:00Z,247.055
AMZN,2026-04-20T16:33:00Z,247.14
AMZN,2026-04-20T16:34:00Z,247.125
AMZN,2026-04-20T16:35:00Z,247.02
AMZN,2026-04-20T16:36:00Z,246.965
AMZN,2026-04-20T16:37:00Z,246.87
AMZN,2026-04-20T16:38:00Z,246.92
AMZN,2026-04-20T16:39:00Z,246.915
AMZN,2026-04-20T16:40:00Z,246.79
AMZN,2026-04-20T16:41:00Z,247.0
AMZN,2026-04-20T16:42:00Z,247.04
AMZN,2026-04-20T16:43:00Z,247.03
AMZN,2026-04-20T16:44:00Z,247.105
AMZN,2026-04-20T16:45:00Z,247.07
AMZN,2026-04-20T16:46:00Z,247.02
AMZN,2026-04-20T16:47:00Z,247.0
AMZN,2026-04-20T16:48:00Z,246.99
AMZN,2026-04-20T16:49:00Z,246.95
AMZN,2026-04-20T16:50:00Z,246.92
AMZN,2026-04-20T16:51:00Z,247.02
AMZN,2026-04-20T16:52:00Z,247.23
AMZN,2026-04-20T16:53:00Z,247.18
AMZN,2026-04-20T16:54:00Z,247.19
AMZN,2026-04-20T16:55:00Z,247.09
AMZN,2026-04-20T16:56:00Z,247.17
AMZN,2026-04-20T16:57:00Z,247.175
AMZN,2026-04-20T16:58:00Z,247.26
AMZN,2026-04-20T16:59:00Z,247.33
AMZN,2026-04-20T17:00:00Z,247.34
AMZN,2026-04-20T17:01:00Z,247.29
AMZN,2026-04-20T17:02:00Z,247.57
AMZN,2026-04-20T17:03:00Z,247.47
AMZN,2026-04-20T17:04:00Z,247.44
AMZN,2026-04-20T17:05:00Z,247.31
AMZN,2026-04-20T17:06:00Z,247.41
AMZN,2026-04-20T17:07:00Z,247.57
AMZN,2026-04-20T17:08:00Z,247.64
AMZN,2026-04-20T17:09:00Z,247.54
AMZN,2026-04-20T17:10:00Z,247.415
AMZN,2026-04-20T17:11:00Z,247.42
AMZN,2026-04-20T17:12:00Z,247.44
AMZN,2026-04-20T17:13:00Z,247.36
AMZN,2026-04-20T17:14:00Z,247.38
AMZN,2026-04-20T17:15:00Z,247.46
AMZN,2026-04-20T17:16:00Z,247.45
AMZN,2026-04-20T17:17:00Z,247.54
AMZN,2026-04-20T17:18:00Z,247.57
AMZN,2026-04-20T17:19:00Z,247.58
AMZN,2026-04-20T17:20:00Z,247.52
AMZN,2026-04-20T17:21:00Z,247.545
AMZN,2026-04-20T17:22:00Z,247.57
AMZN,2026-04-20T17:24:00Z,247.565
AMZN,2026-04-20T17:25:00Z,247.47
AMZN,2026-04-20T17:26:00Z,247.53
AMZN,2026-04-20T17:27:00Z,247.685
AMZN,2026-04-20T17:28:00Z,247.63
AMZN,2026-04-20T17:29:00Z,247.61
AMZN,2026-04-20T17:30:00Z,247.58
AMZN,2026-04-20T17:31:00Z,247.61
AMZN,2026-04-20T17:32:00Z,247.5
AMZN,2026-04-20T17:33:00Z,247.39
AMZN,2026-04-20T17:34:00Z,247.34
AMZN,2026-04-20T17:35:00Z,247.38
AMZN,2026-04-20T17:36:00Z,247.37
AMZN,2026-04-20T17:37:00Z,247.37
AMZN,2026-04-20T17:38:00Z,247.32
AMZN,2026-04-20T17:39:00Z,247.31
AMZN,2026-04-20T17:40:00Z,247.42
AMZN,2026-04-20T17:41:00Z,247.26
AMZN,2026-04-20T17:42:00Z,247.24
AMZN,2026-04-20T17:43:00Z,247.265
AMZN,2026-04-20T17:44:00Z,247.365
AMZN,2026-04-20T17:45:00Z,247.315
AMZN,2026-04-20T17:46:00Z,247.28
AMZN,2026-04-20T17:47:00Z,247.36
AMZN,2026-04-20T17:48:00Z,247.345
AMZN,2026-04-20T17:49:00Z,247.38
AMZN,2026-04-20T17:50:00Z,247.53
AMZN,2026-04-20T17:51:00Z,247.67
AMZN,2026-04-20T17:52:00Z,247.64
AMZN,2026-04-20T17:53:00Z,247.64
AMZN,2026-04-20T17:54:00Z,247.69
AMZN,2026-04-20T17:55:00Z,247.57
AMZN,2026-04-20T17:56:00Z,247.565
AMZN,2026-04-20T17:57:00Z,247.55
AMZN,2026-04-20T17:58:00Z,247.6
AMZN,2026-04-20T17:59:00Z,247.515
AMZN,2026-04-20T18:00:00Z,247.455
AMZN,2026-04-20T18:01:00Z,247.51
AMZN,2026-04-20T18:02:00Z,247.625
AMZN,2026-04-20T18:03:00Z,247.62
AMZN,2026-04-20T18:04:00Z,247.66
AMZN,2026-04-20T18:05:00Z,247.84
AMZN,2026-04-20T18:06:00Z,247.86
AMZN,2026-04-20T18:07:00Z,247.81
AMZN,2026-04-20T18:08:00Z,247.91
AMZN,2026-04-20T18:09:00Z,247.925
AMZN,2026-04-20T18:10:00Z,247.85
XLY,2026-04-20T15:36:00Z,119.26
XLY,2026-04-20T15:37:00Z,119.29
XLY,2026-04-20T15:38:00Z,119.305
XLY,2026-04-20T15:39:00Z,119.3
XLY,2026-04-20T15:40:00Z,119.375
XLY,2026-04-20T15:41:00Z,119.39
XLY,2026-04-20T15:42:00Z,119.38
XLY,2026-04-20T15:43:00Z,119.34
XLY,2026-04-20T15:44:00Z,119.35
XLY,2026-04-20T15:45:00Z,119.3
XLY,2026-04-20T15:46:00Z,119.33
XLY,2026-04-20T15:47:00Z,119.36
XLY,2026-04-20T15:48:00Z,119.38
XLY,2026-04-20T15:49:00Z,119.34
XLY,2026-04-20T15:50:00Z,119.34
XLY,2026-04-20T15:53:00Z,119.31
XLY,2026-04-20T15:56:00Z,119.38
XLY,2026-04-20T15:57:00Z,119.34
XLY,2026-04-20T15:58:00Z,119.34
XLY,2026-04-20T15:59:00Z,119.36
XLY,2026-04-20T16:00:00Z,119.335
XLY,2026-04-20T16:01:00Z,119.32
XLY,2026-04-20T16:02:00Z,119.295
XLY,2026-04-20T16:03:00Z,119.27
XLY,2026-04-20T16:04:00Z,119.26
XLY,2026-04-20T16:06:00Z,119.33
XLY,2026-04-20T16:07:00Z,119.32
XLY,2026-04-20T16:08:00Z,119.315
XLY,2026-04-20T16:09:00Z,119.335
XLY,2026-04-20T16:10:00Z,119.345
XLY,2026-04-20T16:11:00Z,119.39
XLY,2026-04-20T16:12:00Z,119.355
XLY,2026-04-20T16:14:00Z,119.365
XLY,2026-04-20T16:15:00Z,119.38
XLY,2026-04-20T16:17:00Z,119.27
XLY,2026-04-20T16:19:00Z,119.35
XLY,2026-04-20T16:21:00Z,119.4
XLY,2026-04-20T16:23:00Z,119.35
XLY,2026-04-20T16:25:00Z,119.36
XLY,2026-04-20T16:26:00Z,119.33
XLY,2026-04-20T16:27:00Z,119.37
XLY,2026-04-20T16:29:00Z,119.38
XLY,2026-04-20T16:31:00Z,119.41
XLY,2026-04-20T16:33:00Z,119.44
XLY,2026-04-20T16:39:00Z,119.35
XLY,2026-04-20T16:40:00Z,119.3
XLY,2026-04-20T16:41:00Z,119.4
XLY,2026-04-20T16:42:00Z,119.41
XLY,2026-04-20T16:47:00Z,119.43
XLY,2026-04-20T16:50:00Z,119.36
XLY,2026-04-20T16:51:00Z,119.39
XLY,2026-04-20T16:52:00Z,119.455
XLY,2026-04-20T16:53:00Z,119.445
XLY,2026-04-20T16:54:00Z,119.445
XLY,2026-04-20T17:00:00Z,119.41
XLY,2026-04-20T17:01:00Z,119.375
XLY,2026-04-20T17:02:00Z,119.465
XLY,2026-04-20T17:03:00Z,119.395
XLY,2026-04-20T17:05:00Z,119.38
XLY,2026-04-20T17:06:00Z,119.42
XLY,2026-04-20T17:08:00Z,119.49
XLY,2026-04-20T17:09:00Z,119.455
XLY,2026-04-20T17:10:00Z,119.46
XLY,2026-04-20T17:12:00Z,119.49
XLY,2026-04-20T17:13:00Z,119.49
XLY,2026-04-20T17:15:00Z,119.495
XLY,2026-04-20T17:16:00Z,119.495
XLY,2026-04-20T17:17:00Z,119.525
XLY,2026-04-20T17:19:00Z,119.56
XLY,2026-04-20T17:20:00Z,119.5
XLY,2026-04-20T17:21:00Z,119.5
XLY,2026-04-20T17:22:00Z,119.52
XLY,2026-04-20T17:25:00Z,119.54
XLY,2026-04-20T17:26:00Z,119.525
XLY,2026-04-20T17:27:00Z,119.55
XLY,2026-04-20T17:28:00Z,119.555
XLY,2026-04-20T17:29:00Z,119.54
XLY,2026-04-20T17:30:00Z,119.515
XLY,2026-04-20T17:32:00Z,119.48
XLY,2026-04-20T17:33:00Z,119.47
XLY,2026-04-20T17:35:00Z,119.49
XLY,2026-04-20T17:37:00Z,119.52
XLY,2026-04-20T17:40:00Z,119.59
XLY,2026-04-20T17:41:00Z,119.5
XLY,2026-04-20T17:42:00Z,119.48
XLY,2026-04-20T17:47:00Z,119.49
XLY,2026-04-20T17:50:00Z,119.535
XLY,2026-04-20T17:51:00Z,119.54
XLY,2026-04-20T17:55:00Z,119.53
XLY,2026-04-20T18:00:00Z,119.48
XLY,2026-04-20T18:01:00Z,119.44
XLY,2026-04-20T18:05:00Z,119.55
XLY,2026-04-20T18:08:00Z,119.56
AMZN,2026-04-20T18:11:00Z,247.75
AMZN,2026-04-20T18:12:00Z,247.8
AMZN,2026-04-20T18:13:00Z,247.82
AMZN,2026-04-20T18:14:00Z,247.83
AMZN,2026-04-20T18:15:00Z,247.88
AMZN,2026-04-20T18:16:00Z,247.96
AMZN,2026-04-20T18:17:00Z,247.96
AMZN,2026-04-20T18:18:00Z,247.92
AMZN,2026-04-20T18:19:00Z,247.93
AMZN,2026-04-20T18:20:00Z,247.95
AMZN,2026-04-20T18:21:00Z,247.905
AMZN,2026-04-20T18:22:00Z,247.94
AMZN,2026-04-20T18:23:00Z,248.05
AMZN,2026-04-20T18:24:00Z,248.1
AMZN,2026-04-20T18:25:00Z,248.025
AMZN,2026-04-20T18:26:00Z,247.925
AMZN,2026-04-20T18:27:00Z,247.92
AMZN,2026-04-20T18:28:00Z,247.81
AMZN,2026-04-20T18:29:00Z,247.8
AMZN,2026-04-20T18:30:00Z,247.735
AMZN,2026-04-20T18:31:00Z,247.78
AMZN,2026-04-20T18:32:00Z,247.75
AMZN,2026-04-20T18:33:00Z,247.79
AMZN,2026-04-20T18:34:00Z,247.88
AMZN,2026-04-20T18:35:00Z,247.95
AMZN,2026-04-20T18:36:00Z,247.83
AMZN,2026-04-20T18:37:00Z,247.83
AMZN,2026-04-20T18:38:00Z,247.945
AMZN,2026-04-20T18:39:00Z,247.955
AMZN,2026-04-20T18:40:00Z,248.05
AMZN,2026-04-20T18:41:00Z,248.15
AMZN,2026-04-20T18:42:00Z,248.16
AMZN,2026-04-20T18:43:00Z,248.2
AMZN,2026-04-20T18:44:00Z,248.19
AMZN,2026-04-20T18:45:00Z,248.225
AMZN,2026-04-20T18:46:00Z,248.17
XLY,2026-04-20T18:11:00Z,119.48
XLY,2026-04-20T18:12:00Z,119.515
XLY,2026-04-20T18:13:00Z,119.555
XLY,2026-04-20T18:15:00Z,119.605
XLY,2026-04-20T18:16:00Z,119.62
XLY,2026-04-20T18:18:00Z,119.625
XLY,2026-04-20T18:24:00Z,119.685
XLY,2026-04-20T18:26:00Z,119.635
XLY,2026-04-20T18:28:00Z,119.63
XLY,2026-04-20T18:29:00Z,119.62
XLY,2026-04-20T18:30:00Z,119.605
XLY,2026-04-20T18:31:00Z,119.58
XLY,2026-04-20T18:35:00Z,119.65
XLY,2026-04-20T18:36:00Z,119.59
XLY,2026-04-20T18:37:00Z,119.6
XLY,2026-04-20T18:40:00Z,119.61
AAPL,2026-04-21T13:30:00Z,272.305
AAPL,2026-04-21T13:31:00Z,271.275
AAPL,2026-04-21T13:32:00Z,270.83
AAPL,2026-04-21T13:33:00Z,271.205
AAPL,2026-04-21T13:34:00Z,270.89
AAPL,2026-04-21T13:35:00Z,270.82
AAPL,2026-04-21T13:36:00Z,271.135
AAPL,2026-04-21T13:37:00Z,271.34
AAPL,2026-04-21T13:38:00Z,271.305
AAPL,2026-04-21T13:39:00Z,270.89
AAPL,2026-04-21T13:40:00Z,271.225
AAPL,2026-04-21T13:41:00Z,271.25
AAPL,2026-04-21T13:42:00Z,271.03
AAPL,2026-04-21T13:43:00Z,271.24
AAPL,2026-04-21T13:44:00Z,271.54
AAPL,2026-04-21T13:45:00Z,270.79
AAPL,2026-04-21T13:46:00Z,270.78
AAPL,2026-04-21T13:47:00Z,271.02
AAPL,2026-04-21T13:48:00Z,271.3
AAPL,2026-04-21T13:49:00Z,271.27
AAPL,2026-04-21T13:50:00Z,271.23
AAPL,2026-04-21T13:51:00Z,271.43
AAPL,2026-04-21T13:52:00Z,271.39
AAPL,2026-04-21T13:53:00Z,271.59
AAPL,2026-04-21T13:54:00Z,271.46
AAPL,2026-04-21T13:55:00Z,271.75
AAPL,2026-04-21T13:56:00Z,271.57
AAPL,2026-04-21T13:57:00Z,271.67
AAPL,2026-04-21T13:58:00Z,271.51
AAPL,2026-04-21T13:59:00Z,271.775
AAPL,2026-04-21T14:00:00Z,272.015
AAPL,2026-04-21T14:01:00Z,271.895
AAPL,2026-04-21T14:02:00Z,271.54
AAPL,2026-04-21T14:03:00Z,271.59
AAPL,2026-04-21T14:04:00Z,271.78
AAPL,2026-04-21T14:05:00Z,271.615
XLK,2026-04-21T13:30:00Z,154.98
XLK,2026-04-21T13:31:00Z,154.92
XLK,2026-04-21T13:32:00Z,154.96
XLK,2026-04-21T13:33:00Z,155.015
XLK,2026-04-21T13:34:00Z,155.06
XLK,2026-04-21T13:35:00Z,154.95
XLK,2026-04-21T13:36:00Z,155.165
XLK,2026-04-21T13:37:00Z,155.13
XLK,2026-04-21T13:38:00Z,155.025
XLK,2026-04-21T13:39:00Z,154.97
XLK,2026-04-21T13:40:00Z,155.02
XLK,2026-04-21T13:41:00Z,154.885
XLK,2026-04-21T13:42:00Z,154.97
XLK,2026-04-21T13:43:00Z,155.015
XLK,2026-04-21T13:44:00Z,155.02
XLK,2026-04-21T13:45:00Z,154.965
XLK,2026-04-21T13:46:00Z,154.88
XLK,2026-04-21T13:47:00Z,155.125
XLK,2026-04-21T13:48:00Z,155.29
XLK,2026-04-21T13:49:00Z,155.185
XLK,2026-04-21T13:50:00Z,155.195
XLK,2026-04-21T13:51:00Z,155.22
XLK,2026-04-21T13:52:00Z,155.36
XLK,2026-04-21T13:53:00Z,155.44
XLK,2026-04-21T13:54:00Z,155.46
XLK,2026-04-21T13:55:00Z,155.485
XLK,2026-04-21T13:56:00Z,155.64
XLK,2026-04-21T14:00:00Z,155.78
XLK,2026-04-21T14:01:00Z,155.73
XLK,2026-04-21T14:02:00Z,155.64
XLK,2026-04-21T14:03:00Z,155.63
XLK,2026-04-21T14:04:00Z,155.665
XLK,2026-04-21T14:05:00Z,155.805
BA,2026-04-22T13:30:00Z,228.28
BA,2026-04-22T13:31:00Z,227.735
BA,2026-04-22T13:32:00Z,226.85
BA,2026-04-22T13:33:00Z,227.11
BA,2026-04-22T13:34:00Z,228.65
BA,2026-04-22T13:35:00Z,228.07
BA,2026-04-22T13:36:00Z,229.61
BA,2026-04-22T13:37:00Z,230.11
BA,2026-04-22T13:38:00Z,228.59
BA,2026-04-22T13:39:00Z,225.3
BA,2026-04-22T13:40:00Z,225.24
BA,2026-04-22T13:41:00Z,225.24
BA,2026-04-22T13:42:00Z,223.47
BA,2026-04-22T13:43:00Z,222.42
BA,2026-04-22T13:44:00Z,222.755
BA,2026-04-22T13:45:00Z,222.67
BA,2026-04-22T13:46:00Z,223.59
BA,2026-04-22T13:47:00Z,223.85
BA,2026-04-22T13:48:00Z,223.46
BA,2026-04-22T13:49:00Z,221.95
BA,2026-04-22T13:50:00Z,221.96
BA,2026-04-22T13:51:00Z,221.405
BA,2026-04-22T13:52:00Z,222.85
BA,2026-04-22T13:53:00Z,222.5
BA,2026-04-22T13:54:00Z,222.95
BA,2026-04-22T13:55:00Z,222.83
BA,2026-04-22T13:56:00Z,223.47
BA,2026-04-22T13:57:00Z,223.58
BA,2026-04-22T13:58:00Z,223.91
BA,2026-04-22T13:59:00Z,223.685
BA,2026-04-22T14:00:00Z,224.915
BA,2026-04-22T14:01:00Z,225.265
BA,2026-04-22T14:02:00Z,224.91
BA,2026-04-22T14:03:00Z,224.47
BA,2026-04-22T14:04:00Z,223.98
BA,2026-04-22T14:05:00Z,223.45
ITA,2026-04-22T13:30:00Z,225.46
ITA,2026-04-22T13:31:00Z,225.43
ITA,2026-04-22T13:34:00Z,225.15
ITA,2026-04-22T13:35:00Z,224.09
ITA,2026-04-22T13:37:00Z,224.68
ITA,2026-04-22T13:38:00Z,224.17
ITA,2026-04-22T13:39:00Z,223.74
ITA,2026-04-22T13:42:00Z,222.32
ITA,2026-04-22T13:43:00Z,222.3
ITA,2026-04-22T13:44:00Z,221.81
ITA,2026-04-22T13:45:00Z,221.91
ITA,2026-04-22T13:46:00Z,221.26
ITA,2026-04-22T13:47:00Z,221.17
ITA,2026-04-22T13:48:00Z,220.68
ITA,2026-04-22T13:49:00Z,220.425
ITA,2026-04-22T13:50:00Z,220.425
ITA,2026-04-22T13:51:00Z,220.17
ITA,2026-04-22T13:53:00Z,221.08
ITA,2026-04-22T13:58:00Z,221.07
ITA,2026-04-22T14:00:00Z,221.15
ITA,2026-04-22T14:01:00Z,220.86
INTC,2026-04-22T13:30:00Z,68.37
INTC,2026-04-22T13:31:00Z,68.235
INTC,2026-04-22T13:32:00Z,68.1
INTC,2026-04-22T13:33:00Z,67.5
INTC,2026-04-22T13:34:00Z,67.37
INTC,2026-04-22T13:35:00Z,67.08
INTC,2026-04-22T13:36:00Z,67.44
INTC,2026-04-22T13:37:00Z,67.26
INTC,2026-04-22T13:38:00Z,67.13
INTC,2026-04-22T13:39:00Z,67.02
INTC,2026-04-22T13:40:00Z,67.085
INTC,2026-04-22T13:41:00Z,67.0
INTC,2026-04-22T13:42:00Z,66.99
INTC,2026-04-22T13:43:00Z,67.18
INTC,2026-04-22T13:44:00Z,67.04
INTC,2026-04-22T13:45:00Z,67.08
INTC,2026-04-22T13:46:00Z,67.02
INTC,2026-04-22T13:47:00Z,66.92
INTC,2026-04-22T13:48:00Z,66.73
INTC,2026-04-22T13:49:00Z,67.04
INTC,2026-04-22T13:50:00Z,66.83
INTC,2026-04-22T13:51:00Z,66.83
INTC,2026-04-22T13:52:00Z,66.99
INTC,2026-04-22T13:53:00Z,66.99
INTC,2026-04-22T13:54:00Z,66.725
INTC,2026-04-22T13:55:00Z,66.545
INTC,2026-04-22T13:56:00Z,66.32
INTC,2026-04-22T13:57:00Z,66.145
INTC,2026-04-22T13:58:00Z,66.125
INTC,2026-04-22T13:59:00Z,66.29
INTC,2026-04-22T14:00:00Z,66.34
INTC,2026-04-22T14:01:00Z,66.14
INTC,2026-04-22T14:02:00Z,65.97
INTC,2026-04-22T14:03:00Z,65.89
INTC,2026-04-22T14:04:00Z,65.895
INTC,2026-04-22T14:05:00Z,65.82
SOXX,2026-04-22T12:14:00Z,427.61
SOXX,2026-04-22T12:20:00Z,427.64
SOXX,2026-04-22T12:22:00Z,427.73
SOXX,2026-04-22T12:23:00Z,427.74
SOXX,2026-04-22T12:24:00Z,427.85
SOXX,2026-04-22T12:27:00Z,427.79
SOXX,2026-04-22T12:29:00Z,427.55
SOXX,2026-04-22T12:37:00Z,427.04
SOXX,2026-04-22T12:41:00Z,427.2
SOXX,2026-04-22T12:42:00Z,427.0
SOXX,2026-04-22T12:48:00Z,426.99
SOXX,2026-04-22T13:18:00Z,426.68
SOXX,2026-04-22T13:30:00Z,428.35
SOXX,2026-04-22T13:31:00Z,427.72
SOXX,2026-04-22T13:32:00Z,427.19
SOXX,2026-04-22T13:33:00Z,426.88
SOXX,2026-04-22T13:34:00Z,426.865
SOXX,2026-04-22T13:35:00Z,426.93
SOXX,2026-04-22T13:36:00Z,427.03
SOXX,2026-04-22T13:37:00Z,426.64
SOXX,2026-04-22T13:38:00Z,425.72
SOXX,2026-04-22T13:39:00Z,425.81
SOXX,2026-04-22T13:40:00Z,425.5
SOXX,2026-04-22T13:41:00Z,425.79
SOXX,2026-04-22T13:42:00Z,425.7
SOXX,2026-04-22T13:43:00Z,425.99
SOXX,2026-04-22T13:44:00Z,426.11
SOXX,2026-04-22T13:45:00Z,425.75
SOXX,2026-04-22T13:46:00Z,425.44
SOXX,2026-04-22T13:47:00Z,425.41
SOXX,2026-04-22T13:48:00Z,424.4
SOXX,2026-04-22T13:49:00Z,424.24
SOXX,2026-04-22T13:50:00Z,423.74
SOXX,2026-04-22T13:51:00Z,423.4
SOXX,2026-04-22T13:52:00Z,424.88
SOXX,2026-04-22T13:53:00Z,424.7
SOXX,2026-04-22T13:54:00Z,424.84
SOXX,2026-04-22T13:55:00Z,424.02
SOXX,2026-04-22T13:56:00Z,423.83
SOXX,2026-04-22T13:57:00Z,423.0
SOXX,2026-04-22T13:58:00Z,423.53
SOXX,2026-04-22T13:59:00Z,424.32
SOXX,2026-04-22T14:00:00Z,424.84
SOXX,2026-04-22T14:01:00Z,424.85
SOXX,2026-04-22T14:02:00Z,423.98
SOXX,2026-04-22T14:03:00Z,423.97
SOXX,2026-04-22T14:04:00Z,424.3
XLF,2026-04-24T13:30:00Z,51.57
XLF,2026-04-24T13:31:00Z,51.47
XLF,2026-04-24T13:32:00Z,51.42
XLF,2026-04-24T13:33:00Z,51.38
XLF,2026-04-24T13:34:00Z,51.38
XLF,2026-04-24T13:35:00Z,51.41
XLF,2026-04-24T13:36:00Z,51.52
XLF,2026-04-24T13:37:00Z,51.595
XLF,2026-04-24T13:38:00Z,51.545
XLF,2026-04-24T13:39:00Z,51.525
XLF,2026-04-24T13:40:00Z,51.48
XLF,2026-04-24T13:41:00Z,51.455
XLF,2026-04-24T13:42:00Z,51.51
XLF,2026-04-24T13:43:00Z,51.555
XLF,2026-04-24T13:44:00Z,51.58
XLF,2026-04-24T13:45:00Z,51.52
XLF,2026-04-24T13:46:00Z,51.51
XLF,2026-04-24T13:47:00Z,51.52
XLF,2026-04-24T13:48:00Z,51.52
XLF,2026-04-24T13:49:00Z,51.51
XLF,2026-04-24T13:50:00Z,51.55
XLF,2026-04-24T13:51:00Z,51.555
XLF,2026-04-24T13:52:00Z,51.57
XLF,2026-04-24T13:53:00Z,51.585
XLF,2026-04-24T13:54:00Z,51.575
XLF,2026-04-24T13:55:00Z,51.585
XLF,2026-04-24T13:56:00Z,51.585
XLF,2026-04-24T13:57:00Z,51.565
XLF,2026-04-24T13:58:00Z,51.57
XLF,2026-04-24T13:59:00Z,51.585
XLF,2026-04-24T14:00:00Z,51.565
XLF,2026-04-24T14:01:00Z,51.51
XLF,2026-04-24T14:02:00Z,51.505
XLF,2026-04-24T14:03:00Z,51.54
XLF,2026-04-24T14:04:00Z,51.56
XLF,2026-04-24T14:05:00Z,51.545
WFC,2026-04-24T13:30:00Z,80.13
WFC,2026-04-24T13:31:00Z,79.825
WFC,2026-04-24T13:32:00Z,79.83
WFC,2026-04-24T13:33:00Z,79.63
WFC,2026-04-24T13:34:00Z,79.58
WFC,2026-04-24T13:35:00Z,79.8
WFC,2026-04-24T13:36:00Z,79.92
WFC,2026-04-24T13:37:00Z,80.115
WFC,2026-04-24T13:38:00Z,80.04
WFC,2026-04-24T13:39:00Z,79.94
WFC,2026-04-24T13:40:00Z,79.955
WFC,2026-04-24T13:41:00Z,79.99
WFC,2026-04-24T13:42:00Z,80.14
WFC,2026-04-24T13:43:00Z,80.28
WFC,2026-04-24T13:44:00Z,80.34
WFC,2026-04-24T13:45:00Z,80.21
WFC,2026-04-24T13:46:00Z,80.15
WFC,2026-04-24T13:47:00Z,80.155
WFC,2026-04-24T13:48:00Z,80.03
WFC,2026-04-24T13:49:00Z,80.015
WFC,2026-04-24T13:50:00Z,80.05
WFC,2026-04-24T13:51:00Z,80.095
WFC,2026-04-24T13:52:00Z,80.1
WFC,2026-04-24T13:53:00Z,80.16
WFC,2026-04-24T13:54:00Z,80.16
WFC,2026-04-24T13:55:00Z,80.22
WFC,2026-04-24T13:56:00Z,80.23
WFC,2026-04-24T13:57:00Z,80.225
WFC,2026-04-24T13:58:00Z,80.25
WFC,2026-04-24T13:59:00Z,80.31
WFC,2026-04-24T14:00:00Z,80.21
WFC,2026-04-24T14:01:00Z,80.17
WFC,2026-04-24T14:02:00Z,80.11
WFC,2026-04-24T14:03:00Z,80.09
WFC,2026-04-24T14:04:00Z,80.135
WFC,2026-04-24T14:05:00Z,80.025
INTC,2026-04-29T20:21:00Z,94.13
INTC,2026-04-29T20:32:00Z,94.6
INTC,2026-04-30T12:12:00Z,97.1
INTC,2026-04-30T12:37:00Z,96.92
INTC,2026-04-30T12:40:00Z,96.86
INTC,2026-04-30T12:46:00Z,96.58
INTC,2026-04-30T12:47:00Z,96.66
INTC,2026-04-30T12:56:00Z,96.84
INTC,2026-04-30T13:04:00Z,96.69
INTC,2026-04-30T13:08:00Z,96.09
INTC,2026-04-30T13:09:00Z,96.21
INTC,2026-04-30T13:10:00Z,96.22
INTC,2026-04-30T13:11:00Z,96.24
INTC,2026-04-30T13:12:00Z,96.24
INTC,2026-04-30T13:16:00Z,96.03
INTC,2026-04-30T13:30:00Z,94.17
INTC,2026-04-30T13:31:00Z,93.88
INTC,2026-04-30T13:32:00Z,93.175
INTC,2026-04-30T13:33:00Z,92.715
INTC,2026-04-30T13:34:00Z,93.115
INTC,2026-04-30T13:35:00Z,92.49
INTC,2026-04-30T13:36:00Z,93.61
INTC,2026-04-30T13:37:00Z,93.0
INTC,2026-04-30T13:38:00Z,93.45
INTC,2026-04-30T13:39:00Z,93.06
INTC,2026-04-30T13:40:00Z,93.07
INTC,2026-04-30T13:41:00Z,93.115
INTC,2026-04-30T13:42:00Z,93.37
INTC,2026-04-30T13:43:00Z,93.995
INTC,2026-04-30T13:44:00Z,94.075
INTC,2026-04-30T13:45:00Z,93.95
INTC,2026-04-30T13:46:00Z,92.415
INTC,2026-04-30T13:47:00Z,92.66
INTC,2026-04-30T13:48:00Z,92.61
INTC,2026-04-30T13:49:00Z,92.46
INTC,2026-04-30T13:50:00Z,92.05
INTC,2026-04-30T13:51:00Z,91.89
INTC,2026-04-30T13:52:00Z,91.79
INTC,2026-04-30T13:53:00Z,92.315
INTC,2026-04-30T13:54:00Z,92.1
INTC,2026-04-30T13:55:00Z,92.55
INTC,2026-04-30T13:56:00Z,92.9
INTC,2026-04-30T13:57:00Z,92.295
INTC,2026-04-30T13:58:00Z,92.16
INTC,2026-04-30T13:59:00Z,92.31
INTC,2026-04-30T14:00:00Z,92.62
INTC,2026-04-30T14:01:00Z,93.11
INTC,2026-04-30T14:02:00Z,93.46
INTC,2026-04-30T14:03:00Z,93.24
INTC,2026-04-30T14:04:00Z,92.88
INTC,2026-04-30T14:05:00Z,92.82
SOXX,2026-04-29T20:23:00Z,447.64
SOXX,2026-04-29T20:26:00Z,448.25
SOXX,2026-04-29T20:32:00Z,450.0
SOXX,2026-04-30T12:06:00Z,455.31
SOXX,2026-04-30T12:48:00Z,456.92
SOXX,2026-04-30T13:18:00Z,456.75
SOXX,2026-04-30T13:28:00Z,456.12
SOXX,2026-04-30T13:30:00Z,454.76
SOXX,2026-04-30T13:31:00Z,453.68
SOXX,2026-04-30T13:32:00Z,453.23
SOXX,2026-04-30T13:33:00Z,451.145
SOXX,2026-04-30T13:34:00Z,452.03
SOXX,2026-04-30T13:35:00Z,451.77
SOXX,2026-04-30T13:36:00Z,453.13
SOXX,2026-04-30T13:37:00Z,451.41
SOXX,2026-04-30T13:38:00Z,451.81
SOXX,2026-04-30T13:40:00Z,451.85
SOXX,2026-04-30T13:41:00Z,452.03
SOXX,2026-04-30T13:42:00Z,452.215
SOXX,2026-04-30T13:43:00Z,453.45
SOXX,2026-04-30T13:44:00Z,454.18
SOXX,2026-04-30T13:45:00Z,454.555
SOXX,2026-04-30T13:46:00Z,453.6
SOXX,2026-04-30T13:47:00Z,453.97
SOXX,2026-04-30T13:48:00Z,453.68
SOXX,2026-04-30T13:49:00Z,453.845
SOXX,2026-04-30T13:50:00Z,453.53
SOXX,2026-04-30T13:51:00Z,452.52
SOXX,2026-04-30T13:52:00Z,452.2
SOXX,2026-04-30T13:53:00Z,453.12
SOXX,2026-04-30T13:54:00Z,451.875
SOXX,2026-04-30T13:55:00Z,452.22
SOXX,2026-04-30T13:56:00Z,452.64
SOXX,2026-04-30T13:57:00Z,451.56
SOXX,2026-04-30T13:58:00Z,452.26
SOXX,2026-04-30T13:59:00Z,453.15
SOXX,2026-04-30T14:00:00Z,452.92
SOXX,2026-04-30T14:01:00Z,453.87
SOXX,2026-04-30T14:03:00Z,454.3
SOXX,2026-04-30T14:04:00Z,454.11
SOXX,2026-04-30T14:05:00Z,454.2
AMZN,2026-04-30T12:05:00Z,270.95
AMZN,2026-04-30T12:32:00Z,273.03
AMZN,2026-04-30T13:05:00Z,272.46
AMZN,2026-04-30T13:08:00Z,272.42
AMZN,2026-04-30T13:10:00Z,271.8
AMZN,2026-04-30T13:11:00Z,272.0
AMZN,2026-04-30T13:13:00Z,272.05
AMZN,2026-04-30T13:24:00Z,273.47
AMZN,2026-04-30T13:30:00Z,270.625
AMZN,2026-04-30T13:31:00Z,268.285
AMZN,2026-04-30T13:32:00Z,268.25
AMZN,2026-04-30T13:33:00Z,267.47
AMZN,2026-04-30T13:34:00Z,266.68
AMZN,2026-04-30T13:35:00Z,264.73
AMZN,2026-04-30T13:36:00Z,263.06
AMZN,2026-04-30T13:37:00Z,262.19
AMZN,2026-04-30T13:38:00Z,261.135
AMZN,2026-04-30T13:39:00Z,260.27
AMZN,2026-04-30T13:40:00Z,259.875
AMZN,2026-04-30T13:41:00Z,259.77
AMZN,2026-04-30T13:42:00Z,260.63
AMZN,2026-04-30T13:43:00Z,259.69
AMZN,2026-04-30T13:44:00Z,261.29
AMZN,2026-04-30T13:45:00Z,260.95
AMZN,2026-04-30T13:46:00Z,259.92
AMZN,2026-04-30T13:47:00Z,258.01
AMZN,2026-04-30T13:48:00Z,258.9
AMZN,2026-04-30T13:49:00Z,260.41
AMZN,2026-04-30T13:50:00Z,260.99
AMZN,2026-04-30T13:51:00Z,260.98
AMZN,2026-04-30T13:52:00Z,260.1
AMZN,2026-04-30T13:53:00Z,259.93
AMZN,2026-04-30T13:54:00Z,260.65
AMZN,2026-04-30T13:55:00Z,260.51
AMZN,2026-04-30T13:56:00Z,259.54
AMZN,2026-04-30T13:57:00Z,259.48
AMZN,2026-04-30T13:58:00Z,260.04
AMZN,2026-04-30T13:59:00Z,259.49
AMZN,2026-04-30T14:00:00Z,260.13
AMZN,2026-04-30T14:01:00Z,260.64
AMZN,2026-04-30T14:02:00Z,261.075
AMZN,2026-04-30T14:03:00Z,262.14
AMZN,2026-04-30T14:04:00Z,262.17
AMZN,2026-04-30T14:05:00Z,262.0
XLY,2026-04-30T13:30:00Z,118.18
XLY,2026-04-30T13:31:00Z,117.75
XLY,2026-04-30T13:32:00Z,117.83
XLY,2026-04-30T13:33:00Z,117.82
XLY,2026-04-30T13:34:00Z,117.67
XLY,2026-04-30T13:35:00Z,117.32
XLY,2026-04-30T13:36:00Z,117.215
XLY,2026-04-30T13:37:00Z,117.15
XLY,2026-04-30T13:38:00Z,116.93
XLY,2026-04-30T13:39:00Z,116.565
XLY,2026-04-30T13:40:00Z,116.72
XLY,2026-04-30T13:41:00Z,116.7
XLY,2026-04-30T13:42:00Z,116.745
XLY,2026-04-30T13:43:00Z,116.63
XLY,2026-04-30T13:44:00Z,116.84
XLY,2026-04-30T13:45:00Z,116.88
XLY,2026-04-30T13:46:00Z,116.685
XLY,2026-04-30T13:47:00Z,116.58
XLY,2026-04-30T13:48:00Z,116.64
XLY,2026-04-30T13:49:00Z,116.805
XLY,2026-04-30T13:50:00Z,116.845
XLY,2026-04-30T13:51:00Z,116.885
XLY,2026-04-30T13:52:00Z,116.635
XLY,2026-04-30T13:53:00Z,116.64
XLY,2026-04-30T13:54:00Z,116.78
XLY,2026-04-30T13:55:00Z,116.71
XLY,2026-04-30T13:56:00Z,116.615
XLY,2026-04-30T13:57:00Z,116.57
XLY,2026-04-30T13:58:00Z,116.64
XLY,2026-04-30T13:59:00Z,116.52
XLY,2026-04-30T14:00:00Z,116.625
XLY,2026-04-30T14:01:00Z,116.76
XLY,2026-04-30T14:02:00Z,116.865
XLY,2026-04-30T14:03:00Z,116.92
XLY,2026-04-30T14:04:00Z,116.89
XLY,2026-04-30T14:05:00Z,116.97
GS,2026-05-13T13:30:00Z,939.58
GS,2026-05-13T13:31:00Z,937.065
GS,2026-05-13T13:32:00Z,938.175
GS,2026-05-13T13:33:00Z,936.07
GS,2026-05-13T13:34:00Z,935.595
GS,2026-05-13T13:35:00Z,936.91
GS,2026-05-13T13:37:00Z,937.41
GS,2026-05-13T13:38:00Z,938.08
GS,2026-05-13T13:39:00Z,934.02
GS,2026-05-13T13:40:00Z,933.81
GS,2026-05-13T13:41:00Z,934.77
GS,2026-05-13T13:42:00Z,935.26
GS,2026-05-13T13:45:00Z,936.52
GS,2026-05-13T13:46:00Z,937.215
GS,2026-05-13T13:48:00Z,939.36
GS,2026-05-13T13:49:00Z,938.19
GS,2026-05-13T13:50:00Z,937.79
GS,2026-05-13T13:52:00Z,937.39
GS,2026-05-13T13:54:00Z,934.03
GS,2026-05-13T13:57:00Z,937.06
GS,2026-05-13T14:03:00Z,939.45
GS,2026-05-13T14:05:00Z,939.88
XLF,2026-05-13T13:30:00Z,51.06
XLF,2026-05-13T13:31:00Z,51.13
XLF,2026-05-13T13:32:00Z,51.05
XLF,2026-05-13T13:33:00Z,51.015
XLF,2026-05-13T13:34:00Z,51.01
XLF,2026-05-13T13:35:00Z,51.09
XLF,2026-05-13T13:36:00Z,51.06
XLF,2026-05-13T13:37:00Z,51.055
XLF,2026-05-13T13:38:00Z,51.12
XLF,2026-05-13T13:39:00Z,51.06
XLF,2026-05-13T13:40:00Z,51.02
XLF,2026-05-13T13:41:00Z,51.05
XLF,2026-05-13T13:42:00Z,51.09
XLF,2026-05-13T13:43:00Z,51.055
XLF,2026-05-13T13:44:00Z,51.1
XLF,2026-05-13T13:45:00Z,51.16
XLF,2026-05-13T13:46:00Z,51.225
XLF,2026-05-13T13:47:00Z,51.25
XLF,2026-05-13T13:48:00Z,51.28
XLF,2026-05-13T13:49:00Z,51.25
XLF,2026-05-13T13:50:00Z,51.29
XLF,2026-05-13T13:51:00Z,51.2
XLF,2026-05-13T13:52:00Z,51.17
XLF,2026-05-13T13:53:00Z,51.08
XLF,2026-05-13T13:54:00Z,51.055
XLF,2026-05-13T13:55:00Z,51.1
XLF,2026-05-13T13:56:00Z,51.165
XLF,2026-05-13T13:57:00Z,51.14
XLF,2026-05-13T13:58:00Z,51.16
XLF,2026-05-13T13:59:00Z,51.125
XLF,2026-05-13T14:00:00Z,51.12
XLF,2026-05-13T14:01:00Z,51.145
XLF,2026-05-13T14:02:00Z,51.205
XLF,2026-05-13T14:03:00Z,51.235
XLF,2026-05-13T14:04:00Z,51.19
XLF,2026-05-13T14:05:00Z,51.21
AAPL,2026-05-13T12:00:00Z,294.24
AAPL,2026-05-13T12:07:00Z,294.2
AAPL,2026-05-13T12:08:00Z,294.33
AAPL,2026-05-13T12:14:00Z,294.27
AAPL,2026-05-13T12:25:00Z,294.19
AAPL,2026-05-13T12:26:00Z,294.28
AAPL,2026-05-13T12:28:00Z,294.25
AAPL,2026-05-13T12:33:00Z,294.2
AAPL,2026-05-13T12:38:00Z,294.17
AAPL,2026-05-13T12:39:00Z,294.08
AAPL,2026-05-13T12:40:00Z,294.08
AAPL,2026-05-13T12:41:00Z,294.0
AAPL,2026-05-13T12:47:00Z,294.0
AAPL,2026-05-13T12:49:00Z,294.03
AAPL,2026-05-13T12:50:00Z,294.19
AAPL,2026-05-13T12:51:00Z,294.28
AAPL,2026-05-13T12:53:00Z,294.26
AAPL,2026-05-13T12:54:00Z,294.15
AAPL,2026-05-13T12:55:00Z,294.28
AAPL,2026-05-13T12:56:00Z,294.16
AAPL,2026-05-13T12:57:00Z,294.28
AAPL,2026-05-13T13:01:00Z,294.42
AAPL,2026-05-13T13:09:00Z,294.17
AAPL,2026-05-13T13:13:00Z,294.17
AAPL,2026-05-13T13:20:00Z,294.38
AAPL,2026-05-13T13:25:00Z,294.29
AAPL,2026-05-13T13:27:00Z,293.81
AAPL,2026-05-13T13:30:00Z,294.21
AAPL,2026-05-13T13:31:00Z,294.92
AAPL,2026-05-13T13:32:00Z,295.64
AAPL,2026-05-13T13:33:00Z,296.53
AAPL,2026-05-13T13:34:00Z,296.93
AAPL,2026-05-13T13:35:00Z,296.685
AAPL,2026-05-13T13:36:00Z,296.555
AAPL,2026-05-13T13:37:00Z,297.24
AAPL,2026-05-13T13:38:00Z,297.06
AAPL,2026-05-13T13:39:00Z,297.02
AAPL,2026-05-13T13:40:00Z,297.22
AAPL,2026-05-13T13:41:00Z,296.72
AAPL,2026-05-13T13:42:00Z,296.52
AAPL,2026-05-13T13:43:00Z,296.66
AAPL,2026-05-13T13:44:00Z,296.92
AAPL,2026-05-13T13:45:00Z,296.73
AAPL,2026-05-13T13:46:00Z,296.56
AAPL,2026-05-13T13:47:00Z,296.085
AAPL,2026-05-13T13:48:00Z,295.78
AAPL,2026-05-13T13:49:00Z,295.8
AAPL,2026-05-13T13:50:00Z,296.15
AAPL,2026-05-13T13:51:00Z,296.15
AAPL,2026-05-13T13:52:00Z,296.36
AAPL,2026-05-13T13:53:00Z,296.115
AAPL,2026-05-13T13:54:00Z,295.915
AAPL,2026-05-13T13:55:00Z,295.5
AAPL,2026-05-13T13:56:00Z,295.585
AAPL,2026-05-13T13:57:00Z,295.93
AAPL,2026-05-13T13:58:00Z,296.04
AAPL,2026-05-13T13:59:00Z,295.43
AAPL,2026-05-13T14:00:00Z,295.17
AAPL,2026-05-13T14:01:00Z,295.78
AAPL,2026-05-13T14:02:00Z,295.46
AAPL,2026-05-13T14:03:00Z,295.52
AAPL,2026-05-13T14:04:00Z,295.26
AAPL,2026-05-13T14:05:00Z,295.42
XLK,2026-05-13T13:30:00Z,176.81
XLK,2026-05-13T13:31:00Z,176.3
XLK,2026-05-13T13:32:00Z,176.47
XLK,2026-05-13T13:33:00Z,176.73
XLK,2026-05-13T13:34:00Z,176.79
XLK,2026-05-13T13:35:00Z,176.25
XLK,2026-05-13T13:36:00Z,176.16
XLK,2026-05-13T13:37:00Z,176.06
XLK,2026-05-13T13:38:00Z,175.68
XLK,2026-05-13T13:39:00Z,175.84
XLK,2026-05-13T13:40:00Z,176.06
XLK,2026-05-13T13:41:00Z,176.18
XLK,2026-05-13T13:42:00Z,175.95
XLK,2026-05-13T13:43:00Z,175.9
XLK,2026-05-13T13:44:00Z,175.79
XLK,2026-05-13T13:45:00Z,175.05
XLK,2026-05-13T13:46:00Z,174.73
XLK,2026-05-13T13:47:00Z,174.58
XLK,2026-05-13T13:48:00Z,174.26
XLK,2026-05-13T13:49:00Z,174.65
XLK,2026-05-13T13:50:00Z,174.325
XLK,2026-05-13T13:51:00Z,174.76
XLK,2026-05-13T13:52:00Z,174.77
XLK,2026-05-13T13:53:00Z,175.29
XLK,2026-05-13T13:54:00Z,175.45
XLK,2026-05-13T13:55:00Z,175.315
XLK,2026-05-13T13:56:00Z,174.9
XLK,2026-05-13T13:57:00Z,174.96
XLK,2026-05-13T13:58:00Z,174.96
XLK,2026-05-13T13:59:00Z,175.17
XLK,2026-05-13T14:00:00Z,175.0
XLK,2026-05-13T14:01:00Z,174.89
XLK,2026-05-13T14:02:00Z,174.82
XLK,2026-05-13T14:03:00Z,175.02
XLK,2026-05-13T14:04:00Z,174.91
XLK,2026-05-13T14:05:00Z,174.99
SOXX,2026-05-13T12:06:00Z,528.53
SOXX,2026-05-13T12:13:00Z,528.17
SOXX,2026-05-13T12:45:00Z,523.63
SOXX,2026-05-13T13:07:00Z,524.4
SOXX,2026-05-13T13:09:00Z,524.07
SOXX,2026-05-13T13:11:00Z,524.0
SOXX,2026-05-13T13:12:00Z,525.0
SOXX,2026-05-13T13:15:00Z,525.24
SOXX,2026-05-13T13:30:00Z,525.73
SOXX,2026-05-13T13:31:00Z,523.89
SOXX,2026-05-13T13:32:00Z,524.825
SOXX,2026-05-13T13:33:00Z,525.02
SOXX,2026-05-13T13:34:00Z,525.715
SOXX,2026-05-13T13:35:00Z,523.37
SOXX,2026-05-13T13:36:00Z,521.98
SOXX,2026-05-13T13:37:00Z,521.58
SOXX,2026-05-13T13:38:00Z,520.72
SOXX,2026-05-13T13:39:00Z,521.605
SOXX,2026-05-13T13:40:00Z,523.87
SOXX,2026-05-13T13:41:00Z,525.18
SOXX,2026-05-13T13:42:00Z,524.67
SOXX,2026-05-13T13:43:00Z,523.51
SOXX,2026-05-13T13:44:00Z,523.07
SOXX,2026-05-13T13:45:00Z,521.72
SOXX,2026-05-13T13:46:00Z,519.46
SOXX,2026-05-13T13:47:00Z,519.88
SOXX,2026-05-13T13:48:00Z,517.06
SOXX,2026-05-13T13:49:00Z,519.62
SOXX,2026-05-13T13:50:00Z,517.76
SOXX,2026-05-13T13:51:00Z,519.475
SOXX,2026-05-13T13:52:00Z,520.32
SOXX,2026-05-13T13:53:00Z,522.21
SOXX,2026-05-13T13:54:00Z,523.06
SOXX,2026-05-13T13:55:00Z,522.04
SOXX,2026-05-13T13:56:00Z,519.99
SOXX,2026-05-13T13:57:00Z,520.4
SOXX,2026-05-13T13:58:00Z,519.78
SOXX,2026-05-13T13:59:00Z,519.895
SOXX,2026-05-13T14:00:00Z,520.44
SOXX,2026-05-13T14:01:00Z,519.995
SOXX,2026-05-13T14:02:00Z,519.97
SOXX,2026-05-13T14:03:00Z,520.665
SOXX,2026-05-13T14:04:00Z,520.65
SOXX,2026-05-13T14:05:00Z,520.51
NVDA,2026-05-13T12:17:00Z,225.59
NVDA,2026-05-13T12:34:00Z,224.93
NVDA,2026-05-13T12:43:00Z,224.51
NVDA,2026-05-13T12:46:00Z,224.51
NVDA,2026-05-13T13:16:00Z,224.69
NVDA,2026-05-13T13:25:00Z,224.91
NVDA,2026-05-13T13:30:00Z,225.33
NVDA,2026-05-13T13:31:00Z,224.71
NVDA,2026-05-13T13:32:00Z,224.72
NVDA,2026-05-13T13:33:00Z,226.0
NVDA,2026-05-13T13:34:00Z,226.78
NVDA,2026-05-13T13:35:00Z,225.8
NVDA,2026-05-13T13:36:00Z,226.145
NVDA,2026-05-13T13:37:00Z,226.33
NVDA,2026-05-13T13:38:00Z,225.46
NVDA,2026-05-13T13:39:00Z,225.65
NVDA,2026-05-13T13:40:00Z,225.27
NVDA,2026-05-13T13:41:00Z,224.97
NVDA,2026-05-13T13:42:00Z,225.19
NVDA,2026-05-13T13:43:00Z,224.97
NVDA,2026-05-13T13:44:00Z,224.57
NVDA,2026-05-13T13:45:00Z,223.87
NVDA,2026-05-13T13:46:00Z,223.15
NVDA,2026-05-13T13:47:00Z,222.61
NVDA,2026-05-13T13:48:00Z,222.2
NVDA,2026-05-13T13:49:00Z,222.555
NVDA,2026-05-13T13:50:00Z,221.75
NVDA,2026-05-13T13:51:00Z,222.39
NVDA,2026-05-13T13:52:00Z,223.23
NVDA,2026-05-13T13:53:00Z,223.65
NVDA,2026-05-13T13:54:00Z,224.05
NVDA,2026-05-13T13:55:00Z,224.01
NVDA,2026-05-13T13:56:00Z,223.45
NVDA,2026-05-13T13:57:00Z,224.19
NVDA,2026-05-13T13:58:00Z,223.975
NVDA,2026-05-13T13:59:00Z,224.08
NVDA,2026-05-13T14:00:00Z,223.87
NVDA,2026-05-13T14:01:00Z,223.71
NVDA,2026-05-13T14:02:00Z,223.49
NVDA,2026-05-13T14:03:00Z,223.43
NVDA,2026-05-13T14:04:00Z,223.59
NVDA,2026-05-13T14:05:00Z,223.72
BA,2026-05-13T13:30:00Z,237.995
BA,2026-05-13T13:31:00Z,237.74
BA,2026-05-13T13:32:00Z,237.49
BA,2026-05-13T13:34:00Z,236.68
BA,2026-05-13T13:35:00Z,236.79
BA,2026-05-13T13:36:00Z,236.39
BA,2026-05-13T13:37:00Z,235.49
BA,2026-05-13T13:38:00Z,235.27
BA,2026-05-13T13:39:00Z,234.66
BA,2026-05-13T13:40:00Z,234.65
BA,2026-05-13T13:41:00Z,234.63
BA,2026-05-13T13:42:00Z,234.61
BA,2026-05-13T13:43:00Z,234.82
BA,2026-05-13T13:44:00Z,234.695
BA,2026-05-13T13:45:00Z,234.96
BA,2026-05-13T13:46:00Z,234.755
BA,2026-05-13T13:47:00Z,234.67
BA,2026-05-13T13:48:00Z,234.51
BA,2026-05-13T13:49:00Z,234.54
BA,2026-05-13T13:50:00Z,234.7
BA,2026-05-13T13:51:00Z,235.0
BA,2026-05-13T13:52:00Z,235.0
BA,2026-05-13T13:53:00Z,235.29
BA,2026-05-13T13:54:00Z,235.28
BA,2026-05-13T13:55:00Z,235.495
BA,2026-05-13T13:56:00Z,235.635
BA,2026-05-13T13:57:00Z,235.47
BA,2026-05-13T13:58:00Z,235.18
BA,2026-05-13T13:59:00Z,235.51
BA,2026-05-13T14:00:00Z,235.66
BA,2026-05-13T14:01:00Z,236.18
BA,2026-05-13T14:02:00Z,235.95
BA,2026-05-13T14:03:00Z,235.88
BA,2026-05-13T14:04:00Z,235.69
BA,2026-05-13T14:05:00Z,236.18
ITA,2026-05-13T13:30:00Z,224.97
ITA,2026-05-13T13:34:00Z,223.81
ITA,2026-05-13T13:35:00Z,224.07
ITA,2026-05-13T13:43:00Z,221.84
ITA,2026-05-13T13:44:00Z,221.66
ITA,2026-05-13T13:45:00Z,221.71
ITA,2026-05-13T13:47:00Z,222.3
ITA,2026-05-13T13:58:00Z,222.12
ITA,2026-05-13T14:00:00Z,222.78
INTC,2026-06-02T12:59:00Z,108.15
INTC,2026-06-02T13:15:00Z,108.21
INTC,2026-06-02T13:17:00Z,108.42
INTC,2026-06-02T13:30:00Z,105.61
INTC,2026-06-02T13:31:00Z,105.125
INTC,2026-06-02T13:32:00Z,104.675
INTC,2026-06-02T13:33:00Z,104.255
INTC,2026-06-02T13:34:00Z,105.18
INTC,2026-06-02T13:35:00Z,105.02
INTC,2026-06-02T13:36:00Z,105.09
INTC,2026-06-02T13:37:00Z,104.93
INTC,2026-06-02T13:38:00Z,105.06
INTC,2026-06-02T13:39:00Z,105.535
INTC,2026-06-02T13:40:00Z,106.32
INTC,2026-06-02T13:41:00Z,107.01
INTC,2026-06-02T13:42:00Z,107.26
INTC,2026-06-02T13:43:00Z,106.42
INTC,2026-06-02T13:44:00Z,105.84
INTC,2026-06-02T13:45:00Z,105.73
INTC,2026-06-02T13:46:00Z,105.35
INTC,2026-06-02T13:47:00Z,105.84
INTC,2026-06-02T13:48:00Z,106.18
INTC,2026-06-02T13:49:00Z,106.435
INTC,2026-06-02T13:50:00Z,105.855
INTC,2026-06-02T13:51:00Z,105.84
INTC,2026-06-02T13:52:00Z,105.82
INTC,2026-06-02T13:53:00Z,106.29
INTC,2026-06-02T13:54:00Z,106.61
INTC,2026-06-02T13:55:00Z,106.635
INTC,2026-06-02T13:56:00Z,106.45
INTC,2026-06-02T13:57:00Z,106.4
INTC,2026-06-02T13:58:00Z,106.48
INTC,2026-06-02T13:59:00Z,107.06
INTC,2026-06-02T14:00:00Z,107.45
INTC,2026-06-02T14:01:00Z,107.27
INTC,2026-06-02T14:02:00Z,107.66
INTC,2026-06-02T14:03:00Z,107.745
INTC,2026-06-02T14:04:00Z,107.73
INTC,2026-06-02T14:05:00Z,107.5
SOXX,2026-06-02T12:16:00Z,585.4
SOXX,2026-06-02T12:36:00Z,585.96
SOXX,2026-06-02T13:01:00Z,585.69
SOXX,2026-06-02T13:08:00Z,584.37
SOXX,2026-06-02T13:19:00Z,584.13
SOXX,2026-06-02T13:30:00Z,582.32
SOXX,2026-06-02T13:31:00Z,583.82
SOXX,2026-06-02T13:32:00Z,585.78
SOXX,2026-06-02T13:33:00Z,586.65
SOXX,2026-06-02T13:34:00Z,587.43
SOXX,2026-06-02T13:35:00Z,588.1
SOXX,2026-06-02T13:36:00Z,589.8
SOXX,2026-06-02T13:37:00Z,589.39
SOXX,2026-06-02T13:38:00Z,589.95
SOXX,2026-06-02T13:39:00Z,590.35
SOXX,2026-06-02T13:40:00Z,589.6
SOXX,2026-06-02T13:41:00Z,589.34
SOXX,2026-06-02T13:42:00Z,590.09
SOXX,2026-06-02T13:43:00Z,589.69
SOXX,2026-06-02T13:44:00Z,590.35
SOXX,2026-06-02T13:45:00Z,590.38
SOXX,2026-06-02T13:46:00Z,590.65
SOXX,2026-06-02T13:47:00Z,590.53
SOXX,2026-06-02T13:48:00Z,590.77
SOXX,2026-06-02T13:49:00Z,591.38
SOXX,2026-06-02T13:50:00Z,592.06
SOXX,2026-06-02T13:51:00Z,591.65
SOXX,2026-06-02T13:52:00Z,592.37
SOXX,2026-06-02T13:53:00Z,593.91
SOXX,2026-06-02T13:54:00Z,592.5
SOXX,2026-06-02T13:55:00Z,592.15
SOXX,2026-06-02T13:56:00Z,592.415
SOXX,2026-06-02T13:57:00Z,593.27
SOXX,2026-06-02T13:58:00Z,594.08
SOXX,2026-06-02T13:59:00Z,594.12
SOXX,2026-06-02T14:00:00Z,594.145
SOXX,2026-06-02T14:01:00Z,594.54
SOXX,2026-06-02T14:03:00Z,593.19
SOXX,2026-06-02T14:04:00Z,593.84
SOXX,2026-06-02T14:05:00Z,594.185
AMZN,2026-06-05T13:30:00Z,255.025
AMZN,2026-06-05T13:31:00Z,256.195
AMZN,2026-06-05T13:32:00Z,255.18
AMZN,2026-06-05T13:33:00Z,254.47
AMZN,2026-06-05T13:34:00Z,255.05
AMZN,2026-06-05T13:35:00Z,254.71
AMZN,2026-06-05T13:36:00Z,255.01
AMZN,2026-06-05T13:37:00Z,255.4
AMZN,2026-06-05T13:38:00Z,255.77
AMZN,2026-06-05T13:39:00Z,255.42
AMZN,2026-06-05T13:40:00Z,255.47
AMZN,2026-06-05T13:41:00Z,255.835
AMZN,2026-06-05T13:42:00Z,255.585
AMZN,2026-06-05T13:43:00Z,254.66
AMZN,2026-06-05T13:44:00Z,254.37
AMZN,2026-06-05T13:45:00Z,254.37
AMZN,2026-06-05T13:46:00Z,253.71
AMZN,2026-06-05T13:47:00Z,253.75
AMZN,2026-06-05T13:48:00Z,254.005
AMZN,2026-06-05T13:49:00Z,254.03
AMZN,2026-06-05T13:50:00Z,253.955
AMZN,2026-06-05T13:51:00Z,254.08
AMZN,2026-06-05T13:52:00Z,253.75
AMZN,2026-06-05T13:53:00Z,253.755
AMZN,2026-06-05T13:54:00Z,253.3
AMZN,2026-06-05T13:55:00Z,253.94
AMZN,2026-06-05T13:56:00Z,254.135
AMZN,2026-06-05T13:57:00Z,253.775
AMZN,2026-06-05T13:58:00Z,253.66
AMZN,2026-06-05T13:59:00Z,252.91
AMZN,2026-06-05T14:00:00Z,252.84
AMZN,2026-06-05T14:01:00Z,252.195
AMZN,2026-06-05T14:02:00Z,252.62
AMZN,2026-06-05T14:03:00Z,252.48
AMZN,2026-06-05T14:04:00Z,252.43
AMZN,2026-06-05T14:05:00Z,252.47
AMZN,2026-06-05T14:06:00Z,252.31
AMZN,2026-06-05T14:07:00Z,252.67
AMZN,2026-06-05T14:08:00Z,252.325
AMZN,2026-06-05T14:09:00Z,252.69
AMZN,2026-06-05T14:10:00Z,252.88
AMZN,2026-06-05T14:11:00Z,252.595
AMZN,2026-06-05T14:12:00Z,252.82
AMZN,2026-06-05T14:13:00Z,252.835
AMZN,2026-06-05T14:14:00Z,252.87
AMZN,2026-06-05T14:15:00Z,252.87
AMZN,2026-06-05T14:16:00Z,253.21
AMZN,2026-06-05T14:17:00Z,253.37
AMZN,2026-06-05T14:18:00Z,253.66
AMZN,2026-06-05T14:19:00Z,253.5
AMZN,2026-06-05T14:20:00Z,253.59
AMZN,2026-06-05T14:21:00Z,253.82
AMZN,2026-06-05T14:22:00Z,254.18
AMZN,2026-06-05T14:23:00Z,254.24
AMZN,2026-06-05T14:24:00Z,254.13
AMZN,2026-06-05T14:25:00Z,253.625
AMZN,2026-06-05T14:26:00Z,253.87
AMZN,2026-06-05T14:27:00Z,254.065
AMZN,2026-06-05T14:28:00Z,253.945
AMZN,2026-06-05T14:29:00Z,253.81
AMZN,2026-06-05T14:30:00Z,253.8
AMZN,2026-06-05T14:31:00Z,253.76
AMZN,2026-06-05T14:32:00Z,253.715
AMZN,2026-06-05T14:33:00Z,253.75
AMZN,2026-06-05T14:34:00Z,253.77
AMZN,2026-06-05T14:35:00Z,253.6
AMZN,2026-06-05T14:36:00Z,253.195
AMZN,2026-06-05T14:37:00Z,253.17
AMZN,2026-06-05T14:38:00Z,252.8
AMZN,2026-06-05T14:39:00Z,252.72
AMZN,2026-06-05T14:40:00Z,252.56
AMZN,2026-06-05T14:41:00Z,252.575
AMZN,2026-06-05T14:42:00Z,252.59
AMZN,2026-06-05T14:43:00Z,252.685
AMZN,2026-06-05T14:44:00Z,253.08
AMZN,2026-06-05T14:45:00Z,253.04
AMZN,2026-06-05T14:46:00Z,253.0
AMZN,2026-06-05T14:47:00Z,253.1
AMZN,2026-06-05T14:48:00Z,253.09
AMZN,2026-06-05T14:49:00Z,253.46
AMZN,2026-06-05T14:50:00Z,253.365
AMZN,2026-06-05T14:51:00Z,253.335
AMZN,2026-06-05T14:52:00Z,253.21
AMZN,2026-06-05T14:53:00Z,253.325
AMZN,2026-06-05T14:54:00Z,253.135
AMZN,2026-06-05T14:55:00Z,253.175
AMZN,2026-06-05T14:56:00Z,253.335
AMZN,2026-06-05T14:57:00Z,253.25
AMZN,2026-06-05T14:58:00Z,253.23
AMZN,2026-06-05T14:59:00Z,253.315
AMZN,2026-06-05T15:00:00Z,253.65
AMZN,2026-06-05T15:01:00Z,253.57
AMZN,2026-06-05T15:02:00Z,253.43
AMZN,2026-06-05T15:03:00Z,253.69
AMZN,2026-06-05T15:04:00Z,253.84
AMZN,2026-06-05T15:05:00Z,253.39
AMZN,2026-06-05T15:06:00Z,252.935
AMZN,2026-06-05T15:07:00Z,252.97
AMZN,2026-06-05T15:08:00Z,253.06
AMZN,2026-06-05T15:09:00Z,253.35
AMZN,2026-06-05T15:10:00Z,253.3
AMZN,2026-06-05T15:11:00Z,253.395
AMZN,2026-06-05T15:12:00Z,253.19
AMZN,2026-06-05T15:13:00Z,253.015
AMZN,2026-06-05T15:14:00Z,252.97
AMZN,2026-06-05T15:15:00Z,252.88
AMZN,2026-06-05T15:16:00Z,252.76
AMZN,2026-06-05T15:17:00Z,252.93
AMZN,2026-06-05T15:18:00Z,253.045
AMZN,2026-06-05T15:19:00Z,253.055
AMZN,2026-06-05T15:20:00Z,253.1
AMZN,2026-06-05T15:21:00Z,253.425
AMZN,2026-06-05T15:22:00Z,253.53
AMZN,2026-06-05T15:23:00Z,253.78
AMZN,2026-06-05T15:24:00Z,253.48
AMZN,2026-06-05T15:25:00Z,253.39
AMZN,2026-06-05T15:26:00Z,253.29
AMZN,2026-06-05T15:27:00Z,253.51
AMZN,2026-06-05T15:28:00Z,253.45
AMZN,2026-06-05T15:29:00Z,253.62
AMZN,2026-06-05T15:30:00Z,253.48
AMZN,2026-06-05T15:31:00Z,253.49
AMZN,2026-06-05T15:32:00Z,253.475
AMZN,2026-06-05T15:33:00Z,253.355
AMZN,2026-06-05T15:34:00Z,253.24
AMZN,2026-06-05T15:35:00Z,253.31
AMZN,2026-06-05T15:36:00Z,253.28
AMZN,2026-06-05T15:37:00Z,253.29
AMZN,2026-06-05T15:38:00Z,253.145
AMZN,2026-06-05T15:39:00Z,253.305
AMZN,2026-06-05T15:40:00Z,253.255
AMZN,2026-06-05T15:41:00Z,253.18
AMZN,2026-06-05T15:42:00Z,253.25
AMZN,2026-06-05T15:43:00Z,253.29
AMZN,2026-06-05T15:44:00Z,253.02
AMZN,2026-06-05T15:45:00Z,253.02
AMZN,2026-06-05T15:46:00Z,252.79
AMZN,2026-06-05T15:47:00Z,252.695
AMZN,2026-06-05T15:48:00Z,252.62
AMZN,2026-06-05T15:49:00Z,252.74
AMZN,2026-06-05T15:50:00Z,252.515
AMZN,2026-06-05T15:51:00Z,252.58
AMZN,2026-06-05T15:52:00Z,252.735
AMZN,2026-06-05T15:53:00Z,252.83
AMZN,2026-06-05T15:54:00Z,252.86
AMZN,2026-06-05T15:55:00Z,252.77
AMZN,2026-06-05T15:56:00Z,252.97
AMZN,2026-06-05T15:57:00Z,253.04
AMZN,2026-06-05T15:58:00Z,252.805
AMZN,2026-06-05T15:59:00Z,252.92
AMZN,2026-06-05T16:00:00Z,252.67
AMZN,2026-06-05T16:01:00Z,252.795
XLY,2026-06-05T13:30:00Z,117.73
XLY,2026-06-05T13:31:00Z,117.81
XLY,2026-06-05T13:32:00Z,117.79
XLY,2026-06-05T13:33:00Z,117.755
XLY,2026-06-05T13:34:00Z,117.795
XLY,2026-06-05T13:35:00Z,117.92
XLY,2026-06-05T13:36:00Z,117.97
XLY,2026-06-05T13:37:00Z,117.97
XLY,2026-06-05T13:38:00Z,117.955
XLY,2026-06-05T13:39:00Z,117.88
XLY,2026-06-05T13:40:00Z,117.89
XLY,2026-06-05T13:41:00Z,117.77
XLY,2026-06-05T13:42:00Z,117.69
XLY,2026-06-05T13:43:00Z,117.53
XLY,2026-06-05T13:44:00Z,117.565
XLY,2026-06-05T13:45:00Z,117.41
XLY,2026-06-05T13:46:00Z,117.41
XLY,2026-06-05T13:47:00Z,117.29
XLY,2026-06-05T13:48:00Z,117.32
XLY,2026-06-05T13:49:00Z,117.25
XLY,2026-06-05T13:50:00Z,117.2
XLY,2026-06-05T13:51:00Z,117.26
XLY,2026-06-05T13:52:00Z,117.25
XLY,2026-06-05T13:53:00Z,117.16
XLY,2026-06-05T13:54:00Z,117.13
XLY,2026-06-05T13:55:00Z,117.26
XLY,2026-06-05T13:56:00Z,117.28
XLY,2026-06-05T13:57:00Z,117.235
XLY,2026-06-05T13:58:00Z,117.31
XLY,2026-06-05T13:59:00Z,117.17
XLY,2026-06-05T14:00:00Z,117.16
XLY,2026-06-05T14:01:00Z,117.03
XLY,2026-06-05T14:02:00Z,117.26
XLY,2026-06-05T14:03:00Z,117.265
XLY,2026-06-05T14:04:00Z,117.155
XLY,2026-06-05T14:05:00Z,117.09
XLY,2026-06-05T14:06:00Z,116.95
XLY,2026-06-05T14:07:00Z,117.06
XLY,2026-06-05T14:08:00Z,117.02
XLY,2026-06-05T14:09:00Z,117.095
XLY,2026-06-05T14:10:00Z,117.21
XLY,2026-06-05T14:11:00Z,117.15
XLY,2026-06-05T14:12:00Z,117.14
XLY,2026-06-05T14:13:00Z,117.12
XLY,2026-06-05T14:14:00Z,117.17
XLY,2026-06-05T14:15:00Z,117.195
XLY,2026-06-05T14:16:00Z,117.225
XLY,2026-06-05T14:17:00Z,117.195
XLY,2026-06-05T14:18:00Z,117.225
XLY,2026-06-05T14:19:00Z,117.145
XLY,2026-06-05T14:20:00Z,117.16
XLY,2026-06-05T14:21:00Z,117.12
XLY,2026-06-05T14:22:00Z,117.16
XLY,2026-06-05T14:23:00Z,117.13
XLY,2026-06-05T14:24:00Z,117.06
XLY,2026-06-05T14:25:00Z,116.99
XLY,2026-06-05T14:26:00Z,116.97
XLY,2026-06-05T14:27:00Z,117.02
XLY,2026-06-05T14:28:00Z,117.01
XLY,2026-06-05T14:29:00Z,116.97
XLY,2026-06-05T14:30:00Z,117.025
XLY,2026-06-05T14:31:00Z,117.05
XLY,2026-06-05T14:32:00Z,117.07
XLY,2026-06-05T14:33:00Z,117.07
XLY,2026-06-05T14:34:00Z,117.04
XLY,2026-06-05T14:35:00Z,116.99
XLY,2026-06-05T14:36:00Z,116.93
XLY,2026-06-05T14:37:00Z,116.91
XLY,2026-06-05T14:38:00Z,116.905
XLY,2026-06-05T14:39:00Z,116.84
XLY,2026-06-05T14:40:00Z,116.83
XLY,2026-06-05T14:41:00Z,116.775
XLY,2026-06-05T14:42:00Z,116.77
XLY,2026-06-05T14:43:00Z,116.775
XLY,2026-06-05T14:44:00Z,116.78
XLY,2026-06-05T14:46:00Z,116.78
XLY,2026-06-05T14:47:00Z,116.78
XLY,2026-06-05T14:48:00Z,116.85
XLY,2026-06-05T14:49:00Z,116.905
XLY,2026-06-05T14:50:00Z,116.865
XLY,2026-06-05T14:51:00Z,116.795
XLY,2026-06-05T14:52:00Z,116.79
XLY,2026-06-05T14:55:00Z,116.785
XLY,2026-06-05T14:56:00Z,116.78
XLY,2026-06-05T14:57:00Z,116.755
XLY,2026-06-05T14:58:00Z,116.75
XLY,2026-06-05T14:59:00Z,116.755
XLY,2026-06-05T15:00:00Z,116.83
XLY,2026-06-05T15:02:00Z,116.74
XLY,2026-06-05T15:04:00Z,116.735
XLY,2026-06-05T15:05:00Z,116.64
XLY,2026-06-05T15:06:00Z,116.6
XLY,2026-06-05T15:07:00Z,116.56
XLY,2026-06-05T15:08:00Z,116.63
XLY,2026-06-05T15:09:00Z,116.67
XLY,2026-06-05T15:10:00Z,116.67
XLY,2026-06-05T15:11:00Z,116.66
XLY,2026-06-05T15:13:00Z,116.57
XLY,2026-06-05T15:14:00Z,116.53
XLY,2026-06-05T15:16:00Z,116.54
XLY,2026-06-05T15:17:00Z,116.57
XLY,2026-06-05T15:18:00Z,116.595
XLY,2026-06-05T15:20:00Z,116.57
XLY,2026-06-05T15:21:00Z,116.625
XLY,2026-06-05T15:22:00Z,116.6
XLY,2026-06-05T15:23:00Z,116.65
XLY,2026-06-05T15:25:00Z,116.61
XLY,2026-06-05T15:26:00Z,116.6
XLY,2026-06-05T15:27:00Z,116.61
XLY,2026-06-05T15:28:00Z,116.605
XLY,2026-06-05T15:29:00Z,116.66
XLY,2026-06-05T15:30:00Z,116.635
XLY,2026-06-05T15:31:00Z,116.615
XLY,2026-06-05T15:32:00Z,116.565
XLY,2026-06-05T15:33:00Z,116.59
XLY,2026-06-05T15:35:00Z,116.55
XLY,2026-06-05T15:36:00Z,116.48
XLY,2026-06-05T15:37:00Z,116.455
XLY,2026-06-05T15:38:00Z,116.42
XLY,2026-06-05T15:39:00Z,116.485
XLY,2026-06-05T15:40:00Z,116.41
XLY,2026-06-05T15:41:00Z,116.41
XLY,2026-06-05T15:42:00Z,116.485
XLY,2026-06-05T15:43:00Z,116.45
XLY,2026-06-05T15:44:00Z,116.385
XLY,2026-06-05T15:45:00Z,116.375
XLY,2026-06-05T15:46:00Z,116.35
XLY,2026-06-05T15:47:00Z,116.325
XLY,2026-06-05T15:49:00Z,116.295
XLY,2026-06-05T15:50:00Z,116.22
XLY,2026-06-05T15:51:00Z,116.245
XLY,2026-06-05T15:52:00Z,116.245
XLY,2026-06-05T15:53:00Z,116.255
XLY,2026-06-05T15:54:00Z,116.245
XLY,2026-06-05T15:55:00Z,116.21
XLY,2026-06-05T15:56:00Z,116.2
XLY,2026-06-05T15:57:00Z,116.215
XLY,2026-06-05T15:58:00Z,116.235
XLY,2026-06-05T15:59:00Z,116.205
XLY,2026-06-05T16:00:00Z,116.14
XLY,2026-06-05T16:01:00Z,116.14
AMZN,2026-06-08T13:30:00Z,247.73
AMZN,2026-06-08T13:31:00Z,249.02
AMZN,2026-06-08T13:32:00Z,247.19
AMZN,2026-06-08T13:33:00Z,247.04
AMZN,2026-06-08T13:34:00Z,247.22
AMZN,2026-06-08T13:35:00Z,247.0
AMZN,2026-06-08T13:36:00Z,247.45
AMZN,2026-06-08T13:37:00Z,247.53
AMZN,2026-06-08T13:38:00Z,247.66
AMZN,2026-06-08T13:39:00Z,247.75
AMZN,2026-06-08T13:40:00Z,247.79
AMZN,2026-06-08T13:41:00Z,247.53
AMZN,2026-06-08T13:42:00Z,247.395
AMZN,2026-06-08T13:43:00Z,247.64
AMZN,2026-06-08T13:44:00Z,247.74
AMZN,2026-06-08T13:45:00Z,247.9
AMZN,2026-06-08T13:46:00Z,248.0
AMZN,2026-06-08T13:47:00Z,248.185
AMZN,2026-06-08T13:48:00Z,247.66
AMZN,2026-06-08T13:49:00Z,247.87
AMZN,2026-06-08T13:50:00Z,247.55
AMZN,2026-06-08T13:51:00Z,247.43
AMZN,2026-06-08T13:52:00Z,247.97
AMZN,2026-06-08T13:53:00Z,248.31
AMZN,2026-06-08T13:54:00Z,248.54
AMZN,2026-06-08T13:55:00Z,248.25
AMZN,2026-06-08T13:56:00Z,247.74
AMZN,2026-06-08T13:57:00Z,247.355
AMZN,2026-06-08T13:58:00Z,247.05
AMZN,2026-06-08T13:59:00Z,247.1
AMZN,2026-06-08T14:00:00Z,246.92
AMZN,2026-06-08T14:01:00Z,247.04
AMZN,2026-06-08T14:02:00Z,246.98
AMZN,2026-06-08T14:03:00Z,247.17
AMZN,2026-06-08T14:04:00Z,246.93
AMZN,2026-06-08T14:05:00Z,246.87
XLY,2026-06-08T13:30:00Z,115.24
XLY,2026-06-08T13:31:00Z,115.51
XLY,2026-06-08T13:32:00Z,115.16
XLY,2026-06-08T13:33:00Z,115.06
XLY,2026-06-08T13:34:00Z,114.95
XLY,2026-06-08T13:35:00Z,114.87
XLY,2026-06-08T13:36:00Z,115.01
XLY,2026-06-08T13:37:00Z,115.025
XLY,2026-06-08T13:38:00Z,115.22
XLY,2026-06-08T13:39:00Z,115.155
XLY,2026-06-08T13:40:00Z,115.15
XLY,2026-06-08T13:41:00Z,115.155
XLY,2026-06-08T13:42:00Z,115.09
XLY,2026-06-08T13:43:00Z,115.16
XLY,2026-06-08T13:44:00Z,115.17
XLY,2026-06-08T13:45:00Z,115.22
XLY,2026-06-08T13:46:00Z,115.28
XLY,2026-06-08T13:47:00Z,115.255
XLY,2026-06-08T13:48:00Z,115.18
XLY,2026-06-08T13:49:00Z,115.32
XLY,2026-06-08T13:50:00Z,115.28
XLY,2026-06-08T13:51:00Z,115.33
XLY,2026-06-08T13:53:00Z,115.71
XLY,2026-06-08T13:54:00Z,115.75
XLY,2026-06-08T13:55:00Z,115.64
XLY,2026-06-08T13:56:00Z,115.665
XLY,2026-06-08T13:57:00Z,115.515
XLY,2026-06-08T13:58:00Z,115.54
XLY,2026-06-08T13:59:00Z,115.545
XLY,2026-06-08T14:00:00Z,115.58
XLY,2026-06-08T14:01:00Z,115.76
XLY,2026-06-08T14:02:00Z,115.72
XLY,2026-06-08T14:03:00Z,115.81
XLY,2026-06-08T14:04:00Z,115.635
XLY,2026-06-08T14:05:00Z,115.595
MCD,2026-06-15T13:30:00Z,284.4
MCD,2026-06-15T13:31:00Z,284.85
MCD,2026-06-15T13:32:00Z,284.95
MCD,2026-06-15T13:33:00Z,284.735
MCD,2026-06-15T13:34:00Z,284.37
MCD,2026-06-15T13:35:00Z,284.5
MCD,2026-06-15T13:36:00Z,285.26
MCD,2026-06-15T13:37:00Z,285.88
MCD,2026-06-15T13:38:00Z,286.13
MCD,2026-06-15T13:39:00Z,286.0
MCD,2026-06-15T13:40:00Z,285.705
MCD,2026-06-15T13:41:00Z,285.495
MCD,2026-06-15T13:42:00Z,285.65
MCD,2026-06-15T13:43:00Z,285.595
MCD,2026-06-15T13:44:00Z,285.79
MCD,2026-06-15T13:45:00Z,286.15
MCD,2026-06-15T13:46:00Z,285.88
MCD,2026-06-15T13:47:00Z,286.63
MCD,2026-06-15T13:48:00Z,286.37
MCD,2026-06-15T13:49:00Z,286.3
MCD,2026-06-15T13:50:00Z,286.6
MCD,2026-06-15T13:51:00Z,286.54
MCD,2026-06-15T13:52:00Z,286.455
MCD,2026-06-15T13:53:00Z,287.265
MCD,2026-06-15T13:54:00Z,286.915
MCD,2026-06-15T13:55:00Z,287.34
MCD,2026-06-15T13:56:00Z,287.335
MCD,2026-06-15T13:57:00Z,287.63
MCD,2026-06-15T13:58:00Z,287.69
MCD,2026-06-15T13:59:00Z,287.885
MCD,2026-06-15T14:00:00Z,287.44
MCD,2026-06-15T14:01:00Z,287.44
MCD,2026-06-15T14:02:00Z,287.365
MCD,2026-06-15T14:03:00Z,287.125
MCD,2026-06-15T14:04:00Z,286.79
MCD,2026-06-15T14:05:00Z,286.62
XLY,2026-06-15T13:30:00Z,118.6
XLY,2026-06-15T13:31:00Z,119.06
XLY,2026-06-15T13:32:00Z,119.12
XLY,2026-06-15T13:33:00Z,119.26
XLY,2026-06-15T13:34:00Z,119.325
XLY,2026-06-15T13:35:00Z,119.415
XLY,2026-06-15T13:36:00Z,119.4
XLY,2026-06-15T13:37:00Z,119.33
XLY,2026-06-15T13:38:00Z,119.16
XLY,2026-06-15T13:39:00Z,119.05
XLY,2026-06-15T13:40:00Z,118.96
XLY,2026-06-15T13:41:00Z,118.97
XLY,2026-06-15T13:42:00Z,119.06
XLY,2026-06-15T13:43:00Z,118.975
XLY,2026-06-15T13:44:00Z,119.09
XLY,2026-06-15T13:45:00Z,119.14
XLY,2026-06-15T13:46:00Z,119.12
XLY,2026-06-15T13:47:00Z,119.35
XLY,2026-06-15T13:48:00Z,119.2
XLY,2026-06-15T13:49:00Z,119.23
XLY,2026-06-15T13:50:00Z,119.15
XLY,2026-06-15T13:51:00Z,119.19
XLY,2026-06-15T13:52:00Z,119.17
XLY,2026-06-15T13:53:00Z,119.195
XLY,2026-06-15T13:54:00Z,119.18
XLY,2026-06-15T13:55:00Z,119.28
XLY,2026-06-15T13:56:00Z,119.2
XLY,2026-06-15T13:57:00Z,119.335
XLY,2026-06-15T13:58:00Z,119.3
XLY,2026-06-15T13:59:00Z,119.32
XLY,2026-06-15T14:00:00Z,119.12
XLY,2026-06-15T14:01:00Z,119.26
XLY,2026-06-15T14:02:00Z,119.06
XLY,2026-06-15T14:03:00Z,119.08
XLY,2026-06-15T14:04:00Z,118.985
XLY,2026-06-15T14:05:00Z,119.0
MCD,2026-06-17T13:30:00Z,286.39
MCD,2026-06-17T13:31:00Z,285.76
MCD,2026-06-17T13:32:00Z,285.455
MCD,2026-06-17T13:33:00Z,285.8
MCD,2026-06-17T13:34:00Z,286.3
MCD,2026-06-17T13:35:00Z,286.8
MCD,2026-06-17T13:36:00Z,287.11
MCD,2026-06-17T13:37:00Z,287.05
MCD,2026-06-17T13:38:00Z,286.75
MCD,2026-06-17T13:39:00Z,286.695
MCD,2026-06-17T13:40:00Z,286.695
MCD,2026-06-17T13:41:00Z,285.895
MCD,2026-06-17T13:42:00Z,285.93
MCD,2026-06-17T13:44:00Z,285.74
MCD,2026-06-17T13:45:00Z,285.52
MCD,2026-06-17T13:46:00Z,285.66
MCD,2026-06-17T13:48:00Z,285.68
MCD,2026-06-17T13:49:00Z,285.93
MCD,2026-06-17T13:52:00Z,285.68
MCD,2026-06-17T13:53:00Z,286.01
MCD,2026-06-17T13:54:00Z,286.38
MCD,2026-06-17T13:55:00Z,286.385
MCD,2026-06-17T13:56:00Z,286.345
MCD,2026-06-17T13:57:00Z,286.76
MCD,2026-06-17T13:58:00Z,286.62
MCD,2026-06-17T13:59:00Z,286.6
MCD,2026-06-17T14:00:00Z,286.685
MCD,2026-06-17T14:01:00Z,286.405
MCD,2026-06-17T14:02:00Z,286.61
MCD,2026-06-17T14:03:00Z,286.545
MCD,2026-06-17T14:04:00Z,286.645
MCD,2026-06-17T14:05:00Z,286.48
XLY,2026-06-17T13:30:00Z,117.95
XLY,2026-06-17T13:31:00Z,118.02
XLY,2026-06-17T13:32:00Z,117.89
XLY,2026-06-17T13:33:00Z,117.915
XLY,2026-06-17T13:34:00Z,118.01
XLY,2026-06-17T13:35:00Z,118.05
XLY,2026-06-17T13:36:00Z,118.055
XLY,2026-06-17T13:37:00Z,118.1
XLY,2026-06-17T13:38:00Z,118.035
XLY,2026-06-17T13:39:00Z,118.05
XLY,2026-06-17T13:40:00Z,117.935
XLY,2026-06-17T13:41:00Z,117.87
XLY,2026-06-17T13:42:00Z,117.89
XLY,2026-06-17T13:43:00Z,117.92
XLY,2026-06-17T13:44:00Z,118.02
XLY,2026-06-17T13:45:00Z,117.99
XLY,2026-06-17T13:46:00Z,118.0
XLY,2026-06-17T13:48:00Z,118.11
XLY,2026-06-17T13:49:00Z,118.07
XLY,2026-06-17T13:50:00Z,118.065
XLY,2026-06-17T13:51:00Z,117.99
XLY,2026-06-17T13:52:00Z,118.04
XLY,2026-06-17T13:53:00Z,118.09
XLY,2026-06-17T13:54:00Z,118.06
XLY,2026-06-17T13:55:00Z,118.03
XLY,2026-06-17T13:56:00Z,118.0
XLY,2026-06-17T13:57:00Z,117.94
XLY,2026-06-17T13:58:00Z,117.92
XLY,2026-06-17T13:59:00Z,117.85
XLY,2026-06-17T14:01:00Z,117.78
XLY,2026-06-17T14:02:00Z,117.83
XLY,2026-06-17T14:03:00Z,117.77
XLY,2026-06-17T14:04:00Z,117.82
XLY,2026-06-17T14:05:00Z,117.76
AMZN,2026-06-18T13:30:00Z,239.5
AMZN,2026-06-18T13:31:00Z,238.725
AMZN,2026-06-18T13:32:00Z,238.44
AMZN,2026-06-18T13:33:00Z,237.75
AMZN,2026-06-18T13:34:00Z,237.065
AMZN,2026-06-18T13:35:00Z,236.36
AMZN,2026-06-18T13:36:00Z,236.53
AMZN,2026-06-18T13:37:00Z,236.955
AMZN,2026-06-18T13:38:00Z,236.53
AMZN,2026-06-18T13:39:00Z,236.78
AMZN,2026-06-18T13:40:00Z,236.34
AMZN,2026-06-18T13:41:00Z,236.74
AMZN,2026-06-18T13:42:00Z,236.77
AMZN,2026-06-18T13:43:00Z,236.67
AMZN,2026-06-18T13:44:00Z,236.43
AMZN,2026-06-18T13:45:00Z,236.98
AMZN,2026-06-18T13:46:00Z,237.155
AMZN,2026-06-18T13:47:00Z,236.82
AMZN,2026-06-18T13:48:00Z,236.76
AMZN,2026-06-18T13:49:00Z,237.15
AMZN,2026-06-18T13:50:00Z,237.44
AMZN,2026-06-18T13:51:00Z,237.255
AMZN,2026-06-18T13:52:00Z,237.5
AMZN,2026-06-18T13:53:00Z,237.525
AMZN,2026-06-18T13:54:00Z,237.115
AMZN,2026-06-18T13:55:00Z,237.225
AMZN,2026-06-18T13:56:00Z,237.22
AMZN,2026-06-18T13:57:00Z,237.435
AMZN,2026-06-18T13:58:00Z,238.125
AMZN,2026-06-18T13:59:00Z,238.89
AMZN,2026-06-18T14:00:00Z,238.82
AMZN,2026-06-18T14:01:00Z,238.98
AMZN,2026-06-18T14:02:00Z,239.07
AMZN,2026-06-18T14:03:00Z,238.9
AMZN,2026-06-18T14:04:00Z,238.875
AMZN,2026-06-18T14:05:00Z,238.955
XLY,2026-06-18T13:30:00Z,116.4
XLY,2026-06-18T13:31:00Z,116.07
XLY,2026-06-18T13:32:00Z,116.18
XLY,2026-06-18T13:33:00Z,115.95
XLY,2026-06-18T13:34:00Z,116.05
XLY,2026-06-18T13:35:00Z,115.96
XLY,2026-06-18T13:36:00Z,115.9
XLY,2026-06-18T13:37:00Z,116.06
XLY,2026-06-18T13:38:00Z,115.96
XLY,2026-06-18T13:39:00Z,115.95
XLY,2026-06-18T13:40:00Z,115.78
XLY,2026-06-18T13:41:00Z,115.66
XLY,2026-06-18T13:42:00Z,115.77
XLY,2026-06-18T13:43:00Z,115.58
XLY,2026-06-18T13:44:00Z,115.63
XLY,2026-06-18T13:45:00Z,115.85
XLY,2026-06-18T13:46:00Z,115.77
XLY,2026-06-18T13:47:00Z,115.77
XLY,2026-06-18T13:48:00Z,115.69
XLY,2026-06-18T13:49:00Z,115.69
XLY,2026-06-18T13:50:00Z,115.85
XLY,2026-06-18T13:51:00Z,115.85
XLY,2026-06-18T13:52:00Z,115.95
XLY,2026-06-18T13:53:00Z,116.03
XLY,2026-06-18T13:54:00Z,115.9
XLY,2026-06-18T13:55:00Z,115.885
XLY,2026-06-18T13:56:00Z,115.81
XLY,2026-06-18T13:57:00Z,115.89
XLY,2026-06-18T13:58:00Z,115.93
XLY,2026-06-18T13:59:00Z,116.07
XLY,2026-06-18T14:00:00Z,116.14
XLY,2026-06-18T14:01:00Z,116.19
XLY,2026-06-18T14:02:00Z,116.185
XLY,2026-06-18T14:03:00Z,116.23
XLY,2026-06-18T14:04:00Z,116.2
XLY,2026-06-18T14:05:00Z,116.19
AAPL,2026-06-18T12:04:00Z,296.87
AAPL,2026-06-18T12:05:00Z,296.88
AAPL,2026-06-18T12:10:00Z,296.68
AAPL,2026-06-18T12:16:00Z,296.5
AAPL,2026-06-18T12:17:00Z,296.51
AAPL,2026-06-18T12:19:00Z,296.71
AAPL,2026-06-18T12:20:00Z,296.66
AAPL,2026-06-18T12:21:00Z,296.69
AAPL,2026-06-18T12:22:00Z,296.7
AAPL,2026-06-18T12:24:00Z,296.75
AAPL,2026-06-18T12:25:00Z,296.8
AAPL,2026-06-18T12:27:00Z,296.79
AAPL,2026-06-18T12:29:00Z,296.79
AAPL,2026-06-18T12:30:00Z,296.8
AAPL,2026-06-18T12:31:00Z,296.75
AAPL,2026-06-18T12:42:00Z,296.8
AAPL,2026-06-18T12:45:00Z,296.79
AAPL,2026-06-18T12:46:00Z,296.84
AAPL,2026-06-18T12:50:00Z,296.82
AAPL,2026-06-18T12:51:00Z,296.6
AAPL,2026-06-18T12:55:00Z,296.5
AAPL,2026-06-18T12:56:00Z,296.49
AAPL,2026-06-18T13:06:00Z,296.75
AAPL,2026-06-18T13:07:00Z,297.07
AAPL,2026-06-18T13:10:00Z,297.15
AAPL,2026-06-18T13:18:00Z,297.42
AAPL,2026-06-18T13:30:00Z,299.63
AAPL,2026-06-18T13:31:00Z,300.4
AAPL,2026-06-18T13:32:00Z,299.79
AAPL,2026-06-18T13:33:00Z,298.445
AAPL,2026-06-18T13:34:00Z,298.13
AAPL,2026-06-18T13:35:00Z,296.76
AAPL,2026-06-18T13:36:00Z,296.33
AAPL,2026-06-18T13:37:00Z,296.45
AAPL,2026-06-18T13:38:00Z,296.43
AAPL,2026-06-18T13:39:00Z,296.42
AAPL,2026-06-18T13:40:00Z,296.22
AAPL,2026-06-18T13:41:00Z,296.25
AAPL,2026-06-18T13:42:00Z,297.03
AAPL,2026-06-18T13:43:00Z,297.44
AAPL,2026-06-18T13:44:00Z,297.62
AAPL,2026-06-18T13:45:00Z,297.64
AAPL,2026-06-18T13:46:00Z,297.52
AAPL,2026-06-18T13:47:00Z,297.32
AAPL,2026-06-18T13:48:00Z,297.435
AAPL,2026-06-18T13:49:00Z,298.0
AAPL,2026-06-18T13:50:00Z,298.14
AAPL,2026-06-18T13:51:00Z,298.045
AAPL,2026-06-18T13:52:00Z,298.415
AAPL,2026-06-18T13:53:00Z,298.38
AAPL,2026-06-18T13:54:00Z,298.12
AAPL,2026-06-18T13:55:00Z,298.26
AAPL,2026-06-18T13:56:00Z,298.51
AAPL,2026-06-18T13:57:00Z,298.31
AAPL,2026-06-18T13:58:00Z,298.08
AAPL,2026-06-18T13:59:00Z,298.34
AAPL,2026-06-18T14:00:00Z,298.47
AAPL,2026-06-18T14:01:00Z,299.0
AAPL,2026-06-18T14:02:00Z,298.73
AAPL,2026-06-18T14:03:00Z,298.74
AAPL,2026-06-18T14:04:00Z,298.855
AAPL,2026-06-18T14:05:00Z,299.005
XLK,2026-06-18T13:30:00Z,190.33
XLK,2026-06-18T13:31:00Z,190.58
XLK,2026-06-18T13:32:00Z,190.73
XLK,2026-06-18T13:33:00Z,190.62
XLK,2026-06-18T13:34:00Z,190.09
XLK,2026-06-18T13:35:00Z,189.9
XLK,2026-06-18T13:36:00Z,189.63
XLK,2026-06-18T13:37:00Z,189.5
XLK,2026-06-18T13:38:00Z,189.61
XLK,2026-06-18T13:39:00Z,189.895
XLK,2026-06-18T13:40:00Z,189.9
XLK,2026-06-18T13:41:00Z,189.99
XLK,2026-06-18T13:42:00Z,190.11
XLK,2026-06-18T13:43:00Z,189.86
XLK,2026-06-18T13:44:00Z,189.66
XLK,2026-06-18T13:45:00Z,190.1
XLK,2026-06-18T13:46:00Z,190.09
XLK,2026-06-18T13:47:00Z,189.91
XLK,2026-06-18T13:48:00Z,189.96
XLK,2026-06-18T13:49:00Z,190.295
XLK,2026-06-18T13:50:00Z,190.18
XLK,2026-06-18T13:51:00Z,190.31
XLK,2026-06-18T13:52:00Z,190.405
XLK,2026-06-18T13:53:00Z,190.43
XLK,2026-06-18T13:54:00Z,190.04
XLK,2026-06-18T13:55:00Z,190.02
XLK,2026-06-18T13:56:00Z,189.96
XLK,2026-06-18T13:57:00Z,189.635
XLK,2026-06-18T13:58:00Z,189.68
XLK,2026-06-18T13:59:00Z,189.96
XLK,2026-06-18T14:00:00Z,190.115
XLK,2026-06-18T14:01:00Z,189.95
XLK,2026-06-18T14:02:00Z,190.165
XLK,2026-06-18T14:03:00Z,190.23
XLK,2026-06-18T14:04:00Z,190.14
XLK,2026-06-18T14:05:00Z,190.215
NVDA,2026-06-18T12:32:00Z,207.17
NVDA,2026-06-18T12:40:00Z,207.6
NVDA,2026-06-18T13:15:00Z,207.92
NVDA,2026-06-18T13:18:00Z,207.75
NVDA,2026-06-18T13:19:00Z,207.65
NVDA,2026-06-18T13:22:00Z,207.44
NVDA,2026-06-18T13:23:00Z,207.56
NVDA,2026-06-18T13:30:00Z,207.45
NVDA,2026-06-18T13:31:00Z,207.52
NVDA,2026-06-18T13:32:00Z,206.61
NVDA,2026-06-18T13:33:00Z,206.96
NVDA,2026-06-18T13:34:00Z,206.65
NVDA,2026-06-18T13:35:00Z,206.82
NVDA,2026-06-18T13:36:00Z,207.09
NVDA,2026-06-18T13:37:00Z,207.25
NVDA,2026-06-18T13:38:00Z,206.96
NVDA,2026-06-18T13:39:00Z,207.38
NVDA,2026-06-18T13:40:00Z,207.38
NVDA,2026-06-18T13:41:00Z,207.605
NVDA,2026-06-18T13:42:00Z,207.79
NVDA,2026-06-18T13:43:00Z,207.58
NVDA,2026-06-18T13:44:00Z,207.205
NVDA,2026-06-18T13:45:00Z,207.54
NVDA,2026-06-18T13:46:00Z,207.81
NVDA,2026-06-18T13:47:00Z,207.47
NVDA,2026-06-18T13:48:00Z,207.61
NVDA,2026-06-18T13:49:00Z,207.905
NVDA,2026-06-18T13:50:00Z,207.88
NVDA,2026-06-18T13:51:00Z,207.91
NVDA,2026-06-18T13:52:00Z,208.23
NVDA,2026-06-18T13:53:00Z,208.18
NVDA,2026-06-18T13:54:00Z,207.765
NVDA,2026-06-18T13:55:00Z,207.905
NVDA,2026-06-18T13:56:00Z,207.99
NVDA,2026-06-18T13:57:00Z,207.84
NVDA,2026-06-18T13:58:00Z,207.7
NVDA,2026-06-18T13:59:00Z,207.81
NVDA,2026-06-18T14:00:00Z,207.735
NVDA,2026-06-18T14:01:00Z,207.89
NVDA,2026-06-18T14:02:00Z,207.85
NVDA,2026-06-18T14:03:00Z,207.68
NVDA,2026-06-18T14:04:00Z,207.68
NVDA,2026-06-18T14:05:00Z,207.84
SOXX,2026-06-18T12:12:00Z,625.55
SOXX,2026-06-18T12:41:00Z,626.69
SOXX,2026-06-18T12:46:00Z,626.96
SOXX,2026-06-18T12:54:00Z,627.03
SOXX,2026-06-18T12:55:00Z,626.9
SOXX,2026-06-18T13:13:00Z,626.64
SOXX,2026-06-18T13:30:00Z,626.33
SOXX,2026-06-18T13:31:00Z,629.06
SOXX,2026-06-18T13:32:00Z,630.68
SOXX,2026-06-18T13:33:00Z,631.44
SOXX,2026-06-18T13:34:00Z,629.57
SOXX,2026-06-18T13:35:00Z,629.12
SOXX,2026-06-18T13:36:00Z,627.35
SOXX,2026-06-18T13:37:00Z,626.58
SOXX,2026-06-18T13:38:00Z,629.14
SOXX,2026-06-18T13:39:00Z,630.17
SOXX,2026-06-18T13:40:00Z,630.68
SOXX,2026-06-18T13:41:00Z,630.16
SOXX,2026-06-18T13:42:00Z,630.74
SOXX,2026-06-18T13:43:00Z,628.86
SOXX,2026-06-18T13:44:00Z,627.41
SOXX,2026-06-18T13:45:00Z,629.19
SOXX,2026-06-18T13:46:00Z,629.38
SOXX,2026-06-18T13:47:00Z,629.45
SOXX,2026-06-18T13:48:00Z,629.8
SOXX,2026-06-18T13:49:00Z,631.2
SOXX,2026-06-18T13:50:00Z,631.315
SOXX,2026-06-18T13:51:00Z,631.405
SOXX,2026-06-18T13:52:00Z,631.98
SOXX,2026-06-18T13:53:00Z,631.95
SOXX,2026-06-18T13:54:00Z,630.36
SOXX,2026-06-18T13:55:00Z,630.95
SOXX,2026-06-18T13:56:00Z,630.06
SOXX,2026-06-18T13:57:00Z,628.94
SOXX,2026-06-18T13:58:00Z,628.75
SOXX,2026-06-18T13:59:00Z,630.45
SOXX,2026-06-18T14:00:00Z,631.47
SOXX,2026-06-18T14:01:00Z,630.57
SOXX,2026-06-18T14:02:00Z,631.72
SOXX,2026-06-18T14:03:00Z,631.95
SOXX,2026-06-18T14:04:00Z,631.66
SOXX,2026-06-18T14:05:00Z,631.17
INTC,2026-06-18T12:10:00Z,132.36
INTC,2026-06-18T12:14:00Z,132.59
INTC,2026-06-18T12:15:00Z,132.65
INTC,2026-06-18T12:20:00Z,132.33
INTC,2026-06-18T12:22:00Z,132.52
INTC,2026-06-18T12:29:00Z,132.41
INTC,2026-06-18T12:57:00Z,131.76
INTC,2026-06-18T13:07:00Z,130.8
INTC,2026-06-18T13:08:00Z,130.95
INTC,2026-06-18T13:22:00Z,131.76
INTC,2026-06-18T13:29:00Z,131.99
INTC,2026-06-18T13:30:00Z,131.53
INTC,2026-06-18T13:31:00Z,132.35
INTC,2026-06-18T13:32:00Z,134.12
INTC,2026-06-18T13:33:00Z,134.66
INTC,2026-06-18T13:34:00Z,134.05
INTC,2026-06-18T13:35:00Z,134.89
INTC,2026-06-18T13:36:00Z,133.12
INTC,2026-06-18T13:37:00Z,133.33
INTC,2026-06-18T13:38:00Z,133.63
INTC,2026-06-18T13:39:00Z,134.685
INTC,2026-06-18T13:40:00Z,134.875
INTC,2026-06-18T13:41:00Z,133.295
INTC,2026-06-18T13:42:00Z,133.86
INTC,2026-06-18T13:43:00Z,133.82
INTC,2026-06-18T13:44:00Z,133.145
INTC,2026-06-18T13:45:00Z,133.67
INTC,2026-06-18T13:46:00Z,133.47
INTC,2026-06-18T13:47:00Z,132.21
INTC,2026-06-18T13:48:00Z,131.24
INTC,2026-06-18T13:49:00Z,131.14
INTC,2026-06-18T13:50:00Z,130.92
INTC,2026-06-18T13:51:00Z,131.135
INTC,2026-06-18T13:52:00Z,130.97
INTC,2026-06-18T13:53:00Z,130.795
INTC,2026-06-18T13:54:00Z,130.365
INTC,2026-06-18T13:55:00Z,130.29
INTC,2026-06-18T13:56:00Z,129.88
INTC,2026-06-18T13:57:00Z,129.21
INTC,2026-06-18T13:58:00Z,129.305
INTC,2026-06-18T13:59:00Z,129.59
INTC,2026-06-18T14:00:00Z,130.03
INTC,2026-06-18T14:01:00Z,130.22
INTC,2026-06-18T14:02:00Z,130.53
INTC,2026-06-18T14:03:00Z,130.95
INTC,2026-06-18T14:04:00Z,130.82
INTC,2026-06-18T14:05:00Z,130.45
