post_id,tweet_text,tweet_date,primary_entity,match_tier,rel_reason,stance,stance_evidence,competitor_tickers,sector_etf,missing_bars,raw_1D,abn_1D,verdict_1D,raw_2D,abn_2D,verdict_2D,raw_3D,abn_3D,verdict_3D,raw_5D,abn_5D,verdict_5D,raw_10D,abn_10D,verdict_10D,raw_1mo,abn_1mo,verdict_1mo
113781393195053401,"“Had this election not been won by Donald Trump, civilization would be lost.” Elon Musk",2025-01-06,TSLA,direct,direct: 'elon musk',no_clear_stance,,,XLY,0,-0.0287,-0.0219,no_claim,-0.0681,-0.0421,no_claim,-0.0668,-0.0435,no_claim,-0.047,-0.0196,no_claim,0.0021,-0.0092,no_claim,-0.1064,-0.1101,no_claim
113781828670659948,"The story in the Washington Post, quoting so-called anonymous sources, which don't exist, incorrectly states that my tariff policy will be pared back. That is wrong. The Washington Post knows it's wro",2025-01-06,AMZN,indirect,indirect: 'washington post',negative,wrong,WMT TGT COST,XLY,0,0.0037,0.0104,opposite,-0.0206,0.0054,flat,-0.0205,0.0028,flat,-0.0367,-0.0093,flat,0.0173,0.006,flat,0.0414,0.0377,flat
113826686962325672,"RELEASE THE WATER, NEWSOM. WHAT IS WRONG WITH YOU? DJT",2025-01-14,DJT,direct,direct: 'djt',no_clear_stance,,,SPY,1,,,no_claim,,,no_claim,,,no_claim,,,no_claim,,,no_claim,,,no_claim
113847449027767807,"Coming up, THE MOST IMPORTANT WEEKEND, PLUS, IN AMERICAN HISTORY. ENJOY!  DJT",2025-01-18,DJT,direct,direct: 'djt',no_clear_stance,,,SPY,1,,,no_claim,,,no_claim,,,no_claim,,,no_claim,,,no_claim,,,no_claim
113898263726281638,THE USA HAS A LOT OF WINNING TO DO! DJT,2025-01-27,DJT,direct,direct: 'djt',no_clear_stance,,,SPY,1,,,no_claim,,,no_claim,,,no_claim,,,no_claim,,,no_claim,,,no_claim
113903630433895227,"Wow! In Nevada, a State I love and WON BIG in 2024, Republicans now lead Democrats in Voter Registration for the first time since 2007. Thank you to Chairman Michael McDonald, Governor Joe Lombardo, a",2025-01-28,MCD,direct,direct: 'mcdonald's',positive,thank|outstanding|historic,,XLY,0,-0.0043,-0.0084,opposite,-0.0078,-0.0091,opposite,-0.0071,-0.0182,opposite,-0.008,-0.0013,flat,0.0548,0.0734,match,0.0406,0.1061,match
113909188940119917,I have just asked Elon Musk and @SpaceX to “go get” the 2 brave astronauts who have been virtually abandoned in space by the Biden Administration. They have been waiting for many months on @Space Stat,2025-01-29,TSLA,direct,direct: 'elon musk',no_clear_stance,,,XLY,0,-0.0155,-0.0118,no_claim,0.0128,0.0067,no_claim,0.0238,0.0221,no_claim,-0.0076,-0.0076,no_claim,-0.1688,-0.1342,no_claim,-0.2866,-0.2031,no_claim
113928759847321475,"Ellie Cohanim on Israel, and Phill Flynn on Tariffs, were GREAT on Fox & Friends this morning. Real “Pros!” DJT",2025-02-01,DJT,direct,direct: 'djt',no_clear_stance,,,SPY,1,,,no_claim,,,no_claim,,,no_claim,,,no_claim,,,no_claim,,,no_claim
113946130240319294,"20 years ago, Autism in children was 1 in 10,000. NOW IT’S 1 in 34. WOW! Something’s really wrong. We need BOBBY!!!  Thank You! DJT",2025-02-04,DJT,direct,direct: 'djt',no_clear_stance,,,SPY,1,,,no_claim,,,no_claim,,,no_claim,,,no_claim,,,no_claim,,,no_claim
113962698098343227,BALANCED BUDGET!!! DJT,2025-02-07,DJT,direct,direct: 'djt',no_clear_stance,,,SPY,1,,,no_claim,,,no_claim,,,no_claim,,,no_claim,,,no_claim,,,no_claim
113963121926787410,"Eugene Robinson of the Washington Post is INCOMPETENT! So sad to see him trying to justify the waste, fraud, and corruption at USAID with his pathetic Radical Left SPIN. He should be fired immediately",2025-02-07,AMZN,indirect,indirect: 'washington post',negative,incompetent,WMT TGT COST,XLY,0,0.0112,0.0118,opposite,0.0096,0.0215,opposite,-0.007,0.0051,flat,-0.0081,-0.0104,flat,-0.0774,-0.038,match,-0.1473,-0.0144,flat
114020008419550279,"Who is running the Country right now? In his new book, “American Leviathan: The Birth of the Administrative State and Progressive Authoritarianism,” Ned Ryun reveals the History of the Deep State, whi",2025-02-17,AMZN,direct,direct: 'amazon',no_clear_stance,,WMT TGT COST,XLY,0,-0.0095,-0.007,no_claim,-0.0096,-0.0065,no_claim,-0.026,-0.0143,no_claim,-0.0704,-0.0291,no_claim,-0.104,-0.0381,no_claim,-0.1573,-0.01,no_claim
114027770237892482,“TUNE IN: Exclusive Hannity Interview with President Trump and Elon Musk Tonight at 9PM ET” https://hannity.com/media-room/tune-in-exclusive-hannity-interview-with-president-trump-and-elon-musk-tonigh,2025-02-19,TSLA,direct,direct: 'elon musk',no_clear_stance,,,XLY,0,0.0185,0.0144,no_claim,0.0011,0.0057,no_claim,-0.0458,-0.015,no_claim,-0.1446,-0.1052,no_claim,-0.2315,-0.1557,no_claim,-0.3337,-0.209,no_claim
114033427089061668,"Elon Musk: “The President’s instincts on Ukraine are absolutely right. It is really sad that so many parents have lost their sons, and so many sons their fathers in this pointless war.”",2025-02-20,TSLA,direct,direct: 'elon musk',no_clear_stance,,,XLY,0,-0.0197,-0.0138,no_claim,-0.0656,-0.0335,no_claim,-0.0857,-0.05,no_claim,-0.1956,-0.1509,no_claim,-0.228,-0.165,no_claim,-0.3465,-0.2185,no_claim
114036638899167319,BALANCE BUDGET NOW??? LETS GIVE IT A SHOT. LOTS OF MONEY COMING IN FROM TARIFFS. DO IT! DJT,2025-02-20,DJT,direct,direct: 'djt',no_clear_stance,,,SPY,1,,,no_claim,,,no_claim,,,no_claim,,,no_claim,,,no_claim,,,no_claim
114058814859681967,"APPLE HAS JUST ANNOUNCED A RECORD 500 BILLION DOLLAR INVESTMENT IN THE UNITED STATES OF AMERICA. THE REASON, FAITH IN WHAT WE ARE DOING, WITHOUT WITCH, THEY WOULD’NT BE INVESTING TEN CENTS. THANK YOU ",2025-02-24,AAPL,direct,direct: 'apple',positive,record|thank,,XLK,0,0.0089,0.027,match,0.0086,0.0394,match,-0.0187,0.0016,flat,-0.0126,0.0309,match,-0.0239,0.0492,match,-0.0988,-0.0234,flat
114059004456970017,"APPLE HAS JUST ANNOUNCED A RECORD 500 BILLION DOLLAR INVESTMENT IN THE UNITED STATES OF AMERICA. THE REASON, FAITH IN WHAT WE ARE DOING, WITHOUT WHICH, THEY WOULD’NT BE INVESTING TEN CENTS. THANK YOU ",2025-02-24,AAPL,direct,direct: 'apple',positive,record|thank,,XLK,0,0.0089,0.027,match,0.0086,0.0394,match,-0.0187,0.0016,flat,-0.0126,0.0309,match,-0.0239,0.0492,match,-0.0988,-0.0234,flat
114059888811732826,"Elon Musk: ""7 out of 10 voters want $1T removed from federal spending.""",2025-02-24,TSLA,direct,direct: 'elon musk',no_clear_stance,,,XLY,0,-0.0741,-0.0694,no_claim,-0.1108,-0.102,no_claim,-0.1378,-0.1147,no_claim,-0.1296,-0.1044,no_claim,-0.3207,-0.2328,no_claim,-0.1189,-0.0685,no_claim
114069904344598839,https://truthsocial.com/@realDonaldTrump/114057798709965917   I thought it would be appropriate to take out my thank you TRUTH to Elon Musk after our (ALL OF US!) big Election Win. Nothing has changed,2025-02-26,TSLA,direct,direct: 'elon musk',positive,thank,,XLY,0,-0.0425,-0.0317,opposite,-0.0716,-0.0466,opposite,-0.0353,-0.0265,flat,-0.1043,-0.06,opposite,-0.2408,-0.1421,opposite,-0.1042,-0.0395,flat
114069904344598839,https://truthsocial.com/@realDonaldTrump/114057798709965917   I thought it would be appropriate to take out my thank you TRUTH to Elon Musk after our (ALL OF US!) big Election Win. Nothing has changed,2025-02-26,DJT,direct,direct: 'djt',no_clear_stance,,,SPY,1,,,no_claim,,,no_claim,,,no_claim,,,no_claim,,,no_claim,,,no_claim
114070190082477156,"Congratulations to the U.S. Dockworkers on your great new deal. Also, thank you for your overwhelming support in the Presidential Election. Slowing down automation, just a little bit, is an OK thing t",2025-02-26,DJT,direct,direct: 'djt',no_clear_stance,,,SPY,1,,,no_claim,,,no_claim,,,no_claim,,,no_claim,,,no_claim,,,no_claim
114070315739588346,"APPLE SHOULD GET RID OF DEI RULES, NOT JUST MAKE ADJUSTMENTS TO THEM. DEI WAS A HOAX THAT HAS BEEN VERY BAD FOR OUR COUNTRY. DEI IS GONE!!!",2025-02-26,AAPL,direct,direct: 'apple',no_clear_stance,,,XLK,0,-0.0162,-0.0173,no_claim,-0.0288,0.0066,no_claim,-0.0102,0.0124,no_claim,-0.0344,0.0187,no_claim,-0.0961,0.0007,no_claim,-0.0933,-0.0201,no_claim
114070572392915582,"Big First Step Win for Speaker Mike Johnson, and AMERICA. Now let’s start to BALANCE THE BUDGET. IT CAN BE DONE!!! DJT",2025-02-26,DJT,direct,direct: 'djt',no_clear_stance,,,SPY,1,,,no_claim,,,no_claim,,,no_claim,,,no_claim,,,no_claim,,,no_claim
114071853044146528,Elon Musk: “President Trump has put together the best Cabinet ever...And I do not give false praise. This is an incredible group of people. I don't think such a talented team has ever been assembled…”,2025-02-26,TSLA,direct,direct: 'elon musk',positive,best,,XLY,0,-0.0316,-0.0127,flat,0.0063,0.0089,flat,-0.0224,-0.0013,flat,-0.0414,-0.0177,flat,-0.1479,-0.0601,opposite,-0.0619,-0.0036,flat
114129217070412961,ELON AND MARCO HAVE A GREAT RELATIONSHIP. ANY STATEMENT OTHER THAN THAT IS FAKE NEWS!!! DJT,2025-03-08,DJT,direct,direct: 'djt',no_clear_stance,,,SPY,1,,,no_claim,,,no_claim,,,no_claim,,,no_claim,,,no_claim,,,no_claim
114135672415463032,Great job by Congressman Brian Mast on FoxNews. He’s got it together!!! DJT,2025-03-10,DJT,direct,direct: 'djt',no_clear_stance,,,SPY,1,,,no_claim,,,no_claim,,,no_claim,,,no_claim,,,no_claim,,,no_claim
114140437287253298,"Back by popular demand, for the first time in 20 years, the Emmy nominated ORIGINAL APPRENTICE STARRING PRESIDENT DONALD TRUMP is back!! Watch Season 1 of The Apprentice, now streaming on Prime Video.",2025-03-10,AMZN,indirect,indirect: 'prime video',no_clear_stance,,WMT TGT COST,XLY,0,0.0139,0.0231,no_claim,0.0257,0.0292,no_claim,-0.0001,0.0283,no_claim,0.0095,0.0156,no_claim,0.0483,0.0148,no_claim,-0.1199,-0.0119,no_claim
114141854575248527,"To Republicans, Conservatives, and all great Americans, Elon Musk is “putting it on the line” in order to help our Nation, and he is doing a FANTASTIC JOB! But the Radical Left Lunatics, as they often",2025-03-11,TSLA,direct,direct: 'tesla',positive,great|fantastic|great|great,,XLY,0,0.0234,0.0326,match,0.1011,0.1046,match,0.0682,0.0966,match,0.0564,0.0625,match,0.2356,0.2021,match,-0.0153,0.0926,flat
114145611018414576,"Elon Musk: “As a function of the great policies of President Trump and his administration, and as an act of faith in America, Tesla is going to DOUBLE vehicle output in the United States within the ne",2025-03-11,TSLA,direct,direct: 'tesla',positive,great,,XLY,0,0.0035,0.0148,flat,-0.0265,0.0095,flat,0.0112,0.0266,flat,-0.0886,-0.0571,flat,0.1655,0.132,match,0.101,0.1196,match
114145621000876629,The Tesla Model S — BEAUTIFUL!,2025-03-11,TSLA,direct,direct: 'tesla',positive,beautiful,,XLY,0,0.0035,0.0148,flat,-0.0265,0.0095,flat,0.0112,0.0266,flat,-0.0886,-0.0571,flat,0.1655,0.132,match,0.101,0.1196,match
114145974393951612,"I am pleased to announce that Dearborn Heights Mayor Bill Bazzi will be the next United States Ambassador to the Republic of Tunisia. Bazzi is a decorated U.S. Marine, who honorably served our Country",2025-03-11,BA,direct,direct: 'boeing',no_clear_stance,,,ITA,0,0.0115,0.0139,no_claim,0.0148,0.0199,no_claim,0.0306,0.0203,no_claim,0.0291,0.0071,no_claim,0.163,0.0957,no_claim,0.0243,0.0217,no_claim
114146381629892800,"Big WIN for Republicans, and America, tonight. Congratulations to ALL!!! DJT",2025-03-11,DJT,direct,direct: 'djt',no_clear_stance,,,SPY,1,,,no_claim,,,no_claim,,,no_claim,,,no_claim,,,no_claim,,,no_claim
114149845661093099,"Wow!!! People are loving Elon, a GREAT PATRIOT. Nice to see!!! DJT",2025-03-12,DJT,direct,direct: 'djt',no_clear_stance,,,SPY,1,,,no_claim,,,no_claim,,,no_claim,,,no_claim,,,no_claim,,,no_claim
114151257383811463,"Goldman Sachs CEO David Solomon: ""One of the things that I do like is that the President is engaged with the business community. The administration is engaged with the business community — and that's ",2025-03-12,GS,direct,direct: 'goldman sachs',no_clear_stance,,,XLF,0,-0.0203,-0.0123,no_claim,0.0107,-0.0043,no_claim,0.0293,0.0023,no_claim,0.0405,0.0034,no_claim,0.0714,0.0157,no_claim,-0.0856,-0.0496,no_claim
114151328220491045,"“GE Aerospace announced on Tuesday a nearly $1 billion investment in U.S. manufacturing, the latest company to do so under the Trump administration…It marks the latest company to put money back into t",2025-03-12,AAPL,direct,direct: 'apple',no_clear_stance,,,XLK,0,-0.029,-0.0129,no_claim,-0.0114,-0.025,no_claim,-0.009,-0.0297,no_claim,-0.0033,-0.0215,no_claim,0.0258,0.0126,no_claim,-0.1182,-0.0407,no_claim
114161025000723427,"Congratulations to Chuck Schumer for doing the right thing — Took “guts” and courage! The big Tax Cuts, L.A. fire fix, Debt Ceiling Bill, and so much more, is coming. We should all work together on th",2025-03-14,DJT,direct,direct: 'djt',no_clear_stance,,,SPY,1,,,no_claim,,,no_claim,,,no_claim,,,no_claim,,,no_claim,,,no_claim
114176199348948643,“Stranded NASA astronauts thank Musk and Trump”,2025-03-17,TSLA,direct,direct: 'musk',positive,thank,,XLY,0,-0.0288,-0.0302,opposite,-0.0806,-0.0642,opposite,-0.0375,-0.04,flat,0.0149,0.0112,flat,0.0755,0.0711,flat,0.0297,0.0599,flat
114179081339591399,"I just spoke with the Acting Administrator of NASA, Janet Petro. She is coordinating our Team of highly respected Scientists, Space Engineers, and various other “geniuses,” who has agreed to let our A",2025-03-17,TSLA,direct,direct: 'elon musk',no_clear_stance,,,XLY,0,-0.0125,-0.0039,no_claim,0.0337,0.0233,no_claim,0.0355,0.0275,no_claim,0.2202,0.1705,no_claim,0.1359,0.1214,no_claim,0.1137,0.1432,no_claim
114186559522815802,Wow. What a great interview of Elon Musk by Sean Hannity. A must watch. TWO GREAT AMERICANS!!!  DJT,2025-03-19,TSLA,direct,direct: 'elon musk',positive,great,,XLY,0,0.0183,0.0062,flat,0.0201,0.0104,flat,0.0738,0.0605,match,0.2441,0.1844,match,0.1591,0.1323,match,0.0429,0.0948,flat
114186559522815802,Wow. What a great interview of Elon Musk by Sean Hannity. A must watch. TWO GREAT AMERICANS!!!  DJT,2025-03-19,DJT,direct,direct: 'djt',no_clear_stance,,,SPY,1,,,no_claim,,,no_claim,,,no_claim,,,no_claim,,,no_claim,,,no_claim
114190845050387383,“TRUMP ON TESLA TERRORISM”,2025-03-19,TSLA,direct,direct: 'tesla',no_clear_stance,,,XLY,0,0.0125,0.0075,no_claim,0.0658,0.0572,no_claim,0.193,0.1466,no_claim,0.1659,0.1249,no_claim,0.2117,0.1703,no_claim,0.0344,0.0847,no_claim
114194879718374915,âNvidia to spend hundreds of billions in U.S. during Trump's termâ https://www.axios.com/2025/03/20/nvidia-spend-hundreds-billions-us-during-trump-term,2025-03-20,NVDA,direct,direct: 'nvidia',no_clear_stance,,,SOXX,0,0.017,0.0122,no_claim,0.0099,0.0156,no_claim,0.0417,0.0179,no_claim,-0.0239,-0.0137,no_claim,-0.0526,0.0025,no_claim,-0.1292,0.0402,no_claim
114195442142009895,Financial Times: “The huge spending projection from the world’s most valuable semiconductor group (Nvidia) follows multibillion-dollar US investment plans announced by other technology companies inclu,2025-03-20,AAPL,direct,direct: 'apple',no_clear_stance,,,XLK,0,0.0317,0.0163,no_claim,0.0433,0.0087,no_claim,0.0576,0.0196,no_claim,0.0581,0.0526,no_claim,-0.0396,0.0323,no_claim,-0.087,0.0199,no_claim
114195442142009895,Financial Times: “The huge spending projection from the world’s most valuable semiconductor group (Nvidia) follows multibillion-dollar US investment plans announced by other technology companies inclu,2025-03-20,NVDA,direct,direct: 'nvidia',no_clear_stance,,,SOXX,0,0.0065,-0.0008,no_claim,0.0382,0.001,no_claim,0.0321,0.0005,no_claim,-0.0471,-0.03,no_claim,-0.1295,0.0099,no_claim,-0.1713,0.002,no_claim
114198186465713235,"The Fake News is at it again, this time the Failing New York Times. They said, incorrectly, that Elon Musk is going to the Pentagon tomorrow to be briefed on any potential “war with China.” How ridicu",2025-03-21,TSLA,direct,direct: 'elon musk',no_clear_stance,,,XLY,0,0.0584,0.0426,no_claim,0.1847,0.1309,no_claim,0.2262,0.164,no_claim,0.1623,0.1133,no_claim,0.1374,0.152,no_claim,-0.0319,0.0373,no_claim
114200175082806882,"“Elon Musk will be briefed by the Pentagon about the USA’s top secret plans against China should there be a War,”according to the Failing New York Times, one of the worst and most purposely inaccurate",2025-03-21,TSLA,direct,direct: 'elon musk',negative,failing|worst,,XLY,0,0.0584,0.0426,opposite,0.1847,0.1309,opposite,0.2262,0.164,opposite,0.1623,0.1133,opposite,0.1374,0.152,opposite,-0.0319,0.0373,flat
114200244380161257,"I look forward to watching the sick terrorist thugs get 20 year jail sentences for what they are doing to Elon Musk and Tesla. Perhaps they could serve them in the prisons of El Salvador, which have b",2025-03-21,TSLA,direct,direct: 'tesla',no_clear_stance,,,XLY,0,0.0584,0.0426,no_claim,0.1847,0.1309,no_claim,0.2262,0.164,no_claim,0.1623,0.1133,no_claim,0.1374,0.152,no_claim,-0.0319,0.0373,no_claim
114205890583765400,"While the State of Maine has apologized for their Governor’s strong, but totally incorrect, statement about men playing in women’s sports while at the White House House Governor’s Conference, we have ",2025-03-22,DJT,direct,direct: 'djt',no_clear_stance,,,SPY,1,,,no_claim,,,no_claim,,,no_claim,,,no_claim,,,no_claim,,,no_claim
114212946787400937,But he doesn’t mind if criminals come into our Country. He is a Constitutional disaster! DJT,2025-03-23,DJT,direct,direct: 'djt',no_clear_stance,,,SPY,1,,,no_claim,,,no_claim,,,no_claim,,,no_claim,,,no_claim,,,no_claim
114259522932730072,“House GOP campaign chairman says voters will ‘reward us’ for the Trump-Musk DOGE cuts” https://apnews.com/article/musk-doge-trump-republicans-2026-elections-hudson-b853ea4198ad6f967b1acfc4e2954833,2025-03-31,TSLA,direct,direct: 'musk',no_clear_stance,,,XLY,0,0.0177,0.006,no_claim,0.0719,0.0409,no_claim,0.0132,0.0445,no_claim,-0.1157,-0.0316,no_claim,-0.0434,-0.0082,no_claim,0.0696,0.0693,no_claim
114265268833712885,"“Judges are just pretending to be Judges! They are making the law instead of deciding the law!” — Elon Musk. In other words, they are totally out of control, in complete violation of our Constitution.",2025-04-01,TSLA,direct,direct: 'elon musk',no_clear_stance,,,XLY,0,0.1106,0.0729,no_claim,0.0498,0.0748,no_claim,-0.0596,0.0075,no_claim,-0.1286,-0.0286,no_claim,-0.0019,0.034,no_claim,0.1018,0.0895,no_claim
114296933498836216,Seeing the World Champion Los Angeles Dodgers at 11:00 A.M. Exciting!!! DJT,2025-04-07,DJT,direct,direct: 'djt',no_clear_stance,,,SPY,1,,,no_claim,,,no_claim,,,no_claim,,,no_claim,,,no_claim,,,no_claim
114307832213562859,"This is a GREAT time to move your COMPANY into the United States of America, like Apple, and so many others, in record numbers, are doing. ZERO TARIFFS, and almost immediate Electrical/Energy hook ups",2025-04-09,AAPL,direct,direct: 'apple',positive,great|record,,XLK,0,0.1564,0.0245,match,0.1074,0.0282,match,0.1524,0.051,match,0.1756,0.0601,match,0.1899,0.0903,match,0.1485,-0.0612,flat
114308228615083777,"“Fixing Trade and Tariffs is a good thing!” Jamie Dimon, JPMorgan Chase, Chairman & CEO, on Maria B Show!",2025-04-09,JPM,direct,direct: 'jp morgan',no_clear_stance,,,XLF,0,0.1028,0.0105,no_claim,0.0688,0.007,no_claim,0.1115,0.0322,no_claim,0.0971,0.0039,no_claim,0.1336,0.0299,no_claim,0.1928,0.0397,no_claim
114308272725981913,THIS IS A GREAT TIME TO BUY!!! DJT,2025-04-09,DJT,direct,direct: 'djt',no_clear_stance,,,SPY,1,,,no_claim,,,no_claim,,,no_claim,,,no_claim,,,no_claim,,,no_claim
114313667304867320,"Great News! “The Big, Beautiful Bill” is coming along really well. Republicans are working together nicely. Biggest Tax Cuts in USA History!!! Getting close. DJT",2025-04-10,DJT,direct,direct: 'djt',no_clear_stance,,,SPY,1,,,no_claim,,,no_claim,,,no_claim,,,no_claim,,,no_claim,,,no_claim
114319533589155171,"We are doing really well on our TARIFF POLICY.  Very exciting for America, and the World!!! It is moving along quickly.  DJT",2025-04-11,DJT,direct,direct: 'djt',no_clear_stance,,,SPY,1,,,no_claim,,,no_claim,,,no_claim,,,no_claim,,,no_claim,,,no_claim
114319659315817918,"The House and Senate should push hard for more Daylight at the end of a day. Very popular and, most importantly, no more changing of the clocks, a big inconvenience and, for our government, A VERY COS",2025-04-11,DJT,direct,direct: 'djt',no_clear_stance,,,SPY,1,,,no_claim,,,no_claim,,,no_claim,,,no_claim,,,no_claim,,,no_claim
114336879485867419,“NVIDIA to Manufacture American-Made AI Supercomputers in US for First Time” https://blogs.nvidia.com/blog/nvidia-manufacture-american-made-ai-supercomputers-us/,2025-04-14,NVDA,direct,direct: 'nvidia',no_clear_stance,,,SOXX,0,0.0111,0.0123,no_claim,-0.0584,-0.0186,no_claim,-0.0854,-0.0409,no_claim,-0.1089,-0.0658,no_claim,-0.0176,-0.0646,no_claim,0.2196,-0.0125,no_claim
114341773968885783,"NVIDIA COMMITS 500 BILLION DOLLARS TO BUILD A.I. SUPERCOMPUTERS, PLUS, IN THE UNITED STATES, EXCLUSIVELY. This is very big and exciting news. All necessary permits will be expedited and quickly delive",2025-04-15,NVDA,direct,direct: 'nvidia',no_clear_stance,,,SOXX,0,0.0111,0.0123,no_claim,-0.0584,-0.0186,no_claim,-0.0854,-0.0409,no_claim,-0.1089,-0.0658,no_claim,-0.0176,-0.0646,no_claim,0.2196,-0.0125,no_claim
114342518862792060,"Our farmers are GREAT, but because of their GREATNESS, they are always put on the Front Line with our adversaries, such as China, whenever there is a Trade negotiation or, in this case, a Trade War. T",2025-04-15,BA,direct,direct: 'boeing',no_clear_stance,,,ITA,0,0.0136,0.0146,no_claim,0.0488,0.0505,no_claim,0.0322,0.0546,no_claim,0.1166,0.1137,no_claim,0.187,0.1396,no_claim,0.336,0.1968,no_claim
114359040827344338,"Prime Minister Georgia Meloni of Italy was great yesterday in her visit to the White House. She loves her country, and the impression she left on everyone was FANTASTIC!!!  DJT",2025-04-18,DJT,direct,direct: 'djt',no_clear_stance,,,SPY,1,,,no_claim,,,no_claim,,,no_claim,,,no_claim,,,no_claim,,,no_claim
114372126396548824,"HOPEFULLY RUSSIA AMD UKRAINE WILL MAKE A DEAL THIS WEEK. BOTH WILL THEN START TO DO BIG BUSINESS WITH THE UNITED STATES OF AMERICA, WHICH IS THRIVING, AND MAKE A FORTUNE!",2025-04-20,AMD,direct,direct: 'amd',no_clear_stance,,,SOXX,0,-0.0053,-0.0084,no_claim,0.0028,-0.0198,no_claim,0.0508,-0.0101,no_claim,0.1236,-0.0093,no_claim,0.1486,-0.0163,no_claim,0.3339,0.0353,no_claim
114379314291410399,"I have agreed to do the Commencement Address at two really GREAT places, the University of Alabama and, WEST POINT. Stay tuned for times and dates!!!  DJT",2025-04-22,DJT,direct,direct: 'djt',no_clear_stance,,,SPY,1,,,no_claim,,,no_claim,,,no_claim,,,no_claim,,,no_claim,,,no_claim
114393194962253226,"Harvard is an Anti-Semitic, Far Left Institution, as are numerous others, with students being accepted from all over the World that want to rip our Country apart. The place is a Liberal mess, allowing",2025-04-24,AAPL,direct,direct: 'apple',no_clear_stance,,,XLK,0,0.0141,-0.0038,no_claim,0.0183,0.0021,no_claim,0.0235,0.0025,no_claim,0.0337,-0.0066,no_claim,-0.043,-0.1068,no_claim,-0.0525,-0.16,no_claim
114393469355437462,"Boeing should default China for not taking the beautifully finished planes that China committed to purchase. This is just a small example of what China has done to the USA, for years… And, by the way,",2025-04-24,BA,direct,direct: 'boeing',no_clear_stance,,,ITA,0,0.0082,-0.0017,no_claim,0.0329,0.0165,no_claim,0.0312,0.0101,no_claim,0.0362,0.0014,no_claim,0.0861,0.0193,no_claim,0.1465,0.0301,no_claim
114414863742664682,"Great Pollster John McLaughlin, one of the most highly respected in the industry, has just stated that The Failing New York Times Poll, and the ABC/Washington Post Poll, about a person named DONALD J.",2025-04-28,AMZN,indirect,indirect: 'washington post',positive,great|respected|failing,WMT TGT COST,XLY,0,-0.0127,-0.0091,flat,-0.0143,-0.0178,flat,-0.0299,-0.0243,flat,-0.0007,-0.0161,flat,0.0155,-0.0048,flat,0.0837,-0.0096,flat
114414928875781139,"Warren Zeiders is FANTASTIC. Go to his concerts, and ENJOY! DJT",2025-04-28,DJT,direct,direct: 'djt',no_clear_stance,,,SPY,1,,,no_claim,,,no_claim,,,no_claim,,,no_claim,,,no_claim,,,no_claim
114421082367450202,"100 VERY SPECIAL DAYS. MAKE AMERICA GREAT AGAIN!!!Danielle Alvarez of the RNC, and Paul Perez of Border Patrol, were GREAT on Fox & Friends (First). Thank you both! DJT",2025-04-29,DJT,direct,direct: 'djt',no_clear_stance,,,SPY,1,,,no_claim,,,no_claim,,,no_claim,,,no_claim,,,no_claim,,,no_claim
114432954072144063,"NVIDIA CEO Jensen Huang: ""We're going to build NVIDIA's technology, the next generation of that, all here in the United States. Without the President's leadership, his policies, his support, and very ",2025-05-01,NVDA,direct,direct: 'nvidia',no_clear_stance,,,SOXX,0,0.0028,-0.0083,no_claim,-0.0032,-0.0065,no_claim,-0.0056,0.0007,no_claim,0.0279,0.0078,no_claim,0.1809,0.0454,no_claim,0.2032,0.0964,no_claim
114432976140064253,"It was my great honor to recognize some of the businesses making massive new investments right here in the United States of America—Hyundai, CMA CGM, Worldwide Amazon Stores, Venture Global LNG, Sieme",2025-05-01,JNJ,direct,direct: 'johnson & johnson',positive,great,,XLV,0,0.0003,0.0022,flat,-0.0069,-0.0022,flat,-0.0103,0.0219,match,-0.0026,0.0309,match,-0.0414,0.0186,flat,0.0042,0.048,match
114432976140064253,"It was my great honor to recognize some of the businesses making massive new investments right here in the United States of America—Hyundai, CMA CGM, Worldwide Amazon Stores, Venture Global LNG, Sieme",2025-05-01,MRK,direct,direct: 'merck',positive,great,,XLV,0,-0.012,-0.0101,flat,-0.016,-0.0114,flat,-0.0612,-0.029,opposite,-0.0777,-0.0442,opposite,-0.1115,-0.0515,opposite,-0.0943,-0.0506,flat
114432976140064253,"It was my great honor to recognize some of the businesses making massive new investments right here in the United States of America—Hyundai, CMA CGM, Worldwide Amazon Stores, Venture Global LNG, Sieme",2025-05-01,ABBV,direct,direct: 'abbvie',positive,great,,XLV,0,0.0169,0.0188,match,0.0046,0.0093,flat,-0.0411,-0.009,flat,-0.0491,-0.0156,flat,-0.0691,-0.0091,flat,-0.0419,0.0018,flat
114432976140064253,"It was my great honor to recognize some of the businesses making massive new investments right here in the United States of America—Hyundai, CMA CGM, Worldwide Amazon Stores, Venture Global LNG, Sieme",2025-05-01,AMZN,direct,direct: 'amazon',positive,great,WMT TGT COST,XLY,0,-0.0076,-0.0125,flat,-0.0266,-0.0208,flat,-0.0336,-0.0191,flat,0.0033,-0.0016,flat,0.0717,-0.004,flat,0.0795,0.0104,flat
114438304481024140,"Gasoline just broke $1.98 a Gallon, lowest in years, groceries (and eggs!) down, energy down, mortgage rates down, employment strong, and much more good news, as Billions of Dollars pour in from Tarif",2025-05-02,DJT,direct,direct: 'djt',no_clear_stance,,,SPY,1,,,no_claim,,,no_claim,,,no_claim,,,no_claim,,,no_claim,,,no_claim
114478780390671313,"I just watched an exhausted, highly neurotic Stephanie Ruhle spew LIES about Tariffs, as do many others, in order not to give me the Victory that they all see coming. Few people know Stephanie Ruhle, ",2025-05-09,BA,direct,direct: 'boeing',positive,amazing,,ITA,0,0.0019,0.0124,match,0.0265,0.0294,match,0.0331,0.0348,match,0.0387,0.0116,flat,0.0212,-0.0005,flat,0.0887,0.0187,flat
114494372667836601,"DRUG PRICES TO BE CUT BY 59%, PLUS! Gasoline, Energy, Groceries, and all other costs, DOWN. NO INFLATION!!! LOVE, DJT",2025-05-12,DJT,direct,direct: 'djt',positive,love,,SPY,1,,,no_call,,,no_call,,,no_call,,,no_call,,,no_call,,,no_call
114503203859060399,"The Boeing 747 is being given to the United States Air Force/Department of Defense, NOT TO ME! It is a gift from a Nation, Qatar, that we have successfully defended for many years. It will be used by ",2025-05-13,BA,direct,direct: 'boeing',no_clear_stance,,,ITA,0,-0.0052,-0.0023,no_claim,0.0021,-0.0161,no_claim,0.0001,-0.0257,no_claim,0.0091,-0.0255,no_claim,-0.0209,-0.0679,no_claim,-0.01,-0.0807,no_claim
114526479593964662,"Why doesn’t Chairman Bob Iger do something about ABC Fake News, especially since I just won $16,000,000 based on the Fake and Defamatory reporting of Liddle’ George Slopadopolus. He was given warnings",2025-05-18,BA,direct,direct: 'boeing',no_clear_stance,,,ITA,0,0.0111,-0.0027,no_claim,0.023,0.0086,no_claim,0.001,0.002,no_claim,-0.0032,-0.0037,no_claim,0.0417,-0.0009,no_claim,-0.0135,-0.0673,no_claim
114556874484491575,"I have long ago informed Tim Cook of Apple that I expect their iPhone’s that will be sold in the United States of America will be manufactured and built in the United States, not India, or anyplace el",2025-05-23,AAPL,direct,direct: 'apple',no_clear_stance,,,XLK,0,0.0083,0.0018,no_claim,0.0338,0.0034,no_claim,0.0349,0.0087,no_claim,0.0371,0.0124,no_claim,0.0529,-0.0048,no_claim,0.0342,-0.0647,no_claim
114571147521146559,"Clay Travis has a GREAT new book coming out November 4, 2025: “Balls: How Trump, Young Men, and Sports Saved America.” Clay is a highly talented commentator, who is tough, smart, and gifted with COMMO",2025-05-25,AMZN,direct,direct: 'amazon',no_clear_stance,,WMT TGT COST,XLY,0,0.0144,-0.0036,no_claim,0.008,-0.0007,no_claim,0.0129,0.0037,no_claim,0.0175,0.0116,no_claim,0.0684,0.0645,no_claim,0.0438,0.0416,no_claim
114593895018014960,"I am having a Press Conference tomorrow at 1:30 P.M. EST, with Elon Musk, at the Oval Office. This will be his last day, but not really, because he will, always, be with us, helping all the way. Elon ",2025-05-30,TSLA,direct,direct: 'elon musk',no_clear_stance,,,XLY,0,-0.0255,-0.0239,no_claim,-0.0361,-0.0368,no_claim,-0.0316,-0.0377,no_claim,-0.1992,-0.1773,no_claim,-0.1024,-0.1004,no_claim,-0.1065,-0.1235,no_claim
114598281297498204,"Elon Musk: “This is not the end of DOGE, but really the beginning...The DOGE team will only grow stronger overtime...It is permeating throughout the government, and I am confident that, over time, we ",2025-05-30,TSLA,direct,direct: 'elon musk',no_clear_stance,,,XLY,0,-0.0024,-0.0076,no_claim,0.0022,-0.0083,no_claim,-0.0333,-0.0412,no_claim,-0.1408,-0.136,no_claim,-0.053,-0.0462,no_claim,-0.1246,-0.1505,no_claim
114659078711716972,"Will be going to Fort Bragg today. Big speech, amazing crowd! See you later!!! DJT",2025-06-10,DJT,direct,direct: 'djt',no_clear_stance,,,SPY,1,,,no_claim,,,no_claim,,,no_claim,,,no_claim,,,no_claim,,,no_claim
114682031038787625,This is a big day for America!!! DJT,2025-06-14,DJT,direct,direct: 'djt',no_clear_stance,,,SPY,1,,,no_claim,,,no_claim,,,no_claim,,,no_claim,,,no_claim,,,no_claim
114690267066155731,"Our Nation’s ICE Officers have shown incredible strength, determination, and courage as they facilitate a very important mission, the largest Mass Deportation Operation of Illegal Aliens in History. E",2025-06-16,DJT,direct,direct: 'djt',no_clear_stance,,,SPY,1,,,no_claim,,,no_claim,,,no_claim,,,no_claim,,,no_claim,,,no_claim
114700676310138971,“FBI asked spy agencies to destroy intel on alleged China plot to aid Joe Biden in 2020 election” https://justthenews.com/government/security/fbi-asked-spy-agencies-destroy-intel-alleged-china-plot-ai,2025-06-17,INTC,direct,direct: 'intel',no_clear_stance,,AMD NVDA TSM,SOXX,0,0.0327,0.034,no_claim,0.013,0.0206,no_claim,0.0183,0.0198,no_claim,0.0668,0.0211,no_claim,0.0514,-0.016,no_claim,0.11,0.0224,no_claim
114712424314242751,"Just approved storm damage money for the Great State of Tennessee. Alabama, Arkansas, and North Carolina among the other states that were previously approved. My honor to do so! DJT",2025-06-19,DJT,direct,direct: 'djt',no_clear_stance,,,SPY,1,,,no_claim,,,no_claim,,,no_claim,,,no_claim,,,no_claim,,,no_claim
114712560416441760,https://truthsocial.com/@IStandWithTrump47/114712550508860920Thank you!!! DJT,2025-06-19,DJT,direct,direct: 'djt',no_clear_stance,,,SPY,1,,,no_claim,,,no_claim,,,no_claim,,,no_claim,,,no_claim,,,no_claim
114763873373477102,"Jamie: You do such a GREAT job! So tough, so insightful, and so incredible! I watch you all the time, and you just never miss. Jamie, as President, I just wanted to tell you this, and THANK YOU for th",2025-06-29,DJT,direct,direct: 'djt',no_clear_stance,,,SPY,1,,,no_claim,,,no_claim,,,no_claim,,,no_claim,,,no_claim,,,no_claim
114764629478113280,Did Rand Paul Vote “NO” again tonight? What’s wrong with this guy??? DJT,2025-06-29,DJT,direct,direct: 'djt',no_clear_stance,,,SPY,1,,,no_claim,,,no_claim,,,no_claim,,,no_claim,,,no_claim,,,no_claim
114764965108272159,MAKE THE DEAL IN GAZA. GET THE HOSTAGES BACK!!! DJT,2025-06-29,DJT,direct,direct: 'djt',no_clear_stance,,,SPY,1,,,no_claim,,,no_claim,,,no_claim,,,no_claim,,,no_claim,,,no_claim
114768617892207090,"Great Congressman Greg Steube is 100% correct. An unelected Senate Staffer (Parliamentarian), should not be allowed to hurt the Republicans Bill. Wants many fantastic things out. NO! DJT",2025-06-29,DJT,direct,direct: 'djt',no_clear_stance,,,SPY,1,,,no_claim,,,no_claim,,,no_claim,,,no_claim,,,no_claim,,,no_claim
114776149269773065,"Elon Musk knew, long before he so strongly Endorsed me for President, that I was strongly against the EV Mandate. It is ridiculous, and was always a major part of my campaign. Electric cars are fine, ",2025-07-01,TSLA,direct,direct: 'elon musk',no_clear_stance,,,XLY,0,0.0075,-0.0065,no_claim,0.0576,0.0354,no_claim,0.0566,0.0289,no_claim,-0.0022,-0.0134,no_claim,0.0413,0.0235,no_claim,0.069,0.032,no_claim
114808616176041421,"I am saddened to watch Elon Musk go completely “off the rails,” essentially becoming a TRAIN WRECK over the past five weeks. He even wants to start a Third Political Party, despite the fact that they ",2025-07-06,TSLA,direct,direct: 'elon musk',no_clear_stance,,,XLY,0,0.0088,0.0079,no_claim,0.0221,0.0245,no_claim,0.0155,0.012,no_claim,0.076,0.0611,no_claim,0.1314,0.1131,no_claim,0.0614,0.0594,no_claim
114824012434844395,"Nevada: On Saturday, July 12th, GET OUT AND VOTE for Michael J. McDonald for Chair of the Republican Party, and the entire Executive Board: Jim Hindle, Barbara Hawn, Kathy Njus, Bruce Parks, and Jesse",2025-07-09,MCD,direct,direct: 'mcdonald's',no_clear_stance,,,XLY,0,0.0071,-0.0018,no_claim,0.0122,0.003,no_claim,0.0188,0.0059,no_claim,0.0088,0.0085,no_claim,0.0061,-0.0264,no_claim,0.0392,0.0211,no_claim
114829408208555940,"Tech Stocks, Industrial Stocks, & NASDAQ, HIT ALL-TIME, RECORD HIGHS! CRYPTO, “Through the Roof.” NVIDIA IS UP 47% SINCE TRUMP TARIFFS. USA is taking in Hundreds of Billions of Dollars in Tariffs. COU",2025-07-10,NVDA,direct,direct: 'nvidia',no_clear_stance,,,SOXX,0,0.0073,0.0026,no_claim,0.0021,0.007,no_claim,0.0426,0.0375,no_claim,0.0567,0.0505,no_claim,0.0612,0.0753,no_claim,0.1159,0.1247,no_claim
114832570720111172,"Congratulations to Bryan Bedford, who was just confirmed to head the FAA. A very talented guy!!!  DJT",2025-07-11,DJT,direct,direct: 'djt',no_clear_stance,,,SPY,1,,,no_claim,,,no_claim,,,no_claim,,,no_claim,,,no_claim,,,no_claim
114835146294645750,Tom Homan and Kristi Noem are doing a FANTASTIC job. Thank you both! DJT,2025-07-11,DJT,direct,direct: 'djt',no_clear_stance,,,SPY,1,,,no_claim,,,no_claim,,,no_claim,,,no_claim,,,no_claim,,,no_claim
114858589029028619,This morning I finalized an important Deal with the Republic of Indonesia after speaking with their Highly Respected President Prabowo Subianto. This landmark Deal opens up Indonesia’s ENTIRE MARKET t,2025-07-15,BA,direct,direct: 'boeing',no_clear_stance,,,ITA,0,-0.0096,-0.0122,no_claim,-0.0049,-0.0149,no_claim,-0.012,-0.0233,no_claim,-0.0157,-0.0068,no_claim,-0.0261,-0.0431,no_claim,0.0053,-0.0096,no_claim
114859554812594090,"BIG WIN today in Florida State Court for powerhouse TRUTH Social! Fake claims against the Company, and your favorite President, ME, were dismissed in a thoughtful and smart opinion. TRUTH is “hotter” ",2025-07-15,DJT,direct,direct: 'truth social',positive,win,,SPY,1,,,no_call,,,no_call,,,no_call,,,no_call,,,no_call,,,no_call
114868979061610454,“Too Late:” Great numbers just out. LOWER THE RATE!!! DJT,2025-07-17,DJT,direct,direct: 'djt',no_clear_stance,,,SPY,1,,,no_claim,,,no_claim,,,no_claim,,,no_claim,,,no_claim,,,no_claim
114871752316281496,"The Wall Street Journal printed a FAKE letter, supposedly to Epstein. These are not my words, not the way I talk. Also, I don’t draw pictures. I told Rupert Murdoch it was a Scam, that he shouldn’t pr",2025-07-18,DJT,direct,direct: 'djt',no_clear_stance,,,SPY,1,,,no_claim,,,no_claim,,,no_claim,,,no_claim,,,no_claim,,,no_claim
114882283904953607,"Hopefully the very talented John Thune, fresh off our many victories over the past two weeks and, indeed, 6 months, will cancel August recess (and long weekends!), in order to get my incredible nomine",2025-07-19,DJT,direct,direct: 'djt',no_clear_stance,,,SPY,1,,,no_claim,,,no_claim,,,no_claim,,,no_claim,,,no_claim,,,no_claim
114888305041609390,"Go get the GREAT NEW BOOK by Mark Levin. It’s entitled “ON POWER,” and it’s the talk of the town. Read it, digest it, and enjoy it. He is truly, ONE OF A KIND!!! DJT",2025-07-21,DJT,direct,direct: 'djt',no_clear_stance,,,SPY,1,,,no_claim,,,no_claim,,,no_claim,,,no_claim,,,no_claim,,,no_claim
114898229237459086,"BREAKING NEWS! We have just achieved a BIG AND IMPORTANT WIN in our Historic Lawsuit against 60 Minutes, CBS, and Paramount. Just like ABC and George Slopadopoulos, CBS and its Corporate Owners knew t",2025-07-22,AMZN,indirect,indirect: 'washington post',negative,failing,WMT TGT COST,XLY,0,-0.0008,-0.0032,flat,0.0165,0.0306,opposite,0.013,0.018,opposite,0.0111,0.0172,opposite,-0.0644,-0.0331,match,-0.0204,-0.0274,flat
114898507608732258,"It is my Great Honor to announce our Trade Agreement with the Republic of Indonesia, as represented by their Highly Respected President, Prabowo Subianto. It is agreed that Indonesia will be Open Mark",2025-07-22,BA,direct,direct: 'boeing',no_clear_stance,,,ITA,0,0.0155,-0.0001,no_claim,0.0041,-0.0112,no_claim,0.0119,-0.0108,no_claim,-0.0184,-0.0357,no_claim,-0.0237,-0.0426,no_claim,-0.0204,-0.0227,no_claim
114905849389326140,"Nvidia CEO Jensen Huang on winning the AI race: ""America's unique advantage that no country could possibly have is President Trump.""",2025-07-24,NVDA,direct,direct: 'nvidia',positive,winning,,SOXX,0,0.0075,0.0077,flat,0.0061,0.0064,flat,0.025,0.0078,flat,0.0396,0.0133,flat,0.0405,0.0598,match,0.0147,0.0115,flat
114932385332182862,"Go get the GREAT NEW BOOK by Mark Levin. It's entitled ""ON POWER,"" and it's the talk of the town. Read it, digest it, and enjoy it. He is truly, ONE OF A KIND!!! DJT https://a.co/d/jev5nAm",2025-07-28,DJT,direct,direct: 'djt',no_clear_stance,,,SPY,1,,,no_claim,,,no_claim,,,no_claim,,,no_claim,,,no_claim,,,no_claim
114938582774670397,I can’t stand Jessica Tarlov of THE FIVE. A real loser!!! DJT,2025-07-29,DJT,direct,direct: 'djt',no_clear_stance,,,SPY,1,,,no_claim,,,no_claim,,,no_claim,,,no_claim,,,no_claim,,,no_claim
114961147474079611,"Very proud of our great  Republican Senators for fighting, over the Weekend and far beyond, if necessary, in order to get my great Appointments approved, and on their way to helping us MAKE AMERICA GR",2025-08-02,DJT,direct,direct: 'djt',no_clear_stance,,,SPY,1,,,no_claim,,,no_claim,,,no_claim,,,no_claim,,,no_claim,,,no_claim
114971053091282290,"India is not only buying massive amounts of Russian Oil, they are then, for much of the Oil purchased, selling it on the Open Market for big profits. They don’t care how many people in Ukraine are bei",2025-08-04,DJT,direct,direct: 'djt',no_clear_stance,,,SPY,1,,,no_claim,,,no_claim,,,no_claim,,,no_claim,,,no_claim,,,no_claim
114973670406612532,The TRUTH always wins out. This is great news. God Bless America! President DJT https://nypost.com/2025/08/04/us-news/ex-obama-officials-face-federal-grand-jury-probe-into-whether-they-promoted-false-,2025-08-05,DJT,direct,direct: 'djt',no_clear_stance,,,SPY,1,,,no_claim,,,no_claim,,,no_claim,,,no_claim,,,no_claim,,,no_claim
114974282191317621,"Our GREAT Senator, Tim Scott, one of the finest men I know, wrote a fantastic new book entitled, “ONE NATION ALWAYS UNDER GOD.” Get it now!!! President DJT",2025-08-05,DJT,direct,direct: 'djt',no_clear_stance,,,SPY,1,,,no_claim,,,no_claim,,,no_claim,,,no_claim,,,no_claim,,,no_claim
114974461343997782,"THIS IS GREAT NEWS!!! Should be Nationwide!!! President DJT
“Appeals court upholds Texas law requiring ID numbers to cast mail-in ballots” https://www.politico.com/news/2025/08/04/appeals-court-uphold",2025-08-05,DJT,direct,direct: 'djt',no_clear_stance,,,SPY,1,,,no_claim,,,no_claim,,,no_claim,,,no_claim,,,no_claim,,,no_claim
114987288040725570,"The CEO of INTEL is highly CONFLICTED and must resign, immediately. There is no other solution to this problem. Thank you for your attention to this problem!",2025-08-07,INTC,direct,direct: 'intel',no_clear_stance,,AMD NVDA TSM,SOXX,0,-0.0115,-0.0065,no_claim,-0.0025,-0.0059,no_claim,0.0325,0.031,no_claim,0.111,0.0621,no_claim,0.177,0.17,no_claim,0.2245,0.2038,no_claim
114987769694082982,Should be number ONE. New York Times RIGGED IT??? Selena is great! President DJT,2025-08-07,DJT,direct,direct: 'djt',no_clear_stance,,,SPY,1,,,no_claim,,,no_claim,,,no_claim,,,no_claim,,,no_claim,,,no_claim
114989897956103830,"I look forward to hosting the President of Azerbaijan, Ilham Aliyev, and the Prime Minister of Armenia, Nikol Pashinyan, at the White House tomorrow for a Historic Peace Summit. These two Nations have",2025-08-07,DJT,direct,direct: 'djt',no_clear_stance,,,SPY,1,,,no_claim,,,no_claim,,,no_claim,,,no_claim,,,no_claim,,,no_claim
114999087271735961,"On Monday a Press Conference will be held at the White House which will, essentially, stop violent crime in Washington, D.C. It has become one of the most dangerous cities anywhere in the World. It wi",2025-08-09,DJT,direct,direct: 'djt',no_clear_stance,,,SPY,1,,,no_claim,,,no_claim,,,no_claim,,,no_claim,,,no_claim,,,no_claim
115006296068419815,THIS IS GREAT NEWS!!! President DJT https://justthenews.com/accountability/political-ethics/house-oversight-wants-gather-evidence-could-overturn-bidens-pardons,2025-08-10,DJT,direct,direct: 'djt',no_clear_stance,,,SPY,1,,,no_claim,,,no_claim,,,no_claim,,,no_claim,,,no_claim,,,no_claim
115010061198729847,"Washington, D.C. will be LIBERATED today! Crime, Savagery, Filth, and Scum will DISAPPEAR. I will, MAKE OUR CAPITAL GREAT AGAIN! The days of ruthlessly killing, or hurting, innocent people, are OVER! ",2025-08-11,DJT,direct,direct: 'djt',no_clear_stance,,,SPY,1,,,no_claim,,,no_claim,,,no_claim,,,no_claim,,,no_claim,,,no_claim
115012131343690532,"I met with Mr. Lip-Bu Tan, of Intel, along with Secretary of Commerce, Howard Lutnick, and Secretary of the Treasury, Scott Bessent. The meeting was a very interesting one. His success and rise is an ",2025-08-11,INTC,direct,direct: 'intel',no_clear_stance,,AMD NVDA TSM,SOXX,0,0.0288,0.0045,no_claim,0.0481,0.0086,no_claim,0.1255,0.0849,no_claim,0.116,0.0963,no_claim,0.158,0.1405,no_claim,0.1684,0.1307,no_claim
115015798555807745,"GREAT Nominees for the TRUMP/KENNEDY CENTER, whoops, I mean, KENNEDY CENTER, AWARDS. They will be announced Wednesday. Tremendous work is being done, and money being spent, on bringing it back to the ",2025-08-12,DJT,direct,direct: 'djt',no_clear_stance,,,SPY,1,,,no_claim,,,no_claim,,,no_claim,,,no_claim,,,no_claim,,,no_claim
115016216005489412,"Trillions of Dollars are being taken in on Tariffs, which has been incredible for our Country, its Stock Market, its General Wealth, and just about everything else. It has been proven, that even at th",2025-08-12,GS,direct,direct: 'goldman sachs',no_clear_stance,,,XLF,0,-0.0015,-0.0034,no_claim,0.0019,-0.0047,no_claim,-0.0202,-0.0164,no_claim,-0.0327,-0.0316,no_claim,0.0043,-0.0149,no_claim,0.0579,0.0318,no_claim
115016246479417087,"Trillions of Dollars are being taken in on Tariffs, which has been incredible for our Country, its Stock Market, its General Wealth, and just about everything else. It has been proven, that even at th",2025-08-12,GS,direct,direct: 'goldman sachs',no_clear_stance,,,XLF,0,-0.0015,-0.0034,no_claim,0.0019,-0.0047,no_claim,-0.0202,-0.0164,no_claim,-0.0327,-0.0316,no_claim,0.0043,-0.0149,no_claim,0.0579,0.0318,no_claim
115026776769476976,"“Comey's media mole told FBI he shaped Russia narrative, needed ‘discount’ to deny leaking intel” https://justthenews.com/government/federal-agencies/comey-media-mole-admitted-fbi-he-shaped-russia-nar",2025-08-14,INTC,direct,direct: 'intel',no_clear_stance,,AMD NVDA TSM,SOXX,0,0.085,0.0699,no_claim,0.1169,0.125,no_claim,0.0759,0.0812,no_claim,0.0705,0.0969,no_claim,0.1301,0.1261,no_claim,0.095,0.074,no_claim
115026874005799261,“Obama Intel Chief James Clapper Told NSA Head To Get On Board With ‘Our Story’ On Russiagate Intel” https://dailycaller.com/2025/08/13/james-clapper-nsa-evidence-russia-hoax-declassified-emails/,2025-08-14,INTC,direct,direct: 'intel',no_clear_stance,,AMD NVDA TSM,SOXX,0,0.085,0.0699,no_claim,0.1169,0.125,no_claim,0.0759,0.0812,no_claim,0.0705,0.0969,no_claim,0.1301,0.1261,no_claim,0.095,0.074,no_claim
115044290751337518,BIG PROGRESS ON RUSSIA. STAY TUNED! President DJT,2025-08-17,DJT,direct,direct: 'djt',no_clear_stance,,,SPY,1,,,no_claim,,,no_claim,,,no_claim,,,no_claim,,,no_claim,,,no_claim
115044479755763458,https://truthsocial.com/users/Imaluckyangel/statuses/115044361815197151 It is happening before your very eyes!!! President DJT,2025-08-17,DJT,direct,direct: 'djt',no_clear_stance,,,SPY,1,,,no_claim,,,no_claim,,,no_claim,,,no_claim,,,no_claim,,,no_claim
115047141648054993,Big day at the White House tomorrow. Never had so many European Leaders at one time. My great honor to host them!!! President DJT,2025-08-18,DJT,direct,direct: 'djt',no_clear_stance,,,SPY,1,,,no_claim,,,no_claim,,,no_claim,,,no_claim,,,no_claim,,,no_claim
115047166895807142,"The Fake News will say that it is a big loss for President Trump to host so many great European Leaders at our beautiful White House. Actually, it is a great honor for America!!! President DJT",2025-08-18,DJT,direct,direct: 'djt',no_clear_stance,,,SPY,1,,,no_claim,,,no_claim,,,no_claim,,,no_claim,,,no_claim,,,no_claim
115047211271212413,"Do the great American Flags I put up in front of both entrances of the White House look FANTASTIC, or what??? WOW, what a difference!!! President DJT",2025-08-18,DJT,direct,direct: 'djt',no_clear_stance,,,SPY,1,,,no_claim,,,no_claim,,,no_claim,,,no_claim,,,no_claim,,,no_claim
115049902258471066,"We will only see the return of the remaining hostages when Hamas is confronted and destroyed!!! The sooner this takes place, the better the chances of success will be. Remember, I was the one who nego",2025-08-18,DJT,direct,direct: 'djt',no_clear_stance,,,SPY,1,,,no_claim,,,no_claim,,,no_claim,,,no_claim,,,no_claim,,,no_claim
115049921290485283,A big day at the White House. We have never had so many European Leaders here at one time. A great honor for America!!! Lets see what the results will be??? President DJT,2025-08-18,DJT,direct,direct: 'djt',no_clear_stance,,,SPY,1,,,no_claim,,,no_claim,,,no_claim,,,no_claim,,,no_claim,,,no_claim
115050161923440039,"I’ve settled 6 Wars in 6 months, one of them a possible Nuclear disaster, and yet I have to read & listen to the Wall Street Journal, and many other who truly don’t have a clue, tell me everything tha",2025-08-18,DJT,direct,direct: 'djt',no_clear_stance,,,SPY,1,,,no_claim,,,no_claim,,,no_claim,,,no_claim,,,no_claim,,,no_claim
115064763272706560,Gavin Newscum is way down in the polls. He is viewed as the man who is destroying the once Great State of California. I will save California!!! President DJT,2025-08-21,DJT,direct,direct: 'djt',no_clear_stance,,,SPY,1,,,no_claim,,,no_claim,,,no_claim,,,no_claim,,,no_claim,,,no_claim
115067017601499775,"It is very hard, if not impossible, to win a war without attacking an invaders country. It’s like a great team in sports that has a fantastic defense, but is not allowed to play offense. There is no c",2025-08-21,DJT,direct,direct: 'djt',no_clear_stance,,,SPY,1,,,no_claim,,,no_claim,,,no_claim,,,no_claim,,,no_claim,,,no_claim
115074444617901812,"It is my Great Honor to report that the United States of America now fully owns and controls 10% of INTEL, a Great American Company that has an even more incredible future. I negotiated this Deal with",2025-08-22,INTC,direct,direct: 'intel',positive,great|great|incredible|respected|great|great,AMD NVDA TSM,SOXX,0,-0.0373,-0.0359,opposite,-0.0451,-0.0531,opposite,-0.0255,-0.0355,opposite,-0.0451,-0.0309,flat,-0.04,-0.04,flat,0.1506,0.0653,flat
115081430531030440,"Keegan Bradley should DEFINITELY be on the American Ryder Cup Team - As Captain!!! He is an AMAZING guy. It will be a great Ryder Cup. At the invite of the PGA Tour, I will be there on Tournament Frid",2025-08-24,DJT,direct,direct: 'djt',no_clear_stance,,,SPY,1,,,no_claim,,,no_claim,,,no_claim,,,no_claim,,,no_claim,,,no_claim
115084149454997135,"Governor Wes Moore of Maryland has asked, in a rather nasty and provocative tone, that I “walk the streets of Maryland” with him. I assume he is talking about out of control, crime ridden, Baltimore? ",2025-08-24,DJT,direct,direct: 'djt',no_clear_stance,,,SPY,1,,,no_claim,,,no_claim,,,no_claim,,,no_claim,,,no_claim,,,no_claim
115085538447688269,"The Appellate Court removed incompetent Judge Engoron, but he refused to go, or even to acknowledge them. He’s a highly overturned, CROOKED Judge, who is retiring into a life of lawsuits, along with h",2025-08-24,DJT,direct,direct: 'djt',no_clear_stance,,,SPY,1,,,no_claim,,,no_claim,,,no_claim,,,no_claim,,,no_claim,,,no_claim
115086563627159779,"I just watched Sloppy Chris Christie be interviewed on a ratings challenged “News” Show, “This Week With George Slopadopolus,” on ABC Fake News (By the way, what the “hell” happened to Jonathan Karl’s",2025-08-25,DJT,direct,direct: 'djt',no_clear_stance,,,SPY,1,,,no_claim,,,no_claim,,,no_claim,,,no_claim,,,no_claim,,,no_claim
115089582863713336,"I PAID ZERO FOR INTEL, IT IS WORTH APPROXIMATELY 11 BILLION DOLLARS. All goes to the USA. Why are “stupid” people unhappy with that? I will make deals like that for our Country all day long. I will al",2025-08-25,INTC,direct,direct: 'intel',no_clear_stance,,AMD NVDA TSM,SOXX,0,-0.0373,-0.0359,no_claim,-0.0451,-0.0531,no_claim,-0.0255,-0.0355,no_claim,-0.0451,-0.0309,no_claim,-0.04,-0.04,no_claim,0.1506,0.0653,no_claim
115098660302858709,"Number One New York Times Bestselling Author, Trey Gowdy, has just written a GREAT new novel, “THE COLOR OF DEATH,” an in-depth study of justice and grief. Trey is also a Political Pro, and a very goo",2025-08-27,DJT,direct,direct: 'djt',no_clear_stance,,,SPY,1,,,no_claim,,,no_claim,,,no_claim,,,no_claim,,,no_claim,,,no_claim
115098837339559726,"I am pleased to report that I have raised, since the Great Presidential Election of 2024, in various forms and political entities, in excess of 1.5 Billion Dollars. MAKE AMERICA GREAT AGAIN!!! Preside",2025-08-27,DJT,direct,direct: 'djt',no_clear_stance,,,SPY,1,,,no_claim,,,no_claim,,,no_claim,,,no_claim,,,no_claim,,,no_claim
115098861391135351,CRIME NUMBERS ARE WAY DOWN IN DC! AMAZING PROGRESS BEING MADE! Thank you for your attention to this matter. President DJT,2025-08-27,DJT,direct,direct: 'djt',no_clear_stance,,,SPY,1,,,no_claim,,,no_claim,,,no_claim,,,no_claim,,,no_claim,,,no_claim
115098905035838387,Republicans: BAN MAIL-IN VOTING!!! President DJT,2025-08-27,DJT,direct,direct: 'djt',no_clear_stance,,,SPY,1,,,no_claim,,,no_claim,,,no_claim,,,no_claim,,,no_claim,,,no_claim
115103943282239129,"“The Color of Death,” by Trey Gowdy, is a fantastic new book. People love it!!! Get it NOW! President DJT",2025-08-28,DJT,direct,direct: 'djt',no_clear_stance,,,SPY,1,,,no_claim,,,no_claim,,,no_claim,,,no_claim,,,no_claim,,,no_claim
115106855887002067,"Governor Pritzker had 6 murders in Chicago this weekend. 20 people were shot. But he doesn’t want to ask me for help. Can this be possible? The people are desperate for me to STOP THE CRIME, something",2025-08-28,DJT,direct,direct: 'djt',no_clear_stance,,,SPY,1,,,no_claim,,,no_claim,,,no_claim,,,no_claim,,,no_claim,,,no_claim
115119936158265299,https://x.com/patriot6962/status/1903400696717701378?s=12.  THIS IS RATHER INCREDIBLE. WHO DID IT??? PRESIDENT DJT,2025-08-30,DJT,direct,direct: 'djt',no_clear_stance,,,SPY,1,,,no_claim,,,no_claim,,,no_claim,,,no_claim,,,no_claim,,,no_claim
115120036321239638,"Six people were killed, and 24 people were shot, in Chicago last weekend, and JB Pritzker, the weak and pathetic Governor of Illinois, just said that he doesn’t need help in preventing CRIME. He is CR",2025-08-30,DJT,direct,direct: 'djt',no_clear_stance,,,SPY,1,,,no_claim,,,no_claim,,,no_claim,,,no_claim,,,no_claim,,,no_claim
115120067667186412,"DC is virtually, in just 14 days, a CRIME FREE ZONE. The people living and working there are ecstatic!!! President DJT",2025-08-30,DJT,direct,direct: 'djt',no_clear_stance,,,SPY,1,,,no_claim,,,no_claim,,,no_claim,,,no_claim,,,no_claim,,,no_claim
115120863399877029,"Voter I.D. Must Be Part of Every Single Vote. NO EXCEPTIONS! I Will Be Doing An Executive Order To That End!!! Also, No Mail-In Voting, Except For Those That Are Very Ill, And The Far Away Military. U",2025-08-31,DJT,direct,direct: 'djt',no_clear_stance,,,SPY,1,,,no_claim,,,no_claim,,,no_claim,,,no_claim,,,no_claim,,,no_claim
115120881794624188,"Enjoy your Labor Day weekend. A big year ahead for the USA, maybe the BEST EVER, if the Tariffs are finally approved by the Courts!!! President DJT",2025-08-31,DJT,direct,direct: 'djt',no_clear_stance,,,SPY,1,,,no_claim,,,no_claim,,,no_claim,,,no_claim,,,no_claim,,,no_claim
115123673064341664,Just watched Hilary Fordwich on the Armstrong Williams Show. She was FANTASTIC -- Really gets “IT.” Thank you to Hilary and Armstrong for a great interview on AMERICA & STRENGTH!!! President DJT,2025-08-31,DJT,direct,direct: 'djt',no_clear_stance,,,SPY,1,,,no_claim,,,no_claim,,,no_claim,,,no_claim,,,no_claim,,,no_claim
115123713005977554,"Miranda Devine and Katie Pavlich were terrific on FoxNews yesterday. Smart, exciting, and really know their “stuff.” Two great professionals. Thank you!!! President DJT",2025-08-31,DJT,direct,direct: 'djt',no_clear_stance,,,SPY,1,,,no_claim,,,no_claim,,,no_claim,,,no_claim,,,no_claim,,,no_claim
115125318282199234,"https://truthsocial.com/@DC_Draino/115118089050516091. NEVER FELT BETTER IN MY LIFE. Also, DC IS A CRIME FREE ZONE! President DJT",2025-08-31,DJT,direct,direct: 'djt',no_clear_stance,,,SPY,1,,,no_claim,,,no_claim,,,no_claim,,,no_claim,,,no_claim,,,no_claim
115125330212310166,"DC IS NOW A CRIME FREE ZONE, IN JUST 12 DAYS!!!  President DJT",2025-08-31,DJT,direct,direct: 'djt',no_clear_stance,,,SPY,1,,,no_claim,,,no_claim,,,no_claim,,,no_claim,,,no_claim,,,no_claim
115126310071570564,Why does Fake News ABC’S This Week With George Slopadopolus have Low IQ “commentator” Donna Brazile on the show? Wasn’t she totally discredited when she gave Crooked Hillary Clinton the questions to a,2025-09-01,DJT,direct,direct: 'djt',no_clear_stance,,,SPY,1,,,no_claim,,,no_claim,,,no_claim,,,no_claim,,,no_claim,,,no_claim
115126421567567735,"This is a total Conflict of Interest. The Judge must RECUSE, IMMEDIATELY!!! President DJT",2025-09-01,DJT,direct,direct: 'djt',no_clear_stance,,,SPY,1,,,no_claim,,,no_claim,,,no_claim,,,no_claim,,,no_claim,,,no_claim
115126426327367030,"Same Judge as on Fed Case. I wonder how that happened??? Must recuse!!! President DJT
“Federal judge blocks Trump effort to expand fast-track deportations” https://www.politico.com/news/2025/08/29/tru",2025-09-01,DJT,direct,direct: 'djt',no_clear_stance,,,SPY,1,,,no_claim,,,no_claim,,,no_claim,,,no_claim,,,no_claim,,,no_claim
115126499944858986,"More than 15 Trillion Dollars will be invested in the USA, a RECORD. Much of this investment is because of Tariffs. If a Radical Left Court is allowed to terminate these Tariffs, almost all of this in",2025-09-01,DJT,direct,direct: 'djt',no_clear_stance,,,SPY,1,,,no_claim,,,no_claim,,,no_claim,,,no_claim,,,no_claim,,,no_claim
115128985245605660,It is very important that the Drug Companies justify the success of their various Covid Drugs. Many people think they are a miracle that saved Millions of lives. Others disagree! With CDC being ripped,2025-09-01,PFE,direct,direct: 'pfizer',no_clear_stance,,,XLV,0,0.0101,0.0052,no_claim,0.0024,0.0023,no_claim,-0.0077,-0.0116,no_claim,-0.0073,-0.0143,no_claim,-0.0307,-0.031,no_claim,0.0303,0.009,no_claim
115128985245605660,It is very important that the Drug Companies justify the success of their various Covid Drugs. Many people think they are a miracle that saved Millions of lives. Others disagree! With CDC being ripped,2025-09-01,DJT,direct,direct: 'djt',no_clear_stance,,,SPY,1,,,no_claim,,,no_claim,,,no_claim,,,no_claim,,,no_claim,,,no_claim
115144078281517668,"The Mayor and Governor should be begging me for help. Crime is out of control in Chicago, potentially one of the greatest cities in the World (Again!). I could fix it in one month! President DJT https",2025-09-04,DJT,direct,direct: 'djt',no_clear_stance,,,SPY,1,,,no_claim,,,no_claim,,,no_claim,,,no_claim,,,no_claim,,,no_claim
115151165397446776,"Jerry Nadler, one of the most disgusting Congressmen in USA History is, at long last, calling it “quits” - He’s finally leaving Congress! I’ve been beating this bum for 40 years, first as a New York C",2025-09-05,DJT,direct,direct: 'djt',no_clear_stance,,,SPY,1,,,no_claim,,,no_claim,,,no_claim,,,no_claim,,,no_claim,,,no_claim
115153232183118149,"Europe today “hit” another great American company, Google, with a $3.5 Billion Dollar fine, effectively taking money that would otherwise go to American Investments and Jobs. This is on top of the man",2025-09-05,AAPL,direct,direct: 'apple',no_clear_stance,,,XLK,0,-0.0059,-0.0082,no_claim,-0.0207,-0.0248,no_claim,-0.0523,-0.0746,no_claim,-0.0219,-0.047,no_claim,0.0259,-0.0296,no_claim,0.0727,-0.0171,no_claim
115168933967621443,"6 people were murdered in Chicago this weekend, 12 others were shot, and in serious condition. This would mean that over the past number of weeks, approximately 50 people were killed, and hundreds wer",2025-09-08,DJT,direct,direct: 'djt',no_clear_stance,,,SPY,1,,,no_claim,,,no_claim,,,no_claim,,,no_claim,,,no_claim,,,no_claim
115169843962994945,"Gianno Caldwell has written a powerful Book, “The Day My Brother Was Murdered: My Journey Through America's Violent Crime Crisis.” Gianno unfortunately understands the true Horror of the Crime Epidemi",2025-09-08,AMZN,direct,direct: 'amazon',no_clear_stance,,WMT TGT COST,XLY,0,0.008,0.0086,no_claim,-0.0255,-0.0129,no_claim,-0.0271,-0.0337,no_claim,-0.0209,-0.0414,no_claim,-0.0369,-0.0571,no_claim,-0.0617,-0.0628,no_claim
115171248213293804,Congratulations to Nick Bosa on an unbelievable play in the San Francisco 49ers’ Win over Seattle. He was born to be a STAR! President DJT,2025-09-08,DJT,direct,direct: 'djt',no_clear_stance,,,SPY,1,,,no_claim,,,no_claim,,,no_claim,,,no_claim,,,no_claim,,,no_claim
115177916289896131,"Thank you Lenny. Great to be a WINNER, and that is you, a WINNER and a CHAMPION!!! MAKE AMERICA GREAT AGAIN! President DJT https://www.newsmax.com/newsfront/croton-on-hudson-resident-veteran/2025/09/0",2025-09-10,DJT,direct,direct: 'djt',no_clear_stance,,,SPY,1,,,no_claim,,,no_claim,,,no_claim,,,no_claim,,,no_claim,,,no_claim
115180154793561569,"Just out: No Inflation!!! “Too Late” must lower the RATE, BIG, right now. Powell is a total disaster, who doesn’t have a clue!!! President DJT",2025-09-10,DJT,direct,direct: 'djt',no_clear_stance,,,SPY,1,,,no_claim,,,no_claim,,,no_claim,,,no_claim,,,no_claim,,,no_claim
115183827069786801,"Great interview by Congressman Mark Harris of North Carolina, on FoxNews. Thank you Mark!!! President DJT",2025-09-11,DJT,direct,direct: 'djt',no_clear_stance,,,SPY,1,,,no_claim,,,no_claim,,,no_claim,,,no_claim,,,no_claim,,,no_claim
115199460946450022,"The only reason crime is somewhat down in Memphis is because the FBI, and others in the Federal Government, at my direction, have been working there for 5 months - on the absolutely terrible Crime num",2025-09-13,DJT,direct,direct: 'djt',no_clear_stance,,,SPY,1,,,no_claim,,,no_claim,,,no_claim,,,no_claim,,,no_claim,,,no_claim
115206527064725917,"The Federal Government, under my auspices as President of the United States of America, has stepped into the complete criminal mess that was Washington, D.C., our Nation’s Capital. Because of this, D.",2025-09-15,DJT,direct,direct: 'djt',no_clear_stance,,,SPY,1,,,no_claim,,,no_claim,,,no_claim,,,no_claim,,,no_claim,,,no_claim
115206570863756188,"The Federal Government, under my auspices as President of the United States of America, has stepped into the complete criminal mess that was Washington, D.C., our Nation’s Capital. Because of this, D.",2025-09-15,DJT,direct,direct: 'djt',no_clear_stance,,,SPY,1,,,no_claim,,,no_claim,,,no_claim,,,no_claim,,,no_claim,,,no_claim
115207991871277413,"Governor Kathy Hochul of New York has Endorsed the “Liddle’ Communist,” Zohran Mamdani, running for Mayor of New York. This is a rather shocking development, and a very bad one for New York City. How ",2025-09-15,DJT,direct,direct: 'djt',no_clear_stance,,,SPY,1,,,no_claim,,,no_claim,,,no_claim,,,no_claim,,,no_claim,,,no_claim
115208260926006345,"The big Trade Meeting in Europe between The United States of America, and China, has gone VERY WELL! It will be concluding shortly. A deal was also reached on a “certain” company that young people in ",2025-09-15,DJT,direct,direct: 'djt',no_clear_stance,,,SPY,1,,,no_claim,,,no_claim,,,no_claim,,,no_claim,,,no_claim,,,no_claim
115208353139528932,"“Too Late” MUST CUT INTEREST RATES, NOW, AND BIGGER THAN HE HAD IN MIND. HOUSING WILL SOAR!!! President DJT",2025-09-15,DJT,direct,direct: 'djt',no_clear_stance,,,SPY,1,,,no_claim,,,no_claim,,,no_claim,,,no_claim,,,no_claim,,,no_claim
115209308362990527,"MY son Eric’s just out book, “UNDER SIEGE,” immediately went to NUMBER ONE on Amazon. Great going Eric, you deserve it!!! https://a.co/d/7oPyLF5",2025-09-15,AMZN,direct,direct: 'amazon',no_clear_stance,,WMT TGT COST,XLY,0,0.0048,0.0022,no_claim,-0.0057,-0.0057,no_claim,-0.0073,-0.0028,no_claim,-0.0228,-0.0188,no_claim,-0.0462,-0.0446,no_claim,-0.071,-0.0429,no_claim
115209549037822166,"Congressional Republicans, including Leader John Thune and Speaker Mike Johnson, are working on a short term “CLEAN” extension of Government Funding to stop Cryin’ Chuck Schumer from shutting down the",2025-09-15,DJT,direct,direct: 'djt',no_clear_stance,,,SPY,1,,,no_claim,,,no_claim,,,no_claim,,,no_claim,,,no_claim,,,no_claim
115215261916717696,"The Republicans are going to do a Midterm Convention in order to show the great things we have done since the Presidential Election of 2024. Time and place to be determined. Stay tuned, it will be qui",2025-09-16,DJT,direct,direct: 'djt',no_clear_stance,,,SPY,1,,,no_claim,,,no_claim,,,no_claim,,,no_claim,,,no_claim,,,no_claim
115215278610415981,"Just had a wonderful phone call with my friend, Prime Minister Narendra Modi. I wished him a very Happy Birthday! He is doing a tremendous job. Narendra: Thank you for your support on ending the War b",2025-09-16,DJT,direct,direct: 'djt',no_clear_stance,,,SPY,1,,,no_claim,,,no_claim,,,no_claim,,,no_claim,,,no_claim,,,no_claim
115215588649960500,"BREAKING NEWS! In a Big WIN for Justice and Law in Georgia, the Georgia Supreme Court just ruled that District Attorney Fani Willis and her “team” of Weaponized Prosecutors are DISQUALIFIED, once and ",2025-09-16,DJT,direct,direct: 'djt',no_clear_stance,,,SPY,1,,,no_claim,,,no_claim,,,no_claim,,,no_claim,,,no_claim,,,no_claim
115216434940272027,"I am getting amazing feedback on my Lawsuit against The New York Times. The predominant feeling and sentiment is, “IT’S ABOUT TIME!” The case was filed in the Great State of Florida! The Radical Left ",2025-09-16,DJT,direct,direct: 'djt',no_clear_stance,,,SPY,1,,,no_claim,,,no_claim,,,no_claim,,,no_claim,,,no_claim,,,no_claim
115222372625104790,"Great News for America: The ratings challenged Jimmy Kimmel Show is CANCELLED. Congratulations to ABC for finally having the courage to do what had to be done. Kimmel has ZERO talent, and worse rating",2025-09-18,DJT,direct,direct: 'djt',no_clear_stance,,,SPY,1,,,no_claim,,,no_claim,,,no_claim,,,no_claim,,,no_claim,,,no_claim
115232256964155055,"I am pleased to host President Recep Tayyip Erdoğan, of Turkey, at the White House on September 25th. We are working on many Trade and Military Deals with the President, including the large scale purc",2025-09-19,BA,direct,direct: 'boeing',no_clear_stance,,,ITA,0,-0.0143,-0.0204,no_claim,0.0054,-0.0099,no_claim,-0.0003,-0.0034,no_claim,0.0283,0.0153,no_claim,0.0053,-0.0268,no_claim,0.0077,-0.0246,no_claim
115232256964155055,"I am pleased to host President Recep Tayyip Erdoğan, of Turkey, at the White House on September 25th. We are working on many Trade and Military Deals with the President, including the large scale purc",2025-09-19,LMT,direct,direct: 'f-35',no_clear_stance,,,ITA,0,0.0142,0.0081,no_claim,0.0274,0.0121,no_claim,0.0266,0.0235,no_claim,0.0291,0.016,no_claim,0.0651,0.0331,no_claim,0.068,0.0357,no_claim
115234681538876098,"Today I withdrew the Nomination of Erik Siebert as U.S. Attorney for the Eastern District of Virginia, when I was informed that he received the UNUSUALLY STRONG support of the two absolutely terrible,",2025-09-20,DJT,direct,direct: 'djt',no_clear_stance,,,SPY,1,,,no_claim,,,no_claim,,,no_claim,,,no_claim,,,no_claim,,,no_claim
115238637490866159,"Nicole Parker, former FBI, was great today on FoxNews. Thank you Nicole!!!  President DJT",2025-09-20,DJT,direct,direct: 'djt',no_clear_stance,,,SPY,1,,,no_claim,,,no_claim,,,no_claim,,,no_claim,,,no_claim,,,no_claim
115238732896636210,"Just toured Washington, D.C., and it is a totally different place than it was last year. No tents, manicured grass and parks, cleans streets, no gangs or vicious criminals — THE PLACE IS BEAUTIFUL AND",2025-09-20,DJT,direct,direct: 'djt',no_clear_stance,,,SPY,1,,,no_claim,,,no_claim,,,no_claim,,,no_claim,,,no_claim,,,no_claim
115238745589536576,"If Afghanistan doesn’t give Bagram Airbase back to those that built it, the United States of America, BAD THINGS ARE GOING TO HAPPEN!!! President DJT",2025-09-20,DJT,direct,direct: 'djt',no_clear_stance,,,SPY,1,,,no_claim,,,no_claim,,,no_claim,,,no_claim,,,no_claim,,,no_claim
115238993505561388,"Pam: I have reviewed over 30 statements and posts saying that, essentially, “same old story as last time, all talk, no action. Nothing is being done. What about Comey, Adam “Shifty” Schiff, Leticia???",2025-09-20,DJT,direct,direct: 'djt',no_clear_stance,,,SPY,1,,,no_claim,,,no_claim,,,no_claim,,,no_claim,,,no_claim,,,no_claim
115239012437859070,"Just toured Washington, D.C., and it is a totally different place than it was last year. No tents, manicured grass and parks, clean streets, no gangs or vicious criminals — THE PLACE IS BEAUTIFUL AND ",2025-09-20,DJT,direct,direct: 'djt',no_clear_stance,,,SPY,1,,,no_claim,,,no_claim,,,no_claim,,,no_claim,,,no_claim,,,no_claim
115239044548033727,"Pam: I have reviewed over 30 statements and posts saying that, essentially, “same old story as last time, all talk, no action. Nothing is being done. What about Comey, Adam “Shifty” Schiff, Leticia???",2025-09-20,DJT,direct,direct: 'djt',no_clear_stance,,,SPY,1,,,no_claim,,,no_claim,,,no_claim,,,no_claim,,,no_claim,,,no_claim
115250311291343080,"Earlier this month I spoke with the Highly Respected President of Uzbekistan, Shavkat Mirziyoyev. Today I want to congratulate President Mirziyoyev on signing a GREAT Deal with Boeing! Worth over $8 B",2025-09-22,BA,direct,direct: 'boeing',positive,great,,ITA,0,-0.0036,-0.0096,opposite,-0.0093,-0.0032,flat,-0.0165,-0.0077,flat,-0.0002,-0.0027,flat,0.012,-0.0252,opposite,0.0006,-0.0405,opposite
115264848871452989,"Wow!!! A just out poll has Jack Ciattarelli essentially beating close to incompetent Mike Sherrill in the race for Governor of New Jersey. Jack is tough on crime and cutting taxes, two things that peo",2025-09-25,DJT,direct,direct: 'djt',no_clear_stance,,,SPY,1,,,no_claim,,,no_claim,,,no_claim,,,no_claim,,,no_claim,,,no_claim
115265260242945334,What a great couple—Congratulations! President DJT,2025-09-25,DJT,direct,direct: 'djt',no_clear_stance,,,SPY,1,,,no_claim,,,no_claim,,,no_claim,,,no_claim,,,no_claim,,,no_claim
115270236987768479,"Whether you like Corrupt James Comey or not, and I can’t imagine too many people liking him, HE LIED! It is not a complex lie, it’s a very simple, but IMPORTANT one. There is no way he can explain his",2025-09-26,DJT,direct,direct: 'djt',no_clear_stance,,,SPY,1,,,no_claim,,,no_claim,,,no_claim,,,no_claim,,,no_claim,,,no_claim
115271135823530018,"Pregnant Women, DON'T USE TYLENOL UNLESS ABSOLUTELY NECESSARY, DON'T GIVE TYLENOL TO YOUR YOUNG CHILD FOR VIRTUALLY ANY REASON, BREAK UP THE MMR SHOT INTO THREE TOTALLY SEPARATE SHOTS (NOT MIXED!), TA",2025-09-26,DJT,direct,direct: 'djt',no_clear_stance,,,SPY,1,,,no_claim,,,no_claim,,,no_claim,,,no_claim,,,no_claim,,,no_claim
115271189838263038,"Flying over Ryder Cup, now! DJT",2025-09-26,DJT,direct,direct: 'djt',no_clear_stance,,,SPY,1,,,no_claim,,,no_claim,,,no_claim,,,no_claim,,,no_claim,,,no_claim
115272665190921190,"Corrupt and Totally Trump Deranged Lisa Monaco (A purported pawn of Legal Lightweight Andrew Weissmann), was a senior National Security aide under Barrack Hussein Obama, and a Lawfare and Weaponizatio",2025-09-26,MSFT,direct,direct: 'microsoft',no_clear_stance,,,XLK,0,0.0061,0.0065,no_claim,0.0126,0.0075,no_claim,0.0161,0.0011,no_claim,0.0114,-0.0038,no_claim,-0.0011,0.0063,no_claim,0.0391,-0.027,no_claim
115272665190921190,"Corrupt and Totally Trump Deranged Lisa Monaco (A purported pawn of Legal Lightweight Andrew Weissmann), was a senior National Security aide under Barrack Hussein Obama, and a Lawfare and Weaponizatio",2025-09-26,DJT,direct,direct: 'djt',no_clear_stance,,,SPY,1,,,no_claim,,,no_claim,,,no_claim,,,no_claim,,,no_claim,,,no_claim
115272758814629814,"Corrupt and Totally Trump Deranged Lisa Monaco (A purported pawn of Legal Lightweight Andrew Weissmann), was a senior National Security aide under Barack Hussein Obama, and a Lawfare and Weaponization",2025-09-26,MSFT,direct,direct: 'microsoft',no_clear_stance,,,XLK,0,0.0061,0.0065,no_claim,0.0126,0.0075,no_claim,0.0161,0.0011,no_claim,0.0114,-0.0038,no_claim,-0.0011,0.0063,no_claim,0.0391,-0.027,no_claim
115272758814629814,"Corrupt and Totally Trump Deranged Lisa Monaco (A purported pawn of Legal Lightweight Andrew Weissmann), was a senior National Security aide under Barack Hussein Obama, and a Lawfare and Weaponization",2025-09-26,DJT,direct,direct: 'djt',no_clear_stance,,,SPY,1,,,no_claim,,,no_claim,,,no_claim,,,no_claim,,,no_claim,,,no_claim
115272791741064606,"Brendan Carr, Chairman of the Federal Communications Commission (FCC), is Smart, Tough, and a True American Patriot. He is supported by MAGA, like few others. Keep up the GREAT work, Brendan. MAKE AME",2025-09-26,DJT,direct,direct: 'djt',no_clear_stance,,,SPY,1,,,no_claim,,,no_claim,,,no_claim,,,no_claim,,,no_claim,,,no_claim
115273002921064922,"I’d like to thank Kash Patel, and the outstanding members of the FBI, for their brilliant work on the recent Indictment of the Worst FBI Director in the History of our Country, James “Dirty Cop” Comey",2025-09-26,DJT,direct,direct: 'djt',no_clear_stance,,,SPY,1,,,no_claim,,,no_claim,,,no_claim,,,no_claim,,,no_claim,,,no_claim
115279734861052153,"A really great and impactful book, just out, “ON DEMOCRACIES AND DEATH CULTS,” by New York Times Bestselling Author, Douglas Murray. Get it NOW!!! President DJT",2025-09-28,DJT,direct,direct: 'djt',no_clear_stance,,,SPY,1,,,no_claim,,,no_claim,,,no_claim,,,no_claim,,,no_claim,,,no_claim
115282009590636281,"We have a real chance for GREATNESS IN THE MIDDLE EAST. ALL ARE ON BOARD FOR SOMETHING SPECIAL, FIRST TIME EVER. WE WILL GET IT DONE!!! President DJT",2025-09-28,DJT,direct,direct: 'djt',no_clear_stance,,,SPY,1,,,no_claim,,,no_claim,,,no_claim,,,no_claim,,,no_claim,,,no_claim
115283825662825835,"Some of the highest quality 24 Karat Gold used in the Oval Office and Cabinet Room of the White House. Foreign Leaders, and everyone else, “freak out” when they see the quality and beauty. Best Oval O",2025-09-28,DJT,direct,direct: 'djt',no_clear_stance,,,SPY,1,,,no_claim,,,no_claim,,,no_claim,,,no_claim,,,no_claim,,,no_claim
115285407847623317,"Hard to watch the new NFL kickoff. It’s wrong on every level. They should end it, immediately. Bad for the game of football! President DJT",2025-09-29,DJT,direct,direct: 'djt',no_clear_stance,,,SPY,1,,,no_claim,,,no_claim,,,no_claim,,,no_claim,,,no_claim,,,no_claim
115287641147640374,"Self proclaimed New York City Communist, Zohran Mamdani, who is running for Mayor, will prove to be one of the best things to ever happen to our great Republican Party. He is going to have problems wi",2025-09-29,DJT,direct,direct: 'djt',no_clear_stance,,,SPY,1,,,no_claim,,,no_claim,,,no_claim,,,no_claim,,,no_claim,,,no_claim
115287691323395767,"Our movie making business has been stolen from the United States of America, by other Countries, just like stealing “candy from a baby.” California, with its weak and incompetent Governor, has been pa",2025-09-29,DJT,direct,direct: 'djt',no_clear_stance,,,SPY,1,,,no_claim,,,no_claim,,,no_claim,,,no_claim,,,no_claim,,,no_claim
115287723938349086,"In order to make North Carolina, which has completely lost its furniture business to China, and other Countries, GREAT again, I will be imposing substantial Tariffs on any Country that does not make i",2025-09-29,DJT,direct,direct: 'djt',no_clear_stance,,,SPY,1,,,no_claim,,,no_claim,,,no_claim,,,no_claim,,,no_claim,,,no_claim
115299125682668163,I was there to see it all. Total Scum!!! President DJT https://nypost.com/2025/09/30/us-news/fbi-surveilled-rep-scott-perry-before-seizing-his-cell-phone-as-part-of-arctic-frost-probe-into-2020-electi,2025-10-01,DJT,direct,direct: 'djt',no_clear_stance,,,SPY,1,,,no_claim,,,no_claim,,,no_claim,,,no_claim,,,no_claim,,,no_claim
115300118756896774,"As I determined on September 27th, when I activated and called into service the National Guard in Oregon, conditions continue to deteriorate into lawless mayhem. Our GREAT Federal Law Enforcement Offi",2025-10-01,DJT,direct,direct: 'djt',no_clear_stance,,,SPY,1,,,no_claim,,,no_claim,,,no_claim,,,no_claim,,,no_claim,,,no_claim
115304455138824245,"I have a meeting today with Russ Vought, he of PROJECT 2025 Fame, to determine which of the many Democrat Agencies, most of which are a political SCAM, he recommends to be cut, and whether or not thos",2025-10-02,DJT,direct,direct: 'djt',no_clear_stance,,,SPY,1,,,no_claim,,,no_claim,,,no_claim,,,no_claim,,,no_claim,,,no_claim
115304536210429622,Best thing that could happen to the Republican Party? A Communist Mayor in NYC. The Dems have gone stone cold  CRAZY!  President DJT https://www.foxbusiness.com/video/6380535163112,2025-10-02,DJT,direct,direct: 'djt',no_clear_stance,,,SPY,1,,,no_claim,,,no_claim,,,no_claim,,,no_claim,,,no_claim,,,no_claim
115307871751959358,WOW!!! Such an! honor. Record “stuff” for a Republican. President DJT,2025-10-03,DJT,direct,direct: 'djt',no_clear_stance,,,SPY,1,,,no_claim,,,no_claim,,,no_claim,,,no_claim,,,no_claim,,,no_claim
115311232842528048,I am pleased to advise that I reversed the cuts made to Homeland Security and Counterterrorism for New York City and State. It was my Honor to do so. Thank you for your attention to this matter! Presi,2025-10-03,DJT,direct,direct: 'djt',no_clear_stance,,,SPY,1,,,no_claim,,,no_claim,,,no_claim,,,no_claim,,,no_claim,,,no_claim
115318223084524890,"I hope Univision, a great and very popular Hispanic Network, can get BACK onto the very amazing Google/YouTube. It has been taken out of their package, which is VERY BAD for Republicans in the upcomin",2025-10-04,DJT,direct,direct: 'djt',no_clear_stance,,,SPY,1,,,no_claim,,,no_claim,,,no_claim,,,no_claim,,,no_claim,,,no_claim
115321994845181490,"It will be a big day with the Navy. Leaving now. The United States has the greatest military, by far, in the World. This will be a show of Naval aptitude and strength. ENJOY WATCHING! It will be broad",2025-10-05,DJT,direct,direct: 'djt',no_clear_stance,,,SPY,1,,,no_claim,,,no_claim,,,no_claim,,,no_claim,,,no_claim,,,no_claim
115332793655857227,"Great interview by highly respected Congressman Michael Baumgartner, Republican of the Great State of Washington, on Maria Bartiromo’s (Who is, by the way, also FANTASTIC!) Show. He really gets it. Th",2025-10-07,DJT,direct,direct: 'djt',no_clear_stance,,,SPY,1,,,no_claim,,,no_claim,,,no_claim,,,no_claim,,,no_claim,,,no_claim
115335985411793079,Congratulations to Matt Van Epps on his great victory in Tennessee. He will be a GREAT Congressman!!! President DJT,2025-10-08,DJT,direct,direct: 'djt',no_clear_stance,,,SPY,1,,,no_claim,,,no_claim,,,no_claim,,,no_claim,,,no_claim,,,no_claim
115344000556414178,"I would like to thank Republican Congressman Brian Mast, of Florida, for his brilliant words and analysis on the return of the Hostages, and Peace in the Middle East, this morning on Fox & Friends. Th",2025-10-09,DJT,direct,direct: 'djt',no_clear_stance,,,SPY,1,,,no_claim,,,no_claim,,,no_claim,,,no_claim,,,no_claim,,,no_claim
115347456920917051,Thank you Washington Post. Wow!!! https://www.washingtonpost.com/opinions/2025/10/09/gaza-ceasefire-deal-trump-nobel-prize/,2025-10-10,AMZN,indirect,indirect: 'washington post',positive,thank,WMT TGT COST,XLY,0,-0.0435,-0.0155,opposite,-0.0271,-0.0209,opposite,-0.0434,-0.0392,opposite,-0.0519,-0.0395,opposite,-0.0226,-0.0356,opposite,0.0805,0.0782,match
115359345947837427,"THE BIDEN FBI PLACED 274 AGENTS INTO THE CROWD ON JANUARY 6. If this is so, which it is, a lot of very good people will be owed big apologies. What a SCAM - DO SOMETHING!!! President DJT",2025-10-12,DJT,direct,direct: 'djt',no_clear_stance,,,SPY,1,,,no_claim,,,no_claim,,,no_claim,,,no_claim,,,no_claim,,,no_claim
115361806192142146,"The Ukraine Impeachment (of me!) Scam was a far bigger Illegal Hoax than Watergate. I sincerely hope the necessary authorities, including CONGRESS, are looking into this! Adam “Schiffty” Schiff was so",2025-10-12,DJT,direct,direct: 'djt',no_clear_stance,,,SPY,1,,,no_claim,,,no_claim,,,no_claim,,,no_claim,,,no_claim,,,no_claim
115362196088273474,"Don’t worry about China, it will all be fine! Highly respected President Xi just had a bad moment. He doesn’t want Depression for his country, and neither do I. The U.S.A. wants to help China, not hur",2025-10-12,DJT,direct,direct: 'djt',no_clear_stance,,,SPY,1,,,no_claim,,,no_claim,,,no_claim,,,no_claim,,,no_claim,,,no_claim
115373569028997850,"ALL TWENTY HOSTAGES ARE BACK AND FEELING AS GOOD AS CAN BE EXPECTED. A big burden has been lifted, but the job IS NOT DONE. THE DEAD HAVE NOT BEEN RETURNED, AS PROMISED! Phase Two begins right NOW!!! ",2025-10-14,DJT,direct,direct: 'djt',no_clear_stance,,,SPY,1,,,no_claim,,,no_claim,,,no_claim,,,no_claim,,,no_claim,,,no_claim
115387504970821391,"A ""Blue Slip"" means that if you're a Republican President, and there happens to be just one Democrat Senator in a state where you are appointing a U.S. Attorney or District Court Judge, you will never",2025-10-17,DJT,direct,direct: 'djt',no_clear_stance,,,SPY,1,,,no_claim,,,no_claim,,,no_claim,,,no_claim,,,no_claim,,,no_claim
115408594704490513,"I am pleased to announce that ground has been broken on the White House grounds to build the new, big, beautiful White House Ballroom. Completely separate from the White House itself, the East Wing is",2025-10-20,DJT,direct,direct: 'djt',no_clear_stance,,,SPY,1,,,no_claim,,,no_claim,,,no_claim,,,no_claim,,,no_claim,,,no_claim
115426823727952497,"The Ronald Reagan Foundation has just announced that Canada has fraudulently used an advertisement, which is FAKE, featuring Ronald Reagan speaking negatively about Tariffs. The ad was for $75,000. Th",2025-10-24,DJT,direct,direct: 'djt',no_clear_stance,,,SPY,1,,,no_claim,,,no_claim,,,no_claim,,,no_claim,,,no_claim,,,no_claim
115426967566430347,"The Ronald Reagan Foundation has just announced that Canada has fraudulently used an advertisement, which is FAKE, featuring Ronald Reagan speaking negatively about Tariffs. The ad was for $75,000,000",2025-10-24,DJT,direct,direct: 'djt',no_clear_stance,,,SPY,1,,,no_claim,,,no_claim,,,no_claim,,,no_claim,,,no_claim,,,no_claim
115437112529618205,"I am on my way to Malaysia, where I will sign the great Peace Deal, which I proudly brokered between Cambodia and Thailand. Sadly, the Queen Mother of Thailand has just passed away. I send my condolen",2025-10-25,DJT,direct,direct: 'djt',no_clear_stance,,,SPY,1,,,no_claim,,,no_claim,,,no_claim,,,no_claim,,,no_claim,,,no_claim
115442848945833358,“Washington Post editorial board praises Trump’s demolition of East Wing” https://thehill.com/homenews/media/5574074-washington-post-praises-trump/,2025-10-26,AMZN,indirect,indirect: 'washington post',no_clear_stance,,WMT TGT COST,XLY,0,-0.003,-0.0069,no_claim,0.007,0.0028,no_claim,0.0116,0.0157,no_claim,0.0727,0.0736,no_claim,0.0736,0.0914,no_claim,-0.0061,0.0424,no_claim
115445047857168881,Landing in Japan now. Looking forward to seeing the Emperor! President DJT,2025-10-27,DJT,direct,direct: 'djt',no_clear_stance,,,SPY,1,,,no_claim,,,no_claim,,,no_claim,,,no_claim,,,no_claim,,,no_claim
115456708839350276,"Bringing back Trillions of Dollars to USA! A great trip. Dealing with very smart, talented, and wonderful Leaders. Tomorrow, President Xi of China. It will be a great meeting for both!!! President DJT",2025-10-29,DJT,direct,direct: 'djt',no_clear_stance,,,SPY,1,,,no_claim,,,no_claim,,,no_claim,,,no_claim,,,no_claim,,,no_claim
115459554252660428,Very much looking forward to my meeting with President Xi of China. It will take place in a few hours! President DJT,2025-10-29,DJT,direct,direct: 'djt',no_clear_stance,,,SPY,1,,,no_claim,,,no_claim,,,no_claim,,,no_claim,,,no_claim,,,no_claim
115459712836946359,"South Korea will be building its Nuclear Powered Submarine in the Philadelphia Shipyards, right here in the good ol’ U.S.A. Shipbuilding in our Country will soon be making a BIG COMEBACK. Stay tuned!!",2025-10-29,DJT,direct,direct: 'djt',no_clear_stance,,,SPY,1,,,no_claim,,,no_claim,,,no_claim,,,no_claim,,,no_claim,,,no_claim
115459721816394295,https://truthsocial.com/users/joemccuiston/statuses/115459655502285032Thank you! President DJT,2025-10-29,DJT,direct,direct: 'djt',no_clear_stance,,,SPY,1,,,no_claim,,,no_claim,,,no_claim,,,no_claim,,,no_claim,,,no_claim
115459747028353384,https://truthsocial.com/users/traleecan/statuses/115459728361788892Such an honor. Millions of lives saved. Thank you! President DJT,2025-10-29,DJT,direct,direct: 'djt',no_clear_stance,,,SPY,1,,,no_claim,,,no_claim,,,no_claim,,,no_claim,,,no_claim,,,no_claim
115481621608702748,Jay Clayton is GREAT!!! President DJT https://wabcradio.com/episode/us-attorney-jay-clayton-sdny-nypd-is-essential-as-state-sponsored-drug-rings-hit-nyc-10-min/,2025-11-02,DJT,direct,direct: 'djt',no_clear_stance,,,SPY,1,,,no_claim,,,no_claim,,,no_claim,,,no_claim,,,no_claim,,,no_claim
115491996994152487,"If affordability is you issue, VOTE REPUBLICAN! Energy costs, as and example, are plummeting - Getting close to 2 Dollar a gallon gasoline. When energy goes down, everything else follows, and it has!!",2025-11-04,DJT,direct,direct: 'djt',no_clear_stance,,,SPY,1,,,no_claim,,,no_claim,,,no_claim,,,no_claim,,,no_claim,,,no_claim
115492078911838554,"Wow! Joe Scarborough’s Television Ratings are really bad. They have gone, as they say, “down the tubes,” as has the rest of MSNBC. It’s a beautiful thing to watch! President DJT",2025-11-04,DJT,direct,direct: 'djt',no_clear_stance,,,SPY,1,,,no_claim,,,no_claim,,,no_claim,,,no_claim,,,no_claim,,,no_claim
115492285081397189,"SNAP BENEFITS, which increased by Billions and Billions of Dollars (MANY FOLD!) during Crooked Joe Biden’s disastrous term in office (Due to the fact that they were haphazardly “handed” to anyone for ",2025-11-04,DJT,direct,direct: 'djt',no_clear_stance,,,SPY,1,,,no_claim,,,no_claim,,,no_claim,,,no_claim,,,no_claim,,,no_claim
115493839582779089,"Sean Duffy has done an incredible job as Interim Administrator of the National Aeronautics and Space Administration (NASA). This evening, I am pleased to nominate Jared Isaacman, an accomplished busin",2025-11-04,DJT,direct,direct: 'djt',no_clear_stance,,,SPY,1,,,no_claim,,,no_claim,,,no_claim,,,no_claim,,,no_claim,,,no_claim
115495015896453646,"REPUBLICANS, TERMINATE THE FILIBUSTER! GET BACK TO PASSING LEGISLATION AND VOTER REFORM! President DJT",2025-11-05,DJT,direct,direct: 'djt',no_clear_stance,,,SPY,1,,,no_claim,,,no_claim,,,no_claim,,,no_claim,,,no_claim,,,no_claim
115508699750416036,"Republicans, Terminate the Filibuster and bring back the American Dream. If you don’t do it, the Dems will, and you’ll never see office again! President DJT",2025-11-07,DJT,direct,direct: 'djt',no_clear_stance,,,SPY,1,,,no_claim,,,no_claim,,,no_claim,,,no_claim,,,no_claim,,,no_claim
115516453396913877,"NO MORE MONEY, HUNDREDS OF BILLIONS OF DOLLARS, TO THE DEMOCRAT SUPPORTED INSURANCE COMPANIES FOR REALLY BAD OBAMACARE. THE MONEY MUST NOW GO DIRECTLY TO THE PEOPLE, TAKING THE “FAT CAT” INSURANCE COM",2025-11-08,DJT,direct,direct: 'djt',no_clear_stance,,,SPY,1,,,no_claim,,,no_claim,,,no_claim,,,no_claim,,,no_claim,,,no_claim
115519740341195886,"WITHOUT TARIFFS, WE HAVE NONE OF THE FOLLOWING (JUST POSTED) TRUTH!!! President DJT",2025-11-09,DJT,direct,direct: 'djt',no_clear_stance,,,SPY,1,,,no_claim,,,no_claim,,,no_claim,,,no_claim,,,no_claim,,,no_claim
115519951705472870,"So, let’s get this straight??? The President of the United States is allowed (and fully approved by Congress!) to stop ALL TRADE with a Foreign Country (Which is far more onerous than a Tariff!), and ",2025-11-09,DJT,direct,direct: 'djt',no_clear_stance,,,SPY,1,,,no_claim,,,no_claim,,,no_claim,,,no_claim,,,no_claim,,,no_claim
115526165519672797,"All money left over from the $2000 payments made to low and middle income USA Citizens, from the massive Tariff Income pouring into our Country from foreign countries, which will be substantial, will ",2025-11-10,DJT,direct,direct: 'djt',no_clear_stance,,,SPY,1,,,no_claim,,,no_claim,,,no_claim,,,no_claim,,,no_claim,,,no_claim
115567293174185547,"Scott Jennings has just written a powerful new book, “A Revolution of Common Sense: How Donald Trump Stormed Washington and Fought for Western Civilization.” With his distinctive Wisdom, Courage, and ",2025-11-17,AMZN,direct,direct: 'amazon',no_clear_stance,,WMT TGT COST,XLY,0,-0.0243,-0.0175,no_claim,-0.0237,-0.0169,no_claim,-0.048,-0.0264,no_claim,-0.008,-0.0189,no_claim,0.0277,-0.0183,no_claim,-0.0299,-0.0963,no_claim
115570749579575260,"I am working with Governor Mike Braun and other Indiana Republicans, on picking up two Republican Congressional seats. The Governor, a good man, must produce on this, or he will be the only Governor, ",2025-11-18,DJT,direct,direct: 'djt',no_clear_stance,,,SPY,1,,,no_claim,,,no_claim,,,no_claim,,,no_claim,,,no_claim,,,no_claim
115570813586755288,"THE ONLY HEALTHCARE I WILL SUPPORT OR APPROVE IS SENDING THE MONEY DIRECTLY BACK TO THE PEOPLE, WITH NOTHING GOING TO THE BIG, FAT, RICH INSURANCE COMPANIES, WHO HAVE MADE $TRILLIONS, AND RIPPED OFF A",2025-11-18,DJT,direct,direct: 'djt',no_clear_stance,,,SPY,1,,,no_claim,,,no_claim,,,no_claim,,,no_claim,,,no_claim,,,no_claim
115580448819564585,"Ronaldo is a GREAT GUY. Loved meeting him at the White House. Really smart, and cool!!! President DJT",2025-11-20,DJT,direct,direct: 'djt',no_clear_stance,,,SPY,1,,,no_claim,,,no_claim,,,no_claim,,,no_claim,,,no_claim,,,no_claim
115582417825161974,https://truthsocial.com/@WashingtonExaminer/115579789920906826. It’s called SEDITIOUS BEHAVIOR AT THE HIGHEST LEVEL. Each one of these traitors to our Country should be ARRESTED AND PUT ON TRIAL. Thei,2025-11-20,DJT,direct,direct: 'djt',no_clear_stance,,,SPY,1,,,no_claim,,,no_claim,,,no_claim,,,no_claim,,,no_claim,,,no_claim
115582451169685243,"RT: https://truthsocial.com/users/WashingtonExaminer/statuses/115579789920906826This is really bad, and Dangerous to our Country. Their words cannot be allowed to stand. SEDITIOUS BEHAVIOR FROM TRAITO",2025-11-20,DJT,direct,direct: 'djt',no_clear_stance,,,SPY,1,,,no_claim,,,no_claim,,,no_claim,,,no_claim,,,no_claim,,,no_claim
115590786862216464,"Minnesota, under Governor Waltz, is a hub of fraudulent money laundering activity. I am, as President of the United States, hereby terminating, effective immediately, the Temporary Protected Status (T",2025-11-22,DJT,direct,direct: 'djt',no_clear_stance,,,SPY,1,,,no_claim,,,no_claim,,,no_claim,,,no_claim,,,no_claim,,,no_claim
115593179521083607,"Marjorie “Traitor” Brown, because of PLUMMETING Poll Numbers, and not wanting to face a Primary Challenger with a strong Trump Endorsement (where she would have no chance of winning!), has decided to ",2025-11-22,DJT,direct,direct: 'djt',no_clear_stance,,,SPY,1,,,no_claim,,,no_claim,,,no_claim,,,no_claim,,,no_claim,,,no_claim
115596533671432236,We are taking in TRILLIONS of Dollars in Tariffs and Investment Dollars from foreign lands because of Tariffs. I have stopped 5 of the eight WARS directly because of the threat of Tariffs if the don’t,2025-11-23,DJT,direct,direct: 'djt',no_clear_stance,,,SPY,1,,,no_claim,,,no_claim,,,no_claim,,,no_claim,,,no_claim,,,no_claim
115596544162295527,We are taking in TRILLIONS of Dollars in Tariffs and Investment Dollars from foreign lands because of Tariffs. I have stopped 5 of the eight WARS directly because of the threat of Tariffs if they don’,2025-11-23,DJT,direct,direct: 'djt',no_clear_stance,,,SPY,1,,,no_claim,,,no_claim,,,no_claim,,,no_claim,,,no_claim,,,no_claim
115599428464496784,"The War between Russia and Ukraine is a violent and terrible one that, with strong and proper U.S. and Ukrainian LEADERSHIP, would have NEVER HAPPENED. It began long before I took office for a Second ",2025-11-23,DJT,direct,direct: 'djt',no_clear_stance,,,SPY,1,,,no_claim,,,no_claim,,,no_claim,,,no_claim,,,no_claim,,,no_claim
115601252711182007,"If this would also allow the Radical Left Networks to “enlarge,” I would not be happy. ABC & NBC, in particular, are a disaster - A VIRTUAL ARM OF THE DEMOCRAT PARTY. They should be viewed as an illeg",2025-11-23,DJT,direct,direct: 'djt',no_clear_stance,,,SPY,1,,,no_claim,,,no_claim,,,no_claim,,,no_claim,,,no_claim,,,no_claim
115604240580797202,"Despite the massive amount of money being made by the United States of America, Hundreds of Billions of Dollars, as a direct result of Tariffs being charged to other countries, the full benefit of the",2025-11-24,DJT,direct,direct: 'djt',no_clear_stance,,,SPY,1,,,no_claim,,,no_claim,,,no_claim,,,no_claim,,,no_claim,,,no_claim
115604689359180322,"Republican (of course!) Congressman Tim Burchett was GREAT today on Fox & Friends - a Classic. His take on Marjorie “Traitor” Brown was 100% perfecto!!! Way to go, Tim!!! President DJT",2025-11-24,DJT,direct,direct: 'djt',no_clear_stance,,,SPY,1,,,no_claim,,,no_claim,,,no_claim,,,no_claim,,,no_claim,,,no_claim
115616248406860153,"VICTORIA COATES was GREAT on Maria B this morning. Always solid policy, analysis, and advice - A total WINNER!!! President DJT",2025-11-26,DJT,direct,direct: 'djt',no_clear_stance,,,SPY,1,,,no_claim,,,no_claim,,,no_claim,,,no_claim,,,no_claim,,,no_claim
115626148731779942,"“Twilight’s Last Gleaming, Can America Be Saved” (YES!), by the Great Todd Starnes. A fantastic NEW BOOK. Get it now!!! President DJT",2025-11-28,DJT,direct,direct: 'djt',no_clear_stance,,,SPY,1,,,no_claim,,,no_claim,,,no_claim,,,no_claim,,,no_claim,,,no_claim
115633174669225455,"Because I have invoked FAVORED NATIONS STATUS FOR THE UNITED STATES OF AMERICA, DRUG PRICES ARE FALLING AT LEVELS NEVER SEEN BEFORE, 500%, 600%, 700%, and more. No other President has been able to do ",2025-11-29,DJT,direct,direct: 'djt',no_clear_stance,,,SPY,1,,,no_claim,,,no_claim,,,no_claim,,,no_claim,,,no_claim,,,no_claim
115642237340050337,"Dr. Marc Siegel brilliantly wrote a new Best Seller, “THE MIRACLES AMONG US, How God’s Grace Plays a Role In Healing.” Marc Siegel is not only a fantastic Person, he is a very knowable one. This is a ",2025-12-01,DJT,direct,direct: 'djt',no_clear_stance,,,SPY,1,,,no_claim,,,no_claim,,,no_claim,,,no_claim,,,no_claim,,,no_claim
115647567538614723,"Great job by Jim Hanson, former U.S. Army Special Forces, on Jesse Watters tonight. Really strong and knowledgeable on WAR AGAINST DRUGS! President DJT",2025-12-02,DJT,direct,direct: 'djt',no_clear_stance,,,SPY,1,,,no_claim,,,no_claim,,,no_claim,,,no_claim,,,no_claim,,,no_claim
115649503125687789,"The great Burt Jones has taken a big lead in the polls for Governor of Georgia. Why not, he has been a GREAT Lieutenant Governor? Go Burt, Go! President DJT",2025-12-02,DJT,direct,direct: 'djt',no_clear_stance,,,SPY,1,,,no_claim,,,no_claim,,,no_claim,,,no_claim,,,no_claim,,,no_claim
115649563087207461,"Great news! QDallas County, Texas, just went to all PAPER BALLOTS. Many others are following suit! More accurate, totally secure with watermark paper, FASTER, and only 9% of the cost. All Republican G",2025-12-02,DJT,direct,direct: 'djt',no_clear_stance,,,SPY,1,,,no_claim,,,no_claim,,,no_claim,,,no_claim,,,no_claim,,,no_claim
115650062002934091,"Great news! Dallas County, Texas, just went to all PAPER BALLOTS. Many others are following suit! More accurate, totally secure with watermark paper, FASTER, and only 9% of the cost. All Republican Go",2025-12-02,DJT,direct,direct: 'djt',no_clear_stance,,,SPY,1,,,no_claim,,,no_claim,,,no_claim,,,no_claim,,,no_claim,,,no_claim
115653225494931779,Congratulations Matt. A BIG WIN! President DJT,2025-12-03,DJT,direct,direct: 'djt',no_clear_stance,,,SPY,1,,,no_claim,,,no_claim,,,no_claim,,,no_claim,,,no_claim,,,no_claim
115653238186658350,"Congratulations to Matt Van Epps on his BIG Congressional WIN in the Great State of Tennessee. The Radical Left Democrats threw everything at him, including Millions of Dollars. Another great night fo",2025-12-03,DJT,direct,direct: 'djt',no_clear_stance,,,SPY,1,,,no_claim,,,no_claim,,,no_claim,,,no_claim,,,no_claim,,,no_claim
115670528158863252,"Dr. James Jones, the Great White House Doctor, has written a fantastic Book, ""Venom and Valor: A White House Physician Assistant's Battle for Survival in the Amazon."" Our Nation is incredible proud of",2025-12-06,AMZN,direct,direct: 'amazon',positive,great|fantastic,WMT TGT COST,XLY,0,-0.0118,-0.0012,flat,-0.0073,0.0034,flat,0.0095,0.0057,flat,-0.0148,-0.027,opposite,-0.0098,-0.0316,opposite,0.0521,0.0363,flat
115670577719463498,"Dr. James Jones, the Great White House Doctor, has written a fantastic Book, “Venom and Valor: A White House Physician Assistant’s Battle for Survival in the Amazon.” Our Nation is incredibly proud of",2025-12-06,AMZN,direct,direct: 'amazon',positive,great|fantastic,WMT TGT COST,XLY,0,-0.0118,-0.0012,flat,-0.0073,0.0034,flat,0.0095,0.0057,flat,-0.0148,-0.027,opposite,-0.0098,-0.0316,opposite,0.0521,0.0363,flat
115673706520574050,"Cristiano Ronaldo, the GREAT soccer (football!) player, just called to thank me for his tour this week of the White House and Oval Office. What an incredible guy he is, not only as an athlete, but as ",2025-12-06,DJT,direct,direct: 'djt',no_clear_stance,,,SPY,1,,,no_claim,,,no_claim,,,no_claim,,,no_claim,,,no_claim,,,no_claim
115674102596009965,"The Baseball Hall of Fame Committee is voting on admitting new Members TOMORROW, and these highly respected owners, executives, writers, and, most importantly, Hall of Famers, should do the right thin",2025-12-06,DJT,direct,direct: 'djt',no_clear_stance,,,SPY,1,,,no_claim,,,no_claim,,,no_claim,,,no_claim,,,no_claim,,,no_claim
115674446098726232,"Another stabbing by an Illegal Migrant in Charlotte, North Carolina. What’s going on in Charlotte? Democrats are destroying it, like everything else, piece by piece!!! President DJT",2025-12-06,DJT,direct,direct: 'djt',no_clear_stance,,,SPY,1,,,no_claim,,,no_claim,,,no_claim,,,no_claim,,,no_claim,,,no_claim
115679762314112555,"Roger Clemens, who won 354 games, went through his own Witch Hunt. HE WAS AQUITED OF ALL CHARGES!!! If he doesn’t get into the Hall of Fame, he should sue the hell out of Major League Baseball! Presid",2025-12-07,DJT,direct,direct: 'djt',no_clear_stance,,,SPY,1,,,no_claim,,,no_claim,,,no_claim,,,no_claim,,,no_claim,,,no_claim
115679765232612242,"Roger Clemens, who won 354 games, went through his own Witch Hunt. HE WAS ACQUITTED OF ALL CHARGES!!! If he doesn’t get into the Hall of Fame, he should sue the hell out of Major League Baseball! Pres",2025-12-07,DJT,direct,direct: 'djt',no_clear_stance,,,SPY,1,,,no_claim,,,no_claim,,,no_claim,,,no_claim,,,no_claim,,,no_claim
115679783474101246,It was the Obama DOJ (of course!) that viciously went after the great Roger Clemens. ROGER WAS FULLY ACQUITTED OF ALL CHARGES!!! President DJT,2025-12-07,DJT,direct,direct: 'djt',no_clear_stance,,,SPY,1,,,no_claim,,,no_claim,,,no_claim,,,no_claim,,,no_claim,,,no_claim
115684406134734247,The only reason Marjorie “Traitor” Brown (Green turns Brown under stress!) went BAD is that she was JILTED by the President of the United States (Certainly not the first time she has been jilted!). To,2025-12-08,AAPL,direct,direct: 'apple',negative,bad,,XLK,0,-0.0009,-0.0022,flat,-0.0034,-0.0074,flat,0.0023,-0.0065,flat,0.0005,0.0259,opposite,-0.016,0.0032,flat,-0.064,-0.0594,match
115684406134734247,The only reason Marjorie “Traitor” Brown (Green turns Brown under stress!) went BAD is that she was JILTED by the President of the United States (Certainly not the first time she has been jilted!). To,2025-12-08,DJT,direct,direct: 'djt',no_clear_stance,,,SPY,1,,,no_claim,,,no_claim,,,no_claim,,,no_claim,,,no_claim,,,no_claim
115686072737425841,"I have informed President Xi, of China, that the United States will allow NVIDIA to ship its H200 products to approved customers in China, and other Countries, under conditions that allow for continue",2025-12-08,NVDA,direct,direct: 'nvidia',positive,strong,,SOXX,0,-0.0032,-0.0077,flat,-0.0096,-0.0275,opposite,-0.025,-0.037,opposite,-0.05,-0.0089,flat,-0.0101,0.0108,flat,-0.0028,-0.0326,flat
115686072737425841,"I have informed President Xi, of China, that the United States will allow NVIDIA to ship its H200 products to approved customers in China, and other Countries, under conditions that allow for continue",2025-12-08,AMD,direct,direct: 'amd',positive,great,,SOXX,0,0.0026,-0.0019,flat,0.0017,-0.0161,flat,0.0018,-0.0103,flat,-0.0609,-0.0198,flat,-0.0276,-0.0067,flat,-0.074,-0.1038,opposite
115686072737425841,"I have informed President Xi, of China, that the United States will allow NVIDIA to ship its H200 products to approved customers in China, and other Countries, under conditions that allow for continue",2025-12-08,INTC,direct,direct: 'intel',positive,great,AMD NVDA TSM,SOXX,0,-0.0056,-0.0102,flat,0.0012,-0.0166,flat,-0.03,-0.042,opposite,-0.0791,-0.038,flat,-0.107,-0.0861,opposite,0.0093,-0.0205,flat
115701239677984151,"“Blue Slips” are making it impossible to get great Republican Judges and U.S. Attorneys approved to serve in any state where there is even a single Democrat Senator. If they say no, then it is OVER fo",2025-12-11,DJT,direct,direct: 'djt',no_clear_stance,,,SPY,1,,,no_claim,,,no_claim,,,no_claim,,,no_claim,,,no_claim,,,no_claim
115725803987363092,RT: https://truthsocial.com/users/realDonaldTrump/statuses/115567293174185547NEW RELEASE: Get your copy of Scott Jennings' GREAT Book today:https://www.amazon.com/Revolution-Common-Sense-Washington-Ci,2025-12-15,AMZN,direct,direct: 'amazon',no_clear_stance,,WMT TGT COST,XLY,0,-0.0022,-0.0044,no_claim,-0.0079,0.0014,no_claim,0.0167,0.0111,no_claim,0.0242,0.0166,no_claim,0.0425,0.0513,no_claim,0.0679,0.0573,no_claim
115732896552615984,Unreasonable Search and Seizure!!! That was the FBI’s CRIMINAL RAID on Mar-a-Lago. This can never be allowed to happen again!!! President DJT,2025-12-17,DJT,direct,direct: 'djt',no_clear_stance,,,SPY,1,,,no_claim,,,no_claim,,,no_claim,,,no_claim,,,no_claim,,,no_claim
115733300541760842,"Why did Brown University have so few Security Cameras? There can be no excuse for that. In the modern age, it just doesn’t get worse!!! President DJT",2025-12-17,DJT,direct,direct: 'djt',no_clear_stance,,,SPY,1,,,no_claim,,,no_claim,,,no_claim,,,no_claim,,,no_claim,,,no_claim
115743433358756069,"I’ll be in North Carolina tomorrow at the wonderful Rocky Mount Events Center. So much to discuss. See you there. Doors open at 6 P.M. MAKE AMERICA GREAT AGAIN! President DJT
https://eoppra.my.site.co",2025-12-19,DJT,direct,direct: 'djt',no_clear_stance,,,SPY,1,,,no_claim,,,no_claim,,,no_claim,,,no_claim,,,no_claim,,,no_claim
115748870260800797,"Elizabeth MacDonald of FoxBusiness is FANTASTIC. She really understands what is going on in the World of business, and far beyond!!!  President DJT",2025-12-19,DJT,direct,direct: 'djt',no_clear_stance,,,SPY,1,,,no_claim,,,no_claim,,,no_claim,,,no_claim,,,no_claim,,,no_claim
115748898604800291,"Nine Billion Dollars was STOLEN FROM THE STATE OF MINNESOTA by Illegal Somalian Criminals. They must pay a big price, NOW!!! President DJT",2025-12-19,DJT,direct,direct: 'djt',no_clear_stance,,,SPY,1,,,no_claim,,,no_claim,,,no_claim,,,no_claim,,,no_claim,,,no_claim
115766194471748593,"Thank you to highly respected Alex Marlow, Editor-In-Chief of Breitbart, for his nice words on The Ingraham Angle. Likewise to Jason Miller and Rod Blagojevich. So nice!!! President DJT",2025-12-23,DJT,direct,direct: 'djt',no_clear_stance,,,SPY,1,,,no_claim,,,no_claim,,,no_claim,,,no_claim,,,no_claim,,,no_claim
115767241940653010,"The Failing New York Times, and their lies and purposeful misrepresentations, is a serious threat to the National Security of our Nation. Their Radical Left, Unhinged Behavior, writing FAKE Articles a",2025-12-23,DJT,direct,direct: 'djt',no_clear_stance,,,SPY,1,,,no_claim,,,no_claim,,,no_claim,,,no_claim,,,no_claim,,,no_claim
115769302680506780,"The TARIFFS are responsible for the GREAT USA Economic Numbers JUST ANNOUNCED…AND THEY WILL ONLY GET BETTER! Also, NO INFLATION & GREAT NATIONAL SECURITY. Pray for the U.S. Supreme Court!!! President ",2025-12-23,DJT,direct,direct: 'djt',no_clear_stance,,,SPY,1,,,no_claim,,,no_claim,,,no_claim,,,no_claim,,,no_claim,,,no_claim
115777270368444049,"Merry Christmas to all, including the Radical Left Scum that is doing everything possible to destroy our Country, but are failing badly. We no longer have Open Borders, Men in Women’s Sports, Transgen",2025-12-25,DJT,direct,direct: 'djt',no_clear_stance,,,SPY,1,,,no_claim,,,no_claim,,,no_claim,,,no_claim,,,no_claim,,,no_claim
115785935602103818,Big news for the USA! President DJT,2025-12-26,DJT,direct,direct: 'djt',no_clear_stance,,,SPY,1,,,no_claim,,,no_claim,,,no_claim,,,no_claim,,,no_claim,,,no_claim
115798213364038844,"I just had a good and very productive telephone call with President Putin of Russia prior to my meeting, at 1:00 P.M. today, with President Zelenskyy of Ukraine. The meeting will take place in the mai",2025-12-28,DJT,direct,direct: 'djt',no_clear_stance,,,SPY,1,,,no_claim,,,no_claim,,,no_claim,,,no_claim,,,no_claim,,,no_claim
115810597668691530,Amazon to invest up to $50B to build AI infrastructure for US government agencies: https://www.foxbusiness.com/markets/amazon-invest-up-50b-build-ai-infrastructure-us-government-agencies,2025-12-30,AMZN,direct,direct: 'amazon',no_clear_stance,,WMT TGT COST,XLY,0,-0.009,-0.0004,no_claim,-0.0275,-0.0102,no_claim,0.0006,0.0018,no_claim,0.0371,0.0333,no_claim,0.0161,0.001,no_claim,0.0274,0.0214,no_claim
115814530455966257,"California and Colorado are two of the TOP OUTBOUND STATES IN 2025 (United Van Lines!) - In other words, PEOPLE LEAVING!!! That’s what bad governors do to even places blessed with beautiful surrounds ",2025-12-31,DJT,direct,direct: 'djt',no_clear_stance,,,SPY,1,,,no_claim,,,no_claim,,,no_claim,,,no_claim,,,no_claim,,,no_claim
115815971019162695,"The United States has set a World Record on investments being made into a Country, and it is Trillions of Dollars more than number two, China. This is singularly because of TARIFFS, and the fact that ",2025-12-31,DJT,direct,direct: 'djt',no_clear_stance,,,SPY,1,,,no_claim,,,no_claim,,,no_claim,,,no_claim,,,no_claim,,,no_claim
115816063544553030,Republicans: No more money to Fat Cat Insurance Companies. The money must go directly to the people to buy their own Healthcare. President DJT,2025-12-31,DJT,direct,direct: 'djt',no_clear_stance,,,SPY,1,,,no_claim,,,no_claim,,,no_claim,,,no_claim,,,no_claim,,,no_claim
115816171466225987,"We are removing the National Guard from Chicago, Los Angeles, and Portland, despite the fact that CRIME has been greatly reduced by having these great Patriots in those cities, and ONLY by that fact. ",2025-12-31,DJT,direct,direct: 'djt',no_clear_stance,,,SPY,1,,,no_claim,,,no_claim,,,no_claim,,,no_claim,,,no_claim,,,no_claim
115821862193209382,"Alex Swoyer has written a powerful Book, “Lawless Lawfare: Tipping the Scales of Justice to Get Trump and Destroy MAGA.” The unprecedented Weaponization of “Justice” by the Democrats against their Pol",2026-01-01,AMZN,direct,direct: 'amazon',no_clear_stance,,WMT TGT COST,XLY,0,-0.0209,-0.0065,no_claim,0.0074,0.0056,no_claim,0.0415,0.0332,no_claim,0.0646,0.041,no_claim,0.0296,0.0077,no_claim,0.0502,0.0345,no_claim
115825378093317232,"The White House Doctors have just reported that I am in “PERFECT HEALTH,” and that I “ACED” (Meaning, was correct on 100% of the questions asked!), for the third straight time, my Cognitive Examinatio",2026-01-02,DJT,direct,direct: 'djt',no_clear_stance,,,SPY,1,,,no_claim,,,no_claim,,,no_claim,,,no_claim,,,no_claim,,,no_claim
115848423492044761,"Soon leaving the White House to speak to House Republicans, who I truly love (almost all!), at the TRUMP KENNEDY CENTER, where I have raised hundreds of millions of dollars to make it the best Perform",2026-01-06,DJT,direct,direct: 'djt',no_clear_stance,,,SPY,1,,,no_claim,,,no_claim,,,no_claim,,,no_claim,,,no_claim,,,no_claim
115854238467475779,"HIRE JOHN HARBAUGH, FAST. HE, AND HIS BROTHER, ARE TOTAL WINNERS!!! President DJT",2026-01-07,DJT,direct,direct: 'djt',no_clear_stance,,,SPY,1,,,no_claim,,,no_claim,,,no_claim,,,no_claim,,,no_claim,,,no_claim
115854352740910460,"Remember, for all of those big NATO fans, they were at 2% GDP, and most weren’t paying their bills, UNTIL I CAME ALONG. The USA was, foolishly, paying for them! I, respectfully, got them to 5% GDP, AN",2026-01-07,DJT,direct,direct: 'djt',no_clear_stance,,,SPY,1,,,no_claim,,,no_claim,,,no_claim,,,no_claim,,,no_claim,,,no_claim
115855836062461949,"I have been informed by the Department of War that Defense Contractor, Raytheon, has been the least responsive to the needs of the Department of War, the slowest in increasing their volume, and the mo",2026-01-07,RTX,direct,direct: 'raytheon',no_clear_stance,,,ITA,0,-0.0202,0.001,no_claim,-0.0132,-0.0159,no_claim,0.0148,-0.0033,no_claim,0.0409,0.0116,no_claim,0.0278,0.0129,no_claim,0.0399,0.0332,no_claim
115861537483492504,"I just finished a great meeting with the very successful Intel CEO, Lip-Bu Tan. Intel just launched the first SUB 2 NANOMETER CPU PROCESSOR designed, built, and packaged right here in the U.S.A. The U",2026-01-08,INTC,direct,direct: 'intel',positive,great|successful|proud|great,AMD NVDA TSM,SOXX,0,0.0889,0.0704,match,0.0533,0.0299,match,0.1305,0.098,match,0.1552,0.1105,match,0.0775,0.0096,flat,0.2011,0.1082,match
115862665860473431,"Incompetent California “Leaders,” headed by Governor Gavin Newscum, and a traveling Mayor who likes Africa better than the USA (she chose to go there rather than stay home and fight the worst fire in ",2026-01-09,DJT,direct,direct: 'djt',no_clear_stance,,,SPY,1,,,no_claim,,,no_claim,,,no_claim,,,no_claim,,,no_claim,,,no_claim
115862684255980250,"I will be interviewed by Sean Hannity, NOW! FoxNews. President DJT",2026-01-09,DJT,direct,direct: 'djt',no_clear_stance,,,SPY,1,,,no_claim,,,no_claim,,,no_claim,,,no_claim,,,no_claim,,,no_claim
115864395969123502,"Venezuela is releasing large numbers of political prisoners as a sign of “Seeking Peace.” This is a very important and smart gesture. The U.S.A. and Venezuela are working well together, especially as ",2026-01-09,DJT,direct,direct: 'djt',no_clear_stance,,,SPY,1,,,no_claim,,,no_claim,,,no_claim,,,no_claim,,,no_claim,,,no_claim
115867385857410443,"Art Laffer and Stephen Moore have written an incredible Book, “The Trump Economic Miracle: And the Plan to Unleash Prosperity Again.” In just under one year, thanks to our use of Tariffs, our Nation’s",2026-01-09,AMZN,direct,direct: 'amazon',positive,prosperity,WMT TGT COST,XLY,0,-0.0011,-0.0063,flat,-0.0167,-0.0195,opposite,-0.0409,-0.0278,opposite,-0.0308,-0.0182,opposite,-0.0337,-0.0212,flat,-0.1612,-0.1165,opposite
115872191697421818,"I love the Venezuelan people, and am already making Venezuela rich and safe again. Congratulations and thank you to all of those people who are making this possible!!! President DJT",2026-01-10,DJT,direct,direct: 'djt',no_clear_stance,,,SPY,1,,,no_claim,,,no_claim,,,no_claim,,,no_claim,,,no_claim,,,no_claim
115872664324587956,"The New York Football Giants should hire, without  question, John Harbaugh - And John, a great guy, should TAKE THE JOB!!! President DJT",2026-01-10,DJT,direct,direct: 'djt',no_clear_stance,,,SPY,1,,,no_claim,,,no_claim,,,no_claim,,,no_claim,,,no_claim,,,no_claim
115872684220634537,The United States of America is the Hottest and most Successful Country anywhere in the WORLD!!! President DJT,2026-01-10,DJT,direct,direct: 'djt',no_clear_stance,,,SPY,1,,,no_claim,,,no_claim,,,no_claim,,,no_claim,,,no_claim,,,no_claim
115872769704977517,"Dr. Marc Siegel, a wonderful guy, wrote a great new book, “The Miracles Among Us.” Get it now!!! President DJT",2026-01-10,DJT,direct,direct: 'djt',no_clear_stance,,,SPY,1,,,no_claim,,,no_claim,,,no_claim,,,no_claim,,,no_claim,,,no_claim
115873451908160529,"Venezuela has started the process, in a BIG WAY, of releasing their political prisoners. Thank you! I hope those prisoners will remember how lucky they got that the USA came along and did what had to ",2026-01-10,DJT,direct,direct: 'djt',no_clear_stance,,,SPY,1,,,no_claim,,,no_claim,,,no_claim,,,no_claim,,,no_claim,,,no_claim
115876460615555838,"Cuba lived, for many years, on large amounts of OIL and MONEY from Venezuela. In return, Cuba provided “Security Services” for the last two Venezuelan dictators, BUT NOT ANYMORE! Most of those Cubans ",2026-01-11,DJT,direct,direct: 'djt',no_clear_stance,,,SPY,1,,,no_claim,,,no_claim,,,no_claim,,,no_claim,,,no_claim,,,no_claim
115882232505676630,I’m the one who SAVED NATO!!! President DJT,2026-01-12,DJT,direct,direct: 'djt',no_clear_stance,,,SPY,1,,,no_claim,,,no_claim,,,no_claim,,,no_claim,,,no_claim,,,no_claim
115882511750475574,"Congratulations to DINA POWELL MCCORMICK, WHO HAS JUST BEEN NAMED THE NEW PRESIDENT OF META. A great choice by Mark Z!!! She is a fantastic, and very talented, person, who served the Trump Administrat",2026-01-12,DJT,direct,direct: 'djt',no_clear_stance,,,SPY,1,,,no_claim,,,no_claim,,,no_claim,,,no_claim,,,no_claim,,,no_claim
115884164936451552,"These FBI Agents are total Scum, in their own way no better than the insurrectionists in Portland, Minnesota, Los Angeles, etc. Kash better get them out, NOW! Radical Left Lunatics put in by the “Auto",2026-01-12,DJT,direct,direct: 'djt',no_clear_stance,,,SPY,1,,,no_claim,,,no_claim,,,no_claim,,,no_claim,,,no_claim,,,no_claim
115884759090137876,"Under Sleepy Joe Biden and the Radical Left Democrats, the average American Household’s monthly Utility bills went up MASSIVELY — over 30%! I never want Americans to pay higher Electricity bills becau",2026-01-12,MSFT,direct,direct: 'microsoft',positive,thank|congratulations,,XLK,0,-0.0084,-0.0059,opposite,-0.0322,-0.0176,opposite,-0.038,-0.0285,opposite,-0.0425,-0.0084,flat,0.0124,0.0043,flat,-0.1481,-0.1217,opposite
115884759090137876,"Under Sleepy Joe Biden and the Radical Left Democrats, the average American Household’s monthly Utility bills went up MASSIVELY — over 30%! I never want Americans to pay higher Electricity bills becau",2026-01-12,DJT,direct,direct: 'djt',no_clear_stance,,,SPY,1,,,no_claim,,,no_claim,,,no_claim,,,no_claim,,,no_claim,,,no_claim
115886085338434959,"Everyone should support great Republican Senator Roger Marshall’s Credit Card Competition Act, in order to stop the out of control Swipe Fee ripoff. Roger is a FANTASTIC Senator!!! President DJT",2026-01-13,DJT,direct,direct: 'djt',no_clear_stance,,,SPY,1,,,no_claim,,,no_claim,,,no_claim,,,no_claim,,,no_claim,,,no_claim
115888260399895701,"JUST OUT: Great (LOW!) Inflation numbers for the USA. That means that Jerome “Too Late” Powell should cut interest rates, MEANINGFULLY!!! If he doesn’t he will just continue to be, “TOO LATE!” ALSO OU",2026-01-13,DJT,direct,direct: 'djt',no_clear_stance,,,SPY,1,,,no_claim,,,no_claim,,,no_claim,,,no_claim,,,no_claim,,,no_claim
115893255826342514,"The United States needs Greenland for the purpose of National Security. It is vital for the Golden Dome that we are building. NATO should be leading the way for us to get it. IF WE DON’T, RUSSIA OR CH",2026-01-14,DJT,direct,direct: 'djt',no_clear_stance,,,SPY,1,,,no_claim,,,no_claim,,,no_claim,,,no_claim,,,no_claim,,,no_claim
115893625622462941,"They should be thrown out of the USA. Get it done, NOW! That includes their loser Rep. Omar, who married her brother (gross!). President DJT
Somali Suitcase Stash: Feds say $130 million moved from Ohi",2026-01-14,DJT,direct,direct: 'djt',no_clear_stance,,,SPY,1,,,no_claim,,,no_claim,,,no_claim,,,no_claim,,,no_claim,,,no_claim
115893658269457561,"NATO: Tell Denmark to get them out of here, NOW! Two dogsleds won’t do it! Only the USA can!!!
Danish intel warned last year about Russian and Chinese military goals toward Greenland and Arctic: https",2026-01-14,INTC,direct,direct: 'intel',no_clear_stance,,AMD NVDA TSM,SOXX,0,-0.0047,-0.0073,no_claim,-0.0129,-0.0316,no_claim,-0.0407,-0.0752,no_claim,0.1083,0.0566,no_claim,-0.0035,-0.0924,no_claim,-0.0505,-0.1123,no_claim
115899252938886431,"If the corrupt politicians of Minnesota don’t obey the law and stop the professional agitators and insurrectionists from attacking the Patriots of I.C.E., who are only trying to do their job, I will i",2026-01-15,DJT,direct,direct: 'djt',no_clear_stance,,,SPY,1,,,no_claim,,,no_claim,,,no_claim,,,no_claim,,,no_claim,,,no_claim
115905757161594483,"In Minnesota, the Troublemakers, Agitators, and Insurrectionists are, in many cases, highly paid professionals. The Governor and Mayor don’t know what to do, they have totally lost control, and our cu",2026-01-16,DJT,direct,direct: 'djt',no_clear_stance,,,SPY,1,,,no_claim,,,no_claim,,,no_claim,,,no_claim,,,no_claim,,,no_claim
115911321115123547,"A front page Article in The Fake News Wall Street Journal states, without any verification, that I offered Jamie Dimon, of JPMorgan Chase, the job of Fed Chairman. This statement is totally untrue, th",2026-01-17,JPM,direct,direct: 'jp morgan',negative,fake,,XLF,0,-0.0113,-0.0037,flat,-0.0136,-0.0108,match,-0.0084,-0.0122,flat,-0.0169,-0.0132,flat,0.0063,-0.0015,flat,0.0084,0.0274,flat
115915881410679214,"Jimmy Failla’s opening monologue was GREAT. Very funny guy!!! Also, wonderful wife! President DJT",2026-01-18,DJT,direct,direct: 'djt',no_clear_stance,,,SPY,1,,,no_claim,,,no_claim,,,no_claim,,,no_claim,,,no_claim,,,no_claim
115919466737908324,"A GREAT NEW BOOK, by NumberOne Bestselling Author, Peter Schweizer, “The Invisible Coup: How American Elites and Foreign Powers Use Immigration as a Weapon,” is out Tuesday. It is both vitally importa",2026-01-19,DJT,direct,direct: 'djt',no_clear_stance,,,SPY,1,,,no_claim,,,no_claim,,,no_claim,,,no_claim,,,no_claim,,,no_claim
115923918404792612,"Wow! They have a lot of explaining to do. Corruption at the highest level! President DJT
Michael Cohen says NY prosecutors 'pressured and coerced' him into anti-Trump testimony: https://www.foxnews.co",2026-01-19,DJT,direct,direct: 'djt',no_clear_stance,,,SPY,1,,,no_claim,,,no_claim,,,no_claim,,,no_claim,,,no_claim,,,no_claim
115924025571521310,"In Minnesota, there is too much media attention on ICE, who have removed some of the worst murderers and criminals in the World, people let into our Country by Crooked Joe Biden’s horrendous Open Bord",2026-01-19,DJT,direct,direct: 'djt',no_clear_stance,,,SPY,1,,,no_claim,,,no_claim,,,no_claim,,,no_claim,,,no_claim,,,no_claim
115924043199702065,"Great interview today of Rodney Scott, CBP Commissioner, by the wonderful Will Cain, on The Will Cain Show! Thank you both!!! President DJT",2026-01-19,DJT,direct,direct: 'djt',no_clear_stance,,,SPY,1,,,no_claim,,,no_claim,,,no_claim,,,no_claim,,,no_claim,,,no_claim
115928442608514733,"No single person, or President, has done more for NATO than President Donald J. Trump. If I didn’t come along, there would be no NATO right now!!! It would have been in the ash heap of History. Sad, b",2026-01-20,DJT,direct,direct: 'djt',no_clear_stance,,,SPY,1,,,no_claim,,,no_claim,,,no_claim,,,no_claim,,,no_claim,,,no_claim
115939860152214301,"Fake and Fraudulent Polling should be, virtually, a criminal offense. As an example, all of the Anti Trump Media that covered me during the 2020 Election showed Polls that were knowingly wrong. They k",2026-01-22,DJT,direct,direct: 'trump media',negative,wrong,,SPY,1,,,no_call,,,no_call,,,no_call,,,no_call,,,no_call,,,no_call
115940059516984793,Trump sues JPMorgan Chase and CEO Jamie Dimon for $5B over alleged 'political' debanking: https://www.foxbusiness.com/politics/trump-sues-jpmorgan-chase-ceo-jamie-dimon-5b-over-alleged-political-deban,2026-01-22,JPM,direct,direct: 'jp morgan',no_clear_stance,,,XLF,0,-0.0142,-0.0063,no_claim,-0.0032,-0.0017,no_claim,-0.0056,0.0036,no_claim,0.0146,0.0135,no_claim,0.027,0.0308,no_claim,-0.0143,0.0373,no_claim
115944336667645170,"What a great trip to Davos it was. So many things accomplished, including the framework of a deal with NATO on Greenland. Also, the BOARD OF PEACE. WOW!!! MAKE AMERICA GREAT AGAIN!  President DJT",2026-01-23,DJT,direct,direct: 'djt',no_clear_stance,,,SPY,1,,,no_claim,,,no_claim,,,no_claim,,,no_claim,,,no_claim,,,no_claim
115945837215795716,"COUNTDOWN: 7 Days until the World will witness an unforgettable, behind-the-scenes, look at one of the most important events of our time.
MELANIA: TWENTY DAYS TO HISTORY:
https://www.amazon.com/salp/m",2026-01-23,AMZN,direct,direct: 'amazon',no_clear_stance,,WMT TGT COST,XLY,0,-0.0065,-0.0005,no_claim,0.0196,0.0226,no_claim,0.0126,0.0231,no_claim,-0.0028,0.0125,no_claim,-0.1236,-0.0824,no_claim,-0.1309,-0.0796,no_claim
115947045496805234,I have been briefed on the Record Cold Wave and Historic Winter Storm that will be hitting much of the United States this weekend. The Trump Administration is coordinating with State and Local Officia,2026-01-23,DJT,direct,direct: 'djt',no_clear_stance,,,SPY,1,,,no_claim,,,no_claim,,,no_claim,,,no_claim,,,no_claim,,,no_claim
115947083395862222,"I want to thank President Aliyev of Azerbaijan, and Prime Minister Pashinyan of Armenia for upholding the Peace Agreement we signed last August. This was a nasty War, 1 of 8 that I have ended, but now",2026-01-23,DJT,direct,direct: 'djt',no_clear_stance,,,SPY,1,,,no_claim,,,no_claim,,,no_claim,,,no_claim,,,no_claim,,,no_claim
115950424403894234,"If Governor Carney thinks he is going to make Canada a “Drop Off Port” for China to send goods and products into the United States, he is sorely mistaken. China will eat Canada alive, completely devou",2026-01-24,DJT,direct,direct: 'djt',no_clear_stance,,,SPY,1,,,no_claim,,,no_claim,,,no_claim,,,no_claim,,,no_claim,,,no_claim
115954417247642839,"Jonathan Fahey, former ICE Director, is fantastic on FoxNews in explaining the motives behind the fraudsters and insurrectionists in Minnesota. Great job Jonathon!!! President DJT",2026-01-25,DJT,direct,direct: 'djt',no_clear_stance,,,SPY,1,,,no_claim,,,no_claim,,,no_claim,,,no_claim,,,no_claim,,,no_claim
115956876838938120,"Highly Respected Congressman Jamie Comer was GREAT in his Interview this morning with Maria Bartiromo. He said it all concerning Minnesota, Deranged Jack Smith, and many other topics of interest. Jami",2026-01-25,DJT,direct,direct: 'djt',no_clear_stance,,,SPY,1,,,no_claim,,,no_claim,,,no_claim,,,no_claim,,,no_claim,,,no_claim
115956946816324221,"A MUST WATCH. Canada is systematically destroying itself. The China deal is a disaster for them. Will go down as one of the worst deals, of any kind, in history. All their businesses are moving to the",2026-01-25,DJT,direct,direct: 'djt',no_clear_stance,,,SPY,1,,,no_claim,,,no_claim,,,no_claim,,,no_claim,,,no_claim,,,no_claim
115957060813577755,China is successfully and completely taking over the once Great Country of Canada. So sad to see it happen. I only hope they leave Ice Hockey alone! President DJT,2026-01-25,DJT,direct,direct: 'djt',no_clear_stance,,,SPY,1,,,no_claim,,,no_claim,,,no_claim,,,no_claim,,,no_claim,,,no_claim
115961647505369753,"I am sending Tom Homan to Minnesota tonight. He has not been involved in that area, but knows and likes many of the people there. Tom is tough but fair, and will report directly to me. Separately, a m",2026-01-26,DJT,direct,direct: 'djt',no_clear_stance,,,SPY,1,,,no_claim,,,no_claim,,,no_claim,,,no_claim,,,no_claim,,,no_claim
115962223670668620,"Just recovered the last Hostage body in GAZA. Thus, got back ALL 20 of the living Hostages, and ALL of the Dead! AMAZING JOB! Most thought of it as an impossible thing to do. Congratulations to my gre",2026-01-26,DJT,direct,direct: 'djt',no_clear_stance,,,SPY,1,,,no_claim,,,no_claim,,,no_claim,,,no_claim,,,no_claim,,,no_claim
115962472454059914,"MELANIA, the Movie, is a MUST WATCH. Get your tickets today — Selling out, FAST!
Photo: Regine Mahaux
https://www.amazon.com/salp/melaniamovie?hhf",2026-01-26,AMZN,direct,direct: 'amazon',no_clear_stance,,WMT TGT COST,XLY,0,0.0208,0.0212,no_claim,0.0139,0.0218,no_claim,0.0085,0.0211,no_claim,0.0136,0.0199,no_claim,-0.1292,-0.0869,no_claim,-0.1212,-0.0752,no_claim
115982747344520072,"Leigh Wambsganss, a Republican running for the State Senate in the  suburbs of Fort Worth, Texas, will be a GREAT Candidate and has my Complete and Total Endorsement. Thank you for your attention to t",2026-01-30,DJT,direct,direct: 'djt',no_clear_stance,,,SPY,1,,,no_claim,,,no_claim,,,no_claim,,,no_claim,,,no_claim,,,no_claim
115983891481988557,I am pleased to announce that I am nominating Kevin Warsh to be the CHAIRMAN OF THE BOARD OF GOVERNORS OF THE FEDERAL RESERVE SYSTEM. Kevin currently serves as the Shepard Family Distinguished Visitin,2026-01-30,MS,direct,direct: 'morgan stanley',no_clear_stance,,,XLF,0,0.0144,0.0132,no_claim,0.0271,0.015,no_claim,0.015,0.0122,no_claim,-0.0242,-0.0226,no_claim,-0.0674,-0.0358,no_claim,-0.0733,-0.0343,no_claim
115984071734301762,"Their was great speculation that highly respected Kevin Hassett was going to be named Chairman of the Fed, and a great Chairman he would have been but, quite honestly, he is doing such an outstanding ",2026-01-30,DJT,direct,direct: 'djt',no_clear_stance,,,SPY,1,,,no_claim,,,no_claim,,,no_claim,,,no_claim,,,no_claim,,,no_claim
115984113252953391,"Christopher Waller, Rick Rieder, and others, were interviewed for the Fed position. They all would have been outstanding, and have a great and unlimited future with “TRUMP.” Such amazing talent in our",2026-01-30,DJT,direct,direct: 'djt',no_clear_stance,,,SPY,1,,,no_claim,,,no_claim,,,no_claim,,,no_claim,,,no_claim,,,no_claim
115987100169435643,"I am asking all America First Patriots in Texas’ 9th State Senate District to please make a plan to GET OUT AND VOTE on Election Day, Saturday, January 31st, for a phenomenal Candidate, Leigh Wambsgan",2026-01-31,DJT,direct,direct: 'djt',no_clear_stance,,,SPY,1,,,no_claim,,,no_claim,,,no_claim,,,no_claim,,,no_claim,,,no_claim
115987233609226463,"Last night I saw, “MELANIA,” for the second time. The audience loved it, and so do I. Check it out — A MUST SEE!
https://www.amazon.com/salp/melaniamovie?hhf",2026-01-31,AMZN,direct,direct: 'amazon',no_clear_stance,,WMT TGT COST,XLY,0,0.0195,0.0093,no_claim,0.0013,-0.0008,no_claim,-0.0223,-0.017,no_claim,-0.1175,-0.0947,no_claim,-0.1658,-0.1281,no_claim,-0.1241,-0.0713,no_claim
115987481835523508,Border Czar (Plus!) Tom Homan is doing a FANTASTIC JOB. He is one of a kind. Thank you Tom!!! President DJT,2026-01-31,DJT,direct,direct: 'djt',no_clear_stance,,,SPY,1,,,no_claim,,,no_claim,,,no_claim,,,no_claim,,,no_claim,,,no_claim
115989916560112535,"The Theft and Fraud in Minnesota is far greater than the 19 Billion Dollars originally projected. The Biden Administration knew this FRAUD was happening, and did absolutely nothing about it. “Scammer”",2026-01-31,DJT,direct,direct: 'djt',no_clear_stance,,,SPY,1,,,no_claim,,,no_claim,,,no_claim,,,no_claim,,,no_claim,,,no_claim
115991359481785479,"Today is the day! To all Voters in Texas’ 9th State Senate District: GET OUT AND VOTE for a phenomenal Candidate, Leigh Wambsganss. She is a highly successful Entrepreneur, and an incredible supporter",2026-01-31,DJT,direct,direct: 'djt',no_clear_stance,,,SPY,1,,,no_claim,,,no_claim,,,no_claim,,,no_claim,,,no_claim,,,no_claim
115998440820492604,"The biggest problem our Country has is that the Democrats are SOFT ON CRIME! They want to protect the Criminal, violent and vicious as they may be, at the expense of our great American Citizens and Pa",2026-02-02,DJT,direct,direct: 'djt',no_clear_stance,,,SPY,1,,,no_claim,,,no_claim,,,no_claim,,,no_claim,,,no_claim,,,no_claim
115999448091565515,"The Grammy Awards are the WORST, virtually unwatchable! CBS is lucky not to have this garbage litter their airwaves any longer. The host, Trevor Noah, whoever he may be, is almost as bad as Jimmy Kimm",2026-02-02,DJT,direct,direct: 'djt',no_clear_stance,,,SPY,1,,,no_claim,,,no_claim,,,no_claim,,,no_claim,,,no_claim,,,no_claim
115999513470647838,"The Grammy Awards are the WORST, virtually unwatchable! CBS is lucky not to have this garbage litter their airwaves any longer. The host, Trevor Noah, whoever he may be, is almost as bad as Jimmy Kimm",2026-02-02,DJT,direct,direct: 'djt',no_clear_stance,,,SPY,1,,,no_claim,,,no_claim,,,no_claim,,,no_claim,,,no_claim,,,no_claim
116001521088210593,"Two very good guys who were treated so unfairly by Sleepy Joe Biden. But now, they are bigger than ever!!! President DJT",2026-02-02,DJT,direct,direct: 'djt',no_clear_stance,,,SPY,1,,,no_claim,,,no_claim,,,no_claim,,,no_claim,,,no_claim,,,no_claim
116030041948459285,"We need more competition against THE ENEMY, the Fake News National TV Networks. Letting Good Deals get done like Nexstar - Tegna will help knock out the Fake News because there will be more competitio",2026-02-07,DJT,direct,direct: 'djt',no_clear_stance,,,SPY,1,,,no_claim,,,no_claim,,,no_claim,,,no_claim,,,no_claim,,,no_claim
116050559055597383,Apple News promotes left-leaning media outlets — as it shuts out conservative sites entirely: study: https://nypost.com/2026/02/10/business/apple-news-promotes-left-leaning-media-outlets-as-it-shuts-o,2026-02-11,AAPL,direct,direct: 'apple',no_clear_stance,,,XLK,0,0.0029,0.0136,no_claim,-0.0472,-0.0105,no_claim,-0.0689,-0.0346,no_claim,-0.0377,-0.0128,no_claim,-0.0017,0.0087,no_claim,-0.0689,-0.0228,no_claim
116052530788677155,RT: https://truthsocial.com/users/realDonaldTrump/statuses/116052423178074423How quickly people forget. So sad! President DJT,2026-02-11,DJT,direct,direct: 'djt',no_clear_stance,,,SPY,1,,,no_claim,,,no_claim,,,no_claim,,,no_claim,,,no_claim,,,no_claim
116052533364619497,"RT: https://truthsocial.com/users/realDonaldTrump/statuses/116052470064146254…..And now, THE GOLDEN AGE IS HERE!!! President DJT",2026-02-11,DJT,direct,direct: 'djt',no_clear_stance,,,SPY,1,,,no_claim,,,no_claim,,,no_claim,,,no_claim,,,no_claim,,,no_claim
116052538984100960,"Just in: GREAT JOBS NUMBERS, FAR GREATER THAN EXPECTED! The United States of America should be paying MUCH LESS on its Borrowings (BONDS!). We are again the strongest Country in the World, and should ",2026-02-11,DJT,direct,direct: 'djt',no_clear_stance,,,SPY,1,,,no_claim,,,no_claim,,,no_claim,,,no_claim,,,no_claim,,,no_claim
116069904214662301,"Sometimes in life you waste time! T.V. Host Bill Maher asked to have dinner with me through one of his friends, also a friend of mine, and I agreed. He came into the famed Oval Office much different t",2026-02-14,DJT,direct,direct: 'djt',no_clear_stance,,,SPY,1,,,no_claim,,,no_claim,,,no_claim,,,no_claim,,,no_claim,,,no_claim
116081952122265348,"Happy President’s Day! Prices and Inflation are Way Down. The Stock Market, and your 401k’s, are Way Up. Our Military is Strong and Powerful, Our Law Enforcement is GREAT, and Our Border is 100% Secur",2026-02-16,DJT,direct,direct: 'djt',no_clear_stance,,,SPY,1,,,no_claim,,,no_claim,,,no_claim,,,no_claim,,,no_claim,,,no_claim
116087259160100035,"Tax Refunds this year, because of “THE GREAT BIG BEAUTIFUL BILL,” are substantially greater than ever before. In some cases, estimates are that over 20% will be returned to the Taxpayer. So, when you ",2026-02-17,DJT,direct,direct: 'djt',no_clear_stance,,,SPY,1,,,no_claim,,,no_claim,,,no_claim,,,no_claim,,,no_claim,,,no_claim
116089622233377615,RT: https://truthsocial.com/users/realDonaldTrump/statuses/116089620936035048Crooked Elections cannot be allowed in the U.S.A. President DJT,2026-02-18,DJT,direct,direct: 'djt',no_clear_stance,,,SPY,1,,,no_claim,,,no_claim,,,no_claim,,,no_claim,,,no_claim,,,no_claim
116094599626377829,"Czech Deputy PM Petr Macinka: Great job in your Debate against Hillary Clinton on various subjects, including her ridiculous views on Gender. Say hello to everybody in your wonderful Country! Presiden",2026-02-19,DJT,direct,direct: 'djt',no_clear_stance,,,SPY,1,,,no_claim,,,no_claim,,,no_claim,,,no_claim,,,no_claim,,,no_claim
116098568222664684,"The Commission of Fine Arts just approved, unanimously, 6 to 0, with one recusal because he had a conflict in that he worked professionally on the job, the White House Ballroom. Great accolades were p",2026-02-19,DJT,direct,direct: 'djt',no_clear_stance,,,SPY,1,,,no_claim,,,no_claim,,,no_claim,,,no_claim,,,no_claim,,,no_claim
116103041948622478,"The Democrat Shutdown cost the U.S.A. at least two points in GDP. That’s why they are doing it, in mini form, again. No Shutdowns! Also, LOWER INTEREST RATES. “Two Late” Powell is the WORST!!! Preside",2026-02-20,DJT,direct,direct: 'djt',no_clear_stance,,,SPY,1,,,no_claim,,,no_claim,,,no_claim,,,no_claim,,,no_claim,,,no_claim
116106466161291676,"Republicans are so disloyal to themselves! Unite, stick together, and WIN! President DJT",2026-02-21,DJT,direct,direct: 'djt',no_clear_stance,,,SPY,1,,,no_claim,,,no_claim,,,no_claim,,,no_claim,,,no_claim,,,no_claim
116109320498109062,CIA's historic retraction of intel reports exposes political bias in Obama-Biden spy agencies: https://justthenews.com/government/federal-agencies/historic-cia-retraction-intel-reports-exposes-rot-pol,2026-02-21,INTC,direct,direct: 'intel',positive,historic,AMD NVDA TSM,SOXX,0,-0.0104,-0.0083,flat,0.046,0.0335,flat,0.0633,0.0341,flat,0.0345,0.0492,flat,-0.0152,0.0801,flat,-0.0018,0.0563,flat
116111073840858395,"Netflix should fire racist, Trump Deranged Susan Rice, IMMEDIATELY, or pay the consequences. She’s got no talent or skills - Purely a political hack! HER POWER IS GONE, AND WILL NEVER BE BACK. How muc",2026-02-21,DJT,direct,direct: 'djt',no_clear_stance,,,SPY,1,,,no_claim,,,no_claim,,,no_claim,,,no_claim,,,no_claim,,,no_claim
116111420567451198,"Working with the fantastic Governor of Louisiana, Jeff Landry, we are going to send a great hospital boat to Greenland to take care of the many people who are sick, and not being taken care of there. ",2026-02-22,DJT,direct,direct: 'djt',no_clear_stance,,,SPY,1,,,no_claim,,,no_claim,,,no_claim,,,no_claim,,,no_claim,,,no_claim
116115179276189940,WHAT A GAME!!! President DJT,2026-02-22,DJT,direct,direct: 'djt',no_clear_stance,,,SPY,1,,,no_claim,,,no_claim,,,no_claim,,,no_claim,,,no_claim,,,no_claim
116116726447376516,The most Gold Medals ever won by Team USA at the Olympics! President DJT,2026-02-22,DJT,direct,direct: 'djt',no_clear_stance,,,SPY,1,,,no_claim,,,no_claim,,,no_claim,,,no_claim,,,no_claim,,,no_claim
116117644453675365,"We’re Winning too much, it’s just not fair! President DJT",2026-02-23,DJT,direct,direct: 'djt',no_clear_stance,,,SPY,1,,,no_claim,,,no_claim,,,no_claim,,,no_claim,,,no_claim,,,no_claim
116120313423769416,RT: https://truthsocial.com/users/realDonaldTrump/statuses/116120312031080294Byron will be a great governor!!! President DJT,2026-02-23,DJT,direct,direct: 'djt',no_clear_stance,,,SPY,1,,,no_claim,,,no_claim,,,no_claim,,,no_claim,,,no_claim,,,no_claim
116120496650075903,"As President, I do not have to go back to Congress to get approval of Tariffs. It has already been gotten, in many forms, a long time ago! They were also just reaffirmed by the ridiculous and poorly c",2026-02-23,DJT,direct,direct: 'djt',no_clear_stance,,,SPY,1,,,no_claim,,,no_claim,,,no_claim,,,no_claim,,,no_claim,,,no_claim
116123225544591694,Wow! Gavin Newscum just dropped out of the Presidential Race!!! President DJT,2026-02-24,DJT,direct,direct: 'djt',no_clear_stance,,,SPY,1,,,no_claim,,,no_claim,,,no_claim,,,no_claim,,,no_claim,,,no_claim
116142578355684475,"Congrats to Newsmax. Big numbers! President DJT
Newsmax Delivers 4M-Plus Viewers in Breakout State of Union Coverage: https://www.newsmax.com/newsfront/newsmax-tv-rating-sotu/2026/02/26/id/1247600/",2026-02-27,DJT,direct,direct: 'djt',no_clear_stance,,,SPY,1,,,no_claim,,,no_claim,,,no_claim,,,no_claim,,,no_claim,,,no_claim
116143350148522906,Trump FTC sends letter to Apple about alleged political bias in its news app: https://www.foxnews.com/media/trump-ftc-sends-letter-apple-over-alleged-political-bias-its-news-app,2026-02-27,AAPL,direct,direct: 'apple',no_clear_stance,,,XLK,0,0.0088,-0.0095,no_claim,0.0051,0.0017,no_claim,0.0004,-0.0201,no_claim,-0.0189,-0.0208,no_claim,-0.0468,-0.0452,no_claim,-0.0601,0.0083,no_claim
116144057341130700,Apple News Continues Rejection of Right-Leaning Outlets in January: https://mrcfreespeechamerica.org/blogs/free-speech/heather-moon/2026/02/04/apple-news-continues-rejection-right-leaning-outlets,2026-02-27,AAPL,direct,direct: 'apple',no_clear_stance,,,XLK,0,0.0088,-0.0095,no_claim,0.0051,0.0017,no_claim,0.0004,-0.0201,no_claim,-0.0189,-0.0208,no_claim,-0.0468,-0.0452,no_claim,-0.0601,0.0083,no_claim
116144058486971927,The alleged bias of Apple News: Ex-liberal mag editor tasked to handpick stories for millions of iPhone users: https://www.foxnews.com/media/alleged-bias-apple-news-ex-liberal-mag-editor-tasked-handpi,2026-02-27,AAPL,direct,direct: 'apple',no_clear_stance,,,XLK,0,0.0088,-0.0095,no_claim,0.0051,0.0017,no_claim,0.0004,-0.0201,no_claim,-0.0189,-0.0208,no_claim,-0.0468,-0.0452,no_claim,-0.0601,0.0083,no_claim
116146212954175657,"Minnesota Autism Payments have gone from $1,099,946 in 2017, to $343,176,474 in 2024, an increase of 34,000% in just a few years. Steve Miller, Russ Vought, Dr. Oz, Pam Bondi - This is a GIANT SCAM. I",2026-02-28,DJT,direct,direct: 'djt',no_clear_stance,,,SPY,1,,,no_claim,,,no_claim,,,no_claim,,,no_claim,,,no_claim,,,no_claim
116165373479209735,"Have unlimited mid to upper tier Weaponry - Brutal “stuff.” Wall Street Journal story was wrong, and a disgrace. President DJT
https://www.washingtonpost.com/opinions/2026/03/03/iran-strike-venezuela-",2026-03-03,DJT,direct,direct: 'djt',no_clear_stance,,,SPY,1,,,no_claim,,,no_claim,,,no_claim,,,no_claim,,,no_claim,,,no_claim
116167706503631003,"Zohran has come a long way embracing, of course, the Declaration of Independence while at The Oval Office — Big progress! President DJT",2026-03-03,DJT,direct,direct: 'djt',no_clear_stance,,,SPY,1,,,no_claim,,,no_claim,,,no_claim,,,no_claim,,,no_claim,,,no_claim
116174758696408802,RT: https://truthsocial.com/users/realDonaldTrump/statuses/116174757064824630Thank you to our great NATO Secretary General! President DJT,2026-03-05,DJT,direct,direct: 'djt',no_clear_stance,,,SPY,1,,,no_claim,,,no_claim,,,no_claim,,,no_claim,,,no_claim,,,no_claim
116182787199648959,Trump slams Bill Maher in Truth Social post as ‘extremely nervous’ with ‘ZERO confidence in himself’: https://nypost.com/2026/02/14/us-news/trump-slams-bill-maher-in-truth-social-post-as-extremely-ner,2026-03-06,DJT,direct,direct: 'truth social',no_clear_stance,,,SPY,1,,,no_claim,,,no_claim,,,no_claim,,,no_claim,,,no_claim,,,no_claim
116184185735585906,We just concluded a very good meeting with the largest U.S. Defense Manufacturing Companies where we discussed Production and Production Schedules. They have agreed to quadruple Production of the “Exq,2026-03-06,BA,direct,direct: 'boeing',no_clear_stance,,,ITA,0,-0.0077,-0.012,no_claim,-0.0396,-0.0345,no_claim,-0.0558,-0.0463,no_claim,-0.0744,-0.0261,no_claim,-0.1395,-0.0637,no_claim,-0.0739,-0.0012,no_claim
116184185735585906,We just concluded a very good meeting with the largest U.S. Defense Manufacturing Companies where we discussed Production and Production Schedules. They have agreed to quadruple Production of the “Exq,2026-03-06,RTX,direct,direct: 'raytheon',no_clear_stance,,,ITA,0,-0.0167,-0.0209,no_claim,-0.0225,-0.0173,no_claim,-0.0213,-0.0118,no_claim,-0.0342,0.014,no_claim,-0.0642,0.0115,no_claim,-0.0654,0.0073,no_claim
116184185735585906,We just concluded a very good meeting with the largest U.S. Defense Manufacturing Companies where we discussed Production and Production Schedules. They have agreed to quadruple Production of the “Exq,2026-03-06,LMT,direct,direct: 'lock heed',no_clear_stance,,,ITA,0,-0.0169,-0.0212,no_claim,-0.0361,-0.0309,no_claim,-0.0386,-0.0292,no_claim,-0.0438,0.0044,no_claim,-0.0713,0.0045,no_claim,-0.0709,0.0018,no_claim
116184185735585906,We just concluded a very good meeting with the largest U.S. Defense Manufacturing Companies where we discussed Production and Production Schedules. They have agreed to quadruple Production of the “Exq,2026-03-06,NOC,direct,direct: 'northrop',no_clear_stance,,,ITA,0,-0.0205,-0.0248,no_claim,-0.0367,-0.0316,no_claim,-0.0391,-0.0296,no_claim,-0.0384,0.0098,no_claim,-0.0735,0.0023,no_claim,-0.095,-0.0223,no_claim
116188629042450259,"The United States Senate should focus on, exclusively if necessary, THE SAVE AMERICA ACT!!! It’s what everyone wants!!! President DJT",2026-03-07,DJT,direct,direct: 'djt',no_clear_stance,,,SPY,1,,,no_claim,,,no_claim,,,no_claim,,,no_claim,,,no_claim,,,no_claim
116191960216926971,Rich Goldberg was GREAT on Mark Levin tonight. Two guys who really get it! Thank you both. President DJT,2026-03-08,DJT,direct,direct: 'djt',no_clear_stance,,,SPY,1,,,no_claim,,,no_claim,,,no_claim,,,no_claim,,,no_claim,,,no_claim
116196014942465383,"Short term oil prices, which will drop rapidly when the destruction of the Iran nuclear threat is over, is a very small price to pay for U.S.A., and World, Safety and Peace. ONLY FOOLS WOULD THINK DIF",2026-03-08,DJT,direct,direct: 'djt',no_clear_stance,,,SPY,1,,,no_claim,,,no_claim,,,no_claim,,,no_claim,,,no_claim,,,no_claim
116196711651701576,"It’s not the Save Act, it’s The Save America Act! A MUCH better, and more important, name!!! President DJT",2026-03-09,DJT,direct,direct: 'djt',no_clear_stance,,,SPY,1,,,no_claim,,,no_claim,,,no_claim,,,no_claim,,,no_claim,,,no_claim
116208344727934829,THE SAVE AMERICA ACT is by far the most popular Bill of its kind ever put before Congress! President DJT,2026-03-11,DJT,direct,direct: 'djt',no_clear_stance,,,SPY,1,,,no_claim,,,no_claim,,,no_claim,,,no_claim,,,no_claim,,,no_claim
116208498011933842,"Congratulations to Clay Fuller, of Georgia’s 14th Congressional District, on getting such a high percentage of the vote with 12 Republicans running. We want to make the next vote “TOO BIG TO RIG.” Cla",2026-03-11,DJT,direct,direct: 'djt',no_clear_stance,,,SPY,1,,,no_claim,,,no_claim,,,no_claim,,,no_claim,,,no_claim,,,no_claim
116210278812822198,Clay Fuller is going to be a fantastic Congressman in representing the Great State of Georgia. Now we have to be careful and finish it off. MAKE AMERICA GREAT AGAIN!!! President DJT,2026-03-11,DJT,direct,direct: 'djt',no_clear_stance,,,SPY,1,,,no_claim,,,no_claim,,,no_claim,,,no_claim,,,no_claim,,,no_claim
116210369394250268,"I predict that “Representative”Thomas Massie will go down as the WORST Republican Congressman in the long and fabled history of the United States Congress, even worse than Crazy Liz Chaney, Cryin’ Ada",2026-03-11,DJT,direct,direct: 'djt',no_clear_stance,,,SPY,1,,,no_claim,,,no_claim,,,no_claim,,,no_claim,,,no_claim,,,no_claim
116213176186506012,"Gavin Newscum’s interview weeks ago was, perhaps, the most self destructive interview I’ve ever seen. In one fell swoop, he took himself out of even being considered as the Presidential Nominee of the",2026-03-11,DJT,direct,direct: 'djt',no_clear_stance,,,SPY,1,,,no_claim,,,no_claim,,,no_claim,,,no_claim,,,no_claim,,,no_claim
116223767250350057,"Maggot Hagerman, just another SLEAZEBAG writer for The Failing New York Times, insists on writing false stories about me, even though she fully knows and understands that the exact opposite of anythin",2026-03-13,DJT,direct,direct: 'djt',no_clear_stance,,,SPY,1,,,no_claim,,,no_claim,,,no_claim,,,no_claim,,,no_claim,,,no_claim
116224179318558161,"After meeting with Governor Gretchen Whitmer, and hearing from our GREAT Republican Candidate for the United States Senate, Mike Rogers, I approved $100 Million Dollars in Public Assistance to support",2026-03-13,DJT,direct,direct: 'djt',no_clear_stance,,,SPY,1,,,no_claim,,,no_claim,,,no_claim,,,no_claim,,,no_claim,,,no_claim
116225502010036899,"The Fake News Media hates to report how well the United States Military has done against Iran, which is totally defeated and wants a deal - But not a deal that I would accept! Thank you for your atten",2026-03-14,DJT,direct,direct: 'djt',no_clear_stance,,,SPY,1,,,no_claim,,,no_claim,,,no_claim,,,no_claim,,,no_claim,,,no_claim
116227449614232103,Thank you to Johnny Jones and all of our GREAT TSA Agents who are going to work but not being paid because the Radical Left Democrats refuse to honor the deal that was approved and voted on in Congres,2026-03-14,DJT,direct,direct: 'djt',no_clear_stance,,,SPY,1,,,no_claim,,,no_claim,,,no_claim,,,no_claim,,,no_claim,,,no_claim
116238700372346046,"Michael Whatley is so Great! Running against a really bad former Governor who set murderers free to kill again, and was grossly incompetent on the big hurricane cleanup. I had to get it done when I to",2026-03-16,DJT,direct,direct: 'djt',no_clear_stance,,,SPY,1,,,no_claim,,,no_claim,,,no_claim,,,no_claim,,,no_claim,,,no_claim
116239040439932874,"The crazed Democrats are not allowing TSA Agents to get paid. The deal was made a long time ago. They broke it in order to get money for Sanctuary Cities and illegal aliens, many of them hardened crim",2026-03-16,DJT,direct,direct: 'djt',no_clear_stance,,,SPY,1,,,no_claim,,,no_claim,,,no_claim,,,no_claim,,,no_claim,,,no_claim
116241961295404159,"“Hang Out with Sean Hannity” is a GREAT New Podcast, Streaming Now!!! Sean is a fantastic guy, and has been right from my political beginnings! President DJT",2026-03-17,DJT,direct,direct: 'djt',no_clear_stance,,,SPY,1,,,no_claim,,,no_claim,,,no_claim,,,no_claim,,,no_claim,,,no_claim
116247928951810982,STATEHOOD!!! President DJT,2026-03-18,DJT,direct,direct: 'djt',no_clear_stance,,,SPY,1,,,no_claim,,,no_claim,,,no_claim,,,no_claim,,,no_claim,,,no_claim
116249447962443816,"Britain had meltdown when China hacked voter files, but U.S. intel kept it secret in America: https://justthenews.com/government/security/us-intel-has-known-2020-china-gained-access-us-voter-files-mem",2026-03-18,INTC,direct,direct: 'intel',no_clear_stance,,AMD NVDA TSM,SOXX,0,0.0188,0.0254,no_claim,0.0448,0.0458,no_claim,-0.0075,0.0161,no_claim,-0.0032,-0.0046,no_claim,-0.0016,0.0333,no_claim,0.5498,0.3577,no_claim
116249915914904632,"I wonder what would happen if we “finished off” what’s left of the Iranian Terror State, and let the Countries that use it, we don’t, be responsible for the so called “Straight?” That would get some o",2026-03-18,DJT,direct,direct: 'djt',no_clear_stance,,,SPY,1,,,no_claim,,,no_claim,,,no_claim,,,no_claim,,,no_claim,,,no_claim
116250115423447200,When is “Too Late” Powell lowering INTEREST RATES? President DJT,2026-03-18,DJT,direct,direct: 'djt',no_clear_stance,,,SPY,1,,,no_claim,,,no_claim,,,no_claim,,,no_claim,,,no_claim,,,no_claim
116250203405172359,"I wonder what would happen if we “finished off” what’s left of the Iranian Terror State, and let the Countries that use it, we don’t, be responsible for the so called “Strait?” That would get some of ",2026-03-18,DJT,direct,direct: 'djt',no_clear_stance,,,SPY,1,,,no_claim,,,no_claim,,,no_claim,,,no_claim,,,no_claim,,,no_claim
116257826369374629,You Should Be Terrified by What JPMorgan Did to Trump: https://townhall.com/columnists/douglasmackinnon/2026/02/23/you-should-be-terrorized-by-what-jp-morgan-did-to-trump-n2671705,2026-03-19,JPM,direct,direct: 'jp morgan',no_clear_stance,,,XLF,0,-0.0053,-0.0077,no_claim,0.0064,-0.0052,no_claim,0.015,0.0033,no_claim,0.0124,0.0054,no_claim,0.0226,0.0058,no_claim,0.106,0.0255,no_claim
116261712648536578,"CONGRESS, PASS THE FARM BILL, NOW! President DJT",2026-03-20,DJT,direct,direct: 'djt',no_clear_stance,,,SPY,1,,,no_claim,,,no_claim,,,no_claim,,,no_claim,,,no_claim,,,no_claim
116261732231179804,"THE SAVE AMERICA ACT MUST BE PASSED BY THE SENATE. THERE IS NOTHING THAT IS MORE IMPORTANT FOR THE U.S.A. Voter I.D., Proof of Citizenship, etc. Get it done and watch all of the good things that will ",2026-03-20,DJT,direct,direct: 'djt',no_clear_stance,,,SPY,1,,,no_claim,,,no_claim,,,no_claim,,,no_claim,,,no_claim,,,no_claim
116261847910261480,"I met with Hope Scheppelman and her husband Steven, of the Radical Left State of Colorado, to discuss various opportunities to serve our Country in a different capacity than her current run for the Un",2026-03-20,DJT,direct,direct: 'djt',no_clear_stance,,,SPY,1,,,no_claim,,,no_claim,,,no_claim,,,no_claim,,,no_claim,,,no_claim
116263751750331124,"The Great State of Colorado, and a pathetic RINO District Attorney, together with the Radical Left Governor, gave a wonderful woman named Tina Peters, a 73-year-old Gold Star Mom, who has cancer, nine",2026-03-20,DJT,direct,direct: 'djt',no_clear_stance,,,SPY,1,,,no_claim,,,no_claim,,,no_claim,,,no_claim,,,no_claim,,,no_claim
116269555618597105,"The United States has blown Iran off of the map, and yet their lightweight analyst, David Sanger, says that I haven’t met my own goals. Yes I have, and weeks ahead of schedule! Their leadership is gon",2026-03-21,DJT,direct,direct: 'djt',no_clear_stance,,,SPY,1,,,no_claim,,,no_claim,,,no_claim,,,no_claim,,,no_claim,,,no_claim
116270371600659894,"Tina Peters, a 73-year-old woman with cancer, was given a nine year jail sentence in Colorado because she caught the Democrats CHEATING on the Presidential Election of 2020. FREE TINA! President DJT",2026-03-22,DJT,direct,direct: 'djt',no_clear_stance,,,SPY,1,,,no_claim,,,no_claim,,,no_claim,,,no_claim,,,no_claim,,,no_claim
116272713025328785,"On Monday, ICE will be going to airports to help our wonderful TSA Agents who have stayed on the job despite the fact that the Radical Left Democrats, who are only focused on protecting hard line crim",2026-03-22,DJT,direct,direct: 'djt',no_clear_stance,,,SPY,1,,,no_claim,,,no_claim,,,no_claim,,,no_claim,,,no_claim,,,no_claim
116272810363139207,"Now with the death of Iran, the greatest enemy America has is the Radical Left, Highly Incompetent, Democrat Party! Thank you for your attention to this matter. President DJT",2026-03-22,DJT,direct,direct: 'djt',no_clear_stance,,,SPY,1,,,no_claim,,,no_claim,,,no_claim,,,no_claim,,,no_claim,,,no_claim
116273344803042793,"Schumer got “discombobulated” in the Senate yesterday, and said, “WE MUST FUND ICE,” prior to correcting himself. Thank you Chuck, I agree! President DJT",2026-03-22,DJT,direct,direct: 'djt',no_clear_stance,,,SPY,1,,,no_claim,,,no_claim,,,no_claim,,,no_claim,,,no_claim,,,no_claim
116275668825285445,"I don’t think we should make any deal with the Crazy, Country Destroying, Radical Left Democrats unless, and until, they Vote with Republicans to pass “THE SAVE AMERICA ACT.” It is far more important ",2026-03-23,DJT,direct,direct: 'djt',no_clear_stance,,,SPY,1,,,no_claim,,,no_claim,,,no_claim,,,no_claim,,,no_claim,,,no_claim
116278600245530358,"I am a BIG proponent of ICE wearing masks as they search for, and are forced to deal with, hardened criminals, many of whom were let into our Country by Sleepy Joe Biden and his wonderful ""Border Czar",2026-03-23,DJT,direct,direct: 'djt',no_clear_stance,,,SPY,1,,,no_claim,,,no_claim,,,no_claim,,,no_claim,,,no_claim,,,no_claim
116290465114134220,Blame the Democrats for the Airport's mess. They want our Country to do badly. They want our Country to fail. They broke the already signed Bill because they want to take care of Criminals who enter o,2026-03-25,DJT,direct,direct: 'djt',no_clear_stance,,,SPY,1,,,no_claim,,,no_claim,,,no_claim,,,no_claim,,,no_claim,,,no_claim
116290505546059162,"The Democrats don't want to make any deal unless Amnesty and Citizenship is given to millions of Criminals who have entered our Country illegally, many of whom have been convicted of serious crimes. P",2026-03-25,DJT,direct,direct: 'djt',no_clear_stance,,,SPY,1,,,no_claim,,,no_claim,,,no_claim,,,no_claim,,,no_claim,,,no_claim
116295045718240014,"The Iranian negotiators are very different and “strange.” They are “begging” us to make a deal, which they should be doing since they have been militarily obliterated, with zero chance of a comeback, ",2026-03-26,DJT,direct,direct: 'djt',no_clear_stance,,,SPY,1,,,no_claim,,,no_claim,,,no_claim,,,no_claim,,,no_claim,,,no_claim
116295094711655881,"When is “enough, enough” for our Republican Senators. There comes a time when you must do what should have been done a long time ago, and something which the Lunatic Democrats will do on day one, if t",2026-03-26,DJT,direct,direct: 'djt',no_clear_stance,,,SPY,1,,,no_claim,,,no_claim,,,no_claim,,,no_claim,,,no_claim,,,no_claim
116302505060458396,Going to make a big speech on economics in Miami. Our Military Operation in Iran is going GREAT! President DJT,2026-03-27,DJT,direct,direct: 'djt',no_clear_stance,,,SPY,1,,,no_claim,,,no_claim,,,no_claim,,,no_claim,,,no_claim,,,no_claim
116308992209421747,"Watch Mark Levin interview of Brilliant Marc Thiessen tonight at 8:00 P.M., on FoxNews. Will discuss the importance of hitting Iran, HARD!!! President DJT",2026-03-28,DJT,direct,direct: 'djt',no_clear_stance,,,SPY,1,,,no_claim,,,no_claim,,,no_claim,,,no_claim,,,no_claim,,,no_claim
116315768155415029,"Big day in Iran. Many long sought after targets have been taken out and destroyed by our GREAT MILITARY, the finest and most lethal in the World. God bless you all! President DJT",2026-03-30,DJT,direct,direct: 'djt',no_clear_stance,,,SPY,1,,,no_claim,,,no_claim,,,no_claim,,,no_claim,,,no_claim,,,no_claim
116323481956698353,"All of those countries that can’t get jet fuel because of the Strait of Hormuz, like the United Kingdom, which refused to get involved in the decapitation of Iran, I have a suggestion for you: Number ",2026-03-31,DJT,direct,direct: 'djt',no_clear_stance,,,SPY,1,,,no_claim,,,no_claim,,,no_claim,,,no_claim,,,no_claim,,,no_claim
116323516183718262,"The Country of France wouldn’t let planes headed to Israel, loaded up with military supplies, fly over French territory. France has been VERY UNHELPFUL with respect to the “Butcher of Iran,” who has b",2026-03-31,DJT,direct,direct: 'djt',no_clear_stance,,,SPY,1,,,no_claim,,,no_claim,,,no_claim,,,no_claim,,,no_claim,,,no_claim
116329512466946656,"Iran’s New Regime President, much less Radicalized and far more intelligent than his predecessors, has just asked the United States of America for a CEASEFIRE! We will consider when Hormuz Strait is o",2026-04-01,DJT,direct,direct: 'djt',no_clear_stance,,,SPY,1,,,no_claim,,,no_claim,,,no_claim,,,no_claim,,,no_claim,,,no_claim
116334990675013056,"Bad, and very boring singer, Bruce Springsteen, who looks like a dried up prune who has suffered greatly from the work of a really bad plastic surgeon, has long had a horrible and incurable case of Tr",2026-04-02,DJT,direct,direct: 'djt',no_clear_stance,,,SPY,1,,,no_claim,,,no_claim,,,no_claim,,,no_claim,,,no_claim,,,no_claim
116344192713238962,"Third rate news “anchor” Jonathan Karl of ABC Fake News, the worst and most corrupt Network in the business, wrote another made up book about me where his stories and “reporting” bare no relationship ",2026-04-04,DJT,direct,direct: 'djt',no_clear_stance,,,SPY,1,,,no_claim,,,no_claim,,,no_claim,,,no_claim,,,no_claim,,,no_claim
116346654846871260,"The Failing New York Times, whose lack of credibility, and their constant Fake News attacks on your favorite President, ME, has caused its circulation to absolutely PLUMMET, referred to our severely w",2026-04-04,DJT,direct,direct: 'djt',no_clear_stance,,,SPY,1,,,no_claim,,,no_claim,,,no_claim,,,no_claim,,,no_claim,,,no_claim
116357443851465857,RT: https://truthsocial.com/users/realDonaldTrump/statuses/116357442556060490Great going Freedom Caucus. Proud of you!!! President DJT,2026-04-06,DJT,direct,direct: 'djt',no_clear_stance,,,SPY,1,,,no_claim,,,no_claim,,,no_claim,,,no_claim,,,no_claim,,,no_claim
116360927697862375,"Tell Shannon Bream of FoxNews that it’s not the Save Act, it’s the Save America Act, a big difference! Also, when she insists on having lightweight Democrat Congressmen, such as Jake Auchincloss, on h",2026-04-07,DJT,direct,direct: 'djt',no_clear_stance,,,SPY,1,,,no_claim,,,no_claim,,,no_claim,,,no_claim,,,no_claim,,,no_claim
116360947194550238,"I will be speaking tonight, LIVE, with the great (and brave!) astronauts on Artemis II, LIVE, at 10:00 P.M. Enjoy!!! President DJT",2026-04-07,DJT,direct,direct: 'djt',no_clear_stance,,,SPY,1,,,no_claim,,,no_claim,,,no_claim,,,no_claim,,,no_claim,,,no_claim
116368854361048135,"A Country supplying Military Weapons to Iran will be immediately tariffed, on any and all goods sold to the United States of America, 50%, effective immediately. There will be no exclusions or exempti",2026-04-08,DJT,direct,direct: 'djt',no_clear_stance,,,SPY,1,,,no_claim,,,no_claim,,,no_claim,,,no_claim,,,no_claim,,,no_claim
116371693008302124,"NATO WASN’T THERE WHEN WE NEEDED THEM, AND THEY WON’T BE THERE IF WE NEED THEM AGAIN. REMEMBER GREENLAND, THAT BIG, POORLY RUN, PIECE OF ICE!!! President DJT",2026-04-08,DJT,direct,direct: 'djt',no_clear_stance,,,SPY,1,,,no_claim,,,no_claim,,,no_claim,,,no_claim,,,no_claim,,,no_claim
116377366086619888,"My friend, Congresswoman Elise Stefanik, of New York, has written a new book, ""POISONED IVIES: The Inside Account of the Academic and Moral Rot at America’s Elite Universities."" There is nobody more q",2026-04-09,AMZN,direct,direct: 'amazon',no_clear_stance,,WMT TGT COST,XLY,0,0.0131,0.0141,no_claim,0.0195,0.0114,no_claim,0.0583,0.0279,no_claim,0.0612,0.0202,no_claim,0.0841,0.0421,no_claim,0.1589,0.0951,no_claim
116380657463593385,WORLD’S MOST POWERFUL RESET!!! President DJT,2026-04-10,DJT,direct,direct: 'djt',no_clear_stance,,,SPY,1,,,no_claim,,,no_claim,,,no_claim,,,no_claim,,,no_claim,,,no_claim
116380894672815869,Palantir Technologies (PLTR) has proven to have great war fighting capabilities and equipment. Just ask our enemies!!! President DJT,2026-04-10,DJT,direct,direct: 'djt',no_clear_stance,,,SPY,1,,,no_claim,,,no_claim,,,no_claim,,,no_claim,,,no_claim,,,no_claim
116385843841281126,"Massive numbers of completely empty oil tankers, some of the largest anywhere in the World, are heading, right now, to the United States to load up with the best and “sweetest” oil (and gas!) anywhere",2026-04-11,DJT,direct,direct: 'djt',no_clear_stance,,,SPY,1,,,no_claim,,,no_claim,,,no_claim,,,no_claim,,,no_claim,,,no_claim
116395566253303665,The United States to Blockade Ships Entering or Exiting Iranian Ports on April 13 at 10:00 A.M. ET. Thank you for your attention to this matter! President DJT,2026-04-13,DJT,direct,direct: 'djt',no_clear_stance,,,SPY,1,,,no_claim,,,no_claim,,,no_claim,,,no_claim,,,no_claim,,,no_claim
116397847496142849,"Iran’s Navy is laying at the bottom of the sea, completely obliterated - 158 ships. What we have not hit are their small number of, what they call, “fast attack ships,” because we did not consider the",2026-04-13,DJT,direct,direct: 'djt',no_clear_stance,,,SPY,1,,,no_claim,,,no_claim,,,no_claim,,,no_claim,,,no_claim,,,no_claim
116402983435251784,"Bruce Blakeman, the highly respected and very popular Nassau County Executive, who is running for Governor, is surging in the New York State Polls. He is one of the best politicians in the U.S. Watch ",2026-04-14,DJT,direct,direct: 'djt',no_clear_stance,,,SPY,1,,,no_claim,,,no_claim,,,no_claim,,,no_claim,,,no_claim,,,no_claim
116403535989117537,"Europe is desperate for Energy, and yet the United Kingdom refuses to open North Sea Oil, one of the greatest fields in the World. Tragic!!! Aberdeen should be booming. Norway sells its North Sea Oil ",2026-04-14,DJT,direct,direct: 'djt',no_clear_stance,,,SPY,1,,,no_claim,,,no_claim,,,no_claim,,,no_claim,,,no_claim,,,no_claim
116408554531050811,"China is very happy that I am permanently opening the Strait of Hormuz. I am doing it for them, also - And the World. This situation will never happen again. They have agreed not to send weapons to Ir",2026-04-15,DJT,direct,direct: 'djt',no_clear_stance,,,SPY,1,,,no_claim,,,no_claim,,,no_claim,,,no_claim,,,no_claim,,,no_claim
116408742801619405,"The Radical Left Lunatics might not like this, but I think it is quite nice!!!  President DJT",2026-04-15,DJT,direct,direct: 'djt',no_clear_stance,,,SPY,1,,,no_claim,,,no_claim,,,no_claim,,,no_claim,,,no_claim,,,no_claim
116412252214963423,"Trying to get a little breathing room between Israel and Lebanon. It has been a long time since the two leaders have spoken, like 34 years. It will happen tomorrow. Nice! President DJT",2026-04-16,DJT,direct,direct: 'djt',no_clear_stance,,,SPY,1,,,no_claim,,,no_claim,,,no_claim,,,no_claim,,,no_claim,,,no_claim
116416069269152200,"The person who filed the meritless and lawless suit on the desperately needed White House Ballroom, being built as a GIFT to America (without Tax Dollars!), a woman walking her dog, has absolutely NO ",2026-04-16,DJT,direct,direct: 'djt',no_clear_stance,,,SPY,1,,,no_claim,,,no_claim,,,no_claim,,,no_claim,,,no_claim,,,no_claim
116416480932586388,"Sadly, Mayor Mamdani is DESTROYING New York! It has no chance! The United States of America should not contribute to its failure. It will only get WORSE. The TAX, TAX, TAX Policies are SO WRONG. Peopl",2026-04-16,DJT,direct,direct: 'djt',no_clear_stance,,,SPY,1,,,no_claim,,,no_claim,,,no_claim,,,no_claim,,,no_claim,,,no_claim
116416736627974477,"I’m on Air Force One heading to Las Vegas and Arizona for Greetings and Speeches on NO TAX ON TIPS, a WINDFALL for our Great American Citizens. I am watching one of the Least Attractive and Talented P",2026-04-16,DJT,direct,direct: 'djt',no_clear_stance,,,SPY,1,,,no_claim,,,no_claim,,,no_claim,,,no_claim,,,no_claim,,,no_claim
116417764784525982,May have been a historic day for Lebanon. Good things are happening!!! President DJT,2026-04-17,DJT,direct,direct: 'djt',no_clear_stance,,,SPY,1,,,no_claim,,,no_claim,,,no_claim,,,no_claim,,,no_claim,,,no_claim
116419983493630857,"It’s easy! Tucker is a Low IQ person - Always easy to beat, and highly overrated!!! So are Megyn Kelly, “Candace”(Really Dumb and mentally ill!), and Bankrupt Alex Jones, who is completely “fried.” Th",2026-04-17,DJT,direct,direct: 'djt',no_clear_stance,,,SPY,1,,,no_claim,,,no_claim,,,no_claim,,,no_claim,,,no_claim,,,no_claim
116420038210190121,"The U.S.A. is the “HOTTEST” Country in the World right now. Just a short time ago, under Sleepy Joe Biden, IT WAS DEAD, LAUGHED AT ALL OVER THE WORLD!!! But not anymore - Nobody’s laughing!!! Presiden",2026-04-17,DJT,direct,direct: 'djt',no_clear_stance,,,SPY,1,,,no_claim,,,no_claim,,,no_claim,,,no_claim,,,no_claim,,,no_claim
116420395293904982,"The U.S.A. will get all Nuclear “Dust,” created by our great B2 Bombers - No money will exchange hands in any way, shape, or form. This deal is in no way subject to Lebanon, either, but the USA will, ",2026-04-17,DJT,direct,direct: 'djt',no_clear_stance,,,SPY,1,,,no_claim,,,no_claim,,,no_claim,,,no_claim,,,no_claim,,,no_claim
116420456436213944,"Now that the Hormuz Strait situation is over, I received a call from NATO asking if we would need some help. I  TOLD THEM TO STAY AWAY, UNLESS THEY JUST WANT TO LOAD UP THEIR SHIPS WITH OIL. They were",2026-04-17,DJT,direct,direct: 'djt',no_clear_stance,,,SPY,1,,,no_claim,,,no_claim,,,no_claim,,,no_claim,,,no_claim,,,no_claim
116420484827577347,"Iran, with the help of the U.S.A., has removed, or is removing, all sea mines! Thank you! President DJT",2026-04-17,DJT,direct,direct: 'djt',no_clear_stance,,,SPY,1,,,no_claim,,,no_claim,,,no_claim,,,no_claim,,,no_claim,,,no_claim
116420534754267698,A GREAT AND BRILLIANT DAY FOR THE WORLD! DJT,2026-04-17,DJT,direct,direct: 'djt',no_clear_stance,,,SPY,1,,,no_claim,,,no_claim,,,no_claim,,,no_claim,,,no_claim,,,no_claim
116421668823698549,Trump Effect: Apple Expands American Manufacturing Program with 4 Partners: https://www.breitbart.com/tech/2026/03/26/trump-effect-apple-expands-american-manufacturing-program-with-4-partners/,2026-04-17,AAPL,direct,direct: 'apple',no_clear_stance,,,XLK,0,0.0101,0.0084,no_claim,-0.0154,-0.0179,no_claim,0.0105,-0.0141,no_claim,0.0027,-0.0357,no_claim,0.0363,-0.0128,no_claim,0.1028,-0.0272,no_claim
116421671494376872,Senate confirms DOJ’s new ‘War on Fraud’ prosecutor Colin McDonald — with VP Vance’s backing: https://nypost.com/2026/03/24/us-news/senate-confirms-dojs-new-top-fraud-prosecutor-colin-mcdonald/,2026-04-17,MCD,direct,direct: 'mcdonald's',no_clear_stance,,,XLY,0,-0.0167,-0.0144,no_claim,-0.033,-0.0233,no_claim,-0.0387,-0.0286,no_claim,-0.041,-0.0289,no_claim,-0.0817,-0.0692,no_claim,-0.0951,-0.0633,no_claim
116428690626427742,"Whether people like Israel or not, they have proven to be a GREAT Ally of the United States of America. They are Courageous, Bold, Loyal, and Smart and, unlike others that have shown their true colors",2026-04-19,DJT,direct,direct: 'djt',no_clear_stance,,,SPY,1,,,no_claim,,,no_claim,,,no_claim,,,no_claim,,,no_claim,,,no_claim
116437457191403164,"Israel never talked me into the war with Iran, the results of Oct. 7th, added to my lifelong opinion that IRAN CAN NEVER HAVE A NUCLEAR WEAPON, did. I watch and read the FAKE NEWS Pundits and Polls in",2026-04-20,DJT,direct,direct: 'djt',no_clear_stance,,,SPY,1,,,no_claim,,,no_claim,,,no_claim,,,no_claim,,,no_claim,,,no_claim
116438239629407600,"The DEAL that we are making with Iran will be FAR BETTER than the JCPOA, commonly referred to as ""The Iran Nuclear Deal,"" penned by Barack Hussein Obama and Sleepy Joe Biden, one of the Worst Deals ev",2026-04-20,BA,direct,direct: 'boeing',no_clear_stance,,,ITA,0,-0.0185,0.0135,no_claim,0.0358,0.0849,no_claim,0.0486,0.0979,no_claim,0.036,0.0986,no_claim,-0.0089,0.0611,no_claim,-0.0371,0.0156,no_claim
116438239629407600,"The DEAL that we are making with Iran will be FAR BETTER than the JCPOA, commonly referred to as ""The Iran Nuclear Deal,"" penned by Barack Hussein Obama and Sleepy Joe Biden, one of the Worst Deals ev",2026-04-20,AMZN,indirect,indirect: 'washington post',negative,fake|dangerous,WMT TGT COST,XLY,0,-0.0203,-0.0048,flat,0.0011,0.0169,flat,-0.0,0.0256,opposite,0.0236,0.0485,opposite,0.0665,0.0923,opposite,0.0167,0.0647,opposite
116438381520104888,"I'm winning a War, BY A LOT, things are going very well, our Military has been amazing and, if you read the Fake News, like The Failing New York Times, the absolutely horrendous and disgusting Wall St",2026-04-20,AMZN,indirect,indirect: 'washington post',negative,winning|amazing|fake|failing|disgusting,WMT TGT COST,XLY,0,-0.0203,-0.0048,flat,0.0011,0.0169,flat,-0.0,0.0256,opposite,0.0236,0.0485,opposite,0.0665,0.0923,opposite,0.0167,0.0647,opposite
116440475208030352,"Prime Minister Keir Starmer of the United Kingdom acknowledged that he “exercised wrong judgement” when he chose his Ambassador to Washington. I agree, he was a really bad pick. Plenty of time to reco",2026-04-21,DJT,direct,direct: 'djt',no_clear_stance,,,SPY,1,,,no_claim,,,no_claim,,,no_claim,,,no_claim,,,no_claim,,,no_claim
116442276577696798,"I have always been a big fan of Tim Cook, and likewise, Steve Jobs, but if Steve was not taken from the Planet Earth so young, and ran the company instead of Tim, the company would have done well, but",2026-04-21,AAPL,direct,direct: 'apple',positive,amazing|great|incredible,,XLK,0,-0.0196,-0.0176,opposite,0.0062,-0.0138,opposite,0.0071,0.0017,flat,-0.0143,-0.0503,opposite,0.0196,-0.0259,opposite,0.1022,-0.0155,flat
116442964943642737,"Never allow the Traitor Democrats like Low IQ person Hakeem Jeffries, or Cryin’ Chuck Schumer, or the totally corrupt Fake News Media such as the phony and decaying Wall Street Journal, the Failing Ne",2026-04-21,DJT,direct,direct: 'djt',no_clear_stance,,,SPY,1,,,no_claim,,,no_claim,,,no_claim,,,no_claim,,,no_claim,,,no_claim
116445317344745621,"THE WALL STREET JOURNAL HAS LOST ITS WAY!
An IDIOT on The Wall Street Journal’s Editorial Board, named Elliot Kaufman, just wrote an Op Ed entitled, “The Iranians Take Trump for a Sucker.” Really? For",2026-04-21,BA,direct,direct: 'boeing',no_clear_stance,,,ITA,0,0.0186,0.0459,no_claim,0.0313,0.0587,no_claim,0.0237,0.0659,no_claim,0.0162,0.0565,no_claim,-0.0118,0.0323,no_claim,-0.0214,-0.0124,no_claim
116446191940811375,"US intel secretly flagged major 2020 election vulnerabilities, including voter data, memo: https://justthenews.com/politics-policy/elections/us-intel-flagged-major-2020-election-vulnerabilities-includ",2026-04-22,INTC,direct,direct: 'intel',no_clear_stance,,AMD NVDA TSM,SOXX,0,-0.0393,-0.0499,no_claim,-0.0171,-0.0492,no_claim,0.2149,0.1345,no_claim,0.244,0.2172,no_claim,0.5918,0.462,no_claim,0.751,0.5332,no_claim
116454250724920799,"Very true!!! President DJT
Marc Thiessen: Trump doesn’t need a deal to get what he wants from Iran: https://www.washingtonpost.com/opinions/2026/04/22/trump-best-move-iran-negotiations/",2026-04-23,DJT,direct,direct: 'djt',no_clear_stance,,,SPY,1,,,no_claim,,,no_claim,,,no_claim,,,no_claim,,,no_claim,,,no_claim
116456358242090182,I LOVE TRUTH SOCIAL! President DONALD J. TRUMP,2026-04-23,DJT,direct,direct: 'truth social',positive,love,,SPY,1,,,no_call,,,no_call,,,no_call,,,no_call,,,no_call,,,no_call
116456468852658900,"It was my Great Honor to meet with the Mayor of Los Angeles, Karen Bass, Fifth District Supervisor Kathryn Barger (Los Angeles County Board of Supervisors), and the Supervisor’s Chief of Staff, Anna M",2026-04-23,WFC,direct,direct: 'wells fargo',no_clear_stance,,,XLF,0,-0.0086,-0.0055,no_claim,0.0056,0.0012,no_claim,0.0174,0.0121,no_claim,0.0265,0.0158,no_claim,-0.0119,-0.0113,no_claim,-0.0409,-0.0478,no_claim
116457753768206600,Cryin’ Chuck Schumer should resign over this. He won’t be missed! President DJT,2026-04-24,DJT,direct,direct: 'djt',no_clear_stance,,,SPY,1,,,no_claim,,,no_claim,,,no_claim,,,no_claim,,,no_claim,,,no_claim
116457756634688413,Great Patriots!!! President DJT,2026-04-24,DJT,direct,direct: 'djt',no_clear_stance,,,SPY,1,,,no_claim,,,no_claim,,,no_claim,,,no_claim,,,no_claim,,,no_claim
116457972455781406,"The Southern Poverty Law Center, one of the greatest political scams in American History, has been charged with FRAUD. This is another Democrat Hoax, along with Act Blue, and many others. If it is tru",2026-04-24,DJT,direct,direct: 'djt',no_clear_stance,,,SPY,1,,,no_claim,,,no_claim,,,no_claim,,,no_claim,,,no_claim,,,no_claim
116474402720502063,"Lee and Kim Greenwood, two of the most spectacular people, had their first grandchild on April 17th. They were with me from the very beginning - Total loyalty, and Lee gave me the greatest walk on son",2026-04-27,DJT,direct,direct: 'djt',positive,love,,SPY,1,,,no_call,,,no_call,,,no_call,,,no_call,,,no_call,,,no_call
116474434041424846,GREAT IDEA!!! DO IT.  President DJT,2026-04-27,DJT,direct,direct: 'djt',no_clear_stance,,,SPY,1,,,no_claim,,,no_claim,,,no_claim,,,no_claim,,,no_claim,,,no_claim
116482505797913052,"Wow, that’s nice. I’ve always wanted to live in Buckingham Palace!!! I’ll talk to the King and Queen about this in a few minutes!!! President DJT",2026-04-28,DJT,direct,direct: 'djt',no_clear_stance,,,SPY,1,,,no_claim,,,no_claim,,,no_claim,,,no_claim,,,no_claim,,,no_claim
116486959174837748,Iran can’t get their act together. They don’t know how to sign a nonnuclear deal. They better get smart soon! President DJT,2026-04-29,DJT,direct,direct: 'djt',no_clear_stance,,,SPY,1,,,no_claim,,,no_claim,,,no_claim,,,no_claim,,,no_claim,,,no_claim
116490320065457761,Intel Stock continues to rise. I’m very proud of that Company in that I am responsible for making the United States of America over 30 Billion Dollars in the last 90 days on that stock alone. There ar,2026-04-29,INTC,direct,direct: 'intel',positive,congratulations|great|congratulations,AMD NVDA TSM,SOXX,0,-0.0117,-0.0243,flat,0.0421,0.02,flat,0.0019,-0.0121,flat,0.1821,0.0698,flat,0.2583,0.099,flat,0.1996,-0.0492,flat
116490493540315586,"Robert Hardman has written an amazing book about the incredible life of the beloved and deeply respected Queen Elizabeth II. In his research, Robert discovers many interesting things about the Queen, ",2026-04-29,AMZN,direct,direct: 'amazon',no_clear_stance,,WMT TGT COST,XLY,0,-0.0297,-0.0284,no_claim,-0.018,-0.0191,no_claim,-0.0041,0.0025,no_claim,0.0067,-0.0049,no_claim,-0.0111,-0.013,no_claim,-0.0093,-0.0293,no_claim
116491559257751897,"“86” is a mob term for “kill him.” They say 86 him! 86 47 means “kill President Trump.”James Comey, who is a Dirty Cop, one of the worst, knows this full well! EIGHT MILES OUT, SIX FEET DOWN! Didn’t h",2026-04-30,DJT,direct,direct: 'djt',no_clear_stance,,,SPY,1,,,no_claim,,,no_claim,,,no_claim,,,no_claim,,,no_claim,,,no_claim
116493880308071365,"When is ABC Fake News Network firing seriously unfunny Jimmy Kimmel, who incompetently presides over one of the Lowest Rated shows on Television? People are angry. It better be soon!!! President DJT",2026-04-30,DJT,direct,direct: 'djt',no_clear_stance,,,SPY,1,,,no_claim,,,no_claim,,,no_claim,,,no_claim,,,no_claim,,,no_claim
116493939901285486,"The Chancellor of Germany should spend more time on ending the war with Russia/Ukraine (Where he has been totally ineffective!), and fixing his broken Country, especially Immigration and Energy, and l",2026-04-30,DJT,direct,direct: 'djt',no_clear_stance,,,SPY,1,,,no_claim,,,no_claim,,,no_claim,,,no_claim,,,no_claim,,,no_claim
116496713231472397,"Great job by highly respected Navy Commander Kirk Lippold in interview with Jesse Watters on FoxNews. Very smart and insightful concerning Iran, and more. Thank you, Commander! President DJT",2026-05-01,DJT,direct,direct: 'djt',no_clear_stance,,,SPY,1,,,no_claim,,,no_claim,,,no_claim,,,no_claim,,,no_claim,,,no_claim
116514034239300873,"TERMINATE THE FILIBUSTER, AND WIN!!! President DJT",2026-05-04,DJT,direct,direct: 'djt',no_clear_stance,,,SPY,1,,,no_claim,,,no_claim,,,no_claim,,,no_claim,,,no_claim,,,no_claim
116516271982832945,"When a devastated (he was crying like a baby!) Van Jones of CNN came to me with a group of African American leaders, he had “DEAD” in getting Criminal Justice Reform approved in Congress. Van Jones an",2026-05-04,DJT,direct,direct: 'djt',no_clear_stance,,,SPY,1,,,no_claim,,,no_claim,,,no_claim,,,no_claim,,,no_claim,,,no_claim
116530619109975255,"Chuck Devore, Army Intelligence, was fantastic tonight on Jesse Watters. Thank you Chuck!!! President DJT",2026-05-07,DJT,direct,direct: 'djt',no_clear_stance,,,SPY,1,,,no_claim,,,no_claim,,,no_claim,,,no_claim,,,no_claim,,,no_claim
116530635363991354,"Washington D.C. CRIME is at its lowest point in 30 years, plus! President DJT",2026-05-07,DJT,direct,direct: 'djt',no_clear_stance,,,SPY,1,,,no_claim,,,no_claim,,,no_claim,,,no_claim,,,no_claim,,,no_claim
116530958523656778,Wow. Study this Chart! President DJT,2026-05-07,DJT,direct,direct: 'djt',no_clear_stance,,,SPY,1,,,no_claim,,,no_claim,,,no_claim,,,no_claim,,,no_claim,,,no_claim
116532960075277957,"A highly accurate depiction of the Sleepy Joe Biden Administration. Tremendous damage done but, WE’RE BACK!!! President DJT",2026-05-07,DJT,direct,direct: 'djt',no_clear_stance,,,SPY,1,,,no_claim,,,no_claim,,,no_claim,,,no_claim,,,no_claim,,,no_claim
116533234584336287,The Real Deal - GOLD - At Doral in Miami. Put there by great American Patriots!!! President DJT,2026-05-07,DJT,direct,direct: 'djt',no_clear_stance,,,SPY,1,,,no_claim,,,no_claim,,,no_claim,,,no_claim,,,no_claim,,,no_claim
116533436964740040,"This lunatic, Hakeem “Low IQ” Jeffries, should be charged with INCITING VIOLENCE! The Radical Left Democrats actually want to Destroy our Country. President DJT",2026-05-07,DJT,direct,direct: 'djt',no_clear_stance,,,SPY,1,,,no_claim,,,no_claim,,,no_claim,,,no_claim,,,no_claim,,,no_claim
116538296068946492,June 14th. Biggest ever!!! DJT,2026-05-08,DJT,direct,direct: 'djt',no_clear_stance,,,SPY,1,,,no_claim,,,no_claim,,,no_claim,,,no_claim,,,no_claim,,,no_claim
116539515540417858,Bryson DeChambeau and Gary Player doing 50 Push Ups at the White House for the reinstatement of the Presidential Fitness Test! President DJT,2026-05-08,DJT,direct,direct: 'djt',no_clear_stance,,,SPY,1,,,no_claim,,,no_claim,,,no_claim,,,no_claim,,,no_claim,,,no_claim
116539519628279146,Amazing — Bryson doing 30 Pull Ups at the White House for the reinstatement of the Presidential Fitness Test! President DJT,2026-05-08,DJT,direct,direct: 'djt',no_clear_stance,,,SPY,1,,,no_claim,,,no_claim,,,no_claim,,,no_claim,,,no_claim,,,no_claim
116559887253123676,"The Failing New York Times, which is one of the worst newspapers anywhere in the World, and is losing subscribers on an hourly basis, is now at it again. Just like they covered my Landslide 2024 Presi",2026-05-12,DJT,direct,direct: 'djt',no_clear_stance,,,SPY,1,,,no_claim,,,no_claim,,,no_claim,,,no_claim,,,no_claim,,,no_claim
116561201966385448,"The Failing New York Times, which is one of the worst newspapers anywhere in the World, and is losing subscribers on an hourly basis, is now at it again. Just like they covered my Landslide 2024 Presi",2026-05-12,DJT,direct,direct: 'djt',no_clear_stance,,,SPY,1,,,no_claim,,,no_claim,,,no_claim,,,no_claim,,,no_claim,,,no_claim
116561460158049642,"No Republican has ever spoken to me about Cuba, which is a failed country and only heading in one direction - down! Cuba is asking for help, and we are going to talk!!! In the meantime, I’m off to Chi",2026-05-12,DJT,direct,direct: 'djt',no_clear_stance,,,SPY,1,,,no_claim,,,no_claim,,,no_claim,,,no_claim,,,no_claim,,,no_claim
116565066757116256,"CNBC incorrectly reported that the Great Jensen Huang, of Nvidia, was not invited to the incredible gathering of the World's Greatest Businessmen/women proudly going to China. In actuality, Jensen is ",2026-05-13,GS,direct,direct: 'goldman sachs',positive,great|brilliant,,XLF,0,0.0144,0.0174,match,0.0288,0.0259,match,0.007,0.0078,flat,-0.0139,-0.0131,flat,0.058,0.0525,match,0.0996,0.0707,match
116565066757116256,"CNBC incorrectly reported that the Great Jensen Huang, of Nvidia, was not invited to the incredible gathering of the World's Greatest Businessmen/women proudly going to China. In actuality, Jensen is ",2026-05-13,AAPL,direct,direct: 'apple',positive,great|brilliant,,XLK,0,0.0183,0.0207,match,0.016,0.0035,flat,0.0229,0.0286,match,0.0186,0.0414,match,0.0591,0.0187,flat,0.0073,-0.0263,flat
116565066757116256,"CNBC incorrectly reported that the Great Jensen Huang, of Nvidia, was not invited to the incredible gathering of the World's Greatest Businessmen/women proudly going to China. In actuality, Jensen is ",2026-05-13,NVDA,direct,direct: 'nvidia',positive,great|incredible|greatest,,SOXX,0,0.004,0.0027,flat,0.0481,0.0435,match,0.0017,0.0379,match,-0.0192,0.0393,match,-0.0548,-0.1237,opposite,-0.0881,-0.2005,opposite
116565066757116256,"CNBC incorrectly reported that the Great Jensen Huang, of Nvidia, was not invited to the incredible gathering of the World's Greatest Businessmen/women proudly going to China. In actuality, Jensen is ",2026-05-13,BA,direct,direct: 'boeing',positive,great|brilliant,,ITA,0,0.0142,0.0111,match,-0.0338,-0.0314,opposite,-0.0706,-0.0362,opposite,-0.0937,-0.064,opposite,-0.0545,-0.0789,opposite,-0.0658,-0.1148,opposite
116577975964537452,"This is a statue, now standing at Doral, that was commissioned by a large group of political supporters who just wanted a statue of yours truly. I very much appreciate their support, and all that they",2026-05-15,DJT,direct,direct: 'djt',no_clear_stance,,,SPY,1,,,no_claim,,,no_claim,,,no_claim,,,no_claim,,,no_claim,,,no_claim
116584623668841124,No games!!! Watch what’s next on your favorite subject! President DJT,2026-05-16,DJT,direct,direct: 'djt',no_clear_stance,,,SPY,1,,,no_claim,,,no_claim,,,no_claim,,,no_claim,,,no_claim,,,no_claim
116584999440204144,RT: https://truthsocial.com/users/realDonaldTrump/statuses/116584998513616323This is so cool. Watch! President DJT,2026-05-16,DJT,direct,direct: 'djt',no_clear_stance,,,SPY,1,,,no_claim,,,no_claim,,,no_claim,,,no_claim,,,no_claim,,,no_claim
116589795851243755,"Bad Congressman Tom Massie voted against Tax Cuts, the Border Wall, our Military and Law Enforcement. Actually, he voted against almost everything that is good. The Worst Republican Congressman in His",2026-05-17,DJT,direct,direct: 'djt',no_clear_stance,,,SPY,1,,,no_claim,,,no_claim,,,no_claim,,,no_claim,,,no_claim,,,no_claim
116589922190393582,"I HOPE EVERYBODY AT REDEDICATE 250 IS HAVING A GOOD TIME. IF THERE IS ANYTHING I CAN DO TO HELP, JUST HAVE OUR BEAUTIFUL, BOTH INSIDE AND OUT, RACHAEL C.D., GIVE ME A CALL. I’M BACK FROM CHINA!!! Pres",2026-05-17,DJT,direct,direct: 'djt',no_clear_stance,,,SPY,1,,,no_claim,,,no_claim,,,no_claim,,,no_claim,,,no_claim,,,no_claim
116590914302000241,"For Iran, the Clock is Ticking, and they better get moving, FAST, or there won’t be anything left of them. TIME IS OF THE ESSENCE! President DJT",2026-05-17,DJT,direct,direct: 'djt',no_clear_stance,,,SPY,1,,,no_claim,,,no_claim,,,no_claim,,,no_claim,,,no_claim,,,no_claim
116596094940250402,"If Iran surrenders, admits their Navy is gone and resting at the bottom of the sea, and their Air Force is no longer with us, and if their entire Military walks out of Tehran, weapons dropped and hand",2026-05-18,DJT,direct,direct: 'djt',no_clear_stance,,,SPY,1,,,no_claim,,,no_claim,,,no_claim,,,no_claim,,,no_claim,,,no_claim
116615755510809391,Have it!!! Great. President DJT,2026-05-22,DJT,direct,direct: 'djt',no_clear_stance,,,SPY,1,,,no_claim,,,no_claim,,,no_claim,,,no_claim,,,no_claim,,,no_claim
116618310463377683,Glenn Jacobs has a BIG political future in Tennessee - A great guy!!! President DJT,2026-05-22,DJT,direct,direct: 'djt',no_clear_stance,,,SPY,1,,,no_claim,,,no_claim,,,no_claim,,,no_claim,,,no_claim,,,no_claim
116618410517308849,"People don’t remember that Thom Tillis, the weak and ineffective Senator from the Great State of North Carolina, a State I won, including primaries, 6 consecutive times, didn’t have the courage to fig",2026-05-22,DJT,direct,direct: 'djt',no_clear_stance,,,SPY,1,,,no_claim,,,no_claim,,,no_claim,,,no_claim,,,no_claim,,,no_claim
116618545735076530,"I gave up a lot of money in allowing the just announced Anti-Weaponization Fund to go forward. I could have settled my case, including the illegal release of my Tax Returns and the equally illegal BRE",2026-05-22,DJT,direct,direct: 'djt',no_clear_stance,,,SPY,1,,,no_claim,,,no_claim,,,no_claim,,,no_claim,,,no_claim,,,no_claim
116627078084596411,"The Democrats just released an “Autopsy” of their 2024 Presidential Campaign, typos and all, but they refused to discuss two very important words, BAD POLICY. The candidates, Sleepy Joe and then, Kama",2026-05-24,DJT,direct,direct: 'djt',no_clear_stance,,,SPY,1,,,no_claim,,,no_claim,,,no_claim,,,no_claim,,,no_claim,,,no_claim
116629446282651415,This is a bad (Sick!) group of people. Very destructive to our great Nation. Caused tremendous damage through Weaponization! President DJT,2026-05-24,DJT,direct,direct: 'djt',no_clear_stance,,,SPY,1,,,no_claim,,,no_claim,,,no_claim,,,no_claim,,,no_claim,,,no_claim
116629885537147552,The Dumocrats don’t want to allow FISHING. Fighting us in Court. Bad for the environment. Amazing! President DJT,2026-05-24,DJT,direct,direct: 'djt',no_clear_stance,,,SPY,1,,,no_claim,,,no_claim,,,no_claim,,,no_claim,,,no_claim,,,no_claim
116630919376298273,"If I make a deal with Iran, it will be a good and proper one, not like the one made by Obama, which gave Iran massive amounts of CASH, and a clear and open path to a Nuclear Weapon. Our deal is the ex",2026-05-24,DJT,direct,direct: 'djt',no_clear_stance,,,SPY,1,,,no_claim,,,no_claim,,,no_claim,,,no_claim,,,no_claim,,,no_claim
116632780751574963,The voice and genius of the great Dana White (UFC!). Thank you Dana! President DJT,2026-05-25,DJT,direct,direct: 'djt',no_clear_stance,,,SPY,1,,,no_claim,,,no_claim,,,no_claim,,,no_claim,,,no_claim,,,no_claim
116634668906719597,"I laugh at all of the Dumocrats, RINOS, and Fools who know nothing about the potential deal I am making with Iran, things that haven't even been negotiated yet, weak and ineffective people like failed",2026-05-25,DJT,direct,direct: 'djt',no_clear_stance,,,SPY,1,,,no_claim,,,no_claim,,,no_claim,,,no_claim,,,no_claim,,,no_claim
116635119382599342,Mike: Thank you for your nice words on Fox. We are on the same path. Keep up the great work. Good luck on the Show! President DJT,2026-05-25,DJT,direct,direct: 'djt',no_clear_stance,,,SPY,1,,,no_claim,,,no_claim,,,no_claim,,,no_claim,,,no_claim,,,no_claim
116637404995923093,"The Enriched Uranium (Nuclear Dust!) will either be immediately turned over to the United States to be brought home and destroyed or, preferably, in conjunction and coordination with the Islamic Repub",2026-05-25,DJT,direct,direct: 'djt',no_clear_stance,,,SPY,1,,,no_claim,,,no_claim,,,no_claim,,,no_claim,,,no_claim,,,no_claim
116640319334016190,Great job on FoxNews by Alex Gray. Thanks Alex!!! President DJT,2026-05-26,DJT,direct,direct: 'djt',no_clear_stance,,,SPY,1,,,no_claim,,,no_claim,,,no_claim,,,no_claim,,,no_claim,,,no_claim
116640630404037479,"Historian, and far beyond that, Victor Davis Hanson, is GREAT. That’s all I have to say. There is no further explanation needed. A fantastic man! President DJT",2026-05-26,DJT,direct,direct: 'djt',no_clear_stance,,,SPY,1,,,no_claim,,,no_claim,,,no_claim,,,no_claim,,,no_claim,,,no_claim
116640837468653063,Great job by Congressman Derrick Van Orden on FoxNews. A real PRO! President DJT,2026-05-26,DJT,direct,direct: 'djt',no_clear_stance,,,SPY,1,,,no_claim,,,no_claim,,,no_claim,,,no_claim,,,no_claim,,,no_claim
116641867405994600,Just finished my 6 month physical at Walter Reed Military Medical Center. Everything checked out PERFECTLY. Thank you to the great Doctors and Staff! Heading back to the White House. President DJT,2026-05-26,DJT,direct,direct: 'djt',no_clear_stance,,,SPY,1,,,no_claim,,,no_claim,,,no_claim,,,no_claim,,,no_claim,,,no_claim
116646286868516993,"Congratulations to Ken Paxton on such a tremendous win, and to John Cornyn for having run a strong and powerful race but, more importantly, having had a truly great career. John will remain my friend ",2026-05-27,DJT,direct,direct: 'djt',no_clear_stance,,,SPY,1,,,no_claim,,,no_claim,,,no_claim,,,no_claim,,,no_claim,,,no_claim
116646308242618920,"Congratulations to Ken Paxton on such a tremendous win, and to John Cornyn for having run a strong and powerful race but, more importantly, having had a truly great career. John will remain my friend ",2026-05-27,DJT,direct,direct: 'djt',no_clear_stance,,,SPY,1,,,no_claim,,,no_claim,,,no_claim,,,no_claim,,,no_claim,,,no_claim
116647016538665889,"This Weak on Crime, Open Borders Dumocrat, can never be allowed to represent the Great People of Texas. His “values” are the exact opposite!!! President DJT",2026-05-27,DJT,direct,direct: 'djt',no_clear_stance,,,SPY,1,,,no_claim,,,no_claim,,,no_claim,,,no_claim,,,no_claim,,,no_claim
116647052759264072,"Congratulations to the Dumocrat Party! Al Green, one of the most mentally deficient Congressmen in the history of our Country, has lost, in a landslide, his seat in Congress - But I will miss that lun",2026-05-27,DJT,direct,direct: 'djt',no_clear_stance,,,SPY,1,,,no_claim,,,no_claim,,,no_claim,,,no_claim,,,no_claim,,,no_claim
116659197463770070,So unfair to Tina Peters — 9 years vs. ZERO! President DJT,2026-05-29,DJT,direct,direct: 'djt',no_clear_stance,,,SPY,1,,,no_claim,,,no_claim,,,no_claim,,,no_claim,,,no_claim,,,no_claim
116664418957601249,"Thank you Jaxson! It was great being with you. I know you're taking some heat from the Radical Left Lunatics who are jealous of you, me, and everyone who surrounds us but, I also know that your Jersey",2026-05-30,DJT,direct,direct: 'djt',no_clear_stance,,,SPY,1,,,no_claim,,,no_claim,,,no_claim,,,no_claim,,,no_claim,,,no_claim
116664536700150219,"PRESIDENT DONALD J. TRUMP vs. Kathy Hochul, New York’s failed Governor who, if people are smart, will vote for Bruce Blakeman — He will, MAKE NEW YORK GREAT AGAIN! President DJT",2026-05-30,DJT,direct,direct: 'djt',no_clear_stance,,,SPY,1,,,no_claim,,,no_claim,,,no_claim,,,no_claim,,,no_claim,,,no_claim
116664576257157897,"Tom Brady is a great player, and great guy!President DJT",2026-05-30,DJT,direct,direct: 'djt',no_clear_stance,,,SPY,1,,,no_claim,,,no_claim,,,no_claim,,,no_claim,,,no_claim,,,no_claim
116665133051752156,Watch Lara Trump tonight on FoxNews at 9 P.M. EST. She interviews me for the entire Show! President DJT,2026-05-30,DJT,direct,direct: 'djt',no_clear_stance,,,SPY,1,,,no_claim,,,no_claim,,,no_claim,,,no_claim,,,no_claim,,,no_claim
116666242491370108,"Watch my interview with my fantastic daughter-in-law, Lara Trump, tonight at 9:00 - FoxNews. President DJT",2026-05-30,DJT,direct,direct: 'djt',no_clear_stance,,,SPY,1,,,no_claim,,,no_claim,,,no_claim,,,no_claim,,,no_claim,,,no_claim
116671779106880540,"Fake News CNN said today, routinely, that my Iran Nuclear Deal doesn’t talk about Nuclear, when actually it states, very clearly, that Iran will not have a Nuclear Weapon. It then goes on, in very str",2026-05-31,DJT,direct,direct: 'djt',no_clear_stance,,,SPY,1,,,no_claim,,,no_claim,,,no_claim,,,no_claim,,,no_claim,,,no_claim
116673094140159291,"Iran really wants to make a deal, and it will be a good one for the U.S.A. and those that are with us. But don’t the Dumocrats, and various seemingly unpatriotic Republicans, understand that it is MUC",2026-06-01,DJT,direct,direct: 'djt',no_clear_stance,,,SPY,1,,,no_claim,,,no_claim,,,no_claim,,,no_claim,,,no_claim,,,no_claim
116673100624536427,Has anyone ever seen a happy Dumocrat??? President DJT,2026-06-01,DJT,direct,direct: 'djt',no_clear_stance,,,SPY,1,,,no_claim,,,no_claim,,,no_claim,,,no_claim,,,no_claim,,,no_claim
116678321217174312,"Ex-intel official reported Hunter Biden laptop letter was ‘deception operation,’ DOJ asked to probe: https://justthenews.com/accountability/political-ethics/ex-obama-intel-official-referred-hunter-bid",2026-06-02,INTC,direct,direct: 'intel',no_clear_stance,,AMD NVDA TSM,SOXX,0,0.0045,-0.0295,no_claim,0.049,-0.0032,no_claim,0.0403,0.0103,no_claim,0.0262,0.0497,no_claim,0.1899,0.1155,no_claim,0.1821,0.1568,no_claim
116680527571740743,"Great job by highly decorated Navy Seal Officer, Mike Sarraille, on Jesse Watters. Mike has seen it all, and really gets it. A “tough cookie.” President DJT",2026-06-02,DJT,direct,direct: 'djt',no_clear_stance,,,SPY,1,,,no_claim,,,no_claim,,,no_claim,,,no_claim,,,no_claim,,,no_claim
116687801575068178,Has anyone ever seen a Happy Communist? President DJT,2026-06-03,DJT,direct,direct: 'djt',no_clear_stance,,,SPY,1,,,no_claim,,,no_claim,,,no_claim,,,no_claim,,,no_claim,,,no_claim
116690093479247202,There’s BIG cheating by the Dumocrats in California. Votes are all tied up. May not be in for weeks. Under investigation by the U.S. Attorney’s Office in Los Angeles. Why the vote counting DELAY??? Pr,2026-06-04,DJT,direct,direct: 'djt',no_clear_stance,,,SPY,1,,,no_claim,,,no_claim,,,no_claim,,,no_claim,,,no_claim,,,no_claim
116691542670526572,"Yesterday, in a meaningless vote, the House voted, 4 bad Republicans and all of the Dumocrats, to limit my War Powers, right in the middle of my final negotiations to end the War with the Islamic Repu",2026-06-04,DJT,direct,direct: 'djt',no_clear_stance,,,SPY,1,,,no_claim,,,no_claim,,,no_claim,,,no_claim,,,no_claim,,,no_claim
116692428120649540,"FoxNews should get rid of sloppy RINO Karl Rove. He’s called ME and MAGA wrong for 11 years now, and he still doesn’t get it, and he never will, because he suffers from a completely inoperable, and to",2026-06-04,DJT,direct,direct: 'djt',no_clear_stance,,,SPY,1,,,no_claim,,,no_claim,,,no_claim,,,no_claim,,,no_claim,,,no_claim
116693181442732474,Our Great “Warriors” who fixed and rebuilt the Reflecting Pool! President DJT,2026-06-04,DJT,direct,direct: 'djt',no_clear_stance,,,SPY,1,,,no_claim,,,no_claim,,,no_claim,,,no_claim,,,no_claim,,,no_claim
116693179748077154,Rounding the final turn! President DJT,2026-06-04,DJT,direct,direct: 'djt',no_clear_stance,,,SPY,1,,,no_claim,,,no_claim,,,no_claim,,,no_claim,,,no_claim,,,no_claim
116697823135630394,"A great new book by fabulous Ainsley Earhardt, “America, I’m So Glad You Were Born,” is out now. What a great title! Get it now. Make it number ONE!!! President DJT",2026-06-05,DJT,direct,direct: 'djt',no_clear_stance,,,SPY,1,,,no_claim,,,no_claim,,,no_claim,,,no_claim,,,no_claim,,,no_claim
116697988425226966,"With a great Jobs Report, like just announced, stocks should go up, not down. That’s the way it was for 200 years. Growth does not mean inflation! How else can a Country attain GREATNESS??? President ",2026-06-05,DJT,direct,direct: 'djt',no_clear_stance,,,SPY,1,,,no_claim,,,no_claim,,,no_claim,,,no_claim,,,no_claim,,,no_claim
116698196665878804,"The Great Reflecting Pool, that stretches between The Lincoln Memorial and The Washington Monument, just opened to “rave reviews” but, maliciously or not, some say, like The Washington Post, it was a ",2026-06-05,AMZN,indirect,indirect: 'washington post',positive,great,WMT TGT COST,XLY,0,-0.0059,-0.0113,opposite,-0.0101,-0.0197,opposite,-0.0352,-0.024,opposite,-0.033,-0.0489,opposite,-0.0563,-0.0598,opposite,,,no_call
116698625289241287,RT: https://truthsocial.com/users/realDonaldTrump/statuses/116698624343659358Very impressive. Proud of you! President DJT,2026-06-05,DJT,direct,direct: 'djt',no_clear_stance,,,SPY,1,,,no_claim,,,no_claim,,,no_claim,,,no_claim,,,no_claim,,,no_claim
116700110138790417,"Eric Metaxas, a great guy, has written an incredible new book, “Revolution: The Birth of the Greatest Nation in the History of the World.” As we celebrate our Nation’s 250th Birthday, Eric honors the ",2026-06-05,AMZN,direct,direct: 'amazon',positive,greatest,WMT TGT COST,XLY,0,-0.0059,-0.0113,opposite,-0.0101,-0.0197,opposite,-0.0352,-0.024,opposite,-0.033,-0.0489,opposite,-0.0563,-0.0598,opposite,,,no_call
116712260792747726,"Has anybody been watching the CROOKED Election going on in California. Two great Republican Candidates are being cheated, and so is America, which if the Dumocrats are able to fulfill their mission, g",2026-06-08,DJT,direct,direct: 'djt',no_clear_stance,,,SPY,1,,,no_claim,,,no_claim,,,no_claim,,,no_claim,,,no_claim,,,no_claim
116715381418144428,"Not possible for Spencer Pratt to have lost the L.A. runoffs after the big lead he had. 3rd World Nation. Rigged Elections! Now they’ll be working on great guy Steve Hilton. Won’t have results for, po",2026-06-08,DJT,direct,direct: 'djt',no_clear_stance,,,SPY,1,,,no_claim,,,no_claim,,,no_claim,,,no_claim,,,no_claim,,,no_claim
116716568733590358,I will be doing a TeleRally LIVE at 5:30 P.M. EST for Senator Lindsey Graham and South Carolina Gubernatorial Candidate Pamela Evette — Both have my Complete and Total Endorsement. They will never let,2026-06-08,DJT,direct,direct: 'djt',no_clear_stance,,,SPY,1,,,no_claim,,,no_claim,,,no_claim,,,no_claim,,,no_claim,,,no_claim
116723301122482300,"Congratulations to Senator Lindsey Graham of the Great State of South Carolina on his BIG WIN tonight. With almost 60% of the vote against a large field of very capable candidates, there will be no ru",2026-06-10,DJT,direct,direct: 'djt',no_clear_stance,,,SPY,1,,,no_claim,,,no_claim,,,no_claim,,,no_claim,,,no_claim,,,no_claim
116725444469272742,"Joe Scarborough’s ever shrinking, low rated show, one of the most inaccurate detailers of truthful facts on television, is being crushed in the ratings. His serious case on Trump Derangement Syndrome,",2026-06-10,DJT,direct,direct: 'djt',no_clear_stance,,,SPY,1,,,no_claim,,,no_claim,,,no_claim,,,no_claim,,,no_claim,,,no_claim
116732049110199246,"The United States of America cannot live with the shackles of Birthright Citizenship. It is not economically, or otherwise, sustainable, and no other Country in the World, of consequence, does it! Pre",2026-06-11,DJT,direct,direct: 'djt',no_clear_stance,,,SPY,1,,,no_claim,,,no_claim,,,no_claim,,,no_claim,,,no_claim,,,no_claim
116743353225555838,"Congratulations to Team USA on their Big Win, 4-1, over a very good Paraguay team. Keep it going! President DJT",2026-06-13,DJT,direct,direct: 'djt',no_clear_stance,,,SPY,1,,,no_claim,,,no_claim,,,no_claim,,,no_claim,,,no_claim,,,no_claim
116743815454221461,The Obama Library ten years from now will be a “Mecca” for those who hate America! President DJT,2026-06-13,DJT,direct,direct: 'djt',no_clear_stance,,,SPY,1,,,no_claim,,,no_claim,,,no_claim,,,no_claim,,,no_claim,,,no_claim
116744329783387013,"I am pleased to announce my intent to appoint James M. McDonald as the United States Attorney for the Southern District of New York. A native of the Great State of Oklahoma, Jamie is a former Assistan",2026-06-13,MCD,direct,direct: 'mcdonald's',no_clear_stance,,,XLY,0,0.0066,0.007,no_claim,0.013,0.0143,no_claim,-0.0014,0.0249,no_claim,-0.0497,-0.0207,no_claim,-0.06,-0.0494,no_claim,,,no_claim
116749870028302766,"Why are the Dumocrats so afraid of of Bill Pulte at DNI??? He would only be Acting! What do they have to be afraid of, what are they hiding? There must be something BIG, mustn’t there??? President DJT",2026-06-14,DJT,direct,direct: 'djt',no_clear_stance,,,SPY,1,,,no_claim,,,no_claim,,,no_claim,,,no_claim,,,no_claim,,,no_claim
116750372942466677,"Victoria Coates of the Heritage Foundation is absolutely fantastic! She gets it like few other do. Thank you Victoria. Iran will never have a Nuclear weapon, and the Strait of Hormuz will be opening u",2026-06-14,DJT,direct,direct: 'djt',no_clear_stance,,,SPY,1,,,no_claim,,,no_claim,,,no_claim,,,no_claim,,,no_claim,,,no_claim
116754269577470122,"Ships are starting to move, many loaded up with Oil, out of the Strait of Hormuz. They are going along the Southern ""Highway,"" which is totally safe, secure, and pristine. There are other areas of tra",2026-06-15,DJT,direct,direct: 'djt',no_clear_stance,,,SPY,1,,,no_claim,,,no_claim,,,no_claim,,,no_claim,,,no_claim,,,no_claim
116756674797972374,"Iran has agreed to never have a Nuclear Weapon! Also, the story that the U.S. is paying Iran 300 million Dollars is Fake News, put out by the Dumocrats!!! President DJT",2026-06-15,DJT,direct,direct: 'djt',no_clear_stance,,,SPY,1,,,no_claim,,,no_claim,,,no_claim,,,no_claim,,,no_claim,,,no_claim
116763612893094366,I HAD A LOT OF BIG ELECTION WINS LAST NIGHT. THANK YOU TO ALL!!! President DJT,2026-06-17,DJT,direct,direct: 'djt',no_clear_stance,,,SPY,1,,,no_claim,,,no_claim,,,no_claim,,,no_claim,,,no_claim,,,no_claim
116763691297203565,"Congratulations to Rick Jackson, who very successfully campaigned on being ""TRUMP,"" and won. He will be your next Governor of Georgia. Can't wait! President DJT",2026-06-17,DJT,direct,direct: 'djt',no_clear_stance,,,SPY,1,,,no_claim,,,no_claim,,,no_claim,,,no_claim,,,no_claim,,,no_claim
116763999742755145,"Rick Jackson ran a great TRUMP Campaign. Very smart! Was with me on Saturday Night making a pitch. Amazing!!! He won against a great guy, Burt Jones, who has a fantastic future!!! President DJT",2026-06-17,DJT,direct,direct: 'djt',no_clear_stance,,,SPY,1,,,no_claim,,,no_claim,,,no_claim,,,no_claim,,,no_claim,,,no_claim
116764115535577197,"So happy for highly respected Congressman Mike Collins. He will win his Senate Race in Georgia against a pathetic failed Dumocrat Senator, Os(jerk!)off, who is a joke in D.C. Nobody even knows who he ",2026-06-17,DJT,direct,direct: 'djt',no_clear_stance,,,SPY,1,,,no_claim,,,no_claim,,,no_claim,,,no_claim,,,no_claim,,,no_claim
116764370070279119,"The Republicans agreed with Dumocrats to remove very fair, and talented, William Pulte, from serving as Acting DNI in return for getting FISA approved by the Dumocrats. However, the Republicans moved ",2026-06-17,MCD,direct,direct: 'mcdonald's',positive,great,,XLY,0,-0.0059,0.0138,match,-0.0241,-0.0186,opposite,-0.0539,-0.0315,opposite,-0.0407,-0.0194,opposite,-0.0563,-0.0607,opposite,,,no_call
116769129718272146,"Tyrus became famous for saying, long before November 5th, 2024, ""Why we are talking about the 2024 Presidential Election? It's OVER. TRUMP is going to win, and everyone knows it. It's a waste of time ",2026-06-18,AMZN,direct,direct: 'amazon',no_clear_stance,,WMT TGT COST,XLY,0,0.0178,0.0134,no_claim,-0.0305,-0.0178,no_claim,-0.025,-0.0022,no_claim,-0.0546,-0.0282,no_claim,0.0106,0.0046,no_claim,,,no_claim
116769225357410422,"The Technology the World relies on was invented in America. We all remember ""Intel Inside."" Stupid Presidents took our Economy for granted, and let Taiwan and others steal our Semiconductor Factories.",2026-06-18,AAPL,direct,direct: 'apple',no_clear_stance,,,XLK,0,-0.0003,-0.0057,no_claim,-0.0037,-0.014,no_claim,-0.0128,0.0188,no_claim,-0.077,-0.0475,no_claim,0.0353,0.0858,no_claim,,,no_claim
116769225357410422,"The Technology the World relies on was invented in America. We all remember ""Intel Inside."" Stupid Presidents took our Economy for granted, and let Taiwan and others steal our Semiconductor Factories.",2026-06-18,NVDA,direct,direct: 'nvidia',no_clear_stance,,,SOXX,0,0.0162,-0.0044,no_claim,0.0064,-0.0391,no_claim,-0.0352,0.0018,no_claim,-0.0559,-0.0538,no_claim,-0.0603,0.0358,no_claim,,,no_claim
116769225357410422,"The Technology the World relies on was invented in America. We all remember ""Intel Inside."" Stupid Presidents took our Economy for granted, and let Taiwan and others steal our Semiconductor Factories.",2026-06-18,INTC,direct,direct: 'intel',no_clear_stance,,AMD NVDA TSM,SOXX,0,0.0165,-0.0041,no_claim,0.0693,0.0238,no_claim,0.0036,0.0405,no_claim,0.008,0.0101,no_claim,-0.0869,0.0091,no_claim,,,no_claim
116770180426363226,"These fools, who think I haven't been tough enough on Iran, when the Stock Market Just Hit A RECORD HIGH, and Oil prices are ""tumbling"" down, are either jealous, bad people, or stupid. MAKE AMERICA GR",2026-06-18,DJT,direct,direct: 'djt',no_clear_stance,,,SPY,1,,,no_claim,,,no_claim,,,no_claim,,,no_claim,,,no_claim,,,no_claim
116771467656011073,"OIL IS FLOWING, IRAN CAN NEVER HAVE A NUCLEAR WEAPON (THE WORLD WILL BE SAFE!), THE STOCK MARKETS ARE ROARING, JOBS ARE AT RECORDS, AND PRICES ARE DROPPING (AFFORDABILITY!). OUR COUNTRY IS STRONG, SAF",2026-06-18,DJT,direct,direct: 'djt',no_clear_stance,,,SPY,1,,,no_claim,,,no_claim,,,no_claim,,,no_claim,,,no_claim,,,no_claim
116772135215188960,"There is no 300 Billion Dollar payment to Iran by the U.S. That's Fake News! All there is for the U.S. is Success, Lower Oil Prices, and Victory. Check out the Stock Market. Dumocrat propaganda at pla",2026-06-18,DJT,direct,direct: 'djt',no_clear_stance,,,SPY,1,,,no_claim,,,no_claim,,,no_claim,,,no_claim,,,no_claim,,,no_claim
116776790136289354,"The War has diminished Iran! It doesn't, any longer, have an Air Force, a Navy, Antiaircraft Equipment, Radar, or practically anything else, and yet the Dumocrats say that Iran is better off now than ",2026-06-19,DJT,direct,direct: 'djt',no_clear_stance,,,SPY,1,,,no_claim,,,no_claim,,,no_claim,,,no_claim,,,no_claim,,,no_claim
116782087277472431,"Radical Left fools and Dumocrats realize how well we have done in our War against Iran, with their Country being completely defeated militarily. Obuma just kept giving them $Billions in cash, and neve",2026-06-20,DJT,direct,direct: 'djt',no_clear_stance,,,SPY,1,,,no_claim,,,no_claim,,,no_claim,,,no_claim,,,no_claim,,,no_claim
116782277725628816,"Italian Prime Minister Gigiorgia Meloni asked, over and over, for a picture with me during the G-7 meeting in France. She is doing poorly in Italy with her level of popularity, possibly because she tu",2026-06-20,DJT,direct,direct: 'djt',no_clear_stance,,,SPY,1,,,no_claim,,,no_claim,,,no_claim,,,no_claim,,,no_claim,,,no_claim
116782304422351399,"Funny how the Dumocrats like to say that Iran is in a stronger position today than they were three months ago, despite the fact that they have been defeated militarily, with no Navy or Air Force. That",2026-06-20,DJT,direct,direct: 'djt',no_clear_stance,,,SPY,1,,,no_claim,,,no_claim,,,no_claim,,,no_claim,,,no_claim,,,no_claim
116782416835973120,"Italian Prime Minister Giorgia Meloni asked, over and over, for a picture with me during the G-7 meeting in France. She is doing poorly in Italy with her level of popularity, possibly because she turn",2026-06-20,DJT,direct,direct: 'djt',no_clear_stance,,,SPY,1,,,no_claim,,,no_claim,,,no_claim,,,no_claim,,,no_claim,,,no_claim
116782997575708953,"POLL: Which do you prefer, Dumocrat or Dumbocrat? In one case, you simply exchange the ""e"" for ""u,"" so simple and precise (Many people don't know, or assume, that DUMB ends in ""b""). In the other case,",2026-06-20,DJT,direct,direct: 'djt',no_clear_stance,,,SPY,1,,,no_claim,,,no_claim,,,no_claim,,,no_claim,,,no_claim,,,no_claim
116783258942981812,"POLL: ICE has been abused by the Fake News Media at levels never seen before. They are Great Patriots who work hard, and do a fantastic job in a very hostile environment. Much of this hostility is cau",2026-06-20,DJT,direct,direct: 'djt',no_clear_stance,,,SPY,1,,,no_claim,,,no_claim,,,no_claim,,,no_claim,,,no_claim,,,no_claim
116784032456610294,"There will be NO TOLLS in the  Hormuz Strait for 60 days during the Cease Fire Period, and there will be NO TOLLS after the 60 day period has expired, unless they are imposed by and for the United Sta",2026-06-20,DJT,direct,direct: 'djt',no_clear_stance,,,SPY,1,,,no_claim,,,no_claim,,,no_claim,,,no_claim,,,no_claim,,,no_claim
116784450971912162,The United States Park Police have arrested multiple individuals for vandalizing our Nations magnificent Reflecting Poll. Who would do such a thing? These are very serious crimes having to do with the,2026-06-20,DJT,direct,direct: 'djt',no_clear_stance,,,SPY,1,,,no_claim,,,no_claim,,,no_claim,,,no_claim,,,no_claim,,,no_claim
116784751146148991,The United States Park Police have arrested multiple individuals for vandalizing our Nations magnificent Reflecting Pool. Who would do such a thing? These are very serious crimes having to do with the,2026-06-20,DJT,direct,direct: 'djt',no_clear_stance,,,SPY,1,,,no_claim,,,no_claim,,,no_claim,,,no_claim,,,no_claim,,,no_claim
116785607752936424,Great daughter. MyHonor!!! President DJT,2026-06-21,DJT,direct,direct: 'djt',no_clear_stance,,,SPY,1,,,no_claim,,,no_claim,,,no_claim,,,no_claim,,,no_claim,,,no_claim
116788188161761991,"Lots of Killing going on in Chicago. 22 people shot, at least 4 Dead. Why isn't Governor Pritzker calling me for help. I could make Chicago a safe City in ONE MONTH, in ONE YEAR, it would be one of th",2026-06-21,DJT,direct,direct: 'djt',no_clear_stance,,,SPY,1,,,no_claim,,,no_claim,,,no_claim,,,no_claim,,,no_claim,,,no_claim
116788451975276121,Keir Starmer will resign as Prime Minister of The United Kingdom. He failed badly on two very important subjects- IMMIGRATION AND ENERGY (OPEN NORTH SEA OIL!). I wish him well! President DJT,2026-06-21,DJT,direct,direct: 'djt',no_clear_stance,,,SPY,1,,,no_claim,,,no_claim,,,no_claim,,,no_claim,,,no_claim,,,no_claim
116790016615762850,"Work will begin immediately on fixing the seriously vandalized Reflecting Pool. I just inspected it, and could only say to myself, and those gathered around me, WOW, who would do such a thing? SICK, D",2026-06-21,DJT,direct,direct: 'djt',no_clear_stance,,,SPY,1,,,no_claim,,,no_claim,,,no_claim,,,no_claim,,,no_claim,,,no_claim
116790096457517049,"The headline in the Corrupt and Failing New York Times: ""What Changed After Almost 4 Months of War? Analysts Say Not Much."" REALLY? Their Military is DONE, their Navy is GONE, their Air Force is GONE,",2026-06-21,DJT,direct,direct: 'djt',no_clear_stance,,,SPY,1,,,no_claim,,,no_claim,,,no_claim,,,no_claim,,,no_claim,,,no_claim
116790453299036730,"The way the Corrupt and Failing New York Times is covering stories on a very battered and beat up  Iran, through FAKE & MADE UP ""FACTS"" is, in my opinion, ""TREASONOUS."" I will be adding all of their f",2026-06-21,DJT,direct,direct: 'djt',no_clear_stance,,,SPY,1,,,no_claim,,,no_claim,,,no_claim,,,no_claim,,,no_claim,,,no_claim
116793994014541387,"Of the MANY Statues and Fountains that we rebuilt, renovated, cleaned, and fixed, the only one that was Vandalized was the Reflecting Pool, which is being taken care of, ASAP! It has been given a 300 ",2026-06-22,DJT,direct,direct: 'djt',no_clear_stance,,,SPY,1,,,no_claim,,,no_claim,,,no_claim,,,no_claim,,,no_claim,,,no_claim
116796512818935902,"In describing the Vandalism that took place at the Reflecting Pool in Washington, D.C., ABC FAKE NEWS, one of the worst in the business, even paying me $16,000,000 for past bad and inaccurate reportin",2026-06-23,DJT,direct,direct: 'djt',no_clear_stance,,,SPY,1,,,no_claim,,,no_claim,,,no_claim,,,no_claim,,,no_claim,,,no_claim
116797477878659134,"At least 39 people injured, 4 dead, in Chicago weekend shootings. Governor Pritzker, I, as President, can fix this, FAST and Permanently. D.C., Memphis, New Orleans, all down to record lows, and quick",2026-06-23,DJT,direct,direct: 'djt',no_clear_stance,,,SPY,1,,,no_claim,,,no_claim,,,no_claim,,,no_claim,,,no_claim,,,no_claim
116799620438726718,Vote for Andy Biggs for Arizona Governor. He is GREAT!!! President DJT,2026-06-23,DJT,direct,direct: 'djt',no_clear_stance,,,SPY,1,,,no_claim,,,no_claim,,,no_claim,,,no_claim,,,no_claim,,,no_claim
116799685479849509,"The GREAT Rush Limbaugh's wonderful wife, Kathryn, was fantastic today on Fox & Friends, as interviewed by Ainsley. We all miss Rush, truly one of a kind!!! President DJT",2026-06-23,DJT,direct,direct: 'djt',no_clear_stance,,,SPY,1,,,no_claim,,,no_claim,,,no_claim,,,no_claim,,,no_claim,,,no_claim
116801336239023557,"Thank you, Scotland!!! President DJT",2026-06-23,DJT,direct,direct: 'djt',no_clear_stance,,,SPY,1,,,no_claim,,,no_claim,,,no_claim,,,no_claim,,,no_claim,,,no_claim
116802765132974094,"So, I have Iran on the ""ropes,"" ready to go down for the fall, willing to give us practically anything, and for the first time in decades, respecting the hell out of the United States and its Presiden",2026-06-24,DJT,direct,direct: 'djt',no_clear_stance,,,SPY,1,,,no_claim,,,no_claim,,,no_claim,,,no_claim,,,no_claim,,,no_claim
116802818595314334,"Wow, Mr. Kellyanne Conway, a Trump Deranged Loser at the highest level, is getting absolutely CRUSHED in the Primaries tonight. He'll end up at about 5% of the vote in a rather weak field of young and",2026-06-24,DJT,direct,direct: 'djt',no_clear_stance,,,SPY,1,,,no_claim,,,no_claim,,,no_claim,,,no_claim,,,no_claim,,,no_claim
116802857184219655,"Weak and pathetic Congressman Dan Goldman just lost, BIG! I guess people didn't like him illegally targeting President TRUMP. In any event, this jerk is finally GONE! President DJT",2026-06-24,DJT,direct,direct: 'djt',no_clear_stance,,,SPY,1,,,no_claim,,,no_claim,,,no_claim,,,no_claim,,,no_claim,,,no_claim
116803051885813542,Many Communists running in badly failing Blue States. The votes seem to have them doing quite well against each other. The bad news is that history has conclusively shown that the downtrodden States t,2026-06-24,DJT,direct,direct: 'djt',no_clear_stance,,,SPY,1,,,no_claim,,,no_claim,,,no_claim,,,no_claim,,,no_claim,,,no_claim
116803130747198847,"The big Oil Companies are not dropping their price at the pump commensurate with the sharply lower prices they are paying for Oil. Those prices are dropping like a rock! In other words, customers are ",2026-06-24,DJT,direct,direct: 'djt',no_clear_stance,,,SPY,1,,,no_claim,,,no_claim,,,no_claim,,,no_claim,,,no_claim,,,no_claim
116803704330293684,America the Beautiful will NEVER be a Communist Country!!! President DJT,2026-06-24,DJT,direct,direct: 'djt',no_clear_stance,,,SPY,1,,,no_claim,,,no_claim,,,no_claim,,,no_claim,,,no_claim,,,no_claim
116804998509920399,"Even though he tried unsuccessfully to prosecute me, and despite the fact that he is a major Slimeball, I feel sorry for FORMER Congressman Dan Goldman. He is wandering aimlessly, together with the fo",2026-06-24,DJT,direct,direct: 'djt',no_clear_stance,,,SPY,1,,,no_claim,,,no_claim,,,no_claim,,,no_claim,,,no_claim,,,no_claim
116805090200626611,Big Rally tonight on the National Mall. Fantastic Music!!! MAGA!!! FUN!!! Be there at 7:00 P.M. President DJT,2026-06-24,DJT,direct,direct: 'djt',no_clear_stance,,,SPY,1,,,no_claim,,,no_claim,,,no_claim,,,no_claim,,,no_claim,,,no_claim
116805400052068772,"The Elizabeth ""Pocahontas"" Warren centric housing bill, which is of minor importance compared to lower interest rates, and even FISA, pales in comparison to passing THE SAVE AMERICA ACT. That is what ",2026-06-24,DJT,direct,direct: 'djt',no_clear_stance,,,SPY,1,,,no_claim,,,no_claim,,,no_claim,,,no_claim,,,no_claim,,,no_claim
116805503768093822,"Mayor Mamdani pulled through 3 solid Communists, and has received loud and universal applause from the Fake News Media. Congratulations Mr. Mayor! I went 16-0 last night, helping to elect wonderful Am",2026-06-24,DJT,direct,direct: 'djt',no_clear_stance,,,SPY,1,,,no_claim,,,no_claim,,,no_claim,,,no_claim,,,no_claim,,,no_claim
116805510184370677,MY REAL POLL NUMBERS ARE THE HIGHEST THEY HAVE EVER BEEN. THANK YOU!!! President DJT,2026-06-24,DJT,direct,direct: 'djt',no_clear_stance,,,SPY,1,,,no_claim,,,no_claim,,,no_claim,,,no_claim,,,no_claim,,,no_claim
116805545512296111,"Today's Housing News Conference and Signing is hereby cancelled until such time as we pass the desperately needed SAVE AMERICA ACT, which I consider to be a National Emergency. Thank you for your atte",2026-06-24,DJT,direct,direct: 'djt',no_clear_stance,,,SPY,1,,,no_claim,,,no_claim,,,no_claim,,,no_claim,,,no_claim,,,no_claim
116808568420301784,"Wow! The Senate just changed its vote on Iran from 50-48 against, to 50-47 for. Rand Paul and Bill Cassidy changed. Thank you to Leader John Thune, Lindsey Graham, Bernie Moreno, and all. This vote pu",2026-06-25,DJT,direct,direct: 'djt',no_clear_stance,,,SPY,1,,,no_claim,,,no_claim,,,no_claim,,,no_claim,,,no_claim,,,no_claim
116808686040715251,"The two major earthquakes that just hit the great people of Venezuela are both massive in scale and have left a devastating number of deaths. The U.S.A. stands ready, willing, and able to help! I have",2026-06-25,DJT,direct,direct: 'djt',no_clear_stance,,,SPY,1,,,no_claim,,,no_claim,,,no_claim,,,no_claim,,,no_claim,,,no_claim
116816466651864171,Roger Marshall of Kansas is a GREAT Republican Senator who just plain GETS THE JOB DONE. Thank you Roger! President DJT,2026-06-26,DJT,direct,direct: 'djt',no_clear_stance,,,SPY,1,,,no_claim,,,no_claim,,,no_claim,,,no_claim,,,no_claim,,,no_claim
116818397307589675,"The U.S.A.'s New Passport, which says, ""Welcome, but be good!"" President DJT",2026-06-26,DJT,direct,direct: 'djt',no_clear_stance,,,SPY,1,,,no_claim,,,no_claim,,,no_claim,,,no_claim,,,no_claim,,,no_claim
116819418021640869,"John Bolton, a very dumb, unbalanced, and unskilled former representative of the United States of America, just pleads guilty! He is a terrible person, a lunatic who only wanted to start trouble and w",2026-06-27,DJT,direct,direct: 'djt',no_clear_stance,,,SPY,1,,,no_claim,,,no_claim,,,no_claim,,,no_claim,,,no_claim,,,no_claim
116821470056250616,RT: https://truthsocial.com/users/realDonaldTrump/statuses/116818915365927435LOUISIANA: VOTE FOR JULIA TODAY!!! DJT,2026-06-27,DJT,direct,direct: 'djt',no_clear_stance,,,SPY,1,,,no_claim,,,no_claim,,,no_claim,,,no_claim,,,no_claim,,,no_claim
116824603632739697,"United States aircraft just struck Iranian missile and drone storage locations, and coastal radar sites, for violating the Cease Fire Agreement, AGAIN! It is very possible that they will never learn! ",2026-06-27,DJT,direct,direct: 'djt',no_clear_stance,,,SPY,1,,,no_claim,,,no_claim,,,no_claim,,,no_claim,,,no_claim,,,no_claim
116831104490275644,Great painting!!  President DJT,2026-06-29,DJT,direct,direct: 'djt',no_clear_stance,,,SPY,1,,,no_claim,,,no_claim,,,no_claim,,,no_claim,,,no_claim,,,no_claim
116833127066912322,"GAS PRICES COMING DOWN, FAST! REPORT ANY ABUSES AT RETAIL LEVEL!!! President DJT",2026-06-29,DJT,direct,direct: 'djt',no_clear_stance,,,SPY,1,,,no_claim,,,no_claim,,,no_claim,,,no_claim,,,no_claim,,,no_claim
116833138299035157,"WTI CRUDE - $69, and heading down. This is less than it was prior to the start of the Denuclearization of Iran! President DJT",2026-06-29,DJT,direct,direct: 'djt',no_clear_stance,,,SPY,1,,,no_claim,,,no_claim,,,no_claim,,,no_claim,,,no_claim,,,no_claim
116833168246538290,IRAN HAS REQUESTED A MEETING. IT WILL TAKE PLACE TOMORROW IN DOHA! President DJT,2026-06-29,DJT,direct,direct: 'djt',no_clear_stance,,,SPY,1,,,no_claim,,,no_claim,,,no_claim,,,no_claim,,,no_claim,,,no_claim
116850279579552155,"The United States spends more money on NATO than any other country, by far, to protect them, without getting any benefit from so doing: U.S. 999 Billion Dollars, United Kingdom, 90.5 Billion Dollars, ",2026-07-02,DJT,direct,direct: 'djt',no_clear_stance,,,SPY,1,,,no_claim,,,no_claim,,,no_claim,,,no_claim,,,no_claim,,,no_claim
116850596821921968,"How about this? Micron, a GREAT American Company, announced that they are putting in 250 Million Dollars into the Trump Accounts for the future benefit of children, and their stock went up 9 points to",2026-07-02,DJT,direct,direct: 'djt',no_clear_stance,,,SPY,1,,,no_claim,,,no_claim,,,no_claim,,,no_claim,,,no_claim,,,no_claim
116853791867694191,Ridiculous for the U.S.A. to continue along this one sided path when the relationship is not reciprocal. They were not there for us!!! President DJT,2026-07-03,DJT,direct,direct: 'djt',no_clear_stance,,,SPY,1,,,no_claim,,,no_claim,,,no_claim,,,no_claim,,,no_claim,,,no_claim
116859272442865972,"Heading to beautiful Mount Rushmore to speak, shortly. Big Crowd! On all TV. Enjoy! President DJT",2026-07-04,DJT,direct,direct: 'djt',no_clear_stance,,,SPY,1,,,no_claim,,,no_claim,,,no_claim,,,no_claim,,,no_claim,,,no_claim
116863241061573145,"Europe is learning that when you take in Third World criminals, you become a Third World Country. It happens quickly, in just a blink of the eye. I was elected just in time!!! President DJT",2026-07-04,DJT,direct,direct: 'djt',no_clear_stance,,,SPY,1,,,no_claim,,,no_claim,,,no_claim,,,no_claim,,,no_claim,,,no_claim
116864961960694526,I'M HERE!!! DJT,2026-07-05,DJT,direct,direct: 'djt',no_clear_stance,,,SPY,1,,,no_claim,,,no_claim,,,no_claim,,,no_claim,,,no_claim,,,no_claim
116865509906385097,"Best fireworks show, EVER! President DJT",2026-07-05,DJT,direct,direct: 'djt',no_clear_stance,,,SPY,1,,,no_claim,,,no_claim,,,no_claim,,,no_claim,,,no_claim,,,no_claim
