post_id,tweet_date,entity,entity_name,match_tier,stance,stance_source,indices_used,sectors_used,peers_used,used_fallback,pre_vol,pre_ret_1,pre_ret_3,weekday,after_hours,text,raw_eod,abn_idx_eod,abn_sec_eod,abn_peer_eod,band_eod,label_eod,raw_2d,abn_idx_2d,abn_sec_2d,abn_peer_2d,band_2d,label_2d,raw_3d,abn_idx_3d,abn_sec_3d,abn_peer_3d,band_3d,label_3d,raw_1w,abn_idx_1w,abn_sec_1w,abn_peer_1w,band_1w,label_1w,raw_2w,abn_idx_2w,abn_sec_2w,abn_peer_2w,band_2w,label_2w,raw_3w,abn_idx_3w,abn_sec_3w,abn_peer_3w,band_3w,label_3w,raw_1mo,abn_idx_1mo,abn_sec_1mo,abn_peer_1mo,band_1mo,label_1mo,abn_sec_30m,label_30m,abn_sec_1h,label_1h
113781393195053401,2025-01-06,TSLA,Tesla,direct,neutral,cache,SPY QQQ,XLY,AMZN HD MCD NKE,0,0.0467,0.0822,-0.0167,0,1,"“Had this election not been won by Donald Trump, civilization would be lost.” Elon Musk",-0.0287,-0.0284,-0.0219,-0.0254,0.0233,NEUTRAL,-0.0681,-0.0533,-0.0421,-0.0498,0.033,NEUTRAL,-0.0668,-0.0527,-0.0435,-0.0456,0.0404,NEUTRAL,-0.047,-0.0169,-0.0196,-0.0192,0.0522,NEUTRAL,0.0021,-0.0044,-0.0092,-0.0027,0.0738,NEUTRAL,-0.0593,-0.0641,-0.0737,-0.0887,0.0904,NEUTRAL,-0.1064,-0.1158,-0.1101,-0.1327,0.107,NEUTRAL,0.0,NEUTRAL,0.0043,NEUTRAL
113781828670659948,2025-01-06,AMZN,Amazon,indirect,negative,cache,SPY QQQ DIA,XLY,TSLA HD MCD NKE,0,0.0169,0.018,0.0131,0,0,"The story in the Washington Post, quoting so-called anonymous sources, which don't exist, incorrectly states that my tariff policy will be pared back. That is wrong. The Washington Post knows it's wro",0.0037,0.0052,0.0104,0.0174,0.0084,NEUTRAL,-0.0206,-0.008,0.0054,-0.0013,0.0119,NEUTRAL,-0.0205,-0.009,0.0028,0.0071,0.0146,NEUTRAL,-0.0367,-0.012,-0.0093,-0.0089,0.0189,NEUTRAL,0.0173,0.0042,0.006,0.0202,0.0267,NEUTRAL,0.0501,0.0316,0.0358,0.0494,0.0327,NEUTRAL,0.0414,0.0196,0.0377,0.0434,0.0386,NEUTRAL,0.0,NEUTRAL,0.0078,NEUTRAL
113826686962325672,2025-01-14,DJT,Trump Media & Technology Group,direct,neutral,cache,SPY,,,1,0.0556,0.2152,0.2183,1,1,"RELEASE THE WATER, NEWSOM. WHAT IS WRONG WITH YOU? DJT",0.0004,0.0041,,,0.0278,NEUTRAL,0.038,0.0236,,,0.0393,NEUTRAL,0.0423,0.0299,,,0.0482,NEUTRAL,-0.0952,-0.1272,,,0.0622,NEUTRAL,-0.2363,-0.2708,,,0.088,NEUTRAL,-0.2216,-0.2514,,,0.1078,NEUTRAL,-0.2264,-0.2589,,,0.1275,NEUTRAL,,NEUTRAL,,NEUTRAL
113847449027767807,2025-01-18,DJT,Trump Media & Technology Group,direct,neutral,cache,SPY,,,1,0.0589,-0.0237,0.0173,5,1,"Coming up, THE MOST IMPORTANT WEEKEND, PLUS, IN AMERICAN HISTORY. ENJOY!  DJT",-0.0532,-0.0572,,,0.0295,NEUTRAL,-0.1059,-0.1155,,,0.0417,NEUTRAL,-0.1075,-0.1226,,,0.051,NEUTRAL,-0.2143,-0.2121,,,0.0659,NEUTRAL,-0.1801,-0.1753,,,0.0932,NEUTRAL,-0.1697,-0.1767,,,0.1141,NEUTRAL,-0.2485,-0.2689,,,0.135,NEUTRAL,,NEUTRAL,,NEUTRAL
113898263726281638,2025-01-27,DJT,Trump Media & Technology Group,direct,neutral,cache,SPY,,,1,0.0633,-0.025,-0.0809,0,1,THE USA HAS A LOT OF WINNING TO DO! DJT,-0.0594,-0.0671,,,0.0316,NEUTRAL,-0.0433,-0.0596,,,0.0448,NEUTRAL,0.0213,0.0096,,,0.0548,NEUTRAL,0.0146,0.0029,,,0.0708,NEUTRAL,-0.0067,-0.0167,,,0.1001,NEUTRAL,-0.0322,-0.0572,,,0.1226,NEUTRAL,-0.2417,-0.2408,,,0.145,NEUTRAL,,NEUTRAL,,NEUTRAL
113903630433895227,2025-01-28,MCD,McDonald's,direct,positive,cache,SPY DIA,XLY,AMZN TSLA HD NKE,0,0.0098,0.0267,0.0417,1,1,"Wow! In Nevada, a State I love and WON BIG in 2024, Republicans now lead Democrats in Voter Registration for the first time since 2007. Thank you to Chairman Michael McDonald, Governor Joe Lombardo, a",-0.0043,-0.0089,-0.0084,-0.0006,0.0049,NEUTRAL,-0.0078,-0.0088,-0.0091,-0.0039,0.007,NEUTRAL,-0.0071,-0.0126,-0.0182,-0.0121,0.0085,NEUTRAL,-0.008,-0.0024,-0.0013,0.0019,0.011,NEUTRAL,0.0548,0.054,0.0734,0.0949,0.0156,UP,0.0425,0.0349,0.0611,0.0824,0.0191,UP,0.0406,0.0593,0.1061,0.1219,0.0225,UP,0.0,NEUTRAL,-0.0018,NEUTRAL
113909188940119917,2025-01-29,TSLA,Tesla,direct,neutral,cache,SPY QQQ,XLY,AMZN HD MCD NKE,0,0.0364,0.0024,-0.0347,2,1,I have just asked Elon Musk and @SpaceX to “go get” the 2 brave astronauts who have been virtually abandoned in space by the Biden Administration. They have been waiting for many months on @Space Stat,-0.0155,-0.0123,-0.0118,-0.0092,0.0182,NEUTRAL,0.0128,0.0112,0.0067,0.0215,0.0258,NEUTRAL,0.0238,0.0255,0.0221,0.0312,0.0316,NEUTRAL,-0.0076,-0.0079,-0.0076,-0.0112,0.0407,NEUTRAL,-0.1688,-0.1754,-0.1342,-0.1511,0.0576,NEUTRAL,-0.0877,-0.1116,-0.0637,-0.0774,0.0706,NEUTRAL,-0.2866,-0.2499,-0.2031,-0.2828,0.0835,NEUTRAL,-0.0513,NEUTRAL,-0.0156,NEUTRAL
113928759847321475,2025-02-01,DJT,Trump Media & Technology Group,direct,negative,cache,SPY,,,1,0.0669,0.0082,0.0606,5,1,"Ellie Cohanim on Israel, and Phill Flynn on Tariffs, were GREAT on Fox & Friends this morning. Real “Pros!” DJT",0.0266,0.018,,,0.0335,NA,0.02,0.0046,,,0.0473,NA,0.011,-0.0085,,,0.058,NA,0.039,0.0253,,,0.0749,NA,0.0123,-0.0164,,,0.1059,NA,-0.1429,-0.1506,,,0.1296,NA,-0.2582,-0.2315,,,0.1534,NA,,NA,,NA
113946130240319294,2025-02-04,DJT,Trump Media & Technology Group,direct,neutral,cache,SPY,,,1,0.0673,-0.0326,-0.039,1,0,"20 years ago, Autism in children was 1 in 10,000. NOW IT’S 1 in 34. WOW! Something’s really wrong. We need BOBBY!!!  Thank You! DJT",0.006,0.0,,,0.0336,NEUTRAL,0.0733,0.0638,,,0.0475,NEUTRAL,0.0338,0.0336,,,0.0581,NEUTRAL,0.0056,-0.0021,,,0.0751,NEUTRAL,-0.0636,-0.0841,,,0.1062,NEUTRAL,-0.1873,-0.1771,,,0.13,NEUTRAL,-0.2715,-0.225,,,0.1538,NEUTRAL,,NEUTRAL,,NEUTRAL
113962698098343227,2025-02-07,DJT,Trump Media & Technology Group,direct,neutral,cache,SPY,,,1,0.0679,0.0669,0.0506,4,1,BALANCED BUDGET!!! DJT,-0.0344,-0.0243,,,0.034,NEUTRAL,-0.0337,-0.0304,,,0.048,NEUTRAL,-0.0607,-0.0581,,,0.0588,NEUTRAL,-0.0505,-0.0551,,,0.0759,NEUTRAL,-0.1644,-0.1529,,,0.1074,NEUTRAL,-0.2539,-0.2329,,,0.1315,NEUTRAL,-0.3833,-0.307,,,0.1556,NEUTRAL,,NEUTRAL,,NEUTRAL
113963121926787410,2025-02-07,AMZN,Amazon,indirect,neutral,cache,SPY QQQ DIA,XLY,TSLA HD MCD NKE,0,0.0135,0.0113,0.0059,4,0,"Eugene Robinson of the Washington Post is INCOMPETENT! So sad to see him trying to justify the waste, fraud, and corruption at USAID with his pathetic Radical Left SPIN. He should be fired immediately",0.0112,0.0103,0.0118,-0.003,0.0083,NEUTRAL,0.0096,0.0082,0.0215,-0.0105,0.0117,NEUTRAL,-0.007,-0.0057,0.0051,-0.0116,0.0144,NEUTRAL,-0.0081,-0.0181,-0.0104,-0.018,0.0186,NEUTRAL,-0.0774,-0.061,-0.038,-0.0518,0.0263,NEUTRAL,-0.1107,-0.0707,-0.0467,-0.0915,0.0322,NEUTRAL,-0.1473,-0.0628,-0.0144,-0.1059,0.0381,NEUTRAL,-0.0084,NEUTRAL,-0.0289,NEUTRAL
114020008419550279,2025-02-17,AMZN,Amazon,direct,neutral,cache,SPY QQQ DIA,XLY,TSLA HD MCD NKE,0,0.016,-0.0073,-0.0175,0,0,"Who is running the Country right now? In his new book, “American Leviathan: The Birth of the Administrative State and Progressive Authoritarianism,” Ned Ryun reveals the History of the Deep State, whi",-0.0095,-0.0101,-0.007,-0.0041,0.008,NEUTRAL,-0.0096,-0.0116,-0.0065,-0.0086,0.0113,NEUTRAL,-0.026,-0.022,-0.0143,-0.0181,0.0139,NEUTRAL,-0.0704,-0.0431,-0.0291,-0.0391,0.0179,NEUTRAL,-0.104,-0.0535,-0.0381,-0.0791,0.0254,NEUTRAL,-0.1498,-0.0621,-0.0237,-0.1239,0.0311,NEUTRAL,-0.1573,-0.0688,-0.01,-0.0826,0.0368,NEUTRAL,-0.0044,NEUTRAL,-0.01,NEUTRAL
114027770237892482,2025-02-19,TSLA,Tesla,direct,neutral,cache,SPY QQQ,XLY,AMZN HD MCD NKE,0,0.028,-0.0049,0.0523,2,1,“TUNE IN: Exclusive Hannity Interview with President Trump and Elon Musk Tonight at 9PM ET” https://hannity.com/media-room/tune-in-exclusive-hannity-interview-with-president-trump-and-elon-musk-tonigh,0.0185,0.0153,0.0144,0.021,0.014,NEUTRAL,0.0011,0.0021,0.0057,0.0048,0.0198,NEUTRAL,-0.0458,-0.0259,-0.015,-0.0287,0.0243,NEUTRAL,-0.1446,-0.1082,-0.1052,-0.1519,0.0313,NEUTRAL,-0.2315,-0.1644,-0.1557,-0.2178,0.0443,NEUTRAL,-0.3486,-0.2421,-0.2202,-0.2973,0.0543,NEUTRAL,-0.3337,-0.245,-0.209,-0.2589,0.0642,NEUTRAL,-0.0749,NEUTRAL,0.0298,NEUTRAL
114033427089061668,2025-02-20,TSLA,Tesla,direct,negative,cache,SPY QQQ,XLY,AMZN HD MCD NKE,0,0.0287,0.0182,0.013,3,1,"Elon Musk: “The President’s instincts on Ukraine are absolutely right. It is really sad that so many parents have lost their sons, and so many sons their fathers in this pointless war.”",-0.0197,-0.0173,-0.0138,-0.0238,0.0143,NEUTRAL,-0.0656,-0.0444,-0.0335,-0.0531,0.0203,DOWN,-0.0857,-0.0565,-0.05,-0.0834,0.0248,DOWN,-0.1956,-0.1593,-0.1509,-0.1981,0.032,DOWN,-0.228,-0.1706,-0.165,-0.2279,0.0453,DOWN,-0.3137,-0.2133,-0.1892,-0.2585,0.0555,DOWN,-0.3465,-0.2536,-0.2185,-0.2712,0.0657,DOWN,-0.0245,DOWN,-0.0099,DOWN
114036638899167319,2025-02-20,DJT,Trump Media & Technology Group,direct,negative,cache,SPY,,,1,0.0364,-0.0335,-0.0789,3,0,BALANCE BUDGET NOW??? LETS GIVE IT A SHOT. LOTS OF MONEY COMING IN FROM TARIFFS. DO IT! DJT,-0.0128,-0.0109,,,0.0182,NA,-0.0429,-0.0239,,,0.0257,NA,-0.0876,-0.0642,,,0.0315,NA,-0.1305,-0.1027,,,0.0407,NA,-0.195,-0.1485,,,0.0575,NA,-0.2883,-0.2022,,,0.0705,NA,-0.2897,-0.2144,,,0.0834,NA,,NA,,NA
114058814859681967,2025-02-24,AAPL,Apple,direct,positive,cache,SPY QQQ DIA,XLK,MSFT NVDA AMD AVGO,0,0.0167,-0.0011,0.0044,0,1,"APPLE HAS JUST ANNOUNCED A RECORD 500 BILLION DOLLAR INVESTMENT IN THE UNITED STATES OF AMERICA. THE REASON, FAITH IN WHAT WE ARE DOING, WITHOUT WITCH, THEY WOULD’NT BE INVESTING TEN CENTS. THANK YOU ",0.0089,0.0176,0.027,0.047,0.0083,UP,0.0086,0.0219,0.0394,0.0787,0.0118,UP,-0.0187,-0.005,0.0016,0.0136,0.0144,NEUTRAL,-0.0126,0.0022,0.0309,0.0739,0.0186,NEUTRAL,-0.0239,0.0191,0.0492,0.0803,0.0264,NEUTRAL,-0.1284,-0.0605,-0.0357,-0.0284,0.0323,NEUTRAL,-0.0988,-0.054,-0.0234,-0.0245,0.0382,NEUTRAL,0.0,NEUTRAL,0.02,UP
114059004456970017,2025-02-24,AAPL,Apple,direct,positive,cache,SPY QQQ DIA,XLK,MSFT NVDA AMD AVGO,0,0.0167,-0.0011,0.0044,0,1,"APPLE HAS JUST ANNOUNCED A RECORD 500 BILLION DOLLAR INVESTMENT IN THE UNITED STATES OF AMERICA. THE REASON, FAITH IN WHAT WE ARE DOING, WITHOUT WHICH, THEY WOULD’NT BE INVESTING TEN CENTS. THANK YOU ",0.0089,0.0176,0.027,0.047,0.0083,UP,0.0086,0.0219,0.0394,0.0787,0.0118,UP,-0.0187,-0.005,0.0016,0.0136,0.0144,NEUTRAL,-0.0126,0.0022,0.0309,0.0739,0.0186,NEUTRAL,-0.0239,0.0191,0.0492,0.0803,0.0264,NEUTRAL,-0.1284,-0.0605,-0.0357,-0.0284,0.0323,NEUTRAL,-0.0988,-0.054,-0.0234,-0.0245,0.0382,NEUTRAL,0.0,NEUTRAL,0.02,UP
114059888811732826,2025-02-24,TSLA,Tesla,direct,neutral,cache,SPY QQQ,XLY,AMZN HD MCD NKE,0,0.0298,-0.0468,-0.0461,0,0,"Elon Musk: ""7 out of 10 voters want $1T removed from federal spending.""",-0.0741,-0.0659,-0.0694,-0.0856,0.015,NEUTRAL,-0.1108,-0.1041,-0.102,-0.1225,0.0212,NEUTRAL,-0.1378,-0.1094,-0.1147,-0.1373,0.0259,NEUTRAL,-0.1296,-0.097,-0.1044,-0.1151,0.0335,NEUTRAL,-0.3207,-0.2453,-0.2328,-0.2853,0.0473,NEUTRAL,-0.2722,-0.2119,-0.1782,-0.1975,0.058,NEUTRAL,-0.1189,-0.0781,-0.0685,-0.0767,0.0686,NEUTRAL,0.011,NEUTRAL,0.0085,NEUTRAL
114069904344598839,2025-02-26,TSLA,Tesla,direct,positive,cache,SPY QQQ,XLY,AMZN HD MCD NKE,0,0.0339,-0.0839,-0.1456,2,1,https://truthsocial.com/@realDonaldTrump/114057798709965917   I thought it would be appropriate to take out my thank you TRUTH to Elon Musk after our (ALL OF US!) big Election Win. Nothing has changed,-0.0425,-0.0404,-0.0317,-0.0308,0.017,NEUTRAL,-0.0716,-0.0477,-0.0466,-0.0527,0.024,NEUTRAL,-0.0353,-0.0267,-0.0265,-0.0237,0.0294,NEUTRAL,-0.1043,-0.0689,-0.06,-0.0612,0.0379,NEUTRAL,-0.2408,-0.1646,-0.1421,-0.1638,0.0537,NEUTRAL,-0.2581,-0.1891,-0.1462,-0.1554,0.0657,NEUTRAL,-0.1042,-0.0532,-0.0395,-0.0331,0.0778,NEUTRAL,-0.0935,NEUTRAL,-0.03,NEUTRAL
114069904344598839,2025-02-26,DJT,Trump Media & Technology Group,direct,positive,cache,SPY,,,1,0.0335,-0.0746,-0.1448,2,1,https://truthsocial.com/@realDonaldTrump/114057798709965917   I thought it would be appropriate to take out my thank you TRUTH to Elon Musk after our (ALL OF US!) big Election Win. Nothing has changed,0.0255,0.0278,,,0.0168,NA,-0.0046,0.0137,,,0.0237,NA,0.0079,0.0109,,,0.029,NA,-0.0686,-0.0366,,,0.0375,NA,-0.1815,-0.1144,,,0.053,NA,-0.1598,-0.1012,,,0.0649,NA,-0.1242,-0.0812,,,0.0768,NA,,NA,,NA
114070190082477156,2025-02-26,DJT,Trump Media & Technology Group,direct,positive,cache,SPY,,,1,0.0335,-0.0746,-0.1448,2,1,"Congratulations to the U.S. Dockworkers on your great new deal. Also, thank you for your overwhelming support in the Presidential Election. Slowing down automation, just a little bit, is an OK thing t",0.0255,0.0278,,,0.0168,NA,-0.0046,0.0137,,,0.0237,NA,0.0079,0.0109,,,0.029,NA,-0.0686,-0.0366,,,0.0375,NA,-0.1815,-0.1144,,,0.053,NA,-0.1598,-0.1012,,,0.0649,NA,-0.1242,-0.0812,,,0.0768,NA,,NA,,NA
114070315739588346,2025-02-26,AAPL,Apple,direct,neutral,cache,SPY QQQ DIA,XLK,MSFT NVDA AMD AVGO,0,0.0154,-0.0002,0.0049,2,1,"APPLE SHOULD GET RID OF DEI RULES, NOT JUST MAKE ADJUSTMENTS TO THEM. DEI WAS A HOAX THAT HAS BEEN VERY BAD FOR OUR COUNTRY. DEI IS GONE!!!",-0.0162,-0.0132,-0.0173,-0.0234,0.0077,NEUTRAL,-0.0288,-0.0097,0.0066,0.0192,0.0109,NEUTRAL,-0.0102,-0.0059,0.0124,0.0274,0.0134,NEUTRAL,-0.0344,-0.0025,0.0187,0.0326,0.0173,NEUTRAL,-0.0961,-0.0288,0.0007,-0.0165,0.0244,NEUTRAL,-0.1295,-0.0683,-0.0489,-0.0672,0.0299,NEUTRAL,-0.0933,-0.0506,-0.0201,-0.0208,0.0354,NEUTRAL,-0.016,NEUTRAL,-0.0274,NEUTRAL
114070572392915582,2025-02-26,DJT,Trump Media & Technology Group,direct,positive,cache,SPY,,,1,0.0335,-0.0746,-0.1448,2,0,"Big First Step Win for Speaker Mike Johnson, and AMERICA. Now let’s start to BALANCE THE BUDGET. IT CAN BE DONE!!! DJT",0.0255,0.0278,,,0.0168,NA,-0.0046,0.0137,,,0.0237,NA,0.0079,0.0109,,,0.029,NA,-0.0686,-0.0366,,,0.0375,NA,-0.1815,-0.1144,,,0.053,NA,-0.1598,-0.1012,,,0.0649,NA,-0.1242,-0.0812,,,0.0768,NA,,NA,,NA
114071853044146528,2025-02-26,TSLA,Tesla,direct,neutral,cache,SPY QQQ,XLY,AMZN HD MCD NKE,0,0.0339,-0.0839,-0.1456,2,0,Elon Musk: “President Trump has put together the best Cabinet ever...And I do not give false praise. This is an incredible group of people. I don't think such a talented team has ever been assembled…”,-0.0316,-0.0045,-0.0127,-0.0231,0.0171,NEUTRAL,0.0063,0.0181,0.0089,0.0137,0.0242,NEUTRAL,-0.0224,0.0089,-0.0013,-0.0056,0.0296,NEUTRAL,-0.0414,-0.0143,-0.0177,-0.0167,0.0383,NEUTRAL,-0.1479,-0.0763,-0.0601,-0.0711,0.0541,NEUTRAL,-0.1899,-0.1291,-0.1007,-0.0961,0.0663,NEUTRAL,-0.0619,-0.0039,-0.0036,0.0089,0.0784,NEUTRAL,-0.0025,NEUTRAL,-0.0031,NEUTRAL
114129217070412961,2025-03-08,DJT,Trump Media & Technology Group,direct,positive,cache,SPY,,,1,0.0268,0.0237,0.0103,5,1,ELON AND MARCO HAVE A GREAT RELATIONSHIP. ANY STATEMENT OTHER THAN THAT IS FAKE NEWS!!! DJT,-0.0848,-0.0724,,,0.0134,NA,-0.1008,-0.0803,,,0.019,NA,-0.0779,-0.0625,,,0.0232,NA,-0.0714,-0.063,,,0.03,NA,-0.0696,-0.0662,,,0.0424,NA,-0.0889,-0.0708,,,0.0519,NA,-0.2042,-0.0955,,,0.0614,NA,,NA,,NA
114135672415463032,2025-03-10,DJT,Trump Media & Technology Group,direct,positive,cache,SPY,,,1,0.0268,0.0237,0.0103,0,1,Great job by Congressman Brian Mast on FoxNews. He’s got it together!!! DJT,-0.0848,-0.0724,,,0.0134,NA,-0.1008,-0.0803,,,0.019,NA,-0.0779,-0.0625,,,0.0232,NA,-0.0714,-0.063,,,0.03,NA,-0.0696,-0.0662,,,0.0424,NA,-0.0889,-0.0708,,,0.0519,NA,-0.2042,-0.0955,,,0.0614,NA,,NA,,NA
114140437287253298,2025-03-10,AMZN,Amazon,indirect,neutral,cache,SPY QQQ DIA,XLY,TSLA HD MCD NKE,0,0.0167,-0.0236,-0.0663,0,1,"Back by popular demand, for the first time in 20 years, the Emmy nominated ORIGINAL APPRENTICE STARRING PRESIDENT DONALD TRUMP is back!! Watch Season 1 of The Apprentice, now streaming on Prime Video.",0.0139,0.0194,0.0231,0.0334,0.0083,NEUTRAL,0.0257,0.0264,0.0292,0.0538,0.0118,NEUTRAL,-0.0001,0.0153,0.0283,0.0532,0.0144,NEUTRAL,0.0095,-0.0031,0.0156,0.0455,0.0186,NEUTRAL,0.0483,0.0188,0.0148,0.078,0.0263,NEUTRAL,-0.0188,-0.0196,-0.0177,-0.0033,0.0323,NEUTRAL,-0.1199,-0.0111,-0.0119,-0.0426,0.0382,NEUTRAL,-0.0447,NEUTRAL,0.0167,NEUTRAL
114141854575248527,2025-03-11,TSLA,Tesla,direct,negative,cache,SPY QQQ,XLY,AMZN HD MCD NKE,0,0.0464,-0.1543,-0.204,1,1,"To Republicans, Conservatives, and all great Americans, Elon Musk is “putting it on the line” in order to help our Nation, and he is doing a FANTASTIC JOB! But the Radical Left Lunatics, as they often",0.0234,0.0273,0.0326,0.0429,0.0232,NEUTRAL,0.1011,0.0967,0.1046,0.1291,0.0328,NEUTRAL,0.0682,0.0796,0.0966,0.1214,0.0402,NEUTRAL,0.0564,0.0384,0.0625,0.0924,0.0519,NEUTRAL,0.2356,0.2008,0.2021,0.2653,0.0734,NEUTRAL,0.1502,0.1516,0.1513,0.1679,0.0899,NEUTRAL,-0.0153,0.0985,0.0926,0.0939,0.1064,NEUTRAL,-0.1216,DOWN,0.0151,NEUTRAL
114145611018414576,2025-03-11,TSLA,Tesla,direct,positive,cache,SPY QQQ,XLY,AMZN HD MCD NKE,0,0.0482,0.0379,-0.1248,1,1,"Elon Musk: “As a function of the great policies of President Trump and his administration, and as an act of faith in America, Tesla is going to DOUBLE vehicle output in the United States within the ne",0.0035,0.0088,0.0148,0.0158,0.0241,NEUTRAL,-0.0265,-0.0056,0.0095,0.0021,0.0341,NEUTRAL,0.0112,0.0101,0.0266,0.0362,0.0418,NEUTRAL,-0.0886,-0.0828,-0.0571,-0.0619,0.0539,NEUTRAL,0.1655,0.1365,0.132,0.1719,0.0763,UP,0.0859,0.0915,0.0845,0.1128,0.0934,NEUTRAL,0.101,0.1246,0.1196,0.1443,0.1105,UP,0.0645,UP,0.0616,UP
114145621000876629,2025-03-11,TSLA,Tesla,direct,neutral,cache,SPY QQQ,XLY,AMZN HD MCD NKE,0,0.0482,0.0379,-0.1248,1,1,The Tesla Model S — BEAUTIFUL!,0.0035,0.0088,0.0148,0.0158,0.0241,NEUTRAL,-0.0265,-0.0056,0.0095,0.0021,0.0341,NEUTRAL,0.0112,0.0101,0.0266,0.0362,0.0418,NEUTRAL,-0.0886,-0.0828,-0.0571,-0.0619,0.0539,NEUTRAL,0.1655,0.1365,0.132,0.1719,0.0763,NEUTRAL,0.0859,0.0915,0.0845,0.1128,0.0934,NEUTRAL,0.101,0.1246,0.1196,0.1443,0.1105,NEUTRAL,0.0645,NEUTRAL,0.0616,NEUTRAL
114145974393951612,2025-03-11,BA,Boeing,direct,positive,cache,SPY DIA,XLI ITA,CAT GE RTX UNP LMT NOC GD,0,0.0253,0.0399,-0.0276,1,1,"I am pleased to announce that Dearborn Heights Mayor Bill Bazzi will be the next United States Ambassador to the Republic of Tunisia. Bazzi is a decorated U.S. Marine, who honorably served our Country",0.0115,0.018,0.0172,0.0193,0.0127,UP,0.0148,0.0341,0.0269,0.022,0.0179,UP,0.0306,0.032,0.0261,0.0284,0.0219,UP,0.0291,0.0306,0.0159,0.0202,0.0283,NEUTRAL,0.163,0.138,0.1157,0.146,0.0401,UP,0.0711,0.0666,0.0518,0.0361,0.0491,NEUTRAL,0.0243,0.047,0.0389,0.0306,0.058,NEUTRAL,0.0088,UP,0.006,UP
114146381629892800,2025-03-11,DJT,Trump Media & Technology Group,direct,positive,cache,SPY,,,1,0.0336,-0.0176,-0.1096,1,1,"Big WIN for Republicans, and America, tonight. Congratulations to ALL!!! DJT",-0.0025,0.0034,,,0.0168,NA,-0.0472,-0.0281,,,0.0238,NA,0.0045,0.0033,,,0.0291,NA,-0.0015,0.0006,,,0.0376,NA,0.1367,0.11,,,0.0532,NA,0.007,0.0061,,,0.0651,NA,0.0075,0.0286,,,0.077,NA,,NA,,NA
114149845661093099,2025-03-12,DJT,Trump Media & Technology Group,direct,positive,cache,SPY,,,1,0.0336,-0.0176,-0.1096,2,0,"Wow!!! People are loving Elon, a GREAT PATRIOT. Nice to see!!! DJT",-0.0653,-0.0527,,,0.0176,NA,-0.0146,-0.0224,,,0.0249,NA,0.0024,-0.0131,,,0.0305,NA,0.0039,-0.0116,,,0.0393,NA,0.021,-0.0002,,,0.0556,NA,-0.0853,-0.0992,,,0.0681,NA,-0.0839,-0.026,,,0.0806,NA,,NA,,NA
114151257383811463,2025-03-12,GS,Goldman Sachs,direct,neutral,cache,SPY DIA,XLF,JPM BAC WFC MS,0,0.0224,0.0081,-0.0428,2,1,"Goldman Sachs CEO David Solomon: ""One of the things that I do like is that the President is engaged with the business community. The administration is engaged with the business community — and that's ",-0.0203,-0.0084,-0.0123,-0.0029,0.0112,NEUTRAL,0.0107,0.0044,-0.0043,-0.0049,0.0158,NEUTRAL,0.0293,0.0144,0.0023,0.0018,0.0194,NEUTRAL,0.0405,0.0242,0.0034,-0.0077,0.025,NEUTRAL,0.0714,0.0467,0.0157,-0.0002,0.0354,NEUTRAL,0.0512,0.0328,-0.002,0.0046,0.0434,NEUTRAL,-0.0856,-0.0362,-0.0496,-0.0063,0.0513,NEUTRAL,-0.0119,NEUTRAL,-0.0103,NEUTRAL
114151328220491045,2025-03-12,AAPL,Apple,direct,neutral,cache,SPY QQQ DIA,XLK,MSFT NVDA AMD AVGO,0,0.0174,-0.0175,-0.0924,2,1,"“GE Aerospace announced on Tuesday a nearly $1 billion investment in U.S. manufacturing, the latest company to do so under the Trump administration…It marks the latest company to put money back into t",-0.029,-0.0156,-0.0129,-0.0171,0.0087,NEUTRAL,-0.0114,-0.018,-0.025,-0.0247,0.0123,NEUTRAL,-0.009,-0.0235,-0.0297,-0.0269,0.0151,NEUTRAL,-0.0033,-0.0174,-0.0215,-0.0156,0.0195,NEUTRAL,0.0258,0.0032,0.0126,0.0309,0.0275,NEUTRAL,0.0368,0.0241,0.0423,0.0663,0.0337,NEUTRAL,-0.1182,-0.0647,-0.0407,-0.0252,0.0399,NEUTRAL,0.0045,NEUTRAL,-0.0005,NEUTRAL
114161025000723427,2025-03-14,DJT,Trump Media & Technology Group,direct,neutral,cache,SPY,,,1,0.0352,-0.0448,-0.0377,4,1,"Congratulations to Chuck Schumer for doing the right thing — Took “guts” and courage! The big Tax Cuts, L.A. fire fix, Debt Ceiling Bill, and so much more, is coming. We should all work together on th",0.0327,0.0207,,,0.0176,NEUTRAL,0.0506,0.0307,,,0.0249,NEUTRAL,0.0266,0.0177,,,0.0305,NEUTRAL,0.0235,0.0066,,,0.0393,NEUTRAL,0.0383,0.0155,,,0.0556,NEUTRAL,-0.0593,-0.0273,,,0.0681,NEUTRAL,-0.0347,0.0022,,,0.0806,NEUTRAL,,NEUTRAL,,NEUTRAL
114176199348948643,2025-03-17,TSLA,Tesla,direct,neutral,cache,SPY QQQ,XLY,AMZN HD MCD NKE,0,0.0495,0.0386,0.0841,0,1,“Stranded NASA astronauts thank Musk and Trump”,-0.0288,-0.0359,-0.0302,-0.0366,0.0248,NEUTRAL,-0.0806,-0.0737,-0.0642,-0.0813,0.035,NEUTRAL,-0.0375,-0.0427,-0.04,-0.0458,0.0429,NEUTRAL,0.0149,0.011,0.0112,0.0222,0.0554,NEUTRAL,0.0755,0.0907,0.0711,0.0816,0.0783,NEUTRAL,-0.023,0.0855,0.0453,0.0489,0.0959,NEUTRAL,0.0297,0.0717,0.0599,0.0639,0.1135,NEUTRAL,-0.02,NEUTRAL,-0.0471,NEUTRAL
114179081339591399,2025-03-17,TSLA,Tesla,direct,positive,cache,SPY QQQ,XLY,AMZN HD MCD NKE,0,0.0495,0.0386,0.0841,0,0,"I just spoke with the Acting Administrator of NASA, Janet Petro. She is coordinating our Team of highly respected Scientists, Space Engineers, and various other “geniuses,” who has agreed to let our A",-0.0125,-0.0041,-0.0039,-0.0063,0.0249,NEUTRAL,0.0337,0.0301,0.0233,0.0307,0.0353,NEUTRAL,0.0355,0.035,0.0275,0.0294,0.0432,NEUTRAL,0.2202,0.1979,0.1705,0.2045,0.0557,UP,0.1359,0.1494,0.1214,0.1296,0.0788,UP,0.0225,0.1321,0.0944,0.0843,0.0966,NEUTRAL,0.1137,0.158,0.1432,0.1465,0.1142,UP,0.0029,NEUTRAL,0.0051,UP
114186559522815802,2025-03-19,TSLA,Tesla,direct,positive,cache,SPY QQQ,XLY,AMZN HD MCD NKE,0,0.0503,-0.0534,-0.0639,2,1,Wow. What a great interview of Elon Musk by Sean Hannity. A must watch. TWO GREAT AMERICANS!!!  DJT,0.0183,0.0103,0.0062,0.0111,0.0252,NEUTRAL,0.0201,0.0151,0.0104,0.0111,0.0356,NEUTRAL,0.0738,0.0671,0.0605,0.0727,0.0436,UP,0.2441,0.2131,0.1844,0.2265,0.0562,UP,0.1591,0.1628,0.1323,0.1464,0.0795,UP,-0.0421,0.0786,0.0504,0.0405,0.0974,NEUTRAL,0.0429,0.1081,0.0948,0.1007,0.1153,NEUTRAL,-0.0228,NEUTRAL,0.0149,UP
114186559522815802,2025-03-19,DJT,Trump Media & Technology Group,direct,positive,cache,SPY,,,1,0.039,-0.0229,0.048,2,1,Wow. What a great interview of Elon Musk by Sean Hannity. A must watch. TWO GREAT AMERICANS!!!  DJT,0.0148,0.0071,,,0.0195,NA,-0.0128,-0.0175,,,0.0276,NA,-0.002,-0.007,,,0.0338,NA,0.1272,0.1016,,,0.0436,NA,-0.0015,-0.0012,,,0.0617,NA,-0.1789,-0.0637,,,0.0755,NA,-0.0271,0.0361,,,0.0894,NA,,NA,,NA
114190845050387383,2025-03-19,TSLA,Tesla,direct,neutral,cache,SPY QQQ,XLY,AMZN HD MCD NKE,0,0.0503,-0.0534,-0.0639,2,0,“TRUMP ON TESLA TERRORISM”,0.0125,0.0081,0.0075,0.013,0.0259,NEUTRAL,0.0658,0.0596,0.0572,0.075,0.0366,NEUTRAL,0.193,0.1667,0.1466,0.184,0.0449,NEUTRAL,0.1659,0.1511,0.1249,0.1464,0.0579,NEUTRAL,0.2117,0.2092,0.1703,0.1984,0.0819,NEUTRAL,0.1665,0.1888,0.1649,0.1782,0.1003,NEUTRAL,0.0344,0.0994,0.0847,0.0868,0.1187,NEUTRAL,-0.0019,NEUTRAL,-0.0001,NEUTRAL
114194879718374915,2025-03-20,NVDA,NVIDIA,direct,neutral,cache,SPY QQQ DIA,XLK SMH,AAPL MSFT AMD AVGO INTC TSM,0,0.0422,0.0181,-0.0341,3,1,âNvidia to spend hundreds of billions in U.S. during Trump's termâ https://www.axios.com/2025/03/20/nvidia-spend-hundreds-billions-us-during-trump-term,0.017,0.0123,0.0106,0.0116,0.0211,NEUTRAL,0.0099,0.0037,0.0072,-0.0036,0.0298,NEUTRAL,0.0417,0.0175,0.0165,0.0164,0.0365,NEUTRAL,-0.0239,-0.0395,-0.0202,-0.0256,0.0472,NEUTRAL,-0.0526,-0.0582,-0.022,-0.0296,0.0667,NEUTRAL,-0.019,0.0046,0.0322,0.0557,0.0817,NEUTRAL,-0.1292,-0.0654,-0.0114,-0.0095,0.0967,NEUTRAL,0.0,NEUTRAL,0.0133,NEUTRAL
114195442142009895,2025-03-20,AAPL,Apple,direct,neutral,cache,SPY QQQ DIA,XLK,MSFT NVDA AMD AVGO,0,0.0177,0.012,0.0082,3,0,Financial Times: “The huge spending projection from the world’s most valuable semiconductor group (Nvidia) follows multibillion-dollar US investment plans announced by other technology companies inclu,0.0317,0.0213,0.0163,0.0173,0.0088,NEUTRAL,0.0433,0.0148,0.0087,0.0114,0.0124,NEUTRAL,0.0576,0.026,0.0196,0.026,0.0152,NEUTRAL,0.0581,0.0421,0.0526,0.0754,0.0196,NEUTRAL,-0.0396,-0.0014,0.0323,0.0799,0.0278,NEUTRAL,-0.0999,-0.0438,-0.024,-0.0176,0.034,NEUTRAL,-0.087,-0.0041,0.0199,0.0571,0.0402,NEUTRAL,0.0006,NEUTRAL,-0.0049,NEUTRAL
114195442142009895,2025-03-20,NVDA,NVIDIA,direct,neutral,cache,SPY QQQ DIA,XLK SMH,AAPL MSFT AMD AVGO INTC TSM,0,0.0422,0.0181,-0.0341,3,0,Financial Times: “The huge spending projection from the world’s most valuable semiconductor group (Nvidia) follows multibillion-dollar US investment plans announced by other technology companies inclu,0.0065,-0.0039,-0.0057,-0.0132,0.0211,NEUTRAL,0.0382,0.0097,0.0033,0.0072,0.0299,NEUTRAL,0.0321,0.0005,-0.0024,-0.0006,0.0366,NEUTRAL,-0.0471,-0.0631,-0.0386,-0.0538,0.0472,NEUTRAL,-0.1295,-0.0913,-0.0325,-0.0546,0.0668,NEUTRAL,-0.0801,-0.024,0.0175,0.0378,0.0818,NEUTRAL,-0.1713,-0.0884,-0.0394,-0.0355,0.0968,NEUTRAL,0.001,NEUTRAL,0.0039,NEUTRAL
114198186465713235,2025-03-21,TSLA,Tesla,direct,negative,cache,SPY QQQ,XLY,AMZN HD MCD NKE,0,0.052,0.0017,-0.0074,4,1,"The Fake News is at it again, this time the Failing New York Times. They said, incorrectly, that Elon Musk is going to the Pentagon tomorrow to be briefed on any potential “war with China.” How ridicu",0.0584,0.0471,0.0426,0.0511,0.026,NEUTRAL,0.1847,0.1532,0.1309,0.1621,0.0368,NEUTRAL,0.2262,0.1905,0.164,0.2127,0.045,NEUTRAL,0.1623,0.1466,0.1133,0.1369,0.0581,NEUTRAL,0.1374,0.1816,0.152,0.1695,0.0822,NEUTRAL,0.0741,0.1338,0.1048,0.1037,0.1007,NEUTRAL,-0.0319,0.0512,0.0373,0.0418,0.1191,NEUTRAL,0.0386,NEUTRAL,0.0215,NEUTRAL
114200175082806882,2025-03-21,TSLA,Tesla,direct,negative,cache,SPY QQQ,XLY,AMZN HD MCD NKE,0,0.052,0.0017,-0.0074,4,1,"“Elon Musk will be briefed by the Pentagon about the USA’s top secret plans against China should there be a War,”according to the Failing New York Times, one of the worst and most purposely inaccurate",0.0584,0.0471,0.0426,0.0511,0.026,NEUTRAL,0.1847,0.1532,0.1309,0.1621,0.0368,NEUTRAL,0.2262,0.1905,0.164,0.2127,0.045,NEUTRAL,0.1623,0.1466,0.1133,0.1369,0.0581,NEUTRAL,0.1374,0.1816,0.152,0.1695,0.0822,NEUTRAL,0.0741,0.1338,0.1048,0.1037,0.1007,NEUTRAL,-0.0319,0.0512,0.0373,0.0418,0.1191,NEUTRAL,0.0386,NEUTRAL,0.0215,NEUTRAL
114200244380161257,2025-03-21,TSLA,Tesla,direct,neutral,cache,SPY QQQ,XLY,AMZN HD MCD NKE,0,0.052,0.0017,-0.0074,4,1,"I look forward to watching the sick terrorist thugs get 20 year jail sentences for what they are doing to Elon Musk and Tesla. Perhaps they could serve them in the prisons of El Salvador, which have b",0.0584,0.0471,0.0426,0.0511,0.026,NEUTRAL,0.1847,0.1532,0.1309,0.1621,0.0368,NEUTRAL,0.2262,0.1905,0.164,0.2127,0.045,NEUTRAL,0.1623,0.1466,0.1133,0.1369,0.0581,NEUTRAL,0.1374,0.1816,0.152,0.1695,0.0822,NEUTRAL,0.0741,0.1338,0.1048,0.1037,0.1007,NEUTRAL,-0.0319,0.0512,0.0373,0.0418,0.1191,NEUTRAL,0.0386,NEUTRAL,0.0215,NEUTRAL
114205890583765400,2025-03-22,DJT,Trump Media & Technology Group,direct,positive,cache,SPY,,,1,0.0402,0.011,0.008,5,1,"While the State of Maine has apologized for their Governor’s strong, but totally incorrect, statement about men playing in women’s sports while at the White House House Governor’s Conference, we have ",0.014,0.0082,,,0.0201,NA,0.1038,0.0956,,,0.0284,NA,0.0106,0.0145,,,0.0348,NA,-0.043,-0.0164,,,0.045,NA,-0.1752,-0.0604,,,0.0636,NA,-0.0883,-0.0237,,,0.0779,NA,0.1414,0.2177,,,0.0922,NA,,NA,,NA
114212946787400937,2025-03-23,DJT,Trump Media & Technology Group,direct,negative,cache,SPY,,,1,0.0402,0.011,0.008,6,1,But he doesn’t mind if criminals come into our Country. He is a Constitutional disaster! DJT,0.014,0.0082,,,0.0201,NA,0.1038,0.0956,,,0.0284,NA,0.0106,0.0145,,,0.0348,NA,-0.043,-0.0164,,,0.045,NA,-0.1752,-0.0604,,,0.0636,NA,-0.0883,-0.0237,,,0.0779,NA,0.1414,0.2177,,,0.0922,NA,,NA,,NA
114259522932730072,2025-03-31,TSLA,Tesla,direct,neutral,cache,SPY QQQ,XLY,AMZN HD MCD NKE,0,0.0588,-0.0167,-0.0474,0,1,“House GOP campaign chairman says voters will ‘reward us’ for the Trump-Musk DOGE cuts” https://apnews.com/article/musk-doge-trump-republicans-2026-elections-hudson-b853ea4198ad6f967b1acfc4e2954833,0.0177,0.0087,0.006,0.0085,0.0294,NEUTRAL,0.0719,0.0561,0.0409,0.0538,0.0416,NEUTRAL,0.0132,0.0496,0.0445,0.0496,0.051,NEUTRAL,-0.1157,-0.0214,-0.0316,-0.051,0.0658,NEUTRAL,-0.0434,-0.0165,-0.0082,-0.0186,0.093,NEUTRAL,-0.0979,-0.0464,-0.0419,-0.0455,0.1139,NEUTRAL,0.0696,0.0635,0.0693,0.0838,0.1348,NEUTRAL,0.0806,NEUTRAL,0.0277,NEUTRAL
114265268833712885,2025-04-01,TSLA,Tesla,direct,positive,cache,SPY QQQ,XLY,AMZN HD MCD NKE,0,0.0586,0.0359,-0.0171,1,1,"“Judges are just pretending to be Judges! They are making the law instead of deciding the law!” — Elon Musk. In other words, they are totally out of control, in complete violation of our Constitution.",0.1106,0.0913,0.0729,0.094,0.0293,UP,0.0498,0.0829,0.0748,0.0836,0.0414,UP,-0.0596,0.0319,0.0075,0.005,0.0508,NEUTRAL,-0.1286,-0.0221,-0.0286,-0.0456,0.0655,NEUTRAL,-0.0019,0.0225,0.034,0.0312,0.0927,NEUTRAL,-0.0152,0.0149,0.0135,0.0121,0.1135,NEUTRAL,0.1018,0.082,0.0895,0.1062,0.1343,NEUTRAL,-0.008,NEUTRAL,-0.02,NEUTRAL
114296933498836216,2025-04-07,DJT,Trump Media & Technology Group,direct,neutral,cache,SPY,,,1,0.0493,-0.0717,-0.1565,0,0,Seeing the World Champion Los Angeles Dodgers at 11:00 A.M. Exciting!!! DJT,-0.0798,-0.0312,,,0.0218,NEUTRAL,0.1196,0.0683,,,0.0308,NEUTRAL,0.0378,0.0326,,,0.0378,NEUTRAL,0.0456,0.0125,,,0.0488,NEUTRAL,0.3063,0.2959,,,0.069,NEUTRAL,0.3797,0.3175,,,0.0845,NEUTRAL,0.3366,0.2614,,,0.0999,NEUTRAL,,NEUTRAL,,NEUTRAL
114307832213562859,2025-04-09,AAPL,Apple,direct,negative,cache,SPY QQQ DIA,XLK,MSFT NVDA AMD AVGO,0,0.0307,-0.0498,-0.1514,2,1,"This is a GREAT time to move your COMPANY into the United States of America, like Apple, and so many others, in record numbers, are doing. ZERO TARIFFS, and almost immediate Electrical/Energy hook ups",0.1564,0.0482,0.0245,0.0016,0.0154,NEUTRAL,0.1074,0.0406,0.0282,0.0242,0.0217,NEUTRAL,0.1524,0.0671,0.051,0.0247,0.0266,NEUTRAL,0.1756,0.0833,0.0601,0.0508,0.0344,NEUTRAL,0.1899,0.1087,0.0903,0.1093,0.0486,NEUTRAL,0.2358,0.1156,0.07,0.0772,0.0595,NEUTRAL,0.1485,0.0041,-0.0612,-0.113,0.0704,NEUTRAL,-0.028,DOWN,0.0148,NEUTRAL
114308228615083777,2025-04-09,JPM,JPMorgan Chase,direct,negative,cache,SPY DIA,XLF,BAC WFC GS MS,0,0.0267,0.0113,-0.0458,2,1,"“Fixing Trade and Tariffs is a good thing!” Jamie Dimon, JPMorgan Chase, Chairman & CEO, on Maria B Show!",0.1028,0.0011,0.0105,-0.0129,0.0134,NEUTRAL,0.0688,0.0054,0.007,-0.0003,0.0189,NEUTRAL,0.1115,0.0303,0.0322,0.0359,0.0231,NEUTRAL,0.0971,0.0098,0.0039,-0.0231,0.0299,NEUTRAL,0.1336,0.0587,0.0299,-0.0073,0.0422,NEUTRAL,0.1512,0.0429,0.0235,-0.0268,0.0517,NEUTRAL,0.1928,0.0637,0.0397,-0.0436,0.0612,NEUTRAL,0.0,NEUTRAL,0.0006,NEUTRAL
114308272725981913,2025-04-09,DJT,Trump Media & Technology Group,direct,positive,cache,SPY,,,1,0.0441,-0.0381,-0.0951,2,0,THIS IS A GREAT TIME TO BUY!!! DJT,-0.0953,-0.0811,,,0.0328,NA,-0.0905,-0.0938,,,0.0464,NA,-0.0886,-0.1016,,,0.0568,NA,-0.0496,-0.0374,,,0.0734,NA,0.259,0.2317,,,0.1037,NA,0.1907,0.1412,,,0.127,NA,0.1984,0.1379,,,0.1503,NA,,NA,,NA
114313667304867320,2025-04-10,DJT,Trump Media & Technology Group,direct,positive,cache,SPY,,,1,0.0656,0.2167,0.1861,3,1,"Great News! “The Big, Beautiful Bill” is coming along really well. Republicans are working together nicely. Biggest Tax Cuts in USA History!!! Getting close. DJT",-0.0953,-0.0811,,,0.0328,NA,-0.0905,-0.0938,,,0.0464,NA,-0.0886,-0.1016,,,0.0568,NA,-0.0496,-0.0374,,,0.0734,NA,0.259,0.2317,,,0.1037,NA,0.1907,0.1412,,,0.127,NA,0.1984,0.1379,,,0.1503,NA,,NA,,NA
114319533589155171,2025-04-11,DJT,Trump Media & Technology Group,direct,negative,cache,SPY,,,1,0.0669,-0.073,0.0849,4,1,"We are doing really well on our TARIFF POLICY.  Very exciting for America, and the World!!! It is moving along quickly.  DJT",-0.0063,-0.0272,,,0.0334,NA,-0.0042,-0.035,,,0.0473,NA,0.05,0.0221,,,0.0579,NA,0.1594,0.1529,,,0.0748,NA,0.3751,0.3222,,,0.1058,NA,0.3398,0.2562,,,0.1295,NA,0.3493,0.2346,,,0.1533,NA,,NA,,NA
114319659315817918,2025-04-11,DJT,Trump Media & Technology Group,direct,neutral,cache,SPY,,,1,0.0669,-0.073,0.0849,4,0,"The House and Senate should push hard for more Daylight at the end of a day. Very popular and, most importantly, no more changing of the clocks, a big inconvenience and, for our government, A VERY COS",-0.0217,-0.0126,,,0.0329,NEUTRAL,0.0315,0.0434,,,0.0465,NEUTRAL,0.0202,0.054,,,0.057,NEUTRAL,0.1623,0.2177,,,0.0736,NEUTRAL,0.3349,0.3224,,,0.104,NEUTRAL,0.2537,0.218,,,0.1274,NEUTRAL,0.3602,0.2816,,,0.1508,NEUTRAL,,NEUTRAL,,NEUTRAL
114336879485867419,2025-04-14,NVDA,NVIDIA,direct,neutral,cache,SPY QQQ DIA,XLK SMH,AAPL MSFT AMD AVGO INTC TSM,0,0.0546,0.0312,0.1519,0,0,“NVIDIA to Manufacture American-Made AI Supercomputers in US for First Time” https://blogs.nvidia.com/blog/nvidia-manufacture-american-made-ai-supercomputers-us/,0.0111,0.0145,0.0094,0.0126,0.0272,NEUTRAL,-0.0584,-0.0319,-0.0215,-0.0178,0.0385,NEUTRAL,-0.0854,-0.055,-0.0414,-0.0344,0.0472,NEUTRAL,-0.1089,-0.0797,-0.0623,-0.0639,0.0609,NEUTRAL,-0.0176,-0.0387,-0.0579,-0.0481,0.0862,NEUTRAL,0.0232,-0.0075,-0.0416,-0.0482,0.1055,NEUTRAL,0.2196,0.134,0.0238,0.0149,0.1249,NEUTRAL,0.0079,NEUTRAL,0.0069,NEUTRAL
114341773968885783,2025-04-15,NVDA,NVIDIA,direct,neutral,cache,SPY QQQ DIA,XLK SMH,AAPL MSFT AMD AVGO INTC TSM,0,0.0545,-0.002,-0.0317,1,1,"NVIDIA COMMITS 500 BILLION DOLLARS TO BUILD A.I. SUPERCOMPUTERS, PLUS, IN THE UNITED STATES, EXCLUSIVELY. This is very big and exciting news. All necessary permits will be expedited and quickly delive",0.0111,0.0145,0.0094,0.0126,0.0272,NEUTRAL,-0.0584,-0.0319,-0.0215,-0.0178,0.0385,NEUTRAL,-0.0854,-0.055,-0.0414,-0.0344,0.0472,NEUTRAL,-0.1089,-0.0797,-0.0623,-0.0639,0.0609,NEUTRAL,-0.0176,-0.0387,-0.0579,-0.0481,0.0862,NEUTRAL,0.0232,-0.0075,-0.0416,-0.0482,0.1055,NEUTRAL,0.2196,0.134,0.0238,0.0149,0.1249,NEUTRAL,-0.0106,NEUTRAL,-0.001,NEUTRAL
114342518862792060,2025-04-15,BA,Boeing,direct,negative,cache,SPY DIA,XLI ITA,CAT GE RTX UNP LMT NOC GD,0,0.0516,0.0156,-0.0096,1,0,"Our farmers are GREAT, but because of their GREATNESS, they are always put on the Front Line with our adversaries, such as China, whenever there is a Trade negotiation or, in this case, a Trade War. T",0.0136,0.0262,0.0186,0.0187,0.0259,NEUTRAL,0.0488,0.0671,0.0514,0.0541,0.0367,NEUTRAL,0.0322,0.0744,0.0563,0.0547,0.0449,NEUTRAL,0.1166,0.1208,0.1134,0.1455,0.058,NEUTRAL,0.187,0.1603,0.1415,0.2054,0.082,NEUTRAL,0.202,0.1632,0.1336,0.2206,0.1004,NEUTRAL,0.336,0.2542,0.2011,0.2928,0.1188,NEUTRAL,0.004,NEUTRAL,0.0065,NEUTRAL
114359040827344338,2025-04-18,DJT,Trump Media & Technology Group,direct,positive,cache,SPY,,,1,0.0707,0.1165,0.1643,4,1,"Prime Minister Georgia Meloni of Italy was great yesterday in her visit to the White House. She loves her country, and the impression she left on everyone was FANTASTIC!!!  DJT",0.0546,0.0686,,,0.0354,NA,0.109,0.0973,,,0.05,NA,0.237,0.2097,,,0.0613,NA,0.2258,0.1692,,,0.0791,NA,0.1944,0.1069,,,0.1118,NA,0.1672,0.0843,,,0.137,NA,0.1756,0.0342,,,0.1621,NA,,NA,,NA
114372126396548824,2025-04-20,AMD,AMD,direct,positive,cache,SPY QQQ,XLK SMH,AAPL MSFT NVDA AVGO INTC TSM,0,0.0707,-0.0089,-0.0741,6,1,"HOPEFULLY RUSSIA AMD UKRAINE WILL MAKE A DEAL THIS WEEK. BOTH WILL THEN START TO DO BIG BUSINESS WITH THE UNITED STATES OF AMERICA, WHICH IS THRIVING, AND MAKE A FORTUNE!",-0.0053,0.0075,0.0026,0.0021,0.0353,NEUTRAL,0.0028,-0.0102,-0.0121,-0.0105,0.05,NEUTRAL,0.0508,0.0185,0.0026,-0.0046,0.0612,NEUTRAL,0.1236,0.0561,0.0134,0.0318,0.079,NEUTRAL,0.1486,0.0471,-0.0018,-0.0287,0.1117,NEUTRAL,0.1955,0.0974,0.031,0.0166,0.1368,NEUTRAL,0.3339,0.1676,0.0649,0.0553,0.1619,NEUTRAL,0.0,NEUTRAL,0.0013,NEUTRAL
114379314291410399,2025-04-22,DJT,Trump Media & Technology Group,direct,positive,cache,SPY,,,1,0.0708,0.0204,0.1268,1,1,"I have agreed to do the Commencement Address at two really GREAT places, the University of Alabama and, WEST POINT. Stay tuned for times and dates!!!  DJT",0.0359,0.0222,,,0.0354,NA,0.1555,0.1261,,,0.0501,NA,0.1454,0.0944,,,0.0613,NA,0.1314,0.0724,,,0.0791,NA,0.0626,-0.0207,,,0.1119,NA,0.1235,0.0027,,,0.1371,NA,0.0902,-0.0496,,,0.1622,NA,,NA,,NA
114393194962253226,2025-04-24,AAPL,Apple,direct,negative,cache,SPY QQQ DIA,XLK,MSFT NVDA AMD AVGO,0,0.05,0.0243,0.0387,3,0,"Harvard is an Anti-Semitic, Far Left Institution, as are numerous others, with students being accepted from all over the World that want to rip our Country apart. The place is a Liberal mess, allowing",0.0141,0.0067,-0.0038,-0.0184,0.0251,NEUTRAL,0.0183,0.0098,0.0021,-0.0054,0.0355,NEUTRAL,0.0235,0.0082,0.0025,0.0019,0.0435,NEUTRAL,0.0337,0.0097,-0.0066,-0.0164,0.0562,NEUTRAL,-0.043,-0.0811,-0.1068,-0.148,0.0794,DOWN,0.026,-0.0577,-0.1188,-0.2127,0.0973,NEUTRAL,-0.0525,-0.1165,-0.16,-0.2556,0.1151,DOWN,-0.0076,DOWN,-0.0183,DOWN
114393469355437462,2025-04-24,BA,Boeing,direct,neutral,cache,SPY DIA,XLI ITA,CAT GE RTX UNP LMT NOC GD,0,0.0517,0.0606,0.0647,3,0,"Boeing should default China for not taking the beautifully finished planes that China committed to purchase. This is just a small example of what China has done to the USA, for years… And, by the way,",0.0082,0.0031,0.0021,0.0038,0.0258,NEUTRAL,0.0329,0.026,0.0218,0.022,0.0365,NEUTRAL,0.0312,0.0175,0.0146,0.0221,0.0448,NEUTRAL,0.0362,0.016,0.0052,0.0115,0.0578,NEUTRAL,0.0861,0.0518,0.0244,0.0451,0.0817,NEUTRAL,0.1685,0.0989,0.0593,0.0898,0.1001,NEUTRAL,0.1465,0.0959,0.0412,0.1086,0.1184,NEUTRAL,0.0001,NEUTRAL,0.0045,NEUTRAL
114414863742664682,2025-04-28,AMZN,Amazon,indirect,positive,cache,SPY QQQ DIA,XLY,TSLA HD MCD NKE,0,0.0433,0.0131,0.0913,0,1,"Great Pollster John McLaughlin, one of the most highly respected in the industry, has just stated that The Failing New York Times Poll, and the ABC/Washington Post Poll, about a person named DONALD J.",-0.0127,-0.0123,-0.0091,-0.0075,0.0217,NEUTRAL,-0.0143,-0.0207,-0.0178,-0.0141,0.0306,NEUTRAL,-0.0299,-0.0373,-0.0243,-0.0215,0.0375,NEUTRAL,-0.0007,-0.0304,-0.0161,-0.0051,0.0484,NEUTRAL,0.0155,-0.0116,-0.0048,0.004,0.0685,NEUTRAL,0.0814,0.0006,-0.0159,0.003,0.0839,NEUTRAL,0.0837,0.0071,-0.0096,0.0222,0.0993,NEUTRAL,-0.0386,NEUTRAL,-0.0072,NEUTRAL
114414928875781139,2025-04-28,DJT,Trump Media & Technology Group,direct,neutral,cache,SPY,,,1,0.0692,-0.0004,0.1053,0,1,"Warren Zeiders is FANTASTIC. Go to his concerts, and ENJOY! DJT",-0.016,-0.015,,,0.0346,NEUTRAL,-0.0484,-0.0537,,,0.0489,NEUTRAL,-0.0651,-0.0709,,,0.0599,NEUTRAL,-0.0297,-0.0576,,,0.0774,NEUTRAL,-0.0518,-0.0753,,,0.1094,NEUTRAL,-0.0232,-0.1009,,,0.134,NEUTRAL,-0.1219,-0.194,,,0.1585,NEUTRAL,,NEUTRAL,,NEUTRAL
114421082367450202,2025-04-29,DJT,Trump Media & Technology Group,direct,positive,cache,SPY,,,1,0.0689,-0.0119,-0.0208,1,1,"100 VERY SPECIAL DAYS. MAKE AMERICA GREAT AGAIN!!!Danielle Alvarez of the RNC, and Paul Perez of Border Patrol, were GREAT on Fox & Friends (First). Thank you both! DJT",-0.0295,-0.0394,,,0.0344,NA,-0.0466,-0.0569,,,0.0487,NA,-0.0392,-0.0567,,,0.0597,NA,-0.0575,-0.0841,,,0.077,NA,-0.0035,-0.0656,,,0.1089,NA,-0.026,-0.1097,,,0.1334,NA,-0.1651,-0.2358,,,0.1579,NA,,NA,,NA
114432954072144063,2025-05-01,NVDA,NVIDIA,direct,positive,cache,SPY QQQ DIA,XLK SMH,AAPL MSFT AMD AVGO INTC TSM,0,0.0573,-0.0009,-0.0188,3,0,"NVIDIA CEO Jensen Huang: ""We're going to build NVIDIA's technology, the next generation of that, all here in the United States. Without the President's leadership, his policies, his support, and very ",0.0028,-0.001,-0.0022,0.0014,0.0288,NEUTRAL,-0.0032,-0.0024,-0.0022,0.0044,0.0407,NEUTRAL,-0.0056,0.0043,0.0041,0.0116,0.0498,NEUTRAL,0.0279,0.0248,0.0133,0.011,0.0644,NEUTRAL,0.1809,0.1338,0.07,0.1089,0.091,NEUTRAL,0.1633,0.1277,0.0789,0.09,0.1115,NEUTRAL,0.2032,0.1516,0.1046,0.1254,0.1319,NEUTRAL,0.0029,NEUTRAL,0.0325,UP
114432976140064253,2025-05-01,JNJ,Johnson & Johnson,direct,positive,cache,SPY DIA,XLV,UNH PFE MRK ABBV,0,0.0156,0.0026,0.0112,3,0,"It was my great honor to recognize some of the businesses making massive new investments right here in the United States of America—Hyundai, CMA CGM, Worldwide Amazon Stores, Venture Global LNG, Sieme",0.0003,-0.003,0.0022,0.002,0.0078,NEUTRAL,-0.0069,-0.0064,-0.0022,-0.0011,0.011,NEUTRAL,-0.0103,-0.0007,0.0219,0.0391,0.0135,NEUTRAL,-0.0026,-0.0055,0.0309,0.0489,0.0174,NEUTRAL,-0.0414,-0.0784,0.0186,0.0489,0.0246,NEUTRAL,-0.0222,-0.0474,0.0372,0.0479,0.0301,NEUTRAL,0.0042,-0.0354,0.048,0.0724,0.0357,NEUTRAL,-0.0015,NEUTRAL,0.0032,UP
114432976140064253,2025-05-01,MRK,Merck,direct,positive,cache,SPY DIA,XLV,UNH JNJ PFE ABBV,0,0.0245,0.0058,0.0297,3,0,"It was my great honor to recognize some of the businesses making massive new investments right here in the United States of America—Hyundai, CMA CGM, Worldwide Amazon Stores, Venture Global LNG, Sieme",-0.012,-0.0153,-0.0101,-0.0121,0.0125,NEUTRAL,-0.016,-0.0155,-0.0114,-0.0149,0.0176,NEUTRAL,-0.0612,-0.0516,-0.029,-0.0338,0.0216,NEUTRAL,-0.0777,-0.0805,-0.0442,-0.0351,0.0278,NEUTRAL,-0.1115,-0.1485,-0.0515,-0.0513,0.0394,NEUTRAL,-0.0754,-0.1006,-0.0161,-0.0266,0.0482,NEUTRAL,-0.0943,-0.134,-0.0506,-0.0657,0.0571,NEUTRAL,-0.0059,NEUTRAL,0.0004,NEUTRAL
114432976140064253,2025-05-01,ABBV,AbbVie,direct,positive,cache,SPY,XLV,UNH JNJ PFE MRK,0,0.028,0.0082,0.0486,3,0,"It was my great honor to recognize some of the businesses making massive new investments right here in the United States of America—Hyundai, CMA CGM, Worldwide Amazon Stores, Venture Global LNG, Sieme",0.0169,0.0133,0.0188,0.0186,0.014,NEUTRAL,0.0046,0.0068,0.0093,0.0161,0.0198,NEUTRAL,-0.0411,-0.0306,-0.009,-0.0054,0.0242,NEUTRAL,-0.0491,-0.0497,-0.0156,-0.0041,0.0313,NEUTRAL,-0.0691,-0.1147,-0.0091,0.0124,0.0443,NEUTRAL,-0.0647,-0.0972,-0.0053,-0.0105,0.0542,NEUTRAL,-0.0419,-0.0915,0.0018,0.0129,0.0642,NEUTRAL,0.0051,UP,0.0067,UP
114432976140064253,2025-05-01,AMZN,Amazon,direct,positive,cache,SPY QQQ DIA,XLY,TSLA HD MCD NKE,0,0.0423,-0.0158,-0.0242,3,0,"It was my great honor to recognize some of the businesses making massive new investments right here in the United States of America—Hyundai, CMA CGM, Worldwide Amazon Stores, Venture Global LNG, Sieme",-0.0076,-0.0114,-0.0125,-0.015,0.0213,NEUTRAL,-0.0266,-0.0258,-0.0208,-0.0216,0.0302,NEUTRAL,-0.0336,-0.0237,-0.0191,-0.0227,0.037,NEUTRAL,0.0033,0.0002,-0.0016,-0.0004,0.0477,NEUTRAL,0.0717,0.0247,-0.004,0.0097,0.0675,NEUTRAL,0.0609,0.0253,0.0005,0.0255,0.0826,NEUTRAL,0.0795,0.0279,0.0104,0.0358,0.0978,NEUTRAL,0.0038,UP,0.0152,UP
114438304481024140,2025-05-02,DJT,Trump Media & Technology Group,direct,negative,cache,SPY,,,1,0.0667,0.0077,-0.0426,4,1,"Gasoline just broke $1.98 a Gallon, lowest in years, groceries (and eggs!) down, energy down, mortgage rates down, employment strong, and much more good news, as Billions of Dollars pour in from Tarif",0.0266,0.023,,,0.0334,NA,-0.0222,-0.02,,,0.0472,NA,-0.0407,-0.0302,,,0.0578,NA,0.0133,0.0127,,,0.0746,NA,0.0069,-0.0387,,,0.1055,NA,-0.0093,-0.0418,,,0.1292,NA,-0.1378,-0.1874,,,0.1529,NA,,NA,,NA
114478780390671313,2025-05-09,BA,Boeing,direct,negative,cache,SPY DIA,XLI ITA,CAT GE RTX UNP LMT NOC GD,0,0.0206,0.0331,0.0281,4,0,"I just watched an exhausted, highly neurotic Stephanie Ruhle spew LIES about Tariffs, as do many others, in order not to give me the Victory that they all see coming. Few people know Stephanie Ruhle, ",0.0019,-0.0009,0.0072,0.0026,0.0091,NEUTRAL,0.0265,0.0236,0.0245,0.0213,0.0129,NEUTRAL,0.0331,0.0307,0.0329,0.0275,0.0158,NEUTRAL,0.0387,0.0231,0.0128,0.0145,0.0204,NEUTRAL,0.0212,0.0307,0.0085,0.0204,0.0288,NEUTRAL,0.0672,0.0562,0.0265,0.0552,0.0353,NEUTRAL,0.0887,0.0618,0.0399,0.0654,0.0418,NEUTRAL,-0.0023,NEUTRAL,0.0019,NEUTRAL
114494372667836601,2025-05-12,DJT,Trump Media & Technology Group,direct,neutral,cache,SPY,,,1,0.0422,-0.0099,0.0458,0,1,"DRUG PRICES TO BE CUT BY 59%, PLUS! Gasoline, Energy, Groceries, and all other costs, DOWN. NO INFLATION!!! LOVE, DJT",-0.0299,-0.0325,,,0.0211,NEUTRAL,-0.0045,-0.0138,,,0.0299,NEUTRAL,-0.0155,-0.026,,,0.0366,NEUTRAL,-0.0303,-0.0522,,,0.0472,NEUTRAL,-0.0272,-0.0232,,,0.0668,NEUTRAL,-0.191,-0.2103,,,0.0818,NEUTRAL,-0.2092,-0.2463,,,0.0967,NEUTRAL,,NEUTRAL,,NEUTRAL
114503203859060399,2025-05-13,BA,Boeing,direct,positive,cache,SPY DIA,XLI ITA,CAT GE RTX UNP LMT NOC GD,0,0.0185,0.0246,0.0611,1,1,"The Boeing 747 is being given to the United States Air Force/Department of Defense, NOT TO ME! It is a gift from a Nation, Qatar, that we have successfully defended for many years. It will be used by ",-0.0052,-0.0032,-0.0017,0.0006,0.0092,NEUTRAL,0.0021,-0.0018,-0.0104,-0.0145,0.0131,NEUTRAL,0.0001,-0.011,-0.022,-0.0255,0.016,NEUTRAL,0.0091,-0.0014,-0.0173,-0.0238,0.0207,NEUTRAL,-0.0209,-0.0204,-0.0494,-0.0364,0.0292,NEUTRAL,0.03,0.0194,-0.0166,-0.0236,0.0358,NEUTRAL,-0.01,-0.0339,-0.0548,-0.0369,0.0423,NEUTRAL,0.0287,UP,0.0202,UP
114526479593964662,2025-05-18,BA,Boeing,direct,neutral,cache,SPY DIA,XLI ITA,CAT GE RTX UNP LMT NOC GD,0,0.0162,-0.002,0.0118,6,1,"Why doesn’t Chairman Bob Iger do something about ABC Fake News, especially since I just won $16,000,000 based on the Fake and Defamatory reporting of Liddle’ George Slopadopolus. He was given warnings",0.0111,0.0002,-0.0024,0.0033,0.0081,NEUTRAL,0.023,0.0151,0.011,0.02,0.0115,NEUTRAL,0.001,0.0113,0.0053,0.0079,0.014,NEUTRAL,-0.0032,0.0132,0.002,0.0149,0.0181,NEUTRAL,0.0417,0.0378,0.0195,0.0249,0.0256,NEUTRAL,0.0715,0.0561,0.0288,0.0401,0.0314,NEUTRAL,-0.0135,-0.0208,-0.041,-0.0407,0.0372,NEUTRAL,-0.0305,NEUTRAL,-0.0082,NEUTRAL
114556874484491575,2025-05-23,AAPL,Apple,direct,negative,cache,SPY QQQ DIA,XLK,MSFT NVDA AMD AVGO,0,0.0194,-0.0036,-0.0355,4,1,"I have long ago informed Tim Cook of Apple that I expect their iPhone’s that will be sold in the United States of America will be manufactured and built in the United States, not India, or anyplace el",0.0083,0.0025,0.0018,-0.0006,0.0097,NEUTRAL,0.0338,0.0071,0.0034,-0.0066,0.0137,NEUTRAL,0.0349,0.0136,0.0087,-0.0057,0.0168,NEUTRAL,0.0371,0.0136,0.0124,0.0051,0.0217,NEUTRAL,0.0529,0.0123,-0.0048,-0.0286,0.0307,NEUTRAL,0.0144,-0.0186,-0.047,-0.0691,0.0376,NEUTRAL,0.0342,-0.0217,-0.0647,-0.1172,0.0445,NEUTRAL,-0.1591,DOWN,-0.0091,DOWN
114571147521146559,2025-05-25,AMZN,Amazon,direct,positive,cache,SPY QQQ DIA,XLY,TSLA HD MCD NKE,0,0.0224,-0.0104,-0.0151,6,1,"Clay Travis has a GREAT new book coming out November 4, 2025: “Balls: How Trump, Young Men, and Sports Saved America.” Clay is a highly talented commentator, who is tough, smart, and gifted with COMMO",0.0144,0.0058,-0.0036,-0.0056,0.0112,NEUTRAL,0.008,0.0047,-0.0007,-0.0003,0.0158,NEUTRAL,0.0129,0.0068,0.0037,0.007,0.0194,NEUTRAL,0.0175,0.0068,0.0116,0.0148,0.0251,NEUTRAL,0.0684,0.0452,0.0645,0.079,0.0354,UP,0.0641,0.0385,0.0594,0.1041,0.0434,NEUTRAL,0.0438,0.0061,0.0416,0.0748,0.0514,NEUTRAL,-0.0001,NEUTRAL,-0.0017,NEUTRAL
114593895018014960,2025-05-30,TSLA,Tesla,direct,neutral,cache,SPY QQQ,XLY,AMZN HD MCD NKE,0,0.0297,0.0043,0.0563,4,1,"I am having a Press Conference tomorrow at 1:30 P.M. EST, with Elon Musk, at the Oval Office. This will be his last day, but not really, because he will, always, be with us, helping all the way. Elon ",-0.0255,-0.0256,-0.0239,-0.0276,0.0148,NEUTRAL,-0.0361,-0.0429,-0.0368,-0.0444,0.021,NEUTRAL,-0.0316,-0.0453,-0.0377,-0.0433,0.0257,NEUTRAL,-0.1992,-0.2078,-0.1773,-0.2129,0.0332,NEUTRAL,-0.1024,-0.1287,-0.1004,-0.1184,0.0469,NEUTRAL,-0.0938,-0.107,-0.0777,-0.0664,0.0575,NEUTRAL,-0.1065,-0.1642,-0.1235,-0.1446,0.068,NEUTRAL,0.3435,NEUTRAL,0.0076,NEUTRAL
114598281297498204,2025-05-30,TSLA,Tesla,direct,neutral,cache,SPY QQQ,XLY,AMZN HD MCD NKE,0,0.0297,0.0043,0.0563,4,0,"Elon Musk: “This is not the end of DOGE, but really the beginning...The DOGE team will only grow stronger overtime...It is permeating throughout the government, and I am confident that, over time, we ",-0.0024,-0.0123,-0.0076,-0.0103,0.0156,NEUTRAL,0.0022,-0.0146,-0.0083,-0.0113,0.022,NEUTRAL,-0.0333,-0.0514,-0.0412,-0.0487,0.0269,NEUTRAL,-0.1408,-0.1627,-0.136,-0.1679,0.0348,NEUTRAL,-0.053,-0.0702,-0.0462,-0.0456,0.0492,NEUTRAL,0.0151,-0.0115,0.0073,0.0172,0.0602,NEUTRAL,-0.1246,-0.1809,-0.1505,-0.1765,0.0713,NEUTRAL,0.0032,NEUTRAL,-0.0002,NEUTRAL
114659078711716972,2025-06-10,DJT,Trump Media & Technology Group,direct,neutral,cache,SPY,,,1,0.0397,0.0153,-0.0302,1,1,"Will be going to Fort Bragg today. Big speech, amazing crowd! See you later!!! DJT",-0.0211,-0.0258,,,0.0199,NEUTRAL,-0.0393,-0.0412,,,0.0281,NEUTRAL,-0.0669,-0.0728,,,0.0344,NEUTRAL,-0.1259,-0.13,,,0.0444,NEUTRAL,-0.1475,-0.1614,,,0.0628,NEUTRAL,-0.1699,-0.202,,,0.077,NEUTRAL,-0.1138,-0.1595,,,0.0911,NEUTRAL,,NEUTRAL,,NEUTRAL
114682031038787625,2025-06-14,DJT,Trump Media & Technology Group,direct,neutral,cache,SPY,,,1,0.0377,-0.0206,-0.0665,5,1,This is a big day for America!!! DJT,-0.0561,-0.0599,,,0.0188,NEUTRAL,-0.0642,-0.0594,,,0.0266,NEUTRAL,-0.0612,-0.0562,,,0.0326,NEUTRAL,-0.0956,-0.0981,,,0.0421,NEUTRAL,-0.088,-0.1201,,,0.0596,NEUTRAL,-0.0268,-0.0631,,,0.073,NEUTRAL,-0.043,-0.0857,,,0.0863,NEUTRAL,,NEUTRAL,,NEUTRAL
114690267066155731,2025-06-16,DJT,Trump Media & Technology Group,direct,positive,cache,SPY,,,1,0.0377,-0.0206,-0.0665,0,1,"Our Nation’s ICE Officers have shown incredible strength, determination, and courage as they facilitate a very important mission, the largest Mass Deportation Operation of Illegal Aliens in History. E",-0.0561,-0.0599,,,0.0188,NA,-0.0642,-0.0594,,,0.0266,NA,-0.0612,-0.0562,,,0.0326,NA,-0.0956,-0.0981,,,0.0421,NA,-0.088,-0.1201,,,0.0596,NA,-0.0268,-0.0631,,,0.073,NA,-0.043,-0.0857,,,0.0863,NA,,NA,,NA
114700676310138971,2025-06-17,INTC,Intel,direct,neutral,cache,SPY QQQ,SMH,NVDA AMD TSM AVGO,0,0.029,0.0029,0.0014,1,1,“FBI asked spy agencies to destroy intel on alleged China plot to aid Joe Biden in 2020 election” https://justthenews.com/government/security/fbi-asked-spy-agencies-destroy-intel-alleged-china-plot-ai,0.0327,0.0346,0.0334,0.0347,0.0145,NEUTRAL,0.013,0.0181,0.0225,0.0142,0.0205,NEUTRAL,0.0183,0.0133,0.0215,0.0116,0.0251,NEUTRAL,0.0668,0.047,0.0195,0.0024,0.0324,NEUTRAL,0.0514,0.0114,-0.0189,-0.0336,0.0458,NEUTRAL,0.1446,0.0957,0.0505,0.0314,0.0561,NEUTRAL,0.11,0.0542,0.0053,-0.0546,0.0663,NEUTRAL,0.0076,NEUTRAL,0.0066,NEUTRAL
114712424314242751,2025-06-19,DJT,Trump Media & Technology Group,direct,positive,cache,SPY,,,1,0.0374,0.0032,-0.0487,3,1,"Just approved storm damage money for the Great State of Tennessee. Alabama, Arkansas, and North Carolina among the other states that were previously approved. My honor to do so! DJT",-0.0398,-0.033,,,0.0187,NA,-0.0366,-0.0396,,,0.0264,NA,-0.0194,-0.0334,,,0.0324,NA,-0.0404,-0.0629,,,0.0418,NA,0.0205,-0.0246,,,0.0591,NA,-0.0027,-0.0449,,,0.0724,NA,0.0366,-0.0142,,,0.0857,NA,,NA,,NA
114712560416441760,2025-06-19,DJT,Trump Media & Technology Group,direct,neutral,cache,SPY,,,1,0.0374,0.0032,-0.0487,3,1,https://truthsocial.com/@IStandWithTrump47/114712550508860920Thank you!!! DJT,-0.0398,-0.033,,,0.0187,NEUTRAL,-0.0366,-0.0396,,,0.0264,NEUTRAL,-0.0194,-0.0334,,,0.0324,NEUTRAL,-0.0404,-0.0629,,,0.0418,NEUTRAL,0.0205,-0.0246,,,0.0591,NEUTRAL,-0.0027,-0.0449,,,0.0724,NEUTRAL,0.0366,-0.0142,,,0.0857,NEUTRAL,,NEUTRAL,,NEUTRAL
114763873373477102,2025-06-29,DJT,Trump Media & Technology Group,direct,positive,cache,SPY,,,1,0.0271,-0.0236,-0.0445,6,1,"Jamie: You do such a GREAT job! So tough, so insightful, and so incredible! I watch you all the time, and you just never miss. Jamie, as President, I just wanted to tell you this, and THANK YOU for th",0.0309,0.0301,,,0.0136,NA,0.0131,0.0127,,,0.0192,NA,0.0394,0.0345,,,0.0235,NA,0.0703,0.0649,,,0.0303,NA,0.0446,0.0325,,,0.0429,NA,0.1,0.0816,,,0.0525,NA,0.0177,-0.0112,,,0.0622,NA,,NA,,NA
114764629478113280,2025-06-29,DJT,Trump Media & Technology Group,direct,neutral,cache,SPY,,,1,0.0271,-0.0236,-0.0445,6,1,Did Rand Paul Vote “NO” again tonight? What’s wrong with this guy??? DJT,0.0309,0.0301,,,0.0136,NEUTRAL,0.0131,0.0127,,,0.0192,NEUTRAL,0.0394,0.0345,,,0.0235,NEUTRAL,0.0703,0.0649,,,0.0303,NEUTRAL,0.0446,0.0325,,,0.0429,NEUTRAL,0.1,0.0816,,,0.0525,NEUTRAL,0.0177,-0.0112,,,0.0622,NEUTRAL,,NEUTRAL,,NEUTRAL
114764965108272159,2025-06-29,DJT,Trump Media & Technology Group,direct,positive,cache,SPY,,,1,0.0271,-0.0236,-0.0445,6,1,MAKE THE DEAL IN GAZA. GET THE HOSTAGES BACK!!! DJT,0.0309,0.0301,,,0.0136,NA,0.0131,0.0127,,,0.0192,NA,0.0394,0.0345,,,0.0235,NA,0.0703,0.0649,,,0.0303,NA,0.0446,0.0325,,,0.0429,NA,0.1,0.0816,,,0.0525,NA,0.0177,-0.0112,,,0.0622,NA,,NA,,NA
114768617892207090,2025-06-29,DJT,Trump Media & Technology Group,direct,positive,cache,SPY,,,1,0.0271,-0.0236,-0.0445,6,1,"Great Congressman Greg Steube is 100% correct. An unelected Senate Staffer (Parliamentarian), should not be allowed to hurt the Republicans Bill. Wants many fantastic things out. NO! DJT",0.0309,0.0301,,,0.0136,NA,0.0131,0.0127,,,0.0192,NA,0.0394,0.0345,,,0.0235,NA,0.0703,0.0649,,,0.0303,NA,0.0446,0.0325,,,0.0429,NA,0.1,0.0816,,,0.0525,NA,0.0177,-0.0112,,,0.0622,NA,,NA,,NA
114776149269773065,2025-07-01,TSLA,Tesla,direct,neutral,cache,SPY QQQ,XLY,AMZN HD MCD NKE,0,0.0448,-0.0184,-0.0302,1,1,"Elon Musk knew, long before he so strongly Endorsed me for President, that I was strongly against the EV Mandate. It is ridiculous, and was always a major part of my campaign. Electric cars are fine, ",0.0075,0.009,-0.0065,-0.0109,0.0224,NEUTRAL,0.0576,0.0533,0.0354,0.0436,0.0317,NEUTRAL,0.0566,0.0434,0.0289,0.0376,0.0388,NEUTRAL,-0.0022,-0.0078,-0.0134,-0.0062,0.0501,NEUTRAL,0.0413,0.0302,0.0235,0.0291,0.0709,NEUTRAL,0.1127,0.0921,0.0652,0.0832,0.0868,NEUTRAL,0.069,0.0376,0.032,0.0256,0.1027,NEUTRAL,-0.1508,NEUTRAL,-0.0462,NEUTRAL
114808616176041421,2025-07-06,TSLA,Tesla,direct,positive,cache,SPY QQQ,XLY,AMZN HD MCD NKE,0,0.0471,-0.001,-0.0073,6,1,"I am saddened to watch Elon Musk go completely “off the rails,” essentially becoming a TRAIN WRECK over the past five weeks. He even wants to start a Third Political Party, despite the fact that they ",0.0088,0.0123,0.0079,0.0088,0.0235,NEUTRAL,0.0221,0.0256,0.0245,0.035,0.0333,NEUTRAL,0.0155,0.0125,0.012,0.0184,0.0408,NEUTRAL,0.076,0.0752,0.0611,0.0727,0.0526,UP,0.1314,0.121,0.1131,0.142,0.0744,UP,0.0847,0.0621,0.0541,0.0715,0.0911,NEUTRAL,0.0614,0.0456,0.0594,0.0562,0.1078,NEUTRAL,-0.0499,NEUTRAL,-0.063,NEUTRAL
114824012434844395,2025-07-09,MCD,McDonald's,direct,positive,cache,SPY DIA,XLY,AMZN TSLA HD NKE,0,0.0107,-0.0063,-0.01,2,0,"Nevada: On Saturday, July 12th, GET OUT AND VOTE for Michael J. McDonald for Chair of the Republican Party, and the entire Executive Board: Jim Hindle, Barbara Hawn, Kathy Njus, Bruce Parks, and Jesse",0.0071,0.0034,-0.0018,-0.009,0.0054,NEUTRAL,0.0122,0.0136,0.003,0.0029,0.0076,NEUTRAL,0.0188,0.0181,0.0059,0.008,0.0093,NEUTRAL,0.0088,0.011,0.0085,0.012,0.012,NEUTRAL,0.0061,-0.0086,-0.0264,-0.0339,0.0169,NEUTRAL,0.0247,0.0158,0.0074,-0.0192,0.0207,NEUTRAL,0.0392,0.0378,0.0211,0.0075,0.0245,NEUTRAL,0.0002,NEUTRAL,0.0009,NEUTRAL
114829408208555940,2025-07-10,NVDA,NVIDIA,direct,negative,cache,SPY QQQ DIA,XLK SMH,AAPL MSFT AMD AVGO INTC TSM,0,0.0167,0.018,0.0222,3,0,"Tech Stocks, Industrial Stocks, & NASDAQ, HIT ALL-TIME, RECORD HIGHS! CRYPTO, “Through the Roof.” NVIDIA IS UP 47% SINCE TRUMP TARIFFS. USA is taking in Hundreds of Billions of Dollars in Tariffs. COU",0.0073,0.0064,0.0054,0.0055,0.0084,NEUTRAL,0.0021,-0.0014,0.0044,0.0041,0.0118,NEUTRAL,0.0426,0.0435,0.0309,0.0229,0.0145,NEUTRAL,0.0567,0.0476,0.0372,0.021,0.0187,NEUTRAL,0.0612,0.0452,0.0479,0.0258,0.0264,NEUTRAL,0.0864,0.076,0.0688,0.0283,0.0324,NEUTRAL,0.1159,0.0966,0.0837,0.0477,0.0383,NEUTRAL,0.0003,NEUTRAL,-0.0113,DOWN
114832570720111172,2025-07-11,DJT,Trump Media & Technology Group,direct,neutral,cache,SPY,,,1,0.0239,-0.0053,0.0107,4,1,"Congratulations to Bryan Bedford, who was just confirmed to head the FAA. A very talented guy!!!  DJT",-0.0154,-0.0168,,,0.012,NEUTRAL,-0.0282,-0.0315,,,0.0169,NEUTRAL,-0.0463,-0.0453,,,0.0207,NEUTRAL,0.0186,0.0101,,,0.0267,NEUTRAL,0.0159,-0.0028,,,0.0378,NEUTRAL,-0.0649,-0.0799,,,0.0463,NEUTRAL,-0.0968,-0.1199,,,0.0548,NEUTRAL,,NEUTRAL,,NEUTRAL
114835146294645750,2025-07-11,DJT,Trump Media & Technology Group,direct,neutral,cache,SPY,,,1,0.0239,-0.0053,0.0107,4,0,Tom Homan and Kristi Noem are doing a FANTASTIC job. Thank you both! DJT,-0.0071,-0.0097,,,0.012,NEUTRAL,-0.0255,-0.0239,,,0.017,NEUTRAL,0.0282,0.0265,,,0.0208,NEUTRAL,0.0141,0.007,,,0.0268,NEUTRAL,0.0402,0.0178,,,0.038,NEUTRAL,-0.0809,-0.0786,,,0.0465,NEUTRAL,-0.0636,-0.084,,,0.055,NEUTRAL,,NEUTRAL,,NEUTRAL
114858589029028619,2025-07-15,BA,Boeing,direct,negative,cache,SPY DIA,XLI ITA,CAT GE RTX UNP LMT NOC GD,0,0.0183,0.0162,0.0173,1,0,This morning I finalized an important Deal with the Republic of Indonesia after speaking with their Highly Respected President Prabowo Subianto. This landmark Deal opens up Indonesia’s ENTIRE MARKET t,-0.0096,-0.0106,-0.0113,-0.0151,0.0088,DOWN,-0.0049,-0.0121,-0.0149,-0.0039,0.0125,NEUTRAL,-0.012,-0.0169,-0.0215,-0.0093,0.0153,NEUTRAL,-0.0157,-0.0235,-0.0136,-0.004,0.0197,NEUTRAL,-0.0261,-0.0407,-0.0427,-0.0711,0.0278,DOWN,-0.0313,-0.0341,-0.0423,-0.0732,0.0341,NEUTRAL,0.0053,-0.0204,-0.0094,-0.0199,0.0404,NEUTRAL,0.0047,NEUTRAL,0.0066,NEUTRAL
114859554812594090,2025-07-15,DJT,Trump Media & Technology Group,direct,positive,cache,SPY,,,1,0.0234,-0.0186,-0.0523,1,1,"BIG WIN today in Florida State Court for powerhouse TRUTH Social! Fake claims against the Company, and your favorite President, ME, were dismissed in a thoughtful and smart opinion. TRUTH is “hotter” ",0.0488,0.048,,,0.0117,NA,0.0615,0.0546,,,0.0165,NA,0.0343,0.0282,,,0.0203,NA,0.1003,0.0921,,,0.0262,NA,-0.0133,-0.0318,,,0.037,NA,-0.092,-0.0987,,,0.0453,NA,-0.0039,-0.0378,,,0.0536,NA,,NA,,NA
114868979061610454,2025-07-17,DJT,Trump Media & Technology Group,direct,positive,cache,SPY,,,1,0.0249,0.0552,0.0221,3,0,“Too Late:” Great numbers just out. LOWER THE RATE!!! DJT,-0.0266,-0.0239,,,0.0124,NA,0.0036,0.0045,,,0.0176,NA,0.0355,0.0362,,,0.0216,NA,-0.0036,-0.0118,,,0.0278,NA,-0.0829,-0.0873,,,0.0394,NA,-0.1069,-0.1116,,,0.0482,NA,-0.0355,-0.0579,,,0.057,NA,,NA,,NA
114871752316281496,2025-07-18,DJT,Trump Media & Technology Group,direct,neutral,cache,SPY,,,1,0.0249,0.0122,0.0481,4,1,"The Wall Street Journal printed a FAKE letter, supposedly to Epstein. These are not my words, not the way I talk. Also, I don’t draw pictures. I told Rupert Murdoch it was a Scam, that he shouldn’t pr",-0.0266,-0.0239,,,0.0124,NEUTRAL,0.0036,0.0045,,,0.0176,NEUTRAL,0.0355,0.0362,,,0.0216,NEUTRAL,-0.0036,-0.0118,,,0.0278,NEUTRAL,-0.0829,-0.0873,,,0.0394,NEUTRAL,-0.1069,-0.1116,,,0.0482,NEUTRAL,-0.0355,-0.0579,,,0.057,NEUTRAL,,NEUTRAL,,NEUTRAL
114882283904953607,2025-07-19,DJT,Trump Media & Technology Group,direct,neutral,cache,SPY,,,1,0.0256,-0.0256,0.0407,5,1,"Hopefully the very talented John Thune, fresh off our many victories over the past two weeks and, indeed, 6 months, will cancel August recess (and long weekends!), in order to get my incredible nomine",-0.0392,-0.0392,,,0.0128,NEUTRAL,-0.0087,-0.0089,,,0.0181,NEUTRAL,-0.0222,-0.0309,,,0.0222,NEUTRAL,-0.0442,-0.0574,,,0.0286,NEUTRAL,-0.1555,-0.1443,,,0.0405,NEUTRAL,-0.152,-0.1654,,,0.0496,NEUTRAL,-0.0811,-0.1042,,,0.0587,NEUTRAL,,NEUTRAL,,NEUTRAL
114888305041609390,2025-07-21,DJT,Trump Media & Technology Group,direct,positive,cache,SPY,,,1,0.0256,-0.0256,0.0407,0,1,"Go get the GREAT NEW BOOK by Mark Levin. It’s entitled “ON POWER,” and it’s the talk of the town. Read it, digest it, and enjoy it. He is truly, ONE OF A KIND!!! DJT",-0.0392,-0.0392,,,0.0128,NA,-0.0087,-0.0089,,,0.0181,NA,-0.0222,-0.0309,,,0.0222,NA,-0.0442,-0.0574,,,0.0286,NA,-0.1555,-0.1443,,,0.0405,NA,-0.152,-0.1654,,,0.0496,NA,-0.0811,-0.1042,,,0.0587,NA,,NA,,NA
114898229237459086,2025-07-22,AMZN,Amazon,indirect,positive,cache,SPY QQQ DIA,XLY,TSLA HD MCD NKE,0,0.0128,0.014,0.0274,1,0,"BREAKING NEWS! We have just achieved a BIG AND IMPORTANT WIN in our Historic Lawsuit against 60 Minutes, CBS, and Paramount. Just like ABC and George Slopadopoulos, CBS and its Corporate Owners knew t",-0.0008,-0.0053,-0.0032,-0.0072,0.0064,NEUTRAL,0.0165,0.0135,0.0306,0.0296,0.0091,UP,0.013,0.0064,0.018,0.0139,0.0111,NEUTRAL,0.0111,0.0068,0.0172,-0.0018,0.0144,NEUTRAL,-0.0644,-0.0568,-0.0331,-0.0516,0.0204,NEUTRAL,-0.0306,-0.0451,-0.0339,-0.0492,0.0249,NEUTRAL,-0.0204,-0.0277,-0.0274,-0.0438,0.0295,NEUTRAL,-0.0001,NEUTRAL,-0.0025,NEUTRAL
114898507608732258,2025-07-22,BA,Boeing,direct,negative,cache,SPY DIA,XLI ITA,CAT GE RTX UNP LMT NOC GD,0,0.0172,-0.0001,-0.0025,1,0,"It is my Great Honor to announce our Trade Agreement with the Republic of Indonesia, as represented by their Highly Respected President, Prabowo Subianto. It is agreed that Indonesia will be Open Mark",0.0155,0.01,0.0029,0.0018,0.0087,NEUTRAL,0.0041,0.002,-0.0074,-0.0123,0.0122,NEUTRAL,0.0119,0.0055,-0.0083,-0.006,0.015,NEUTRAL,-0.0184,-0.0205,-0.0286,-0.0377,0.0194,DOWN,-0.0237,-0.014,-0.0283,-0.0587,0.0274,NEUTRAL,0.0099,0.004,-0.0001,-0.0229,0.0335,NEUTRAL,-0.0204,-0.0283,-0.0181,-0.0445,0.0397,NEUTRAL,-0.001,NEUTRAL,-0.0007,NEUTRAL
114905849389326140,2025-07-24,NVDA,NVIDIA,direct,neutral,cache,SPY QQQ DIA,XLK SMH,AAPL MSFT AMD AVGO INTC TSM,0,0.0179,0.0225,-0.0095,3,1,"Nvidia CEO Jensen Huang on winning the AI race: ""America's unique advantage that no country could possibly have is President Trump.""",0.0075,0.0076,0.0056,0.0058,0.0089,NEUTRAL,0.0061,0.0026,0.0036,0.0006,0.0126,NEUTRAL,0.025,0.021,0.0116,0.016,0.0155,NEUTRAL,0.0396,0.0397,0.0166,0.0296,0.02,NEUTRAL,0.0405,0.0439,0.0374,0.0294,0.0282,NEUTRAL,0.0531,0.0369,0.0144,0.0082,0.0346,NEUTRAL,0.0147,0.0144,0.0181,0.0148,0.0409,NEUTRAL,0.0861,NEUTRAL,0.013,NEUTRAL
114932385332182862,2025-07-28,DJT,Trump Media & Technology Group,direct,positive,cache,SPY,,,1,0.0255,0.0021,-0.0358,0,0,"Go get the GREAT NEW BOOK by Mark Levin. It's entitled ""ON POWER,"" and it's the talk of the town. Read it, digest it, and enjoy it. He is truly, ONE OF A KIND!!! DJT https://a.co/d/jev5nAm",-0.045,-0.0402,,,0.0126,NA,-0.0472,-0.0411,,,0.0178,NA,-0.0568,-0.047,,,0.0218,NA,-0.0944,-0.0831,,,0.0282,NA,-0.0756,-0.0718,,,0.0399,NA,-0.0129,-0.0206,,,0.0488,NA,-0.0284,-0.0391,,,0.0578,NA,,NA,,NA
114938582774670397,2025-07-29,DJT,Trump Media & Technology Group,direct,neutral,cache,SPY,,,1,0.0269,-0.0522,-0.068,1,1,I can’t stand Jessica Tarlov of THE FIVE. A real loser!!! DJT,-0.0064,-0.0041,,,0.0134,NEUTRAL,-0.0165,-0.0105,,,0.019,NEUTRAL,-0.054,-0.0316,,,0.0233,NEUTRAL,-0.0836,-0.0711,,,0.03,NEUTRAL,-0.0238,-0.0344,,,0.0425,NEUTRAL,-0.0266,-0.0327,,,0.052,NEUTRAL,0.002,-0.0149,,,0.0616,NEUTRAL,,NEUTRAL,,NEUTRAL
114961147474079611,2025-08-02,DJT,Trump Media & Technology Group,direct,positive,cache,SPY,,,1,0.0252,-0.0381,-0.05,5,1,"Very proud of our great  Republican Senators for fighting, over the Weekend and far beyond, if necessary, in order to get my great Appointments approved, and on their way to helping us MAKE AMERICA GR",-0.01,-0.0188,,,0.0126,NA,-0.0393,-0.0429,,,0.0178,NA,-0.0475,-0.0588,,,0.0218,NA,-0.0041,-0.0225,,,0.0282,NA,0.0844,0.056,,,0.0399,NA,0.0475,0.0161,,,0.0488,NA,0.0012,-0.0222,,,0.0578,NA,,NA,,NA
114971053091282290,2025-08-04,DJT,Trump Media & Technology Group,direct,negative,cache,SPY,,,1,0.0252,-0.0381,-0.05,0,0,"India is not only buying massive amounts of Russian Oil, they are then, for much of the Oil purchased, selling it on the Open Market for big profits. They don’t care how many people in Ukraine are bei",-0.0296,-0.0236,,,0.0126,NA,-0.0379,-0.0395,,,0.0178,NA,0.0142,0.0135,,,0.0218,NA,0.0207,0.0142,,,0.0282,NA,0.09,0.0718,,,0.0398,NA,0.0195,0.0026,,,0.0488,NA,0.0047,-0.0142,,,0.0577,NA,,NA,,NA
114973670406612532,2025-08-05,DJT,Trump Media & Technology Group,direct,positive,cache,SPY,,,1,0.0252,-0.0018,-0.0495,1,1,The TRUTH always wins out. This is great news. God Bless America! President DJT https://nypost.com/2025/08/04/us-news/ex-obama-officials-face-federal-grand-jury-probe-into-whether-they-promoted-false-,-0.0296,-0.0236,,,0.0126,NA,-0.0379,-0.0395,,,0.0178,NA,0.0142,0.0135,,,0.0218,NA,0.0207,0.0142,,,0.0282,NA,0.09,0.0718,,,0.0398,NA,0.0195,0.0026,,,0.0488,NA,0.0047,-0.0142,,,0.0577,NA,,NA,,NA
114974282191317621,2025-08-05,DJT,Trump Media & Technology Group,direct,positive,cache,SPY,,,1,0.0252,-0.0018,-0.0495,1,1,"Our GREAT Senator, Tim Scott, one of the finest men I know, wrote a fantastic new book entitled, “ONE NATION ALWAYS UNDER GOD.” Get it now!!! President DJT",-0.0296,-0.0236,,,0.0126,NA,-0.0379,-0.0395,,,0.0178,NA,0.0142,0.0135,,,0.0218,NA,0.0207,0.0142,,,0.0282,NA,0.09,0.0718,,,0.0398,NA,0.0195,0.0026,,,0.0488,NA,0.0047,-0.0142,,,0.0577,NA,,NA,,NA
114974461343997782,2025-08-05,DJT,Trump Media & Technology Group,direct,positive,cache,SPY,,,1,0.0252,-0.0018,-0.0495,1,1,"THIS IS GREAT NEWS!!! Should be Nationwide!!! President DJT
“Appeals court upholds Texas law requiring ID numbers to cast mail-in ballots” https://www.politico.com/news/2025/08/04/appeals-court-uphold",-0.0296,-0.0236,,,0.0126,NA,-0.0379,-0.0395,,,0.0178,NA,0.0142,0.0135,,,0.0218,NA,0.0207,0.0142,,,0.0282,NA,0.09,0.0718,,,0.0398,NA,0.0195,0.0026,,,0.0488,NA,0.0047,-0.0142,,,0.0577,NA,,NA,,NA
114987288040725570,2025-08-07,INTC,Intel,direct,neutral,cache,SPY QQQ,SMH,NVDA AMD TSM AVGO,0,0.0245,0.0109,0.057,3,1,"The CEO of INTEL is highly CONFLICTED and must resign, immediately. There is no other solution to this problem. Thank you for your attention to this problem!",-0.0115,-0.0062,-0.0057,-0.0055,0.0122,NEUTRAL,-0.0025,-0.0058,-0.0049,-0.0037,0.0173,NEUTRAL,0.0325,0.0317,0.0306,0.0349,0.0212,NEUTRAL,0.111,0.0966,0.0821,0.1062,0.0274,NEUTRAL,0.177,0.1806,0.1902,0.2185,0.0387,NEUTRAL,0.2425,0.2327,0.226,0.2521,0.0474,NEUTRAL,0.2245,0.212,0.223,0.2667,0.0561,NEUTRAL,-0.0646,NEUTRAL,-0.0489,NEUTRAL
114987769694082982,2025-08-07,DJT,Trump Media & Technology Group,direct,positive,cache,SPY,,,1,0.0246,-0.0085,-0.0396,3,0,Should be number ONE. New York Times RIGGED IT??? Selena is great! President DJT,-0.0297,-0.0346,,,0.014,NA,-0.0154,-0.0184,,,0.0198,NA,-0.0029,-0.0165,,,0.0243,NA,0.0063,-0.0109,,,0.0313,NA,-0.0074,-0.0098,,,0.0443,NA,0.0254,0.002,,,0.0542,NA,-0.0263,-0.0496,,,0.0642,NA,,NA,,NA
114989897956103830,2025-08-07,DJT,Trump Media & Technology Group,direct,negative,cache,SPY,,,1,0.028,0.0542,0.0142,3,1,"I look forward to hosting the President of Azerbaijan, Ilham Aliyev, and the Prime Minister of Armenia, Nikol Pashinyan, at the White House tomorrow for a Historic Peace Summit. These two Nations have",-0.0297,-0.0346,,,0.014,NA,-0.0154,-0.0184,,,0.0198,NA,-0.0029,-0.0165,,,0.0243,NA,0.0063,-0.0109,,,0.0313,NA,-0.0074,-0.0098,,,0.0443,NA,0.0254,0.002,,,0.0542,NA,-0.0263,-0.0496,,,0.0642,NA,,NA,,NA
114999087271735961,2025-08-09,DJT,Trump Media & Technology Group,direct,neutral,cache,SPY,,,1,0.0277,-0.0082,0.0366,5,1,"On Monday a Press Conference will be held at the White House which will, essentially, stop violent crime in Washington, D.C. It has become one of the most dangerous cities anywhere in the World. It wi",0.0047,0.0071,,,0.0139,NEUTRAL,0.0175,0.0093,,,0.0196,NEUTRAL,0.0478,0.0361,,,0.024,NEUTRAL,0.0781,0.0687,,,0.031,NEUTRAL,0.0414,0.0291,,,0.0439,NEUTRAL,0.0216,0.0097,,,0.0537,NEUTRAL,-0.0152,-0.0353,,,0.0636,NEUTRAL,,NEUTRAL,,NEUTRAL
115006296068419815,2025-08-10,DJT,Trump Media & Technology Group,direct,positive,cache,SPY,,,1,0.0277,-0.0082,0.0366,6,1,THIS IS GREAT NEWS!!! President DJT https://justthenews.com/accountability/political-ethics/house-oversight-wants-gather-evidence-could-overturn-bidens-pardons,0.0047,0.0071,,,0.0139,NA,0.0175,0.0093,,,0.0196,NA,0.0478,0.0361,,,0.024,NA,0.0781,0.0687,,,0.031,NA,0.0414,0.0291,,,0.0439,NA,0.0216,0.0097,,,0.0537,NA,-0.0152,-0.0353,,,0.0636,NA,,NA,,NA
115010061198729847,2025-08-11,DJT,Trump Media & Technology Group,direct,positive,cache,SPY,,,1,0.0277,-0.0082,0.0366,0,1,"Washington, D.C. will be LIBERATED today! Crime, Savagery, Filth, and Scum will DISAPPEAR. I will, MAKE OUR CAPITAL GREAT AGAIN! The days of ruthlessly killing, or hurting, innocent people, are OVER! ",0.0047,0.0071,,,0.0139,NA,0.0175,0.0093,,,0.0196,NA,0.0478,0.0361,,,0.024,NA,0.0781,0.0687,,,0.031,NA,0.0414,0.0291,,,0.0439,NA,0.0216,0.0097,,,0.0537,NA,-0.0152,-0.0353,,,0.0636,NA,,NA,,NA
115012131343690532,2025-08-11,INTC,Intel,direct,neutral,cache,SPY QQQ,SMH,NVDA AMD TSM AVGO,0,0.0264,0.0351,0.0118,0,1,"I met with Mr. Lip-Bu Tan, of Intel, along with Secretary of Commerce, Howard Lutnick, and Secretary of the Treasury, Scott Bessent. The meeting was a very interesting one. His success and rise is an ",0.0288,0.0211,0.0125,0.0229,0.0132,NEUTRAL,0.0481,0.0384,0.0278,0.0478,0.0187,NEUTRAL,0.1255,0.1161,0.103,0.1205,0.0229,NEUTRAL,0.116,0.1104,0.1107,0.1201,0.0295,NEUTRAL,0.158,0.159,0.1627,0.1949,0.0418,NEUTRAL,0.142,0.1487,0.1718,0.2052,0.0512,NEUTRAL,0.1684,0.1527,0.1496,0.1495,0.0605,NEUTRAL,0.0154,NEUTRAL,0.0012,NEUTRAL
115015798555807745,2025-08-12,DJT,Trump Media & Technology Group,direct,positive,cache,SPY,,,1,0.0279,0.0147,0.0609,1,1,"GREAT Nominees for the TRUMP/KENNEDY CENTER, whoops, I mean, KENNEDY CENTER, AWARDS. They will be announced Wednesday. Tremendous work is being done, and money being spent, on bringing it back to the ",0.0052,-0.0017,,,0.014,NA,0.0351,0.0248,,,0.0198,NA,0.0144,0.004,,,0.0242,NA,0.0599,0.052,,,0.0312,NA,-0.0086,-0.0152,,,0.0442,NA,-0.0167,-0.0198,,,0.0541,NA,-0.0282,-0.05,,,0.064,NA,,NA,,NA
115016216005489412,2025-08-12,GS,Goldman Sachs,direct,negative,cache,SPY DIA,XLF,JPM BAC WFC MS,0,0.0113,-0.0028,-0.0076,1,0,"Trillions of Dollars are being taken in on Tariffs, which has been incredible for our Country, its Stock Market, its General Wealth, and just about everything else. It has been proven, that even at th",-0.0015,-0.0048,-0.0034,0.009,0.0064,NEUTRAL,0.0019,-0.0012,-0.0047,0.0012,0.009,NEUTRAL,-0.0202,-0.0228,-0.0164,-0.0006,0.0111,NEUTRAL,-0.0327,-0.0323,-0.0316,-0.0136,0.0143,NEUTRAL,0.0043,-0.0053,-0.0149,-0.0151,0.0202,NEUTRAL,-0.0152,-0.0222,-0.0311,-0.0298,0.0247,NEUTRAL,0.0579,0.0304,0.0318,0.01,0.0293,NEUTRAL,0.0055,NEUTRAL,0.0224,NEUTRAL
115016246479417087,2025-08-12,GS,Goldman Sachs,direct,negative,cache,SPY DIA,XLF,JPM BAC WFC MS,0,0.0113,-0.0028,-0.0076,1,0,"Trillions of Dollars are being taken in on Tariffs, which has been incredible for our Country, its Stock Market, its General Wealth, and just about everything else. It has been proven, that even at th",-0.0015,-0.0048,-0.0034,0.009,0.0064,NEUTRAL,0.0019,-0.0012,-0.0047,0.0012,0.009,NEUTRAL,-0.0202,-0.0228,-0.0164,-0.0006,0.0111,NEUTRAL,-0.0327,-0.0323,-0.0316,-0.0136,0.0143,NEUTRAL,0.0043,-0.0053,-0.0149,-0.0151,0.0202,NEUTRAL,-0.0152,-0.0222,-0.0311,-0.0298,0.0247,NEUTRAL,0.0579,0.0304,0.0318,0.01,0.0293,NEUTRAL,0.0052,NEUTRAL,0.0224,NEUTRAL
115026776769476976,2025-08-14,INTC,Intel,direct,neutral,cache,SPY QQQ,SMH,NVDA AMD TSM AVGO,0,0.0298,0.0188,0.1138,3,1,"“Comey's media mole told FBI he shaped Russia narrative, needed ‘discount’ to deny leaking intel” https://justthenews.com/government/federal-agencies/comey-media-mole-admitted-fbi-he-shaped-russia-nar",0.085,0.082,0.0719,0.0724,0.0149,NEUTRAL,0.1169,0.1172,0.1248,0.1161,0.0211,NEUTRAL,0.0759,0.0766,0.0798,0.0717,0.0258,NEUTRAL,0.0705,0.0848,0.1008,0.116,0.0333,NEUTRAL,0.1301,0.1312,0.1312,0.1383,0.0471,NEUTRAL,0.1191,0.1169,0.1465,0.1474,0.0577,NEUTRAL,0.095,0.0764,0.0738,0.0555,0.0682,NEUTRAL,0.0149,NEUTRAL,0.007,NEUTRAL
115026874005799261,2025-08-14,INTC,Intel,direct,neutral,cache,SPY QQQ,SMH,NVDA AMD TSM AVGO,0,0.0298,0.0188,0.1138,3,1,“Obama Intel Chief James Clapper Told NSA Head To Get On Board With ‘Our Story’ On Russiagate Intel” https://dailycaller.com/2025/08/13/james-clapper-nsa-evidence-russia-hoax-declassified-emails/,0.085,0.082,0.0719,0.0724,0.0149,NEUTRAL,0.1169,0.1172,0.1248,0.1161,0.0211,NEUTRAL,0.0759,0.0766,0.0798,0.0717,0.0258,NEUTRAL,0.0705,0.0848,0.1008,0.116,0.0333,NEUTRAL,0.1301,0.1312,0.1312,0.1383,0.0471,NEUTRAL,0.1191,0.1169,0.1465,0.1474,0.0577,NEUTRAL,0.095,0.0764,0.0738,0.0555,0.0682,NEUTRAL,0.0149,NEUTRAL,0.007,NEUTRAL
115044290751337518,2025-08-17,DJT,Trump Media & Technology Group,direct,neutral,cache,SPY,,,1,0.0278,0.0499,0.0596,6,1,BIG PROGRESS ON RUSSIA. STAY TUNED! President DJT,0.0035,0.0029,,,0.0139,NEUTRAL,-0.051,-0.0462,,,0.0197,NEUTRAL,-0.07,-0.0627,,,0.0241,NEUTRAL,-0.0259,-0.0297,,,0.0311,NEUTRAL,-0.0444,-0.0478,,,0.044,NEUTRAL,-0.0706,-0.0799,,,0.0539,NEUTRAL,-0.0472,-0.0738,,,0.0638,NEUTRAL,,NEUTRAL,,NEUTRAL
115044479755763458,2025-08-17,DJT,Trump Media & Technology Group,direct,neutral,cache,SPY,,,1,0.0278,0.0499,0.0596,6,1,https://truthsocial.com/users/Imaluckyangel/statuses/115044361815197151 It is happening before your very eyes!!! President DJT,0.0035,0.0029,,,0.0139,NEUTRAL,-0.051,-0.0462,,,0.0197,NEUTRAL,-0.07,-0.0627,,,0.0241,NEUTRAL,-0.0259,-0.0297,,,0.0311,NEUTRAL,-0.0444,-0.0478,,,0.044,NEUTRAL,-0.0706,-0.0799,,,0.0539,NEUTRAL,-0.0472,-0.0738,,,0.0638,NEUTRAL,,NEUTRAL,,NEUTRAL
115047141648054993,2025-08-18,DJT,Trump Media & Technology Group,direct,positive,cache,SPY,,,1,0.0278,0.0499,0.0596,0,1,Big day at the White House tomorrow. Never had so many European Leaders at one time. My great honor to host them!!! President DJT,0.0035,0.0029,,,0.0139,NA,-0.051,-0.0462,,,0.0197,NA,-0.07,-0.0627,,,0.0241,NA,-0.0259,-0.0297,,,0.0311,NA,-0.0444,-0.0478,,,0.044,NA,-0.0706,-0.0799,,,0.0539,NA,-0.0472,-0.0738,,,0.0638,NA,,NA,,NA
115047166895807142,2025-08-18,DJT,Trump Media & Technology Group,direct,positive,cache,SPY,,,1,0.0278,0.0499,0.0596,0,1,"The Fake News will say that it is a big loss for President Trump to host so many great European Leaders at our beautiful White House. Actually, it is a great honor for America!!! President DJT",0.0035,0.0029,,,0.0139,NA,-0.051,-0.0462,,,0.0197,NA,-0.07,-0.0627,,,0.0241,NA,-0.0259,-0.0297,,,0.0311,NA,-0.0444,-0.0478,,,0.044,NA,-0.0706,-0.0799,,,0.0539,NA,-0.0472,-0.0738,,,0.0638,NA,,NA,,NA
115047211271212413,2025-08-18,DJT,Trump Media & Technology Group,direct,positive,cache,SPY,,,1,0.0278,0.0499,0.0596,0,1,"Do the great American Flags I put up in front of both entrances of the White House look FANTASTIC, or what??? WOW, what a difference!!! President DJT",0.0035,0.0029,,,0.0139,NA,-0.051,-0.0462,,,0.0197,NA,-0.07,-0.0627,,,0.0241,NA,-0.0259,-0.0297,,,0.0311,NA,-0.0444,-0.0478,,,0.044,NA,-0.0706,-0.0799,,,0.0539,NA,-0.0472,-0.0738,,,0.0638,NA,,NA,,NA
115049902258471066,2025-08-18,DJT,Trump Media & Technology Group,direct,positive,cache,SPY,,,1,0.0278,0.0499,0.0596,0,1,"We will only see the return of the remaining hostages when Hamas is confronted and destroyed!!! The sooner this takes place, the better the chances of success will be. Remember, I was the one who nego",0.0035,0.0029,,,0.0139,NA,-0.051,-0.0462,,,0.0197,NA,-0.07,-0.0627,,,0.0241,NA,-0.0259,-0.0297,,,0.0311,NA,-0.0444,-0.0478,,,0.044,NA,-0.0706,-0.0799,,,0.0539,NA,-0.0472,-0.0738,,,0.0638,NA,,NA,,NA
115049921290485283,2025-08-18,DJT,Trump Media & Technology Group,direct,positive,cache,SPY,,,1,0.0278,0.0499,0.0596,0,1,A big day at the White House. We have never had so many European Leaders here at one time. A great honor for America!!! Lets see what the results will be??? President DJT,0.0035,0.0029,,,0.0139,NA,-0.051,-0.0462,,,0.0197,NA,-0.07,-0.0627,,,0.0241,NA,-0.0259,-0.0297,,,0.0311,NA,-0.0444,-0.0478,,,0.044,NA,-0.0706,-0.0799,,,0.0539,NA,-0.0472,-0.0738,,,0.0638,NA,,NA,,NA
115050161923440039,2025-08-18,DJT,Trump Media & Technology Group,direct,negative,cache,SPY,,,1,0.0278,0.0499,0.0596,0,0,"I’ve settled 6 Wars in 6 months, one of them a possible Nuclear disaster, and yet I have to read & listen to the Wall Street Journal, and many other who truly don’t have a clue, tell me everything tha",-0.0502,-0.045,,,0.0135,NA,-0.0693,-0.0615,,,0.019,NA,-0.0518,-0.0401,,,0.0233,NA,-0.0606,-0.0595,,,0.0301,NA,-0.0682,-0.0638,,,0.0426,NA,-0.078,-0.0892,,,0.0521,NA,-0.0769,-0.1019,,,0.0617,NA,,NA,,NA
115064763272706560,2025-08-21,DJT,Trump Media & Technology Group,direct,positive,cache,SPY,,,1,0.0282,-0.0201,-0.0778,3,1,Gavin Newscum is way down in the polls. He is viewed as the man who is destroying the once Great State of California. I will save California!!! President DJT,0.0248,0.0259,,,0.0141,NA,0.0537,0.0395,,,0.0199,NA,0.0153,0.0056,,,0.0244,NA,0.0566,0.0403,,,0.0315,NA,-0.0118,-0.032,,,0.0446,NA,-0.0024,-0.0359,,,0.0546,NA,0.0283,-0.0177,,,0.0646,NA,,NA,,NA
115067017601499775,2025-08-21,DJT,Trump Media & Technology Group,direct,negative,cache,SPY,,,1,0.0282,-0.0201,-0.0778,3,0,"It is very hard, if not impossible, to win a war without attacking an invaders country. It’s like a great team in sports that has a fantastic defense, but is not allowed to play offense. There is no c",0.0282,0.0164,,,0.0142,NA,-0.0092,-0.0166,,,0.0201,NA,0.0426,0.031,,,0.0246,NA,0.0331,0.0156,,,0.0317,NA,-0.0403,-0.0551,,,0.0449,NA,-0.0224,-0.0533,,,0.055,NA,0.0127,-0.0358,,,0.065,NA,,NA,,NA
115074444617901812,2025-08-22,INTC,Intel,direct,positive,cache,SPY QQQ,SMH,NVDA AMD TSM AVGO,0,0.037,0.0553,-0.0202,4,1,"It is my Great Honor to report that the United States of America now fully owns and controls 10% of INTEL, a Great American Company that has an even more incredible future. I negotiated this Deal with",-0.0373,-0.036,-0.0378,-0.0424,0.0185,NEUTRAL,-0.0451,-0.0479,-0.0553,-0.0634,0.0261,NEUTRAL,-0.0255,-0.0302,-0.0388,-0.0453,0.032,NEUTRAL,-0.0451,-0.0459,-0.0333,-0.029,0.0413,NEUTRAL,-0.04,-0.0511,-0.0494,-0.0394,0.0585,NEUTRAL,-0.0286,-0.0604,-0.0743,-0.0848,0.0716,NEUTRAL,0.1506,0.1093,0.0554,0.0706,0.0847,NEUTRAL,0.0034,UP,0.0144,UP
115081430531030440,2025-08-24,DJT,Trump Media & Technology Group,direct,positive,cache,SPY,,,1,0.0292,0.0282,0.0264,6,1,"Keegan Bradley should DEFINITELY be on the American Ryder Cup Team - As Captain!!! He is an AMAZING guy. It will be a great Ryder Cup. At the invite of the PGA Tour, I will be there on Tournament Frid",-0.0255,-0.023,,,0.0146,NA,0.0255,0.0237,,,0.0207,NA,0.0141,0.0101,,,0.0253,NA,-0.0079,-0.0095,,,0.0327,NA,-0.0351,-0.0425,,,0.0462,NA,-0.0119,-0.0381,,,0.0566,NA,-0.0113,-0.0439,,,0.067,NA,,NA,,NA
115084149454997135,2025-08-24,DJT,Trump Media & Technology Group,direct,negative,cache,SPY,,,1,0.0292,0.0282,0.0264,6,1,"Governor Wes Moore of Maryland has asked, in a rather nasty and provocative tone, that I “walk the streets of Maryland” with him. I assume he is talking about out of control, crime ridden, Baltimore? ",-0.0255,-0.023,,,0.0146,NA,0.0255,0.0237,,,0.0207,NA,0.0141,0.0101,,,0.0253,NA,-0.0079,-0.0095,,,0.0327,NA,-0.0351,-0.0425,,,0.0462,NA,-0.0119,-0.0381,,,0.0566,NA,-0.0113,-0.0439,,,0.067,NA,,NA,,NA
115085538447688269,2025-08-24,DJT,Trump Media & Technology Group,direct,neutral,cache,SPY,,,1,0.0292,0.0282,0.0264,6,1,"The Appellate Court removed incompetent Judge Engoron, but he refused to go, or even to acknowledge them. He’s a highly overturned, CROOKED Judge, who is retiring into a life of lawsuits, along with h",-0.0255,-0.023,,,0.0146,NEUTRAL,0.0255,0.0237,,,0.0207,NEUTRAL,0.0141,0.0101,,,0.0253,NEUTRAL,-0.0079,-0.0095,,,0.0327,NEUTRAL,-0.0351,-0.0425,,,0.0462,NEUTRAL,-0.0119,-0.0381,,,0.0566,NEUTRAL,-0.0113,-0.0439,,,0.067,NEUTRAL,,NEUTRAL,,NEUTRAL
115086563627159779,2025-08-25,DJT,Trump Media & Technology Group,direct,neutral,cache,SPY,,,1,0.0292,0.0282,0.0264,0,1,"I just watched Sloppy Chris Christie be interviewed on a ratings challenged “News” Show, “This Week With George Slopadopolus,” on ABC Fake News (By the way, what the “hell” happened to Jonathan Karl’s",-0.0255,-0.023,,,0.0146,NEUTRAL,0.0255,0.0237,,,0.0207,NEUTRAL,0.0141,0.0101,,,0.0253,NEUTRAL,-0.0079,-0.0095,,,0.0327,NEUTRAL,-0.0351,-0.0425,,,0.0462,NEUTRAL,-0.0119,-0.0381,,,0.0566,NEUTRAL,-0.0113,-0.0439,,,0.067,NEUTRAL,,NEUTRAL,,NEUTRAL
115089582863713336,2025-08-25,INTC,Intel,direct,neutral,cache,SPY QQQ,SMH,NVDA AMD TSM AVGO,0,0.037,0.0553,-0.0202,0,1,"I PAID ZERO FOR INTEL, IT IS WORTH APPROXIMATELY 11 BILLION DOLLARS. All goes to the USA. Why are “stupid” people unhappy with that? I will make deals like that for our Country all day long. I will al",-0.0373,-0.036,-0.0378,-0.0424,0.0185,NEUTRAL,-0.0451,-0.0479,-0.0553,-0.0634,0.0261,NEUTRAL,-0.0255,-0.0302,-0.0388,-0.0453,0.032,NEUTRAL,-0.0451,-0.0459,-0.0333,-0.029,0.0413,NEUTRAL,-0.04,-0.0511,-0.0494,-0.0394,0.0585,NEUTRAL,-0.0286,-0.0604,-0.0743,-0.0848,0.0716,NEUTRAL,0.1506,0.1093,0.0554,0.0706,0.0847,NEUTRAL,-0.0089,NEUTRAL,0.0144,NEUTRAL
115098660302858709,2025-08-27,DJT,Trump Media & Technology Group,direct,positive,cache,SPY,,,1,0.0302,0.0523,0.0426,2,1,"Number One New York Times Bestselling Author, Trey Gowdy, has just written a GREAT new novel, “THE COLOR OF DEATH,” an in-depth study of justice and grief. Trey is also a Political Pro, and a very goo",0.0073,0.0041,,,0.0151,NA,0.0093,0.0025,,,0.0213,NA,-0.0146,-0.0154,,,0.0261,NA,-0.0461,-0.0448,,,0.0337,NA,-0.0512,-0.063,,,0.0477,NA,-0.0489,-0.0716,,,0.0584,NA,-0.0545,-0.0783,,,0.0692,NA,,NA,,NA
115098837339559726,2025-08-27,DJT,Trump Media & Technology Group,direct,positive,cache,SPY,,,1,0.0302,0.0523,0.0426,2,1,"I am pleased to report that I have raised, since the Great Presidential Election of 2024, in various forms and political entities, in excess of 1.5 Billion Dollars. MAKE AMERICA GREAT AGAIN!!! Preside",0.0073,0.0041,,,0.0151,NA,0.0093,0.0025,,,0.0213,NA,-0.0146,-0.0154,,,0.0261,NA,-0.0461,-0.0448,,,0.0337,NA,-0.0512,-0.063,,,0.0477,NA,-0.0489,-0.0716,,,0.0584,NA,-0.0545,-0.0783,,,0.0692,NA,,NA,,NA
115098861391135351,2025-08-27,DJT,Trump Media & Technology Group,direct,neutral,cache,SPY,,,1,0.0302,0.0523,0.0426,2,1,CRIME NUMBERS ARE WAY DOWN IN DC! AMAZING PROGRESS BEING MADE! Thank you for your attention to this matter. President DJT,0.0073,0.0041,,,0.0151,NEUTRAL,0.0093,0.0025,,,0.0213,NEUTRAL,-0.0146,-0.0154,,,0.0261,NEUTRAL,-0.0461,-0.0448,,,0.0337,NEUTRAL,-0.0512,-0.063,,,0.0477,NEUTRAL,-0.0489,-0.0716,,,0.0584,NEUTRAL,-0.0545,-0.0783,,,0.0692,NEUTRAL,,NEUTRAL,,NEUTRAL
115098905035838387,2025-08-27,DJT,Trump Media & Technology Group,direct,negative,cache,SPY,,,1,0.0302,0.0523,0.0426,2,1,Republicans: BAN MAIL-IN VOTING!!! President DJT,0.0073,0.0041,,,0.0151,NA,0.0093,0.0025,,,0.0213,NA,-0.0146,-0.0154,,,0.0261,NA,-0.0461,-0.0448,,,0.0337,NA,-0.0512,-0.063,,,0.0477,NA,-0.0489,-0.0716,,,0.0584,NA,-0.0545,-0.0783,,,0.0692,NA,,NA,,NA
115103943282239129,2025-08-28,DJT,Trump Media & Technology Group,direct,neutral,cache,SPY,,,1,0.0303,-0.011,0.0028,3,1,"“The Color of Death,” by Trey Gowdy, is a fantastic new book. People love it!!! Get it NOW! President DJT",-0.0162,-0.0188,,,0.0151,NEUTRAL,-0.0395,-0.0361,,,0.0214,NEUTRAL,-0.0641,-0.0533,,,0.0262,NEUTRAL,-0.0816,-0.0845,,,0.0339,NEUTRAL,-0.0729,-0.0889,,,0.0479,NEUTRAL,-0.0723,-0.0955,,,0.0587,NEUTRAL,-0.0723,-0.0977,,,0.0694,NEUTRAL,,NEUTRAL,,NEUTRAL
115106855887002067,2025-08-28,DJT,Trump Media & Technology Group,direct,neutral,cache,SPY,,,1,0.0303,-0.011,0.0028,3,0,"Governor Pritzker had 6 murders in Chicago this weekend. 20 people were shot. But he doesn’t want to ask me for help. Can this be possible? The people are desperate for me to STOP THE CRIME, something",-0.0179,-0.0142,,,0.0151,NEUTRAL,-0.0431,-0.032,,,0.0213,NEUTRAL,-0.0493,-0.0435,,,0.0261,NEUTRAL,-0.0655,-0.0652,,,0.0338,NEUTRAL,-0.0482,-0.0635,,,0.0477,NEUTRAL,-0.023,-0.0509,,,0.0585,NEUTRAL,-0.0527,-0.0805,,,0.0692,NEUTRAL,,NEUTRAL,,NEUTRAL
115119936158265299,2025-08-30,DJT,Trump Media & Technology Group,direct,neutral,cache,SPY,,,1,0.0294,-0.0237,-0.0326,5,1,https://x.com/patriot6962/status/1903400696717701378?s=12.  THIS IS RATHER INCREDIBLE. WHO DID IT??? PRESIDENT DJT,-0.0047,-0.009,,,0.0147,NEUTRAL,-0.0111,-0.0209,,,0.0208,NEUTRAL,-0.0233,-0.0415,,,0.0255,NEUTRAL,-0.0064,-0.0242,,,0.0329,NEUTRAL,0.0175,-0.0192,,,0.0465,NEUTRAL,0.0256,-0.0233,,,0.0569,NEUTRAL,-0.0431,-0.091,,,0.0674,NEUTRAL,,NEUTRAL,,NEUTRAL
115120036321239638,2025-08-30,DJT,Trump Media & Technology Group,direct,neutral,cache,SPY,,,1,0.0294,-0.0237,-0.0326,5,1,"Six people were killed, and 24 people were shot, in Chicago last weekend, and JB Pritzker, the weak and pathetic Governor of Illinois, just said that he doesn’t need help in preventing CRIME. He is CR",-0.0047,-0.009,,,0.0147,NEUTRAL,-0.0111,-0.0209,,,0.0208,NEUTRAL,-0.0233,-0.0415,,,0.0255,NEUTRAL,-0.0064,-0.0242,,,0.0329,NEUTRAL,0.0175,-0.0192,,,0.0465,NEUTRAL,0.0256,-0.0233,,,0.0569,NEUTRAL,-0.0431,-0.091,,,0.0674,NEUTRAL,,NEUTRAL,,NEUTRAL
115120067667186412,2025-08-30,DJT,Trump Media & Technology Group,direct,neutral,cache,SPY,,,1,0.0294,-0.0237,-0.0326,5,1,"DC is virtually, in just 14 days, a CRIME FREE ZONE. The people living and working there are ecstatic!!! President DJT",-0.0047,-0.009,,,0.0147,NEUTRAL,-0.0111,-0.0209,,,0.0208,NEUTRAL,-0.0233,-0.0415,,,0.0255,NEUTRAL,-0.0064,-0.0242,,,0.0329,NEUTRAL,0.0175,-0.0192,,,0.0465,NEUTRAL,0.0256,-0.0233,,,0.0569,NEUTRAL,-0.0431,-0.091,,,0.0674,NEUTRAL,,NEUTRAL,,NEUTRAL
115120863399877029,2025-08-31,DJT,Trump Media & Technology Group,direct,neutral,cache,SPY,,,1,0.0294,-0.0237,-0.0326,6,1,"Voter I.D. Must Be Part of Every Single Vote. NO EXCEPTIONS! I Will Be Doing An Executive Order To That End!!! Also, No Mail-In Voting, Except For Those That Are Very Ill, And The Far Away Military. U",-0.0047,-0.009,,,0.0147,NEUTRAL,-0.0111,-0.0209,,,0.0208,NEUTRAL,-0.0233,-0.0415,,,0.0255,NEUTRAL,-0.0064,-0.0242,,,0.0329,NEUTRAL,0.0175,-0.0192,,,0.0465,NEUTRAL,0.0256,-0.0233,,,0.0569,NEUTRAL,-0.0431,-0.091,,,0.0674,NEUTRAL,,NEUTRAL,,NEUTRAL
115120881794624188,2025-08-31,DJT,Trump Media & Technology Group,direct,negative,cache,SPY,,,1,0.0294,-0.0237,-0.0326,6,1,"Enjoy your Labor Day weekend. A big year ahead for the USA, maybe the BEST EVER, if the Tariffs are finally approved by the Courts!!! President DJT",-0.0047,-0.009,,,0.0147,NA,-0.0111,-0.0209,,,0.0208,NA,-0.0233,-0.0415,,,0.0255,NA,-0.0064,-0.0242,,,0.0329,NA,0.0175,-0.0192,,,0.0465,NA,0.0256,-0.0233,,,0.0569,NA,-0.0431,-0.091,,,0.0674,NA,,NA,,NA
115123673064341664,2025-08-31,DJT,Trump Media & Technology Group,direct,positive,cache,SPY,,,1,0.0294,-0.0237,-0.0326,6,1,Just watched Hilary Fordwich on the Armstrong Williams Show. She was FANTASTIC -- Really gets “IT.” Thank you to Hilary and Armstrong for a great interview on AMERICA & STRENGTH!!! President DJT,-0.0047,-0.009,,,0.0147,NA,-0.0111,-0.0209,,,0.0208,NA,-0.0233,-0.0415,,,0.0255,NA,-0.0064,-0.0242,,,0.0329,NA,0.0175,-0.0192,,,0.0465,NA,0.0256,-0.0233,,,0.0569,NA,-0.0431,-0.091,,,0.0674,NA,,NA,,NA
115123713005977554,2025-08-31,DJT,Trump Media & Technology Group,direct,positive,cache,SPY,,,1,0.0294,-0.0237,-0.0326,6,1,"Miranda Devine and Katie Pavlich were terrific on FoxNews yesterday. Smart, exciting, and really know their “stuff.” Two great professionals. Thank you!!! President DJT",-0.0047,-0.009,,,0.0147,NA,-0.0111,-0.0209,,,0.0208,NA,-0.0233,-0.0415,,,0.0255,NA,-0.0064,-0.0242,,,0.0329,NA,0.0175,-0.0192,,,0.0465,NA,0.0256,-0.0233,,,0.0569,NA,-0.0431,-0.091,,,0.0674,NA,,NA,,NA
115125318282199234,2025-08-31,DJT,Trump Media & Technology Group,direct,neutral,cache,SPY,,,1,0.0294,-0.0237,-0.0326,6,1,"https://truthsocial.com/@DC_Draino/115118089050516091. NEVER FELT BETTER IN MY LIFE. Also, DC IS A CRIME FREE ZONE! President DJT",-0.0047,-0.009,,,0.0147,NEUTRAL,-0.0111,-0.0209,,,0.0208,NEUTRAL,-0.0233,-0.0415,,,0.0255,NEUTRAL,-0.0064,-0.0242,,,0.0329,NEUTRAL,0.0175,-0.0192,,,0.0465,NEUTRAL,0.0256,-0.0233,,,0.0569,NEUTRAL,-0.0431,-0.091,,,0.0674,NEUTRAL,,NEUTRAL,,NEUTRAL
115125330212310166,2025-08-31,DJT,Trump Media & Technology Group,direct,neutral,cache,SPY,,,1,0.0294,-0.0237,-0.0326,6,1,"DC IS NOW A CRIME FREE ZONE, IN JUST 12 DAYS!!!  President DJT",-0.0047,-0.009,,,0.0147,NEUTRAL,-0.0111,-0.0209,,,0.0208,NEUTRAL,-0.0233,-0.0415,,,0.0255,NEUTRAL,-0.0064,-0.0242,,,0.0329,NEUTRAL,0.0175,-0.0192,,,0.0465,NEUTRAL,0.0256,-0.0233,,,0.0569,NEUTRAL,-0.0431,-0.091,,,0.0674,NEUTRAL,,NEUTRAL,,NEUTRAL
115126310071570564,2025-09-01,DJT,Trump Media & Technology Group,direct,neutral,cache,SPY,,,1,0.0294,-0.0237,-0.0326,0,1,Why does Fake News ABC’S This Week With George Slopadopolus have Low IQ “commentator” Donna Brazile on the show? Wasn’t she totally discredited when she gave Crooked Hillary Clinton the questions to a,-0.0047,-0.009,,,0.0147,NEUTRAL,-0.0111,-0.0209,,,0.0208,NEUTRAL,-0.0233,-0.0415,,,0.0255,NEUTRAL,-0.0064,-0.0242,,,0.0329,NEUTRAL,0.0175,-0.0192,,,0.0465,NEUTRAL,0.0256,-0.0233,,,0.0569,NEUTRAL,-0.0431,-0.091,,,0.0674,NEUTRAL,,NEUTRAL,,NEUTRAL
115126421567567735,2025-09-01,DJT,Trump Media & Technology Group,direct,neutral,cache,SPY,,,1,0.0294,-0.0237,-0.0326,0,1,"This is a total Conflict of Interest. The Judge must RECUSE, IMMEDIATELY!!! President DJT",-0.0047,-0.009,,,0.0147,NEUTRAL,-0.0111,-0.0209,,,0.0208,NEUTRAL,-0.0233,-0.0415,,,0.0255,NEUTRAL,-0.0064,-0.0242,,,0.0329,NEUTRAL,0.0175,-0.0192,,,0.0465,NEUTRAL,0.0256,-0.0233,,,0.0569,NEUTRAL,-0.0431,-0.091,,,0.0674,NEUTRAL,,NEUTRAL,,NEUTRAL
115126426327367030,2025-09-01,DJT,Trump Media & Technology Group,direct,neutral,cache,SPY,,,1,0.0294,-0.0237,-0.0326,0,1,"Same Judge as on Fed Case. I wonder how that happened??? Must recuse!!! President DJT
“Federal judge blocks Trump effort to expand fast-track deportations” https://www.politico.com/news/2025/08/29/tru",-0.0047,-0.009,,,0.0147,NEUTRAL,-0.0111,-0.0209,,,0.0208,NEUTRAL,-0.0233,-0.0415,,,0.0255,NEUTRAL,-0.0064,-0.0242,,,0.0329,NEUTRAL,0.0175,-0.0192,,,0.0465,NEUTRAL,0.0256,-0.0233,,,0.0569,NEUTRAL,-0.0431,-0.091,,,0.0674,NEUTRAL,,NEUTRAL,,NEUTRAL
115126499944858986,2025-09-01,DJT,Trump Media & Technology Group,direct,negative,cache,SPY,,,1,0.0294,-0.0237,-0.0326,0,1,"More than 15 Trillion Dollars will be invested in the USA, a RECORD. Much of this investment is because of Tariffs. If a Radical Left Court is allowed to terminate these Tariffs, almost all of this in",-0.0047,-0.009,,,0.0147,NA,-0.0111,-0.0209,,,0.0208,NA,-0.0233,-0.0415,,,0.0255,NA,-0.0064,-0.0242,,,0.0329,NA,0.0175,-0.0192,,,0.0465,NA,0.0256,-0.0233,,,0.0569,NA,-0.0431,-0.091,,,0.0674,NA,,NA,,NA
115128985245605660,2025-09-01,PFE,Pfizer,direct,positive,cache,SPY,XLV,UNH JNJ MRK ABBV,0,0.0175,0.0065,-0.0064,0,1,It is very important that the Drug Companies justify the success of their various Covid Drugs. Many people think they are a miracle that saved Millions of lives. Others disagree! With CDC being ripped,0.0101,0.0058,0.0052,0.0042,0.0087,NEUTRAL,0.0024,-0.0074,0.0023,0.0016,0.0124,NEUTRAL,-0.0077,-0.0259,-0.0116,-0.0147,0.0151,NEUTRAL,-0.0073,-0.0251,-0.0143,-0.0083,0.0195,NEUTRAL,-0.0307,-0.0675,-0.031,-0.0483,0.0276,NEUTRAL,-0.0279,-0.0768,-0.0306,-0.0483,0.0338,NEUTRAL,0.0303,-0.0176,0.009,-0.043,0.04,NEUTRAL,0.0,NEUTRAL,0.0042,UP
115128985245605660,2025-09-01,DJT,Trump Media & Technology Group,direct,positive,cache,SPY,,,1,0.0294,-0.0237,-0.0326,0,1,It is very important that the Drug Companies justify the success of their various Covid Drugs. Many people think they are a miracle that saved Millions of lives. Others disagree! With CDC being ripped,-0.0047,-0.009,,,0.0147,NA,-0.0111,-0.0209,,,0.0208,NA,-0.0233,-0.0415,,,0.0255,NA,-0.0064,-0.0242,,,0.0329,NA,0.0175,-0.0192,,,0.0465,NA,0.0256,-0.0233,,,0.0569,NA,-0.0431,-0.091,,,0.0674,NA,,NA,,NA
115144078281517668,2025-09-04,DJT,Trump Media & Technology Group,direct,neutral,cache,SPY,,,1,0.0292,-0.0064,-0.0549,3,1,"The Mayor and Governor should be begging me for help. Crime is out of control in Chicago, potentially one of the greatest cities in the World (Again!). I could fix it in one month! President DJT https",-0.0059,-0.0132,,,0.0146,NEUTRAL,-0.0107,-0.0151,,,0.0207,NEUTRAL,0.0113,0.0044,,,0.0253,NEUTRAL,0.0012,-0.0109,,,0.0327,NEUTRAL,0.0036,-0.0193,,,0.0462,NEUTRAL,0.0083,-0.0204,,,0.0566,NEUTRAL,0.0202,-0.0212,,,0.067,NEUTRAL,,NEUTRAL,,NEUTRAL
115151165397446776,2025-09-05,DJT,Trump Media & Technology Group,direct,positive,cache,SPY,,,1,0.0293,-0.0124,-0.0439,4,1,"Jerry Nadler, one of the most disgusting Congressmen in USA History is, at long last, calling it “quits” - He’s finally leaving Congress! I’ve been beating this bum for 40 years, first as a New York C",-0.0083,-0.0018,,,0.0147,NA,0.0137,0.0177,,,0.0207,NA,0.0048,0.0065,,,0.0254,NA,0.0059,-0.0035,,,0.0328,NA,0.0065,-0.01,,,0.0464,NA,0.0,-0.0129,,,0.0568,NA,0.0309,0.0009,,,0.0672,NA,,NA,,NA
115153232183118149,2025-09-05,AAPL,Apple,direct,positive,cache,SPY QQQ DIA,XLK,MSFT NVDA AMD AVGO,0,0.0157,0.0055,0.0329,4,0,"Europe today “hit” another great American company, Google, with a $3.5 Billion Dollar fine, effectively taking money that would otherwise go to American Investments and Jobs. This is on top of the man",-0.0059,-0.0069,-0.0082,-0.0083,0.0073,NEUTRAL,-0.0207,-0.0247,-0.0248,-0.0306,0.0103,NEUTRAL,-0.0523,-0.0559,-0.0746,-0.107,0.0126,NEUTRAL,-0.0219,-0.034,-0.047,-0.0691,0.0163,NEUTRAL,0.0259,-0.0014,-0.0296,-0.0124,0.0231,NEUTRAL,0.0675,0.0432,0.0109,0.0289,0.0283,NEUTRAL,0.0727,0.0332,-0.0171,-0.0116,0.0334,NEUTRAL,-0.0019,NEUTRAL,0.001,NEUTRAL
115168933967621443,2025-09-08,DJT,Trump Media & Technology Group,direct,neutral,cache,SPY,,,1,0.0268,-0.0048,-0.0234,0,0,"6 people were murdered in Chicago this weekend, 12 others were shot, and in serious condition. This would mean that over the past number of weeks, approximately 50 people were killed, and hundreds wer",0.0,-0.0021,,,0.0136,NEUTRAL,-0.0012,-0.0062,,,0.0192,NEUTRAL,0.0012,-0.0122,,,0.0236,NEUTRAL,0.0331,0.0147,,,0.0304,NEUTRAL,0.0414,0.011,,,0.043,NEUTRAL,0.0006,-0.0249,,,0.0527,NEUTRAL,0.0071,-0.0268,,,0.0623,NEUTRAL,,NEUTRAL,,NEUTRAL
115169843962994945,2025-09-08,AMZN,Amazon,direct,positive,cache,SPY QQQ DIA,XLY,TSLA HD MCD NKE,0,0.016,-0.0142,0.031,0,0,"Gianno Caldwell has written a powerful Book, “The Day My Brother Was Murdered: My Journey Through America's Violent Crime Crisis.” Gianno unfortunately understands the true Horror of the Crime Epidemi",0.008,0.0053,0.0086,0.0127,0.0081,NEUTRAL,-0.0255,-0.0277,-0.0129,-0.0187,0.0115,NEUTRAL,-0.0271,-0.0385,-0.0337,-0.0358,0.0141,NEUTRAL,-0.0209,-0.0369,-0.0414,-0.0199,0.0182,NEUTRAL,-0.0369,-0.067,-0.0571,-0.0164,0.0257,NEUTRAL,-0.06,-0.086,-0.0827,-0.0333,0.0315,NEUTRAL,-0.0617,-0.096,-0.0628,-0.0034,0.0372,NEUTRAL,0.0012,NEUTRAL,-0.0022,NEUTRAL
115171248213293804,2025-09-08,DJT,Trump Media & Technology Group,direct,positive,cache,SPY,,,1,0.0272,0.0222,0.0047,0,1,Congratulations to Nick Bosa on an unbelievable play in the San Francisco 49ers’ Win over Seattle. He was born to be a STAR! President DJT,0.0,-0.0021,,,0.0136,NA,-0.0012,-0.0062,,,0.0192,NA,0.0012,-0.0122,,,0.0236,NA,0.0331,0.0147,,,0.0304,NA,0.0414,0.011,,,0.043,NA,0.0006,-0.0249,,,0.0527,NA,0.0071,-0.0268,,,0.0623,NA,,NA,,NA
115177916289896131,2025-09-10,DJT,Trump Media & Technology Group,direct,positive,cache,SPY,,,1,0.0271,-0.0088,0.0084,2,1,"Thank you Lenny. Great to be a WINNER, and that is you, a WINNER and a CHAMPION!!! MAKE AMERICA GREAT AGAIN! President DJT https://www.newsmax.com/newsfront/croton-on-hudson-resident-veteran/2025/09/0",-0.0032,-0.0011,,,0.0135,NA,-0.0009,-0.007,,,0.0191,NA,0.0032,-0.0026,,,0.0234,NA,0.0322,0.0224,,,0.0303,NA,0.0316,0.0141,,,0.0428,NA,-0.0304,-0.0525,,,0.0524,NA,0.0192,-0.0135,,,0.062,NA,,NA,,NA
115180154793561569,2025-09-10,DJT,Trump Media & Technology Group,direct,negative,cache,SPY,,,1,0.0271,-0.0088,0.0084,2,1,"Just out: No Inflation!!! “Too Late” must lower the RATE, BIG, right now. Powell is a total disaster, who doesn’t have a clue!!! President DJT",-0.0032,-0.0011,,,0.0135,NA,-0.0009,-0.007,,,0.0191,NA,0.0032,-0.0026,,,0.0234,NA,0.0322,0.0224,,,0.0303,NA,0.0316,0.0141,,,0.0428,NA,-0.0304,-0.0525,,,0.0524,NA,0.0192,-0.0135,,,0.062,NA,,NA,,NA
115183827069786801,2025-09-11,DJT,Trump Media & Technology Group,direct,positive,cache,SPY,,,1,0.0269,-0.0012,0.012,3,1,"Great interview by Congressman Mark Harris of North Carolina, on FoxNews. Thank you Mark!!! President DJT",-0.0047,-0.01,,,0.0134,NA,-0.0006,-0.0055,,,0.019,NA,0.0271,0.0168,,,0.0233,NA,-0.0047,-0.0123,,,0.0301,NA,0.0,-0.0134,,,0.0425,NA,-0.0224,-0.047,,,0.0521,NA,0.0041,-0.0247,,,0.0616,NA,,NA,,NA
115199460946450022,2025-09-13,DJT,Trump Media & Technology Group,direct,neutral,cache,SPY,,,1,0.0257,0.0041,0.0053,5,1,"The only reason crime is somewhat down in Memphis is because the FBI, and others in the Federal Government, at my direction, have been working there for 5 months - on the absolutely terrible Crime num",0.0175,0.0156,,,0.0128,NEUTRAL,0.0186,0.0181,,,0.0182,NEUTRAL,-0.014,-0.0133,,,0.0222,NEUTRAL,0.0163,0.0074,,,0.0287,NEUTRAL,-0.0134,-0.0195,,,0.0406,NEUTRAL,0.0105,-0.0068,,,0.0497,NEUTRAL,-0.035,-0.0429,,,0.0588,NEUTRAL,,NEUTRAL,,NEUTRAL
115206527064725917,2025-09-15,DJT,Trump Media & Technology Group,direct,positive,cache,SPY,,,1,0.0257,0.0041,0.0053,0,1,"The Federal Government, under my auspices as President of the United States of America, has stepped into the complete criminal mess that was Washington, D.C., our Nation’s Capital. Because of this, D.",0.0175,0.0156,,,0.0128,NA,0.0186,0.0181,,,0.0182,NA,-0.014,-0.0133,,,0.0222,NA,0.0163,0.0074,,,0.0287,NA,-0.0134,-0.0195,,,0.0406,NA,0.0105,-0.0068,,,0.0497,NA,-0.035,-0.0429,,,0.0588,NA,,NA,,NA
115206570863756188,2025-09-15,DJT,Trump Media & Technology Group,direct,positive,cache,SPY,,,1,0.0257,0.0041,0.0053,0,1,"The Federal Government, under my auspices as President of the United States of America, has stepped into the complete criminal mess that was Washington, D.C., our Nation’s Capital. Because of this, D.",0.0175,0.0156,,,0.0128,NA,0.0186,0.0181,,,0.0182,NA,-0.014,-0.0133,,,0.0222,NA,0.0163,0.0074,,,0.0287,NA,-0.0134,-0.0195,,,0.0406,NA,0.0105,-0.0068,,,0.0497,NA,-0.035,-0.0429,,,0.0588,NA,,NA,,NA
115207991871277413,2025-09-15,DJT,Trump Media & Technology Group,direct,neutral,cache,SPY,,,1,0.0257,0.0041,0.0053,0,1,"Governor Kathy Hochul of New York has Endorsed the “Liddle’ Communist,” Zohran Mamdani, running for Mayor of New York. This is a rather shocking development, and a very bad one for New York City. How ",0.0175,0.0156,,,0.0128,NEUTRAL,0.0186,0.0181,,,0.0182,NEUTRAL,-0.014,-0.0133,,,0.0222,NEUTRAL,0.0163,0.0074,,,0.0287,NEUTRAL,-0.0134,-0.0195,,,0.0406,NEUTRAL,0.0105,-0.0068,,,0.0497,NEUTRAL,-0.035,-0.0429,,,0.0588,NEUTRAL,,NEUTRAL,,NEUTRAL
115208260926006345,2025-09-15,DJT,Trump Media & Technology Group,direct,positive,cache,SPY,,,1,0.0257,0.0041,0.0053,0,1,"The big Trade Meeting in Europe between The United States of America, and China, has gone VERY WELL! It will be concluding shortly. A deal was also reached on a “certain” company that young people in ",0.0175,0.0156,,,0.0128,NA,0.0186,0.0181,,,0.0182,NA,-0.014,-0.0133,,,0.0222,NA,0.0163,0.0074,,,0.0287,NA,-0.0134,-0.0195,,,0.0406,NA,0.0105,-0.0068,,,0.0497,NA,-0.035,-0.0429,,,0.0588,NA,,NA,,NA
115208353139528932,2025-09-15,DJT,Trump Media & Technology Group,direct,neutral,cache,SPY,,,1,0.0257,0.0041,0.0053,0,1,"“Too Late” MUST CUT INTEREST RATES, NOW, AND BIGGER THAN HE HAD IN MIND. HOUSING WILL SOAR!!! President DJT",0.0175,0.0156,,,0.0128,NEUTRAL,0.0186,0.0181,,,0.0182,NEUTRAL,-0.014,-0.0133,,,0.0222,NEUTRAL,0.0163,0.0074,,,0.0287,NEUTRAL,-0.0134,-0.0195,,,0.0406,NEUTRAL,0.0105,-0.0068,,,0.0497,NEUTRAL,-0.035,-0.0429,,,0.0588,NEUTRAL,,NEUTRAL,,NEUTRAL
115209308362990527,2025-09-15,AMZN,Amazon,direct,positive,cache,SPY QQQ DIA,XLY,TSLA HD MCD NKE,0,0.0168,-0.0078,-0.0424,0,0,"MY son Eric’s just out book, “UNDER SIEGE,” immediately went to NUMBER ONE on Amazon. Great going Eric, you deserve it!!! https://a.co/d/7oPyLF5",0.0048,0.0073,0.0022,0.0055,0.0086,NEUTRAL,-0.0057,-0.0039,-0.0057,-0.0047,0.0121,NEUTRAL,-0.0073,-0.0111,-0.0028,0.0014,0.0149,NEUTRAL,-0.0228,-0.0358,-0.0188,-0.0115,0.0192,NEUTRAL,-0.0462,-0.0552,-0.0446,-0.0254,0.0271,NEUTRAL,-0.0517,-0.0725,-0.0465,-0.0282,0.0332,NEUTRAL,-0.071,-0.0786,-0.0429,-0.0374,0.0393,NEUTRAL,-0.0027,NEUTRAL,-0.0014,NEUTRAL
115209549037822166,2025-09-15,DJT,Trump Media & Technology Group,direct,neutral,cache,SPY,,,1,0.0257,0.0041,0.0053,0,0,"Congressional Republicans, including Leader John Thune and Speaker Mike Johnson, are working on a short term “CLEAN” extension of Government Funding to stop Cryin’ Chuck Schumer from shutting down the",0.0006,0.0028,,,0.0119,NEUTRAL,-0.0315,-0.028,,,0.0169,NEUTRAL,-0.0309,-0.0321,,,0.0206,NEUTRAL,0.0074,-0.0035,,,0.0267,NEUTRAL,-0.0321,-0.0382,,,0.0377,NEUTRAL,0.0086,-0.0096,,,0.0462,NEUTRAL,-0.0681,-0.072,,,0.0546,NEUTRAL,,NEUTRAL,,NEUTRAL
115215261916717696,2025-09-16,DJT,Trump Media & Technology Group,direct,positive,cache,SPY,,,1,0.0238,0.0277,0.0344,1,0,"The Republicans are going to do a Midterm Convention in order to show the great things we have done since the Presidential Election of 2024. Time and place to be determined. Stay tuned, it will be qui",-0.0315,-0.0302,,,0.0119,NA,-0.0309,-0.0343,,,0.0169,NA,-0.0017,-0.0101,,,0.0207,NA,0.0,-0.0076,,,0.0267,NA,-0.0601,-0.0722,,,0.0377,NA,-0.0258,-0.0424,,,0.0462,NA,-0.0687,-0.0793,,,0.0546,NA,,NA,,NA
115215278610415981,2025-09-16,DJT,Trump Media & Technology Group,direct,negative,cache,SPY,,,1,0.0238,0.0277,0.0344,1,0,"Just had a wonderful phone call with my friend, Prime Minister Narendra Modi. I wished him a very Happy Birthday! He is doing a tremendous job. Narendra: Thank you for your support on ending the War b",-0.0315,-0.0302,,,0.0119,NA,-0.0309,-0.0343,,,0.0169,NA,-0.0017,-0.0101,,,0.0207,NA,0.0,-0.0076,,,0.0267,NA,-0.0601,-0.0722,,,0.0377,NA,-0.0258,-0.0424,,,0.0462,NA,-0.0687,-0.0793,,,0.0546,NA,,NA,,NA
115215588649960500,2025-09-16,DJT,Trump Media & Technology Group,direct,positive,cache,SPY,,,1,0.0238,0.0277,0.0344,1,0,"BREAKING NEWS! In a Big WIN for Justice and Law in Georgia, the Georgia Supreme Court just ruled that District Attorney Fani Willis and her “team” of Weaponized Prosecutors are DISQUALIFIED, once and ",-0.0315,-0.0302,,,0.0119,NA,-0.0309,-0.0343,,,0.0169,NA,-0.0017,-0.0101,,,0.0207,NA,0.0,-0.0076,,,0.0267,NA,-0.0601,-0.0722,,,0.0377,NA,-0.0258,-0.0424,,,0.0462,NA,-0.0687,-0.0793,,,0.0546,NA,,NA,,NA
115216434940272027,2025-09-16,DJT,Trump Media & Technology Group,direct,positive,cache,SPY,,,1,0.0238,0.0011,0.0331,1,1,"I am getting amazing feedback on my Lawsuit against The New York Times. The predominant feeling and sentiment is, “IT’S ABOUT TIME!” The case was filed in the Great State of Florida! The Radical Left ",-0.0315,-0.0302,,,0.0119,NA,-0.0309,-0.0343,,,0.0169,NA,-0.0017,-0.0101,,,0.0207,NA,0.0,-0.0076,,,0.0267,NA,-0.0601,-0.0722,,,0.0377,NA,-0.0258,-0.0424,,,0.0462,NA,-0.0687,-0.0793,,,0.0546,NA,,NA,,NA
115222372625104790,2025-09-18,DJT,Trump Media & Technology Group,direct,positive,cache,SPY,,,1,0.0218,-0.032,-0.0041,3,1,"Great News for America: The ratings challenged Jimmy Kimmel Show is CANCELLED. Congratulations to ABC for finally having the courage to do what had to be done. Kimmel has ZERO talent, and worse rating",-0.007,-0.0076,,,0.0109,NA,0.0229,0.0174,,,0.0154,NA,0.0323,0.022,,,0.0189,NA,-0.0029,-0.0045,,,0.0244,NA,-0.0252,-0.0379,,,0.0345,NA,0.0123,-0.0075,,,0.0423,NA,-0.0745,-0.0754,,,0.05,NA,,NA,,NA
115232256964155055,2025-09-19,BA,Boeing,direct,positive,cache,SPY DIA,XLI ITA,CAT GE RTX UNP LMT NOC GD,0,0.0147,0.0048,-0.0004,4,0,"I am pleased to host President Recep Tayyip Erdoğan, of Turkey, at the White House on September 25th. We are working on many Trade and Military Deals with the President, including the large scale purc",-0.0143,-0.0205,-0.0207,-0.0229,0.0073,NEUTRAL,0.0054,0.0028,-0.0056,-0.0102,0.0104,NEUTRAL,-0.0003,0.0007,-0.0027,-0.0213,0.0127,NEUTRAL,0.0283,0.0274,0.0199,-0.0008,0.0164,NEUTRAL,0.0053,-0.0069,-0.0187,-0.0586,0.0232,NEUTRAL,-0.0206,-0.0069,-0.0211,-0.0559,0.0285,NEUTRAL,0.0077,-0.0057,-0.0135,-0.0409,0.0337,NEUTRAL,0.0008,NEUTRAL,0.0002,NEUTRAL
115232256964155055,2025-09-19,LMT,Lockheed Martin,direct,positive,cache,SPY,ITA,NOC RTX GD BA,0,0.0081,0.0011,0.0008,4,0,"I am pleased to host President Recep Tayyip Erdoğan, of Turkey, at the White House on September 25th. We are working on many Trade and Military Deals with the President, including the large scale purc",0.0142,0.0072,0.0081,0.0126,0.0041,UP,0.0274,0.0259,0.0121,0.0218,0.0058,UP,0.0266,0.0282,0.0235,0.0151,0.0071,UP,0.0291,0.0296,0.016,-0.0018,0.0091,NEUTRAL,0.0651,0.0545,0.0331,0.0069,0.0129,NEUTRAL,0.0662,0.0801,0.0515,0.0498,0.0158,UP,0.068,0.0543,0.0357,0.0354,0.0187,UP,-0.0019,NEUTRAL,-0.0029,NEUTRAL
115234681538876098,2025-09-20,DJT,Trump Media & Technology Group,direct,positive,cache,SPY,,,1,0.022,0.0301,-0.0023,5,1,"Today I withdrew the Nomination of Erik Siebert as U.S. Attorney for the Eastern District of Virginia, when I was informed that he received the UNUSUALLY STRONG support of the two absolutely terrible,",0.0098,0.0027,,,0.011,NA,0.0023,0.0008,,,0.0156,NA,-0.0247,-0.023,,,0.0191,NA,-0.0287,-0.0281,,,0.0246,NA,-0.0052,-0.0157,,,0.0348,NA,-0.0838,-0.0699,,,0.0427,NA,-0.0826,-0.0964,,,0.0505,NA,,NA,,NA
115238637490866159,2025-09-20,DJT,Trump Media & Technology Group,direct,positive,cache,SPY,,,1,0.022,0.0301,-0.0023,5,1,"Nicole Parker, former FBI, was great today on FoxNews. Thank you Nicole!!!  President DJT",0.0098,0.0027,,,0.011,NA,0.0023,0.0008,,,0.0156,NA,-0.0247,-0.023,,,0.0191,NA,-0.0287,-0.0281,,,0.0246,NA,-0.0052,-0.0157,,,0.0348,NA,-0.0838,-0.0699,,,0.0427,NA,-0.0826,-0.0964,,,0.0505,NA,,NA,,NA
115238732896636210,2025-09-20,DJT,Trump Media & Technology Group,direct,neutral,cache,SPY,,,1,0.022,0.0301,-0.0023,5,1,"Just toured Washington, D.C., and it is a totally different place than it was last year. No tents, manicured grass and parks, cleans streets, no gangs or vicious criminals — THE PLACE IS BEAUTIFUL AND",0.0098,0.0027,,,0.011,NEUTRAL,0.0023,0.0008,,,0.0156,NEUTRAL,-0.0247,-0.023,,,0.0191,NEUTRAL,-0.0287,-0.0281,,,0.0246,NEUTRAL,-0.0052,-0.0157,,,0.0348,NEUTRAL,-0.0838,-0.0699,,,0.0427,NEUTRAL,-0.0826,-0.0964,,,0.0505,NEUTRAL,,NEUTRAL,,NEUTRAL
115238745589536576,2025-09-20,DJT,Trump Media & Technology Group,direct,neutral,cache,SPY,,,1,0.022,0.0301,-0.0023,5,1,"If Afghanistan doesn’t give Bagram Airbase back to those that built it, the United States of America, BAD THINGS ARE GOING TO HAPPEN!!! President DJT",0.0098,0.0027,,,0.011,NEUTRAL,0.0023,0.0008,,,0.0156,NEUTRAL,-0.0247,-0.023,,,0.0191,NEUTRAL,-0.0287,-0.0281,,,0.0246,NEUTRAL,-0.0052,-0.0157,,,0.0348,NEUTRAL,-0.0838,-0.0699,,,0.0427,NEUTRAL,-0.0826,-0.0964,,,0.0505,NEUTRAL,,NEUTRAL,,NEUTRAL
115238993505561388,2025-09-20,DJT,Trump Media & Technology Group,direct,positive,cache,SPY,,,1,0.022,0.0301,-0.0023,5,1,"Pam: I have reviewed over 30 statements and posts saying that, essentially, “same old story as last time, all talk, no action. Nothing is being done. What about Comey, Adam “Shifty” Schiff, Leticia???",0.0098,0.0027,,,0.011,NA,0.0023,0.0008,,,0.0156,NA,-0.0247,-0.023,,,0.0191,NA,-0.0287,-0.0281,,,0.0246,NA,-0.0052,-0.0157,,,0.0348,NA,-0.0838,-0.0699,,,0.0427,NA,-0.0826,-0.0964,,,0.0505,NA,,NA,,NA
115239012437859070,2025-09-20,DJT,Trump Media & Technology Group,direct,neutral,cache,SPY,,,1,0.022,0.0301,-0.0023,5,1,"Just toured Washington, D.C., and it is a totally different place than it was last year. No tents, manicured grass and parks, clean streets, no gangs or vicious criminals — THE PLACE IS BEAUTIFUL AND ",0.0098,0.0027,,,0.011,NEUTRAL,0.0023,0.0008,,,0.0156,NEUTRAL,-0.0247,-0.023,,,0.0191,NEUTRAL,-0.0287,-0.0281,,,0.0246,NEUTRAL,-0.0052,-0.0157,,,0.0348,NEUTRAL,-0.0838,-0.0699,,,0.0427,NEUTRAL,-0.0826,-0.0964,,,0.0505,NEUTRAL,,NEUTRAL,,NEUTRAL
115239044548033727,2025-09-20,DJT,Trump Media & Technology Group,direct,positive,cache,SPY,,,1,0.022,0.0301,-0.0023,5,1,"Pam: I have reviewed over 30 statements and posts saying that, essentially, “same old story as last time, all talk, no action. Nothing is being done. What about Comey, Adam “Shifty” Schiff, Leticia???",0.0098,0.0027,,,0.011,NA,0.0023,0.0008,,,0.0156,NA,-0.0247,-0.023,,,0.0191,NA,-0.0287,-0.0281,,,0.0246,NA,-0.0052,-0.0157,,,0.0348,NA,-0.0838,-0.0699,,,0.0427,NA,-0.0826,-0.0964,,,0.0505,NA,,NA,,NA
115250311291343080,2025-09-22,BA,Boeing,direct,positive,cache,SPY DIA,XLI ITA,CAT GE RTX UNP LMT NOC GD,0,0.0136,-0.0165,-0.0118,0,1,"Earlier this month I spoke with the Highly Respected President of Uzbekistan, Shavkat Mirziyoyev. Today I want to congratulate President Mirziyoyev on signing a GREAT Deal with Boeing! Worth over $8 B",-0.0036,0.0005,-0.0056,-0.0085,0.0068,NEUTRAL,-0.0093,-0.0016,-0.0027,-0.0195,0.0096,NEUTRAL,-0.0165,-0.0049,-0.0052,-0.0222,0.0118,NEUTRAL,-0.0002,0.0034,-0.0005,-0.0245,0.0152,NEUTRAL,0.012,0.0055,-0.0124,-0.0446,0.0215,NEUTRAL,-0.0072,-0.0006,-0.0113,-0.0483,0.0264,NEUTRAL,0.0006,-0.0083,-0.0249,-0.0399,0.0312,NEUTRAL,0.004,UP,0.0175,UP
115264848871452989,2025-09-25,DJT,Trump Media & Technology Group,direct,positive,cache,SPY,,,1,0.0166,-0.0269,-0.0252,3,1,"Wow!!! A just out poll has Jack Ciattarelli essentially beating close to incompetent Mike Sherrill in the race for Governor of New Jersey. Jack is tough on crime and cutting taxes, two things that peo",0.0017,0.0016,,,0.0083,NA,0.0083,0.0024,,,0.0118,NA,0.0071,-0.0016,,,0.0144,NA,-0.0102,-0.0262,,,0.0186,NA,0.0279,0.0049,,,0.0263,NA,-0.031,-0.042,,,0.0322,NA,-0.0531,-0.0741,,,0.0381,NA,,NA,,NA
115265260242945334,2025-09-25,DJT,Trump Media & Technology Group,direct,positive,cache,SPY,,,1,0.0166,-0.0269,-0.0252,3,0,What a great couple—Congratulations! President DJT,0.0095,0.006,,,0.0083,NA,0.0083,0.002,,,0.0118,NA,-0.0209,-0.031,,,0.0144,NA,0.0256,0.0109,,,0.0186,NA,0.0179,0.0002,,,0.0263,NA,-0.059,-0.0607,,,0.0322,NA,-0.0555,-0.0824,,,0.0381,NA,,NA,,NA
115270236987768479,2025-09-26,DJT,Trump Media & Technology Group,direct,neutral,cache,SPY,,,1,0.0166,-0.0106,-0.0443,4,1,"Whether you like Corrupt James Comey or not, and I can’t imagine too many people liking him, HE LIED! It is not a complex lie, it’s a very simple, but IMPORTANT one. There is no way he can explain his",0.0095,0.006,,,0.0083,NEUTRAL,0.0083,0.002,,,0.0118,NEUTRAL,-0.0209,-0.031,,,0.0144,NEUTRAL,0.0256,0.0109,,,0.0186,NEUTRAL,0.0179,0.0002,,,0.0263,NEUTRAL,-0.059,-0.0607,,,0.0322,NEUTRAL,-0.0555,-0.0824,,,0.0381,NEUTRAL,,NEUTRAL,,NEUTRAL
115271135823530018,2025-09-26,DJT,Trump Media & Technology Group,direct,neutral,cache,SPY,,,1,0.0166,-0.0106,-0.0443,4,0,"Pregnant Women, DON'T USE TYLENOL UNLESS ABSOLUTELY NECESSARY, DON'T GIVE TYLENOL TO YOUR YOUNG CHILD FOR VIRTUALLY ANY REASON, BREAK UP THE MMR SHOT INTO THREE TOTALLY SEPARATE SHOTS (NOT MIXED!), TA",0.0,0.001,,,0.0084,NEUTRAL,-0.029,-0.0317,,,0.0118,NEUTRAL,-0.0171,-0.0233,,,0.0145,NEUTRAL,0.0254,0.0181,,,0.0187,NEUTRAL,-0.0556,-0.0385,,,0.0264,NEUTRAL,-0.0432,-0.0432,,,0.0324,NEUTRAL,-0.052,-0.0835,,,0.0383,NEUTRAL,,NEUTRAL,,NEUTRAL
115271189838263038,2025-09-26,DJT,Trump Media & Technology Group,direct,neutral,cache,SPY,,,1,0.0166,-0.0106,-0.0443,4,0,"Flying over Ryder Cup, now! DJT",0.0,0.001,,,0.0084,NEUTRAL,-0.029,-0.0317,,,0.0118,NEUTRAL,-0.0171,-0.0233,,,0.0145,NEUTRAL,0.0254,0.0181,,,0.0187,NEUTRAL,-0.0556,-0.0385,,,0.0264,NEUTRAL,-0.0432,-0.0432,,,0.0324,NEUTRAL,-0.052,-0.0835,,,0.0383,NEUTRAL,,NEUTRAL,,NEUTRAL
115272665190921190,2025-09-26,MSFT,Microsoft,direct,neutral,cache,SPY QQQ DIA,XLK,AAPL NVDA AMD AVGO,0,0.01,0.0087,0.0044,4,1,"Corrupt and Totally Trump Deranged Lisa Monaco (A purported pawn of Legal Lightweight Andrew Weissmann), was a senior National Security aide under Barrack Hussein Obama, and a Lawfare and Weaponizatio",0.0061,0.0071,0.0065,0.0024,0.005,NEUTRAL,0.0126,0.011,0.0075,0.0073,0.007,NEUTRAL,0.0161,0.0113,0.0011,0.0022,0.0086,NEUTRAL,0.0114,0.004,-0.0038,-0.0096,0.0111,NEUTRAL,-0.0011,0.0164,0.0063,0.0083,0.0158,NEUTRAL,0.0041,0.0027,-0.0122,-0.0235,0.0193,NEUTRAL,0.0391,0.0041,-0.027,-0.0303,0.0228,NEUTRAL,-0.0018,NEUTRAL,-0.0024,NEUTRAL
115272665190921190,2025-09-26,DJT,Trump Media & Technology Group,direct,neutral,cache,SPY,,,1,0.0167,0.0065,-0.0309,4,1,"Corrupt and Totally Trump Deranged Lisa Monaco (A purported pawn of Legal Lightweight Andrew Weissmann), was a senior National Security aide under Barrack Hussein Obama, and a Lawfare and Weaponizatio",0.0,0.001,,,0.0084,NEUTRAL,-0.029,-0.0317,,,0.0118,NEUTRAL,-0.0171,-0.0233,,,0.0145,NEUTRAL,0.0254,0.0181,,,0.0187,NEUTRAL,-0.0556,-0.0385,,,0.0264,NEUTRAL,-0.0432,-0.0432,,,0.0324,NEUTRAL,-0.052,-0.0835,,,0.0383,NEUTRAL,,NEUTRAL,,NEUTRAL
115272758814629814,2025-09-26,MSFT,Microsoft,direct,neutral,cache,SPY QQQ DIA,XLK,AAPL NVDA AMD AVGO,0,0.01,0.0087,0.0044,4,1,"Corrupt and Totally Trump Deranged Lisa Monaco (A purported pawn of Legal Lightweight Andrew Weissmann), was a senior National Security aide under Barack Hussein Obama, and a Lawfare and Weaponization",0.0061,0.0071,0.0065,0.0024,0.005,NEUTRAL,0.0126,0.011,0.0075,0.0073,0.007,NEUTRAL,0.0161,0.0113,0.0011,0.0022,0.0086,NEUTRAL,0.0114,0.004,-0.0038,-0.0096,0.0111,NEUTRAL,-0.0011,0.0164,0.0063,0.0083,0.0158,NEUTRAL,0.0041,0.0027,-0.0122,-0.0235,0.0193,NEUTRAL,0.0391,0.0041,-0.027,-0.0303,0.0228,NEUTRAL,-0.0018,NEUTRAL,-0.0024,NEUTRAL
115272758814629814,2025-09-26,DJT,Trump Media & Technology Group,direct,neutral,cache,SPY,,,1,0.0167,0.0065,-0.0309,4,1,"Corrupt and Totally Trump Deranged Lisa Monaco (A purported pawn of Legal Lightweight Andrew Weissmann), was a senior National Security aide under Barack Hussein Obama, and a Lawfare and Weaponization",0.0,0.001,,,0.0084,NEUTRAL,-0.029,-0.0317,,,0.0118,NEUTRAL,-0.0171,-0.0233,,,0.0145,NEUTRAL,0.0254,0.0181,,,0.0187,NEUTRAL,-0.0556,-0.0385,,,0.0264,NEUTRAL,-0.0432,-0.0432,,,0.0324,NEUTRAL,-0.052,-0.0835,,,0.0383,NEUTRAL,,NEUTRAL,,NEUTRAL
115272791741064606,2025-09-26,DJT,Trump Media & Technology Group,direct,positive,cache,SPY,,,1,0.0167,0.0065,-0.0309,4,1,"Brendan Carr, Chairman of the Federal Communications Commission (FCC), is Smart, Tough, and a True American Patriot. He is supported by MAGA, like few others. Keep up the GREAT work, Brendan. MAKE AME",0.0,0.001,,,0.0084,NA,-0.029,-0.0317,,,0.0118,NA,-0.0171,-0.0233,,,0.0145,NA,0.0254,0.0181,,,0.0187,NA,-0.0556,-0.0385,,,0.0264,NA,-0.0432,-0.0432,,,0.0324,NA,-0.052,-0.0835,,,0.0383,NA,,NA,,NA
115273002921064922,2025-09-26,DJT,Trump Media & Technology Group,direct,positive,cache,SPY,,,1,0.0167,0.0065,-0.0309,4,1,"I’d like to thank Kash Patel, and the outstanding members of the FBI, for their brilliant work on the recent Indictment of the Worst FBI Director in the History of our Country, James “Dirty Cop” Comey",0.0,0.001,,,0.0084,NA,-0.029,-0.0317,,,0.0118,NA,-0.0171,-0.0233,,,0.0145,NA,0.0254,0.0181,,,0.0187,NA,-0.0556,-0.0385,,,0.0264,NA,-0.0432,-0.0432,,,0.0324,NA,-0.052,-0.0835,,,0.0383,NA,,NA,,NA
115279734861052153,2025-09-28,DJT,Trump Media & Technology Group,direct,positive,cache,SPY,,,1,0.0167,0.0065,-0.0309,6,1,"A really great and impactful book, just out, “ON DEMOCRACIES AND DEATH CULTS,” by New York Times Bestselling Author, Douglas Murray. Get it NOW!!! President DJT",0.0,0.001,,,0.0084,NA,-0.029,-0.0317,,,0.0118,NA,-0.0171,-0.0233,,,0.0145,NA,0.0254,0.0181,,,0.0187,NA,-0.0556,-0.0385,,,0.0264,NA,-0.0432,-0.0432,,,0.0324,NA,-0.052,-0.0835,,,0.0383,NA,,NA,,NA
115282009590636281,2025-09-28,DJT,Trump Media & Technology Group,direct,neutral,cache,SPY,,,1,0.0167,0.0065,-0.0309,6,1,"We have a real chance for GREATNESS IN THE MIDDLE EAST. ALL ARE ON BOARD FOR SOMETHING SPECIAL, FIRST TIME EVER. WE WILL GET IT DONE!!! President DJT",0.0,0.001,,,0.0084,NEUTRAL,-0.029,-0.0317,,,0.0118,NEUTRAL,-0.0171,-0.0233,,,0.0145,NEUTRAL,0.0254,0.0181,,,0.0187,NEUTRAL,-0.0556,-0.0385,,,0.0264,NEUTRAL,-0.0432,-0.0432,,,0.0324,NEUTRAL,-0.052,-0.0835,,,0.0383,NEUTRAL,,NEUTRAL,,NEUTRAL
115283825662825835,2025-09-28,DJT,Trump Media & Technology Group,direct,neutral,cache,SPY,,,1,0.0167,0.0065,-0.0309,6,1,"Some of the highest quality 24 Karat Gold used in the Oval Office and Cabinet Room of the White House. Foreign Leaders, and everyone else, “freak out” when they see the quality and beauty. Best Oval O",0.0,0.001,,,0.0084,NEUTRAL,-0.029,-0.0317,,,0.0118,NEUTRAL,-0.0171,-0.0233,,,0.0145,NEUTRAL,0.0254,0.0181,,,0.0187,NEUTRAL,-0.0556,-0.0385,,,0.0264,NEUTRAL,-0.0432,-0.0432,,,0.0324,NEUTRAL,-0.052,-0.0835,,,0.0383,NEUTRAL,,NEUTRAL,,NEUTRAL
115285407847623317,2025-09-29,DJT,Trump Media & Technology Group,direct,neutral,cache,SPY,,,1,0.0167,0.0065,-0.0309,0,1,"Hard to watch the new NFL kickoff. It’s wrong on every level. They should end it, immediately. Bad for the game of football! President DJT",0.0,0.001,,,0.0084,NEUTRAL,-0.029,-0.0317,,,0.0118,NEUTRAL,-0.0171,-0.0233,,,0.0145,NEUTRAL,0.0254,0.0181,,,0.0187,NEUTRAL,-0.0556,-0.0385,,,0.0264,NEUTRAL,-0.0432,-0.0432,,,0.0324,NEUTRAL,-0.052,-0.0835,,,0.0383,NEUTRAL,,NEUTRAL,,NEUTRAL
115287641147640374,2025-09-29,DJT,Trump Media & Technology Group,direct,positive,cache,SPY,,,1,0.0167,0.0065,-0.0309,0,1,"Self proclaimed New York City Communist, Zohran Mamdani, who is running for Mayor, will prove to be one of the best things to ever happen to our great Republican Party. He is going to have problems wi",0.0,0.001,,,0.0084,NA,-0.029,-0.0317,,,0.0118,NA,-0.0171,-0.0233,,,0.0145,NA,0.0254,0.0181,,,0.0187,NA,-0.0556,-0.0385,,,0.0264,NA,-0.0432,-0.0432,,,0.0324,NA,-0.052,-0.0835,,,0.0383,NA,,NA,,NA
115287691323395767,2025-09-29,DJT,Trump Media & Technology Group,direct,negative,cache,SPY,,,1,0.0167,0.0065,-0.0309,0,1,"Our movie making business has been stolen from the United States of America, by other Countries, just like stealing “candy from a baby.” California, with its weak and incompetent Governor, has been pa",0.0,0.001,,,0.0084,NA,-0.029,-0.0317,,,0.0118,NA,-0.0171,-0.0233,,,0.0145,NA,0.0254,0.0181,,,0.0187,NA,-0.0556,-0.0385,,,0.0264,NA,-0.0432,-0.0432,,,0.0324,NA,-0.052,-0.0835,,,0.0383,NA,,NA,,NA
115287723938349086,2025-09-29,DJT,Trump Media & Technology Group,direct,negative,cache,SPY,,,1,0.0167,0.0065,-0.0309,0,1,"In order to make North Carolina, which has completely lost its furniture business to China, and other Countries, GREAT again, I will be imposing substantial Tariffs on any Country that does not make i",0.0,0.001,,,0.0084,NA,-0.029,-0.0317,,,0.0118,NA,-0.0171,-0.0233,,,0.0145,NA,0.0254,0.0181,,,0.0187,NA,-0.0556,-0.0385,,,0.0264,NA,-0.0432,-0.0432,,,0.0324,NA,-0.052,-0.0835,,,0.0383,NA,,NA,,NA
115299125682668163,2025-10-01,DJT,Trump Media & Technology Group,direct,neutral,cache,SPY,,,1,0.0163,-0.029,-0.0238,2,1,I was there to see it all. Total Scum!!! President DJT https://nypost.com/2025/09/30/us-news/fbi-surveilled-rep-scott-perry-before-seizing-his-cell-phone-as-part-of-arctic-frost-probe-into-2020-electi,0.0116,0.0036,,,0.0081,NEUTRAL,0.0469,0.0377,,,0.0115,NEUTRAL,0.0554,0.0463,,,0.0141,NEUTRAL,0.0359,0.0269,,,0.0182,NEUTRAL,-0.0091,-0.0077,,,0.0257,NEUTRAL,-0.0286,-0.0409,,,0.0315,NEUTRAL,-0.0274,-0.0639,,,0.0373,NEUTRAL,,NEUTRAL,,NEUTRAL
115300118756896774,2025-10-01,DJT,Trump Media & Technology Group,direct,positive,cache,SPY,,,1,0.0163,-0.029,-0.0238,2,0,"As I determined on September 27th, when I activated and called into service the National Guard in Oregon, conditions continue to deteriorate into lawless mayhem. Our GREAT Federal Law Enforcement Offi",0.0263,0.0281,,,0.0083,NA,0.0346,0.0365,,,0.0117,NA,0.0513,0.0496,,,0.0143,NA,0.0298,0.0259,,,0.0185,NA,-0.0292,-0.0214,,,0.0261,NA,-0.0656,-0.0617,,,0.032,NA,-0.0853,-0.0993,,,0.0379,NA,,NA,,NA
115304455138824245,2025-10-02,DJT,Trump Media & Technology Group,direct,positive,cache,SPY,,,1,0.0165,0.0122,-0.0183,3,1,"I have a meeting today with Russ Vought, he of PROJECT 2025 Fame, to determine which of the many Democrat Agencies, most of which are a political SCAM, he recommends to be cut, and whether or not thos",0.0263,0.0281,,,0.0083,NA,0.0346,0.0365,,,0.0117,NA,0.0513,0.0496,,,0.0143,NA,0.0298,0.0259,,,0.0185,NA,-0.0292,-0.0214,,,0.0261,NA,-0.0656,-0.0617,,,0.032,NA,-0.0853,-0.0993,,,0.0379,NA,,NA,,NA
115304536210429622,2025-10-02,DJT,Trump Media & Technology Group,direct,neutral,cache,SPY,,,1,0.0165,0.0122,-0.0183,3,1,Best thing that could happen to the Republican Party? A Communist Mayor in NYC. The Dems have gone stone cold  CRAZY!  President DJT https://www.foxbusiness.com/video/6380535163112,0.0263,0.0281,,,0.0083,NEUTRAL,0.0346,0.0365,,,0.0117,NEUTRAL,0.0513,0.0496,,,0.0143,NEUTRAL,0.0298,0.0259,,,0.0185,NEUTRAL,-0.0292,-0.0214,,,0.0261,NEUTRAL,-0.0656,-0.0617,,,0.032,NEUTRAL,-0.0853,-0.0993,,,0.0379,NEUTRAL,,NEUTRAL,,NEUTRAL
115307871751959358,2025-10-03,DJT,Trump Media & Technology Group,direct,positive,cache,SPY,,,1,0.018,0.0349,0.0171,4,1,WOW!!! Such an! honor. Record “stuff” for a Republican. President DJT,-0.0003,0.0009,,,0.009,NA,0.0159,0.0134,,,0.0127,NA,-0.0187,-0.0174,,,0.0156,NA,-0.0159,-0.0176,,,0.0202,NA,-0.0902,-0.0763,,,0.0285,NA,-0.0833,-0.086,,,0.0349,NA,-0.1165,-0.1345,,,0.0413,NA,,NA,,NA
115311232842528048,2025-10-03,DJT,Trump Media & Technology Group,direct,neutral,cache,SPY,,,1,0.018,0.0349,0.0171,4,0,I am pleased to advise that I reversed the cuts made to Homeland Security and Counterterrorism for New York City and State. It was my Honor to do so. Thank you for your attention to this matter! Presi,-0.0031,-0.0031,,,0.009,NEUTRAL,-0.0371,-0.0333,,,0.0127,NEUTRAL,-0.0235,-0.0257,,,0.0156,NEUTRAL,-0.0965,-0.0688,,,0.0202,NEUTRAL,-0.0846,-0.0738,,,0.0285,NEUTRAL,-0.1038,-0.1122,,,0.0349,NEUTRAL,-0.1785,-0.196,,,0.0413,NEUTRAL,,NEUTRAL,,NEUTRAL
115318223084524890,2025-10-04,DJT,Trump Media & Technology Group,direct,positive,cache,SPY,,,1,0.018,0.0081,0.056,5,1,"I hope Univision, a great and very popular Hispanic Network, can get BACK onto the very amazing Google/YouTube. It has been taken out of their package, which is VERY BAD for Republicans in the upcomin",-0.0031,-0.0031,,,0.009,NA,-0.0371,-0.0333,,,0.0127,NA,-0.0235,-0.0257,,,0.0156,NA,-0.0965,-0.0688,,,0.0202,NA,-0.0846,-0.0738,,,0.0285,NA,-0.1038,-0.1122,,,0.0349,NA,-0.1785,-0.196,,,0.0413,NA,,NA,,NA
115321994845181490,2025-10-05,DJT,Trump Media & Technology Group,direct,neutral,cache,SPY,,,1,0.018,0.0081,0.056,6,1,"It will be a big day with the Navy. Leaving now. The United States has the greatest military, by far, in the World. This will be a show of Naval aptitude and strength. ENJOY WATCHING! It will be broad",-0.0031,-0.0031,,,0.009,NEUTRAL,-0.0371,-0.0333,,,0.0127,NEUTRAL,-0.0235,-0.0257,,,0.0156,NEUTRAL,-0.0965,-0.0688,,,0.0202,NEUTRAL,-0.0846,-0.0738,,,0.0285,NEUTRAL,-0.1038,-0.1122,,,0.0349,NEUTRAL,-0.1785,-0.196,,,0.0413,NEUTRAL,,NEUTRAL,,NEUTRAL
115332793655857227,2025-10-07,DJT,Trump Media & Technology Group,direct,positive,cache,SPY,,,1,0.0177,0.0161,0.0602,1,1,"Great interview by highly respected Congressman Michael Baumgartner, Republican of the Great State of Washington, on Maria Bartiromo’s (Who is, by the way, also FANTASTIC!) Show. He really gets it. Th",-0.0362,-0.0312,,,0.0089,NA,-0.0227,-0.0235,,,0.0125,NA,-0.0334,-0.0314,,,0.0154,NA,-0.0623,-0.0482,,,0.0198,NA,-0.0946,-0.0927,,,0.028,NA,-0.0923,-0.1112,,,0.0343,NA,-0.2174,-0.2215,,,0.0406,NA,,NA,,NA
115335985411793079,2025-10-08,DJT,Trump Media & Technology Group,direct,positive,cache,SPY,,,1,0.0193,-0.0341,-0.0105,2,1,Congratulations to Matt Van Epps on his great victory in Tennessee. He will be a GREAT Congressman!!! President DJT,0.0141,0.0098,,,0.0096,NA,0.0029,0.0016,,,0.0136,NA,-0.0617,-0.036,,,0.0167,NA,-0.0435,-0.0315,,,0.0215,NA,-0.0623,-0.0638,,,0.0305,NA,-0.0505,-0.0756,,,0.0373,NA,-0.1675,-0.1784,,,0.0442,NA,,NA,,NA
115344000556414178,2025-10-09,DJT,Trump Media & Technology Group,direct,neutral,cache,SPY,,,1,0.0195,0.0141,-0.0046,3,1,"I would like to thank Republican Congressman Brian Mast, of Florida, for his brilliant words and analysis on the return of the Hostages, and Peace in the Middle East, this morning on Fox & Friends. Th",-0.0156,-0.0121,,,0.0097,NEUTRAL,-0.079,-0.0486,,,0.0138,NEUTRAL,-0.045,-0.0294,,,0.0169,NEUTRAL,-0.0617,-0.0493,,,0.0218,NEUTRAL,-0.0969,-0.0884,,,0.0308,NEUTRAL,-0.0784,-0.099,,,0.0377,NEUTRAL,-0.2313,-0.2265,,,0.0447,NEUTRAL,,NEUTRAL,,NEUTRAL
115347456920917051,2025-10-10,AMZN,Amazon,indirect,positive,cache,SPY QQQ DIA,XLY,TSLA HD MCD NKE,0,0.0118,0.0112,0.031,4,1,Thank you Washington Post. Wow!!! https://www.washingtonpost.com/opinions/2025/10/09/gaza-ceasefire-deal-trump-nobel-prize/,-0.0435,-0.0147,-0.0155,-0.0159,0.0059,NEUTRAL,-0.0271,-0.0143,-0.0209,-0.0252,0.0084,NEUTRAL,-0.0434,-0.0295,-0.0392,-0.0493,0.0102,NEUTRAL,-0.0519,-0.036,-0.0395,-0.0524,0.0132,NEUTRAL,-0.0226,-0.0237,-0.0356,-0.0479,0.0187,NEUTRAL,-0.0148,-0.0338,-0.0081,-0.018,0.0229,NEUTRAL,0.0805,0.0784,0.0782,0.1005,0.0271,UP,0.0035,UP,-0.0059,NEUTRAL
115359345947837427,2025-10-12,DJT,Trump Media & Technology Group,direct,neutral,cache,SPY,,,1,0.0242,-0.0644,-0.0617,6,1,"THE BIDEN FBI PLACED 274 AGENTS INTO THE CROWD ON JANUARY 6. If this is so, which it is, a lot of very good people will be owed big apologies. What a SCAM - DO SOMETHING!!! President DJT",0.0254,0.0218,,,0.0121,NEUTRAL,0.008,0.0057,,,0.0171,NEUTRAL,0.0074,0.0006,,,0.021,NEUTRAL,0.0019,-0.0038,,,0.0271,NEUTRAL,-0.0192,-0.0443,,,0.0383,NEUTRAL,-0.0511,-0.0835,,,0.0469,NEUTRAL,-0.1684,-0.1999,,,0.0555,NEUTRAL,,NEUTRAL,,NEUTRAL
115361806192142146,2025-10-12,DJT,Trump Media & Technology Group,direct,neutral,cache,SPY,,,1,0.0242,-0.0644,-0.0617,6,1,"The Ukraine Impeachment (of me!) Scam was a far bigger Illegal Hoax than Watergate. I sincerely hope the necessary authorities, including CONGRESS, are looking into this! Adam “Schiffty” Schiff was so",0.0254,0.0218,,,0.0121,NEUTRAL,0.008,0.0057,,,0.0171,NEUTRAL,0.0074,0.0006,,,0.021,NEUTRAL,0.0019,-0.0038,,,0.0271,NEUTRAL,-0.0192,-0.0443,,,0.0383,NEUTRAL,-0.0511,-0.0835,,,0.0469,NEUTRAL,-0.1684,-0.1999,,,0.0555,NEUTRAL,,NEUTRAL,,NEUTRAL
115362196088273474,2025-10-12,DJT,Trump Media & Technology Group,direct,neutral,cache,SPY,,,1,0.0242,-0.0644,-0.0617,6,1,"Don’t worry about China, it will all be fine! Highly respected President Xi just had a bad moment. He doesn’t want Depression for his country, and neither do I. The U.S.A. wants to help China, not hur",0.0254,0.0218,,,0.0121,NEUTRAL,0.008,0.0057,,,0.0171,NEUTRAL,0.0074,0.0006,,,0.021,NEUTRAL,0.0019,-0.0038,,,0.0271,NEUTRAL,-0.0192,-0.0443,,,0.0383,NEUTRAL,-0.0511,-0.0835,,,0.0469,NEUTRAL,-0.1684,-0.1999,,,0.0555,NEUTRAL,,NEUTRAL,,NEUTRAL
115373569028997850,2025-10-14,DJT,Trump Media & Technology Group,direct,neutral,cache,SPY,,,1,0.0249,0.0369,-0.0406,1,0,"ALL TWENTY HOSTAGES ARE BACK AND FEELING AS GOOD AS CAN BE EXPECTED. A big burden has been lifted, but the job IS NOT DONE. THE DEAD HAVE NOT BEEN RETURNED, AS PROMISED! Phase Two begins right NOW!!! ",-0.0079,-0.0055,,,0.0125,NEUTRAL,-0.0378,-0.0285,,,0.0177,NEUTRAL,-0.0134,-0.0098,,,0.0217,NEUTRAL,-0.0268,-0.0335,,,0.028,NEUTRAL,-0.0146,-0.045,,,0.0396,NEUTRAL,-0.1573,-0.1699,,,0.0485,NEUTRAL,-0.2293,-0.2541,,,0.0574,NEUTRAL,,NEUTRAL,,NEUTRAL
115387504970821391,2025-10-17,DJT,Trump Media & Technology Group,direct,negative,cache,SPY,,,1,0.0249,-0.0301,-0.0471,4,1,"A ""Blue Slip"" means that if you're a Republican President, and there happens to be just one Democrat Senator in a state where you are appointing a U.S. Attorney or District Court Judge, you will never",0.0469,0.0395,,,0.0125,NA,0.0346,0.0167,,,0.0176,NA,0.0327,0.0148,,,0.0216,NA,0.0288,0.0102,,,0.0279,NA,-0.0081,-0.0389,,,0.0394,NA,-0.1375,-0.1539,,,0.0483,NA,-0.2837,-0.3026,,,0.0572,NA,,NA,,NA
115408594704490513,2025-10-20,DJT,Trump Media & Technology Group,direct,positive,cache,SPY,,,1,0.0245,-0.0117,-0.0172,0,1,"I am pleased to announce that ground has been broken on the White House grounds to build the new, big, beautiful White House Ballroom. Completely separate from the White House itself, the East Wing is",0.0044,0.0046,,,0.0123,NA,-0.0145,-0.0091,,,0.0173,NA,0.0006,0.0002,,,0.0212,NA,0.0088,-0.0117,,,0.0274,NA,-0.0862,-0.1039,,,0.0388,NA,-0.1548,-0.1697,,,0.0475,NA,-0.3222,-0.3053,,,0.0562,NA,,NA,,NA
115426823727952497,2025-10-24,DJT,Trump Media & Technology Group,direct,negative,cache,SPY,,,1,0.0245,0.0153,-0.0056,4,1,"The Ronald Reagan Foundation has just announced that Canada has fraudulently used an advertisement, which is FAKE, featuring Ronald Reagan speaking negatively about Tariffs. The ad was for $75,000. Th",-0.0112,-0.0124,,,0.0123,NA,0.0006,-0.0124,,,0.0173,NA,0.0087,-0.0069,,,0.0212,NA,-0.0431,-0.0481,,,0.0274,NA,-0.1679,-0.1588,,,0.0388,NA,-0.2491,-0.2425,,,0.0475,NA,-0.3552,-0.3294,,,0.0562,NA,,NA,,NA
115426967566430347,2025-10-24,DJT,Trump Media & Technology Group,direct,negative,cache,SPY,,,1,0.0245,0.0153,-0.0056,4,1,"The Ronald Reagan Foundation has just announced that Canada has fraudulently used an advertisement, which is FAKE, featuring Ronald Reagan speaking negatively about Tariffs. The ad was for $75,000,000",-0.0112,-0.0124,,,0.0123,NA,0.0006,-0.0124,,,0.0173,NA,0.0087,-0.0069,,,0.0212,NA,-0.0431,-0.0481,,,0.0274,NA,-0.1679,-0.1588,,,0.0388,NA,-0.2491,-0.2425,,,0.0475,NA,-0.3552,-0.3294,,,0.0562,NA,,NA,,NA
115437112529618205,2025-10-25,DJT,Trump Media & Technology Group,direct,positive,cache,SPY,,,1,0.0244,-0.0038,-0.0075,5,1,"I am on my way to Malaysia, where I will sign the great Peace Deal, which I proudly brokered between Cambodia and Thailand. Sadly, the Queen Mother of Thailand has just passed away. I send my condolen",0.0019,-0.0018,,,0.0122,NA,0.01,0.0037,,,0.0173,NA,-0.0012,-0.0081,,,0.0211,NA,-0.0422,-0.0412,,,0.0273,NA,-0.1813,-0.164,,,0.0386,NA,-0.3081,-0.2923,,,0.0473,NA,-0.3381,-0.3176,,,0.056,NA,,NA,,NA
115442848945833358,2025-10-26,AMZN,Amazon,indirect,neutral,cache,SPY QQQ DIA,XLY,TSLA HD MCD NKE,0,0.0169,0.0141,0.0098,6,1,“Washington Post editorial board praises Trump’s demolition of East Wing” https://thehill.com/homenews/media/5574074-washington-post-praises-trump/,-0.003,-0.0066,-0.0069,-0.0066,0.0085,NEUTRAL,0.007,-0.0013,0.0028,0.0087,0.012,NEUTRAL,0.0116,0.0022,0.0157,0.0299,0.0146,NEUTRAL,0.0727,0.07,0.0736,0.0954,0.0189,NEUTRAL,0.0736,0.0906,0.0914,0.1069,0.0267,NEUTRAL,0.0309,0.0466,0.0694,0.104,0.0328,NEUTRAL,-0.0061,0.0179,0.0424,0.0771,0.0388,NEUTRAL,-0.0183,NEUTRAL,0.0003,NEUTRAL
115445047857168881,2025-10-27,DJT,Trump Media & Technology Group,direct,neutral,cache,SPY,,,1,0.0244,-0.0038,-0.0075,0,1,Landing in Japan now. Looking forward to seeing the Emperor! President DJT,0.0019,-0.0018,,,0.0122,NEUTRAL,0.01,0.0037,,,0.0173,NEUTRAL,-0.0012,-0.0081,,,0.0211,NEUTRAL,-0.0422,-0.0412,,,0.0273,NEUTRAL,-0.1813,-0.164,,,0.0386,NEUTRAL,-0.3081,-0.2923,,,0.0473,NEUTRAL,-0.3381,-0.3176,,,0.056,NEUTRAL,,NEUTRAL,,NEUTRAL
115456708839350276,2025-10-29,DJT,Trump Media & Technology Group,direct,positive,cache,SPY,,,1,0.024,0.0081,0.0164,2,1,"Bringing back Trillions of Dollars to USA! A great trip. Dealing with very smart, talented, and wonderful Leaders. Tomorrow, President Xi of China. It will be a great meeting for both!!! President DJT",-0.0081,-0.0061,,,0.012,NA,-0.0484,-0.0355,,,0.0169,NA,-0.0487,-0.0391,,,0.0207,NA,-0.1421,-0.1226,,,0.0268,NA,-0.1993,-0.1909,,,0.0379,NA,-0.3315,-0.2899,,,0.0464,NA,-0.3128,-0.2997,,,0.0549,NA,,NA,,NA
115459554252660428,2025-10-29,DJT,Trump Media & Technology Group,direct,neutral,cache,SPY,,,1,0.0239,-0.0111,0.0088,2,1,Very much looking forward to my meeting with President Xi of China. It will take place in a few hours! President DJT,-0.0289,-0.0229,,,0.0119,NEUTRAL,-0.0292,-0.0265,,,0.0169,NEUTRAL,-0.0802,-0.0794,,,0.0207,NEUTRAL,-0.1024,-0.0931,,,0.0267,NEUTRAL,-0.1993,-0.1985,,,0.0377,NEUTRAL,-0.3482,-0.3171,,,0.0462,NEUTRAL,-0.269,-0.2682,,,0.0547,NEUTRAL,,NEUTRAL,,NEUTRAL
115459712836946359,2025-10-29,DJT,Trump Media & Technology Group,direct,neutral,cache,SPY,,,1,0.0239,-0.0111,0.0088,2,1,"South Korea will be building its Nuclear Powered Submarine in the Philadelphia Shipyards, right here in the good ol’ U.S.A. Shipbuilding in our Country will soon be making a BIG COMEBACK. Stay tuned!!",-0.0289,-0.0229,,,0.0119,NEUTRAL,-0.0292,-0.0265,,,0.0169,NEUTRAL,-0.0802,-0.0794,,,0.0207,NEUTRAL,-0.1024,-0.0931,,,0.0267,NEUTRAL,-0.1993,-0.1985,,,0.0377,NEUTRAL,-0.3482,-0.3171,,,0.0462,NEUTRAL,-0.269,-0.2682,,,0.0547,NEUTRAL,,NEUTRAL,,NEUTRAL
115459721816394295,2025-10-29,DJT,Trump Media & Technology Group,direct,neutral,cache,SPY,,,1,0.0239,-0.0111,0.0088,2,1,https://truthsocial.com/users/joemccuiston/statuses/115459655502285032Thank you! President DJT,-0.0289,-0.0229,,,0.0119,NEUTRAL,-0.0292,-0.0265,,,0.0169,NEUTRAL,-0.0802,-0.0794,,,0.0207,NEUTRAL,-0.1024,-0.0931,,,0.0267,NEUTRAL,-0.1993,-0.1985,,,0.0377,NEUTRAL,-0.3482,-0.3171,,,0.0462,NEUTRAL,-0.269,-0.2682,,,0.0547,NEUTRAL,,NEUTRAL,,NEUTRAL
115459747028353384,2025-10-29,DJT,Trump Media & Technology Group,direct,neutral,cache,SPY,,,1,0.0239,-0.0111,0.0088,2,1,https://truthsocial.com/users/traleecan/statuses/115459728361788892Such an honor. Millions of lives saved. Thank you! President DJT,-0.0289,-0.0229,,,0.0119,NEUTRAL,-0.0292,-0.0265,,,0.0169,NEUTRAL,-0.0802,-0.0794,,,0.0207,NEUTRAL,-0.1024,-0.0931,,,0.0267,NEUTRAL,-0.1993,-0.1985,,,0.0377,NEUTRAL,-0.3482,-0.3171,,,0.0462,NEUTRAL,-0.269,-0.2682,,,0.0547,NEUTRAL,,NEUTRAL,,NEUTRAL
115481621608702748,2025-11-02,DJT,Trump Media & Technology Group,direct,positive,cache,SPY,,,1,0.0236,-0.0003,-0.0517,6,1,Jay Clayton is GREAT!!! President DJT https://wabcradio.com/episode/us-attorney-jay-clayton-sdny-nypd-is-essential-as-state-sponsored-drug-rings-hit-nyc-10-min/,-0.0516,-0.0482,,,0.0118,NA,-0.0973,-0.0821,,,0.0167,NA,-0.0745,-0.0627,,,0.0204,NA,-0.1444,-0.1229,,,0.0264,NA,-0.2769,-0.2569,,,0.0373,NA,-0.3253,-0.2864,,,0.0457,NA,-0.2691,-0.2631,,,0.0541,NA,,NA,,NA
115491996994152487,2025-11-04,DJT,Trump Media & Technology Group,direct,neutral,cache,SPY,,,1,0.0251,-0.0525,-0.0914,1,0,"If affordability is you issue, VOTE REPUBLICAN! Energy costs, as and example, are plummeting - Getting close to 2 Dollar a gallon gasoline. When energy goes down, everything else follows, and it has!!",0.0253,0.0215,,,0.013,NEUTRAL,-0.0355,-0.0285,,,0.0184,NEUTRAL,-0.0521,-0.0462,,,0.0225,NEUTRAL,-0.0666,-0.0785,,,0.029,NEUTRAL,-0.2207,-0.1986,,,0.0411,NEUTRAL,-0.2229,-0.2229,,,0.0503,NEUTRAL,-0.1469,-0.1608,,,0.0595,NEUTRAL,,NEUTRAL,,NEUTRAL
115492078911838554,2025-11-04,DJT,Trump Media & Technology Group,direct,neutral,cache,SPY,,,1,0.0251,-0.0525,-0.0914,1,0,"Wow! Joe Scarborough’s Television Ratings are really bad. They have gone, as they say, “down the tubes,” as has the rest of MSNBC. It’s a beautiful thing to watch! President DJT",0.0253,0.0215,,,0.013,NEUTRAL,-0.0355,-0.0285,,,0.0184,NEUTRAL,-0.0521,-0.0462,,,0.0225,NEUTRAL,-0.0666,-0.0785,,,0.029,NEUTRAL,-0.2207,-0.1986,,,0.0411,NEUTRAL,-0.2229,-0.2229,,,0.0503,NEUTRAL,-0.1469,-0.1608,,,0.0595,NEUTRAL,,NEUTRAL,,NEUTRAL
115492285081397189,2025-11-04,DJT,Trump Media & Technology Group,direct,neutral,cache,SPY,,,1,0.0251,-0.0525,-0.0914,1,0,"SNAP BENEFITS, which increased by Billions and Billions of Dollars (MANY FOLD!) during Crooked Joe Biden’s disastrous term in office (Due to the fact that they were haphazardly “handed” to anyone for ",0.0253,0.0215,,,0.013,NEUTRAL,-0.0355,-0.0285,,,0.0184,NEUTRAL,-0.0521,-0.0462,,,0.0225,NEUTRAL,-0.0666,-0.0785,,,0.029,NEUTRAL,-0.2207,-0.1986,,,0.0411,NEUTRAL,-0.2229,-0.2229,,,0.0503,NEUTRAL,-0.1469,-0.1608,,,0.0595,NEUTRAL,,NEUTRAL,,NEUTRAL
115493839582779089,2025-11-04,DJT,Trump Media & Technology Group,direct,neutral,cache,SPY,,,1,0.026,-0.0482,-0.0985,1,1,"Sean Duffy has done an incredible job as Interim Administrator of the National Aeronautics and Space Administration (NASA). This evening, I am pleased to nominate Jared Isaacman, an accomplished busin",0.0253,0.0215,,,0.013,NEUTRAL,-0.0355,-0.0285,,,0.0184,NEUTRAL,-0.0521,-0.0462,,,0.0225,NEUTRAL,-0.0666,-0.0785,,,0.029,NEUTRAL,-0.2207,-0.1986,,,0.0411,NEUTRAL,-0.2229,-0.2229,,,0.0503,NEUTRAL,-0.1469,-0.1608,,,0.0595,NEUTRAL,,NEUTRAL,,NEUTRAL
115495015896453646,2025-11-05,DJT,Trump Media & Technology Group,direct,neutral,cache,SPY,,,1,0.026,-0.0482,-0.0985,2,1,"REPUBLICANS, TERMINATE THE FILIBUSTER! GET BACK TO PASSING LEGISLATION AND VOTER REFORM! President DJT",0.0253,0.0215,,,0.013,NEUTRAL,-0.0355,-0.0285,,,0.0184,NEUTRAL,-0.0521,-0.0462,,,0.0225,NEUTRAL,-0.0666,-0.0785,,,0.029,NEUTRAL,-0.2207,-0.1986,,,0.0411,NEUTRAL,-0.2229,-0.2229,,,0.0503,NEUTRAL,-0.1469,-0.1608,,,0.0595,NEUTRAL,,NEUTRAL,,NEUTRAL
115508699750416036,2025-11-07,DJT,Trump Media & Technology Group,direct,neutral,cache,SPY,,,1,0.0287,-0.0593,-0.082,4,0,"Republicans, Terminate the Filibuster and bring back the American Dream. If you don’t do it, the Dems will, and you’ll never see office again! President DJT",0.0,-0.0046,,,0.0144,NEUTRAL,0.0252,0.0049,,,0.0203,NEUTRAL,-0.0153,-0.0379,,,0.0249,NEUTRAL,-0.0817,-0.0879,,,0.0321,NEUTRAL,-0.2099,-0.1869,,,0.0454,NEUTRAL,-0.1191,-0.1423,,,0.0556,NEUTRAL,-0.1527,-0.1762,,,0.0658,NEUTRAL,,NEUTRAL,,NEUTRAL
115516453396913877,2025-11-08,DJT,Trump Media & Technology Group,direct,neutral,cache,SPY,,,1,0.0261,-0.0173,-0.0521,5,1,"NO MORE MONEY, HUNDREDS OF BILLIONS OF DOLLARS, TO THE DEMOCRAT SUPPORTED INSURANCE COMPANIES FOR REALLY BAD OBAMACARE. THE MONEY MUST NOW GO DIRECTLY TO THE PEOPLE, TAKING THE “FAT CAT” INSURANCE COM",0.0022,-0.004,,,0.0131,NEUTRAL,-0.0373,-0.0458,,,0.0185,NEUTRAL,-0.0567,-0.0658,,,0.0226,NEUTRAL,-0.1739,-0.166,,,0.0292,NEUTRAL,-0.2291,-0.2022,,,0.0413,NEUTRAL,-0.1828,-0.1873,,,0.0506,NEUTRAL,-0.1567,-0.1653,,,0.0599,NEUTRAL,,NEUTRAL,,NEUTRAL
115519740341195886,2025-11-09,DJT,Trump Media & Technology Group,direct,negative,cache,SPY,,,1,0.0261,-0.0173,-0.0521,6,1,"WITHOUT TARIFFS, WE HAVE NONE OF THE FOLLOWING (JUST POSTED) TRUTH!!! President DJT",0.0022,-0.004,,,0.0131,NA,-0.0373,-0.0458,,,0.0185,NA,-0.0567,-0.0658,,,0.0226,NA,-0.1739,-0.166,,,0.0292,NA,-0.2291,-0.2022,,,0.0413,NA,-0.1828,-0.1873,,,0.0506,NA,-0.1567,-0.1653,,,0.0599,NA,,NA,,NA
115519951705472870,2025-11-09,DJT,Trump Media & Technology Group,direct,negative,cache,SPY,,,1,0.0261,-0.0173,-0.0521,6,1,"So, let’s get this straight??? The President of the United States is allowed (and fully approved by Congress!) to stop ALL TRADE with a Foreign Country (Which is far more onerous than a Tariff!), and ",0.0022,-0.004,,,0.0131,NA,-0.0373,-0.0458,,,0.0185,NA,-0.0567,-0.0658,,,0.0226,NA,-0.1739,-0.166,,,0.0292,NA,-0.2291,-0.2022,,,0.0413,NA,-0.1828,-0.1873,,,0.0506,NA,-0.1567,-0.1653,,,0.0599,NA,,NA,,NA
115526165519672797,2025-11-10,DJT,Trump Media & Technology Group,direct,negative,cache,SPY,,,1,0.0261,-0.0173,-0.0521,0,0,"All money left over from the $2000 payments made to low and middle income USA Citizens, from the massive Tariff Income pouring into our Country from foreign countries, which will be substantial, will ",-0.0344,-0.0389,,,0.0126,NA,-0.0539,-0.0589,,,0.0178,NA,-0.0996,-0.0879,,,0.0218,NA,-0.1879,-0.1669,,,0.0282,NA,-0.2073,-0.1908,,,0.0398,NA,-0.1624,-0.1647,,,0.0488,NA,-0.1542,-0.1654,,,0.0577,NA,,NA,,NA
115567293174185547,2025-11-17,AMZN,Amazon,direct,neutral,cache,SPY QQQ DIA,XLY,TSLA HD MCD NKE,0,0.0283,-0.0078,-0.0464,0,1,"Scott Jennings has just written a powerful new book, “A Revolution of Common Sense: How Donald Trump Stormed Washington and Fought for Western Civilization.” With his distinctive Wisdom, Courage, and ",-0.0243,-0.0208,-0.0175,-0.0175,0.0141,NEUTRAL,-0.0237,-0.0238,-0.0169,-0.0172,0.02,NEUTRAL,-0.048,-0.0325,-0.0264,-0.0291,0.0245,NEUTRAL,-0.008,-0.0165,-0.0189,-0.0029,0.0316,NEUTRAL,0.0277,-0.0044,-0.0183,-0.0166,0.0447,NEUTRAL,-0.0008,-0.0362,-0.0446,-0.0233,0.0548,NEUTRAL,-0.0299,-0.0482,-0.0963,-0.0877,0.0648,NEUTRAL,-0.0162,NEUTRAL,-0.0156,NEUTRAL
115570749579575260,2025-11-18,DJT,Trump Media & Technology Group,direct,neutral,cache,SPY,,,1,0.029,-0.0199,-0.1416,1,1,"I am working with Governor Mike Braun and other Indiana Republicans, on picking up two Republican Congressional seats. The Governor, a good man, must produce on this, or he will be the only Governor, ",0.007,0.0101,,,0.0145,NEUTRAL,-0.0379,-0.0387,,,0.0205,NEUTRAL,-0.0323,-0.0178,,,0.0251,NEUTRAL,-0.0098,-0.0198,,,0.0324,NEUTRAL,0.0463,0.0169,,,0.0458,NEUTRAL,0.0566,0.0249,,,0.0561,NEUTRAL,-0.021,-0.0351,,,0.0664,NEUTRAL,,NEUTRAL,,NEUTRAL
115570813586755288,2025-11-18,DJT,Trump Media & Technology Group,direct,positive,cache,SPY,,,1,0.029,-0.0199,-0.1416,1,1,"THE ONLY HEALTHCARE I WILL SUPPORT OR APPROVE IS SENDING THE MONEY DIRECTLY BACK TO THE PEOPLE, WITH NOTHING GOING TO THE BIG, FAT, RICH INSURANCE COMPANIES, WHO HAVE MADE $TRILLIONS, AND RIPPED OFF A",0.007,0.0101,,,0.0145,NA,-0.0379,-0.0387,,,0.0205,NA,-0.0323,-0.0178,,,0.0251,NA,-0.0098,-0.0198,,,0.0324,NA,0.0463,0.0169,,,0.0458,NA,0.0566,0.0249,,,0.0561,NA,-0.021,-0.0351,,,0.0664,NA,,NA,,NA
115580448819564585,2025-11-20,DJT,Trump Media & Technology Group,direct,positive,cache,SPY,,,1,0.0294,-0.0446,-0.0705,3,1,"Ronaldo is a GREAT GUY. Loved meeting him at the White House. Really smart, and cool!!! President DJT",-0.0171,0.0132,,,0.0147,NA,-0.019,0.0016,,,0.0208,NA,0.0057,0.0119,,,0.0254,NA,0.0513,0.0412,,,0.0328,NA,0.1197,0.1026,,,0.0464,NA,0.0361,0.0119,,,0.0568,NA,0.528,0.5136,,,0.0673,NA,,NA,,NA
115582417825161974,2025-11-20,DJT,Trump Media & Technology Group,direct,neutral,cache,SPY,,,1,0.0294,-0.0446,-0.0705,3,0,https://truthsocial.com/@WashingtonExaminer/115579789920906826. It’s called SEDITIOUS BEHAVIOR AT THE HIGHEST LEVEL. Each one of these traitors to our Country should be ARRESTED AND PUT ON TRIAL. Thei,-0.0171,0.0132,,,0.0147,NEUTRAL,-0.019,0.0016,,,0.0208,NEUTRAL,0.0057,0.0119,,,0.0254,NEUTRAL,0.0513,0.0412,,,0.0328,NEUTRAL,0.1197,0.1026,,,0.0464,NEUTRAL,0.0361,0.0119,,,0.0568,NEUTRAL,0.528,0.5136,,,0.0673,NEUTRAL,,NEUTRAL,,NEUTRAL
115582451169685243,2025-11-20,DJT,Trump Media & Technology Group,direct,neutral,cache,SPY,,,1,0.0294,-0.0446,-0.0705,3,0,"RT: https://truthsocial.com/users/WashingtonExaminer/statuses/115579789920906826This is really bad, and Dangerous to our Country. Their words cannot be allowed to stand. SEDITIOUS BEHAVIOR FROM TRAITO",-0.0171,0.0132,,,0.0147,NEUTRAL,-0.019,0.0016,,,0.0208,NEUTRAL,0.0057,0.0119,,,0.0254,NEUTRAL,0.0513,0.0412,,,0.0328,NEUTRAL,0.1197,0.1026,,,0.0464,NEUTRAL,0.0361,0.0119,,,0.0568,NEUTRAL,0.528,0.5136,,,0.0673,NEUTRAL,,NEUTRAL,,NEUTRAL
115590786862216464,2025-11-22,DJT,Trump Media & Technology Group,direct,positive,cache,SPY,,,1,0.0289,-0.0019,-0.0409,5,1,"Minnesota, under Governor Waltz, is a hub of fraudulent money laundering activity. I am, as President of the United States, hereby terminating, effective immediately, the Temporary Protected Status (T",0.0124,0.0033,,,0.0145,NA,0.0268,0.0082,,,0.0204,NA,0.0583,0.0327,,,0.025,NA,0.0468,0.0203,,,0.0323,NA,0.0612,0.0296,,,0.0457,NA,0.0,-0.0272,,,0.056,NA,0.3528,0.3116,,,0.0662,NA,,NA,,NA
115593179521083607,2025-11-22,DJT,Trump Media & Technology Group,direct,positive,cache,SPY,,,1,0.0289,-0.0019,-0.0409,5,1,"Marjorie “Traitor” Brown, because of PLUMMETING Poll Numbers, and not wanting to face a Primary Challenger with a strong Trump Endorsement (where she would have no chance of winning!), has decided to ",0.0124,0.0033,,,0.0145,NA,0.0268,0.0082,,,0.0204,NA,0.0583,0.0327,,,0.025,NA,0.0468,0.0203,,,0.0323,NA,0.0612,0.0296,,,0.0457,NA,0.0,-0.0272,,,0.056,NA,0.3528,0.3116,,,0.0662,NA,,NA,,NA
115596533671432236,2025-11-23,DJT,Trump Media & Technology Group,direct,negative,cache,SPY,,,1,0.0289,-0.0019,-0.0409,6,1,We are taking in TRILLIONS of Dollars in Tariffs and Investment Dollars from foreign lands because of Tariffs. I have stopped 5 of the eight WARS directly because of the threat of Tariffs if the don’t,0.0124,0.0033,,,0.0145,NA,0.0268,0.0082,,,0.0204,NA,0.0583,0.0327,,,0.025,NA,0.0468,0.0203,,,0.0323,NA,0.0612,0.0296,,,0.0457,NA,0.0,-0.0272,,,0.056,NA,0.3528,0.3116,,,0.0662,NA,,NA,,NA
115596544162295527,2025-11-23,DJT,Trump Media & Technology Group,direct,negative,cache,SPY,,,1,0.0289,-0.0019,-0.0409,6,1,We are taking in TRILLIONS of Dollars in Tariffs and Investment Dollars from foreign lands because of Tariffs. I have stopped 5 of the eight WARS directly because of the threat of Tariffs if they don’,0.0124,0.0033,,,0.0145,NA,0.0268,0.0082,,,0.0204,NA,0.0583,0.0327,,,0.025,NA,0.0468,0.0203,,,0.0323,NA,0.0612,0.0296,,,0.0457,NA,0.0,-0.0272,,,0.056,NA,0.3528,0.3116,,,0.0662,NA,,NA,,NA
115599428464496784,2025-11-23,DJT,Trump Media & Technology Group,direct,negative,cache,SPY,,,1,0.0289,-0.0019,-0.0409,6,1,"The War between Russia and Ukraine is a violent and terrible one that, with strong and proper U.S. and Ukrainian LEADERSHIP, would have NEVER HAPPENED. It began long before I took office for a Second ",0.0124,0.0033,,,0.0145,NA,0.0268,0.0082,,,0.0204,NA,0.0583,0.0327,,,0.025,NA,0.0468,0.0203,,,0.0323,NA,0.0612,0.0296,,,0.0457,NA,0.0,-0.0272,,,0.056,NA,0.3528,0.3116,,,0.0662,NA,,NA,,NA
115601252711182007,2025-11-23,DJT,Trump Media & Technology Group,direct,negative,cache,SPY,,,1,0.0289,-0.0019,-0.0409,6,1,"If this would also allow the Radical Left Networks to “enlarge,” I would not be happy. ABC & NBC, in particular, are a disaster - A VIRTUAL ARM OF THE DEMOCRAT PARTY. They should be viewed as an illeg",0.0124,0.0033,,,0.0145,NA,0.0268,0.0082,,,0.0204,NA,0.0583,0.0327,,,0.025,NA,0.0468,0.0203,,,0.0323,NA,0.0612,0.0296,,,0.0457,NA,0.0,-0.0272,,,0.056,NA,0.3528,0.3116,,,0.0662,NA,,NA,,NA
115604240580797202,2025-11-24,DJT,Trump Media & Technology Group,direct,negative,cache,SPY,,,1,0.0289,-0.0019,-0.0409,0,1,"Despite the massive amount of money being made by the United States of America, Hundreds of Billions of Dollars, as a direct result of Tariffs being charged to other countries, the full benefit of the",0.0124,0.0033,,,0.0145,NA,0.0268,0.0082,,,0.0204,NA,0.0583,0.0327,,,0.025,NA,0.0468,0.0203,,,0.0323,NA,0.0612,0.0296,,,0.0457,NA,0.0,-0.0272,,,0.056,NA,0.3528,0.3116,,,0.0662,NA,,NA,,NA
115604689359180322,2025-11-24,DJT,Trump Media & Technology Group,direct,positive,cache,SPY,,,1,0.0289,-0.0019,-0.0409,0,1,"Republican (of course!) Congressman Tim Burchett was GREAT today on Fox & Friends - a Classic. His take on Marjorie “Traitor” Brown was 100% perfecto!!! Way to go, Tim!!! President DJT",0.0124,0.0033,,,0.0145,NA,0.0268,0.0082,,,0.0204,NA,0.0583,0.0327,,,0.025,NA,0.0468,0.0203,,,0.0323,NA,0.0612,0.0296,,,0.0457,NA,0.0,-0.0272,,,0.056,NA,0.3528,0.3116,,,0.0662,NA,,NA,,NA
115616248406860153,2025-11-26,DJT,Trump Media & Technology Group,direct,positive,cache,SPY,,,1,0.0301,0.0142,0.0377,2,0,"VICTORIA COATES was GREAT on Maria B this morning. Always solid policy, analysis, and advice - A total WINNER!!! President DJT",0.0279,0.0248,,,0.015,NA,0.0715,0.063,,,0.0213,NA,0.0167,0.0128,,,0.0261,NA,0.0687,0.0595,,,0.0336,NA,0.0492,0.0345,,,0.0476,NA,-0.0279,-0.0187,,,0.0583,NA,0.2786,0.2568,,,0.0689,NA,,NA,,NA
115626148731779942,2025-11-28,DJT,Trump Media & Technology Group,direct,positive,cache,SPY,,,1,0.032,0.0307,0.0716,4,1,"“Twilight’s Last Gleaming, Can America Be Saved” (YES!), by the Great Todd Starnes. A fantastic NEW BOOK. Get it now!!! President DJT",0.0313,0.0276,,,0.016,NA,-0.0214,-0.0206,,,0.0226,NA,0.0,-0.001,,,0.0277,NA,0.0536,0.0484,,,0.0358,NA,-0.025,-0.0372,,,0.0506,NA,0.328,0.3344,,,0.062,NA,0.1761,0.1628,,,0.0734,NA,,NA,,NA
115633174669225455,2025-11-29,DJT,Trump Media & Technology Group,direct,positive,cache,SPY,,,1,0.0341,0.0425,0.0897,5,1,"Because I have invoked FAVORED NATIONS STATUS FOR THE UNITED STATES OF AMERICA, DRUG PRICES ARE FALLING AT LEVELS NEVER SEEN BEFORE, 500%, 600%, 700%, and more. No other President has been able to do ",-0.0249,-0.0271,,,0.017,NA,-0.0036,-0.0076,,,0.0241,NA,0.0249,0.0174,,,0.0295,NA,0.0116,0.0014,,,0.0381,NA,-0.0516,-0.056,,,0.0539,NA,0.4328,0.4272,,,0.066,NA,0.1193,0.1043,,,0.0781,NA,,NA,,NA
115642237340050337,2025-12-01,DJT,Trump Media & Technology Group,direct,positive,cache,SPY,,,1,0.0341,0.0425,0.0897,0,1,"Dr. Marc Siegel brilliantly wrote a new Best Seller, “THE MIRACLES AMONG US, How God’s Grace Plays a Role In Healing.” Marc Siegel is not only a fantastic Person, he is a very knowable one. This is a ",-0.0249,-0.0271,,,0.017,NA,-0.0036,-0.0076,,,0.0241,NA,0.0249,0.0174,,,0.0295,NA,0.0116,0.0014,,,0.0381,NA,-0.0516,-0.056,,,0.0539,NA,0.4328,0.4272,,,0.066,NA,0.1193,0.1043,,,0.0781,NA,,NA,,NA
115647567538614723,2025-12-02,DJT,Trump Media & Technology Group,direct,negative,cache,SPY,,,1,0.0349,-0.0511,0.0196,1,1,"Great job by Jim Hanson, former U.S. Army Special Forces, on Jesse Watters tonight. Really strong and knowledgeable on WAR AGAINST DRUGS! President DJT",0.0108,0.0114,,,0.0174,NA,0.0397,0.0369,,,0.0247,NA,0.065,0.0614,,,0.0302,NA,0.0027,0.0002,,,0.039,NA,-0.0551,-0.0534,,,0.0552,NA,0.3017,0.2945,,,0.0676,NA,0.196,0.1931,,,0.0799,NA,,NA,,NA
115649503125687789,2025-12-02,DJT,Trump Media & Technology Group,direct,positive,cache,SPY,,,1,0.0349,-0.0511,0.0196,1,1,"The great Burt Jones has taken a big lead in the polls for Governor of Georgia. Why not, he has been a GREAT Lieutenant Governor? Go Burt, Go! President DJT",0.0108,0.0114,,,0.0174,NA,0.0397,0.0369,,,0.0247,NA,0.065,0.0614,,,0.0302,NA,0.0027,0.0002,,,0.039,NA,-0.0551,-0.0534,,,0.0552,NA,0.3017,0.2945,,,0.0676,NA,0.196,0.1931,,,0.0799,NA,,NA,,NA
115649563087207461,2025-12-02,DJT,Trump Media & Technology Group,direct,positive,cache,SPY,,,1,0.0349,-0.0511,0.0196,1,1,"Great news! QDallas County, Texas, just went to all PAPER BALLOTS. Many others are following suit! More accurate, totally secure with watermark paper, FASTER, and only 9% of the cost. All Republican G",0.0108,0.0114,,,0.0174,NA,0.0397,0.0369,,,0.0247,NA,0.065,0.0614,,,0.0302,NA,0.0027,0.0002,,,0.039,NA,-0.0551,-0.0534,,,0.0552,NA,0.3017,0.2945,,,0.0676,NA,0.196,0.1931,,,0.0799,NA,,NA,,NA
115650062002934091,2025-12-02,DJT,Trump Media & Technology Group,direct,positive,cache,SPY,,,1,0.0349,-0.0511,0.0196,1,1,"Great news! Dallas County, Texas, just went to all PAPER BALLOTS. Many others are following suit! More accurate, totally secure with watermark paper, FASTER, and only 9% of the cost. All Republican Go",0.0108,0.0114,,,0.0174,NA,0.0397,0.0369,,,0.0247,NA,0.065,0.0614,,,0.0302,NA,0.0027,0.0002,,,0.039,NA,-0.0551,-0.0534,,,0.0552,NA,0.3017,0.2945,,,0.0676,NA,0.196,0.1931,,,0.0799,NA,,NA,,NA
115653225494931779,2025-12-03,DJT,Trump Media & Technology Group,direct,positive,cache,SPY,,,1,0.0348,0.0219,0.0108,2,1,Congratulations Matt. A BIG WIN! President DJT,0.0231,0.0182,,,0.0174,NA,0.048,0.0424,,,0.0246,NA,0.0098,0.0023,,,0.0301,NA,0.0044,0.0008,,,0.0389,NA,-0.0462,-0.0437,,,0.055,NA,0.2578,0.2439,,,0.0673,NA,0.224,0.2172,,,0.0797,NA,,NA,,NA
115653238186658350,2025-12-03,DJT,Trump Media & Technology Group,direct,positive,cache,SPY,,,1,0.0348,0.0219,0.0108,2,1,"Congratulations to Matt Van Epps on his BIG Congressional WIN in the Great State of Tennessee. The Radical Left Democrats threw everything at him, including Millions of Dollars. Another great night fo",0.0231,0.0182,,,0.0174,NA,0.048,0.0424,,,0.0246,NA,0.0098,0.0023,,,0.0301,NA,0.0044,0.0008,,,0.0389,NA,-0.0462,-0.0437,,,0.055,NA,0.2578,0.2439,,,0.0673,NA,0.224,0.2172,,,0.0797,NA,,NA,,NA
115670528158863252,2025-12-06,AMZN,Amazon,direct,positive,cache,SPY QQQ DIA,XLY,TSLA HD MCD NKE,0,0.0171,0.0018,-0.0209,5,1,"Dr. James Jones, the Great White House Doctor, has written a fantastic Book, ""Venom and Valor: A White House Physician Assistant's Battle for Survival in the Amazon."" Our Nation is incredible proud of",-0.0118,-0.0071,-0.0012,0.0006,0.0085,NEUTRAL,-0.0073,-0.0016,0.0034,0.0048,0.0121,NEUTRAL,0.0095,0.0083,0.0057,0.0093,0.0148,NEUTRAL,-0.0148,-0.0086,-0.027,-0.0386,0.0191,NEUTRAL,-0.0098,-0.0036,-0.0316,-0.006,0.027,NEUTRAL,0.0108,0.0086,-0.0046,0.0228,0.033,NEUTRAL,0.0521,0.0437,0.0363,0.0826,0.0391,NEUTRAL,0.4896,UP,0.0061,UP
115670577719463498,2025-12-06,AMZN,Amazon,direct,positive,cache,SPY QQQ DIA,XLY,TSLA HD MCD NKE,0,0.0171,0.0018,-0.0209,5,1,"Dr. James Jones, the Great White House Doctor, has written a fantastic Book, “Venom and Valor: A White House Physician Assistant’s Battle for Survival in the Amazon.” Our Nation is incredibly proud of",-0.0118,-0.0071,-0.0012,0.0006,0.0085,NEUTRAL,-0.0073,-0.0016,0.0034,0.0048,0.0121,NEUTRAL,0.0095,0.0083,0.0057,0.0093,0.0148,NEUTRAL,-0.0148,-0.0086,-0.027,-0.0386,0.0191,NEUTRAL,-0.0098,-0.0036,-0.0316,-0.006,0.027,NEUTRAL,0.0108,0.0086,-0.0046,0.0228,0.033,NEUTRAL,0.0521,0.0437,0.0363,0.0826,0.0391,NEUTRAL,0.4896,UP,0.0061,UP
115673706520574050,2025-12-06,DJT,Trump Media & Technology Group,direct,positive,cache,SPY,,,1,0.0335,-0.0365,0.0152,5,1,"Cristiano Ronaldo, the GREAT soccer (football!) player, just called to thank me for his tour this week of the White House and Oval Office. What an incredible guy he is, not only as an athlete, but as ",-0.0289,-0.0246,,,0.0167,NA,-0.0114,-0.0062,,,0.0237,NA,-0.0114,-0.0128,,,0.029,NA,-0.0682,-0.0612,,,0.0374,NA,0.4077,0.4135,,,0.0529,NA,0.1514,0.1466,,,0.0648,NA,0.1916,0.1843,,,0.0767,NA,,NA,,NA
115674102596009965,2025-12-06,DJT,Trump Media & Technology Group,direct,negative,cache,SPY,,,1,0.0335,-0.0365,0.0152,5,1,"The Baseball Hall of Fame Committee is voting on admitting new Members TOMORROW, and these highly respected owners, executives, writers, and, most importantly, Hall of Famers, should do the right thin",-0.0289,-0.0246,,,0.0167,NA,-0.0114,-0.0062,,,0.0237,NA,-0.0114,-0.0128,,,0.029,NA,-0.0682,-0.0612,,,0.0374,NA,0.4077,0.4135,,,0.0529,NA,0.1514,0.1466,,,0.0648,NA,0.1916,0.1843,,,0.0767,NA,,NA,,NA
115674446098726232,2025-12-06,DJT,Trump Media & Technology Group,direct,neutral,cache,SPY,,,1,0.0335,-0.0365,0.0152,5,1,"Another stabbing by an Illegal Migrant in Charlotte, North Carolina. What’s going on in Charlotte? Democrats are destroying it, like everything else, piece by piece!!! President DJT",-0.0289,-0.0246,,,0.0167,NEUTRAL,-0.0114,-0.0062,,,0.0237,NEUTRAL,-0.0114,-0.0128,,,0.029,NEUTRAL,-0.0682,-0.0612,,,0.0374,NEUTRAL,0.4077,0.4135,,,0.0529,NEUTRAL,0.1514,0.1466,,,0.0648,NEUTRAL,0.1916,0.1843,,,0.0767,NEUTRAL,,NEUTRAL,,NEUTRAL
115679762314112555,2025-12-07,DJT,Trump Media & Technology Group,direct,neutral,cache,SPY,,,1,0.0335,-0.0365,0.0152,6,1,"Roger Clemens, who won 354 games, went through his own Witch Hunt. HE WAS AQUITED OF ALL CHARGES!!! If he doesn’t get into the Hall of Fame, he should sue the hell out of Major League Baseball! Presid",-0.0289,-0.0246,,,0.0167,NEUTRAL,-0.0114,-0.0062,,,0.0237,NEUTRAL,-0.0114,-0.0128,,,0.029,NEUTRAL,-0.0682,-0.0612,,,0.0374,NEUTRAL,0.4077,0.4135,,,0.0529,NEUTRAL,0.1514,0.1466,,,0.0648,NEUTRAL,0.1916,0.1843,,,0.0767,NEUTRAL,,NEUTRAL,,NEUTRAL
115679765232612242,2025-12-07,DJT,Trump Media & Technology Group,direct,neutral,cache,SPY,,,1,0.0335,-0.0365,0.0152,6,1,"Roger Clemens, who won 354 games, went through his own Witch Hunt. HE WAS ACQUITTED OF ALL CHARGES!!! If he doesn’t get into the Hall of Fame, he should sue the hell out of Major League Baseball! Pres",-0.0289,-0.0246,,,0.0167,NEUTRAL,-0.0114,-0.0062,,,0.0237,NEUTRAL,-0.0114,-0.0128,,,0.029,NEUTRAL,-0.0682,-0.0612,,,0.0374,NEUTRAL,0.4077,0.4135,,,0.0529,NEUTRAL,0.1514,0.1466,,,0.0648,NEUTRAL,0.1916,0.1843,,,0.0767,NEUTRAL,,NEUTRAL,,NEUTRAL
115679783474101246,2025-12-07,DJT,Trump Media & Technology Group,direct,positive,cache,SPY,,,1,0.0335,-0.0365,0.0152,6,1,It was the Obama DOJ (of course!) that viciously went after the great Roger Clemens. ROGER WAS FULLY ACQUITTED OF ALL CHARGES!!! President DJT,-0.0289,-0.0246,,,0.0167,NA,-0.0114,-0.0062,,,0.0237,NA,-0.0114,-0.0128,,,0.029,NA,-0.0682,-0.0612,,,0.0374,NA,0.4077,0.4135,,,0.0529,NA,0.1514,0.1466,,,0.0648,NA,0.1916,0.1843,,,0.0767,NA,,NA,,NA
115684406134734247,2025-12-08,AAPL,Apple,direct,neutral,cache,SPY QQQ DIA,XLK,MSFT NVDA AMD AVGO,0,0.0105,-0.0068,-0.0259,0,0,The only reason Marjorie “Traitor” Brown (Green turns Brown under stress!) went BAD is that she was JILTED by the President of the United States (Certainly not the first time she has been jilted!). To,-0.0009,0.0038,-0.0022,-0.0118,0.0053,NEUTRAL,-0.0034,0.0023,-0.0074,-0.0156,0.0074,NEUTRAL,0.0023,0.0011,-0.0065,-0.0061,0.0091,NEUTRAL,0.0005,0.0067,0.0259,0.0404,0.0118,NEUTRAL,-0.016,-0.0099,0.0032,0.0014,0.0166,NEUTRAL,-0.0157,-0.0179,-0.0066,-0.01,0.0204,NEUTRAL,-0.064,-0.0725,-0.0594,-0.0418,0.0241,NEUTRAL,0.4745,NEUTRAL,-0.011,NEUTRAL
115684406134734247,2025-12-08,DJT,Trump Media & Technology Group,direct,neutral,cache,SPY,,,1,0.0335,-0.0365,0.0152,0,0,The only reason Marjorie “Traitor” Brown (Green turns Brown under stress!) went BAD is that she was JILTED by the President of the United States (Certainly not the first time she has been jilted!). To,-0.0289,-0.0246,,,0.0167,NEUTRAL,-0.0114,-0.0062,,,0.0237,NEUTRAL,-0.0114,-0.0128,,,0.029,NEUTRAL,-0.0682,-0.0612,,,0.0374,NEUTRAL,0.4077,0.4135,,,0.0529,NEUTRAL,0.1514,0.1466,,,0.0648,NEUTRAL,0.1916,0.1843,,,0.0767,NEUTRAL,,NEUTRAL,,NEUTRAL
115686072737425841,2025-12-08,NVDA,NVIDIA,direct,positive,cache,SPY QQQ DIA,XLK SMH,AAPL MSFT AMD AVGO INTC TSM,0,0.0242,0.0172,0.0332,0,1,"I have informed President Xi, of China, that the United States will allow NVIDIA to ship its H200 products to approved customers in China, and other Countries, under conditions that allow for continue",-0.0032,-0.0031,-0.0082,-0.0075,0.0121,NEUTRAL,-0.0096,-0.0165,-0.0239,-0.0116,0.0171,NEUTRAL,-0.025,-0.0361,-0.0323,-0.0256,0.021,NEUTRAL,-0.05,-0.0471,-0.0136,-0.0004,0.027,NEUTRAL,-0.0101,-0.0148,0.005,0.0166,0.0383,NEUTRAL,0.0107,0.0047,0.02,0.0327,0.0469,NEUTRAL,-0.0028,-0.0168,-0.0109,0.0428,0.0554,NEUTRAL,-0.0017,NEUTRAL,-0.0015,NEUTRAL
115686072737425841,2025-12-08,AMD,AMD,direct,positive,cache,SPY QQQ,XLK SMH,AAPL MSFT NVDA AVGO INTC TSM,0,0.0385,0.0144,0.0161,0,1,"I have informed President Xi, of China, that the United States will allow NVIDIA to ship its H200 products to approved customers in China, and other Countries, under conditions that allow for continue",0.0026,0.0011,-0.0024,0.0012,0.0193,NEUTRAL,0.0017,-0.0052,-0.0126,-0.0,0.0272,NEUTRAL,0.0018,-0.0047,-0.0056,0.0078,0.0334,NEUTRAL,-0.0609,-0.0491,-0.0245,-0.0168,0.0431,NEUTRAL,-0.0276,-0.0279,-0.0124,-0.0048,0.0609,NEUTRAL,-0.0258,-0.0279,-0.0164,-0.015,0.0746,NEUTRAL,-0.074,-0.0788,-0.0821,-0.0614,0.0882,NEUTRAL,-0.0023,NEUTRAL,0.0121,UP
115686072737425841,2025-12-08,INTC,Intel,direct,positive,cache,SPY QQQ,SMH,NVDA AMD TSM AVGO,0,0.0409,-0.0268,-0.0791,0,1,"I have informed President Xi, of China, that the United States will allow NVIDIA to ship its H200 products to approved customers in China, and other Countries, under conditions that allow for continue",-0.0056,-0.0072,-0.011,-0.0127,0.0205,NEUTRAL,0.0012,-0.0057,-0.018,-0.0165,0.029,NEUTRAL,-0.03,-0.0364,-0.0404,-0.0403,0.0355,NEUTRAL,-0.0791,-0.0673,-0.0405,-0.0236,0.0458,NEUTRAL,-0.107,-0.1073,-0.0901,-0.0834,0.0647,NEUTRAL,-0.0842,-0.0863,-0.0771,-0.072,0.0793,NEUTRAL,0.0093,0.0046,-0.0264,0.0477,0.0938,NEUTRAL,0.0082,UP,0.0063,UP
115701239677984151,2025-12-11,DJT,Trump Media & Technology Group,direct,positive,cache,SPY,,,1,0.0325,0.0,-0.0053,3,0,"“Blue Slips” are making it impossible to get great Republican Judges and U.S. Attorneys approved to serve in any state where there is even a single Democrat Senator. If they say no, then it is OVER fo",-0.0228,-0.0287,,,0.0162,NA,-0.0461,-0.0412,,,0.023,NA,-0.0631,-0.0567,,,0.0281,NA,-0.0622,-0.0422,,,0.0363,NA,0.2817,0.2711,,,0.0514,NA,0.2333,0.2332,,,0.0629,NA,0.2468,0.2291,,,0.0744,NA,,NA,,NA
115725803987363092,2025-12-15,AMZN,Amazon,direct,positive,cache,SPY QQQ DIA,XLY,TSLA HD MCD NKE,0,0.0163,-0.0161,-0.0399,0,1,RT: https://truthsocial.com/users/realDonaldTrump/statuses/115567293174185547NEW RELEASE: Get your copy of Scott Jennings' GREAT Book today:https://www.amazon.com/Revolution-Common-Sense-Washington-Ci,-0.0022,-0.0022,-0.0044,0.005,0.0082,NEUTRAL,-0.0079,0.0034,0.0014,-0.002,0.0115,NEUTRAL,0.0167,0.0203,0.0111,0.0185,0.0141,NEUTRAL,0.0242,0.014,0.0166,0.0434,0.0182,NEUTRAL,0.0425,0.031,0.0513,0.0787,0.0258,UP,0.083,0.0634,0.0873,0.1367,0.0316,UP,0.0679,0.045,0.0573,0.1044,0.0374,UP,0.0011,NEUTRAL,0.0014,NEUTRAL
115732896552615984,2025-12-17,DJT,Trump Media & Technology Group,direct,neutral,cache,SPY,,,1,0.0275,0.0258,-0.0165,2,1,Unreasonable Search and Seizure!!! That was the FBI’s CRIMINAL RAID on Mar-a-Lago. This can never be allowed to happen again!!! President DJT,-0.0242,-0.0117,,,0.0137,NEUTRAL,0.3849,0.3899,,,0.0194,NEUTRAL,0.4995,0.4955,,,0.0238,NEUTRAL,0.3187,0.3039,,,0.0307,NEUTRAL,0.2339,0.228,,,0.0434,NEUTRAL,0.3048,0.2876,,,0.0532,NEUTRAL,0.2926,0.2723,,,0.0629,NEUTRAL,,NEUTRAL,,NEUTRAL
115733300541760842,2025-12-17,DJT,Trump Media & Technology Group,direct,neutral,cache,SPY,,,1,0.0275,0.0258,-0.0165,2,1,"Why did Brown University have so few Security Cameras? There can be no excuse for that. In the modern age, it just doesn’t get worse!!! President DJT",-0.0242,-0.0117,,,0.0137,NEUTRAL,0.3849,0.3899,,,0.0194,NEUTRAL,0.4995,0.4955,,,0.0238,NEUTRAL,0.3187,0.3039,,,0.0307,NEUTRAL,0.2339,0.228,,,0.0434,NEUTRAL,0.3048,0.2876,,,0.0532,NEUTRAL,0.2926,0.2723,,,0.0629,NEUTRAL,,NEUTRAL,,NEUTRAL
115743433358756069,2025-12-19,DJT,Trump Media & Technology Group,direct,positive,cache,SPY,,,1,0.0948,0.4193,0.4207,4,1,"I’ll be in North Carolina tomorrow at the wonderful Rocky Mount Events Center. So much to discuss. See you there. Doors open at 6 P.M. MAKE AMERICA GREAT AGAIN! President DJT
https://eoppra.my.site.co",0.0462,0.0403,,,0.0474,NA,-0.0631,-0.0752,,,0.067,NA,-0.08,-0.0968,,,0.0821,NA,-0.1047,-0.125,,,0.1059,NA,-0.0644,-0.0808,,,0.1498,NA,-0.0949,-0.1224,,,0.1835,NA,-0.0813,-0.0943,,,0.2171,NA,,NA,,NA
115748870260800797,2025-12-19,DJT,Trump Media & Technology Group,direct,neutral,cache,SPY,,,1,0.0956,0.0828,0.4995,4,1,"Elizabeth MacDonald of FoxBusiness is FANTASTIC. She really understands what is going on in the World of business, and far beyond!!!  President DJT",-0.1229,-0.1242,,,0.0478,NEUTRAL,-0.1388,-0.1446,,,0.0676,NEUTRAL,-0.129,-0.1384,,,0.0828,NEUTRAL,-0.199,-0.2047,,,0.1069,NEUTRAL,-0.1284,-0.1399,,,0.1511,NEUTRAL,-0.1485,-0.1629,,,0.1851,NEUTRAL,-0.0998,-0.1072,,,0.219,NEUTRAL,,NEUTRAL,,NEUTRAL
115748898604800291,2025-12-19,DJT,Trump Media & Technology Group,direct,neutral,cache,SPY,,,1,0.0956,0.0828,0.4995,4,1,"Nine Billion Dollars was STOLEN FROM THE STATE OF MINNESOTA by Illegal Somalian Criminals. They must pay a big price, NOW!!! President DJT",-0.1229,-0.1242,,,0.0478,NEUTRAL,-0.1388,-0.1446,,,0.0676,NEUTRAL,-0.129,-0.1384,,,0.0828,NEUTRAL,-0.199,-0.2047,,,0.1069,NEUTRAL,-0.1284,-0.1399,,,0.1511,NEUTRAL,-0.1485,-0.1629,,,0.1851,NEUTRAL,-0.0998,-0.1072,,,0.219,NEUTRAL,,NEUTRAL,,NEUTRAL
115766194471748593,2025-12-23,DJT,Trump Media & Technology Group,direct,neutral,cache,SPY,,,1,0.0996,-0.1044,0.3763,1,1,"Thank you to highly respected Alex Marlow, Editor-In-Chief of Breitbart, for his nice words on The Ingraham Angle. Likewise to Jason Miller and Rod Blagojevich. So nice!!! President DJT",-0.0039,-0.0098,,,0.0498,NEUTRAL,0.0074,-0.0021,,,0.0704,NEUTRAL,-0.0306,-0.04,,,0.0863,NEUTRAL,-0.1151,-0.1196,,,0.1114,NEUTRAL,-0.0412,-0.0495,,,0.1575,NEUTRAL,-0.0158,-0.0253,,,0.1929,NEUTRAL,0.0229,0.0151,,,0.2282,NEUTRAL,,NEUTRAL,,NEUTRAL
115767241940653010,2025-12-23,DJT,Trump Media & Technology Group,direct,negative,cache,SPY,,,1,0.0996,-0.1044,0.3763,1,1,"The Failing New York Times, and their lies and purposeful misrepresentations, is a serious threat to the National Security of our Nation. Their Radical Left, Unhinged Behavior, writing FAKE Articles a",-0.0039,-0.0098,,,0.0498,NA,0.0074,-0.0021,,,0.0704,NA,-0.0306,-0.04,,,0.0863,NA,-0.1151,-0.1196,,,0.1114,NA,-0.0412,-0.0495,,,0.1575,NA,-0.0158,-0.0253,,,0.1929,NA,0.0229,0.0151,,,0.2282,NA,,NA,,NA
115769302680506780,2025-12-23,DJT,Trump Media & Technology Group,direct,negative,cache,SPY,,,1,0.0996,-0.1044,0.3763,1,0,"The TARIFFS are responsible for the GREAT USA Economic Numbers JUST ANNOUNCED…AND THEY WILL ONLY GET BETTER! Also, NO INFLATION & GREAT NATIONAL SECURITY. Pray for the U.S. Supreme Court!!! President ",-0.0039,-0.0098,,,0.0498,NA,0.0074,-0.0021,,,0.0704,NA,-0.0306,-0.04,,,0.0863,NA,-0.1151,-0.1196,,,0.1114,NA,-0.0412,-0.0495,,,0.1575,NA,-0.0158,-0.0253,,,0.1929,NA,0.0229,0.0151,,,0.2282,NA,,NA,,NA
115777270368444049,2025-12-25,DJT,Trump Media & Technology Group,direct,negative,cache,SPY,,,1,0.1,0.0113,-0.1106,3,1,"Merry Christmas to all, including the Radical Left Scum that is doing everything possible to destroy our Country, but are failing badly. We no longer have Open Borders, Men in Women’s Sports, Transgen",-0.0613,-0.0609,,,0.05,NA,-0.1029,-0.0989,,,0.0707,NA,-0.1431,-0.1379,,,0.0866,NA,-0.0613,-0.0505,,,0.1118,NA,-0.0177,-0.0227,,,0.1581,NA,-0.0545,-0.056,,,0.1936,NA,-0.0402,-0.0472,,,0.229,NA,,NA,,NA
115785935602103818,2025-12-26,DJT,Trump Media & Technology Group,direct,neutral,cache,SPY,,,1,0.1,0.0113,-0.1106,4,1,Big news for the USA! President DJT,-0.0613,-0.0609,,,0.05,NEUTRAL,-0.1029,-0.0989,,,0.0707,NEUTRAL,-0.1431,-0.1379,,,0.0866,NEUTRAL,-0.0613,-0.0505,,,0.1118,NEUTRAL,-0.0177,-0.0227,,,0.1581,NEUTRAL,-0.0545,-0.056,,,0.1936,NEUTRAL,-0.0402,-0.0472,,,0.229,NEUTRAL,,NEUTRAL,,NEUTRAL
115798213364038844,2025-12-28,DJT,Trump Media & Technology Group,direct,neutral,cache,SPY,,,1,0.1007,-0.0377,-0.0444,6,1,"I just had a good and very productive telephone call with President Putin of Russia prior to my meeting, at 1:00 P.M. today, with President Zelenskyy of Ukraine. The meeting will take place in the mai",-0.0102,-0.0106,,,0.0503,NEUTRAL,-0.0545,-0.0538,,,0.0712,NEUTRAL,-0.0041,0.004,,,0.0872,NEUTRAL,0.0824,0.0821,,,0.1125,NEUTRAL,0.047,0.0359,,,0.1592,NEUTRAL,0.0463,0.0607,,,0.1949,NEUTRAL,0.0237,0.0122,,,0.2306,NEUTRAL,,NEUTRAL,,NEUTRAL
115810597668691530,2025-12-30,AMZN,Amazon,direct,neutral,cache,SPY QQQ DIA,XLY,TSLA HD MCD NKE,0,0.0107,0.002,0.0006,1,1,Amazon to invest up to $50B to build AI infrastructure for US government agencies: https://www.foxbusiness.com/markets/amazon-invest-up-50b-build-ai-infrastructure-us-government-agencies,-0.009,-0.0014,-0.0004,-0.0035,0.0054,NEUTRAL,-0.0275,-0.0221,-0.0102,-0.0206,0.0076,NEUTRAL,0.0006,-0.003,0.0018,0.0075,0.0093,NEUTRAL,0.0371,0.0293,0.0333,0.0379,0.012,NEUTRAL,0.0161,0.0091,0.001,-0.0112,0.0169,NEUTRAL,0.0061,-0.0024,-0.012,-0.0168,0.0207,NEUTRAL,0.0274,0.0201,0.0214,0.0192,0.0245,NEUTRAL,-0.0009,NEUTRAL,0.0035,NEUTRAL
115814530455966257,2025-12-31,DJT,Trump Media & Technology Group,direct,neutral,cache,SPY,,,1,0.1011,-0.0448,-0.1216,2,0,"California and Colorado are two of the TOP OUTBOUND STATES IN 2025 (United Van Lines!) - In other words, PEOPLE LEAVING!!! That’s what bad governors do to even places blessed with beautiful surrounds ",0.0304,0.0379,,,0.0505,NEUTRAL,0.0716,0.0774,,,0.0715,NEUTRAL,0.1198,0.119,,,0.0875,NEUTRAL,0.0599,0.0564,,,0.113,NEUTRAL,0.0879,0.0833,,,0.1598,NEUTRAL,0.151,0.1483,,,0.1957,NEUTRAL,-0.0054,-0.0125,,,0.2316,NEUTRAL,,NEUTRAL,,NEUTRAL
115815971019162695,2025-12-31,DJT,Trump Media & Technology Group,direct,negative,cache,SPY,,,1,0.1011,-0.0448,-0.1216,2,1,"The United States has set a World Record on investments being made into a Country, and it is Trillions of Dollars more than number two, China. This is singularly because of TARIFFS, and the fact that ",0.0315,0.0352,,,0.0507,NA,0.0779,0.075,,,0.0718,NA,0.0727,0.0638,,,0.0879,NA,0.0487,0.0431,,,0.1135,NA,0.0232,0.0137,,,0.1604,NA,0.0884,0.0833,,,0.1965,NA,-0.0772,-0.0913,,,0.2325,NA,,NA,,NA
115816063544553030,2025-12-31,DJT,Trump Media & Technology Group,direct,neutral,cache,SPY,,,1,0.1011,-0.0448,-0.1216,2,1,Republicans: No more money to Fat Cat Insurance Companies. The money must go directly to the people to buy their own Healthcare. President DJT,0.0315,0.0352,,,0.0507,NEUTRAL,0.0779,0.075,,,0.0718,NEUTRAL,0.0727,0.0638,,,0.0879,NEUTRAL,0.0487,0.0431,,,0.1135,NEUTRAL,0.0232,0.0137,,,0.1604,NEUTRAL,0.0884,0.0833,,,0.1965,NEUTRAL,-0.0772,-0.0913,,,0.2325,NEUTRAL,,NEUTRAL,,NEUTRAL
115816171466225987,2025-12-31,DJT,Trump Media & Technology Group,direct,positive,cache,SPY,,,1,0.1011,-0.0448,-0.1216,2,1,"We are removing the National Guard from Chicago, Los Angeles, and Portland, despite the fact that CRIME has been greatly reduced by having these great Patriots in those cities, and ONLY by that fact. ",0.0315,0.0352,,,0.0507,NA,0.0779,0.075,,,0.0718,NA,0.0727,0.0638,,,0.0879,NA,0.0487,0.0431,,,0.1135,NA,0.0232,0.0137,,,0.1604,NA,0.0884,0.0833,,,0.1965,NA,-0.0772,-0.0913,,,0.2325,NA,,NA,,NA
115821862193209382,2026-01-01,AMZN,Amazon,direct,neutral,cache,SPY QQQ DIA,XLY,TSLA HD MCD NKE,0,0.0108,-0.0074,-0.0073,3,1,"Alex Swoyer has written a powerful Book, “Lawless Lawfare: Tipping the Scales of Justice to Get Trump and Destroy MAGA.” The unprecedented Weaponization of “Justice” by the Democrats against their Pol",-0.0209,-0.0172,-0.0065,-0.012,0.0054,NEUTRAL,0.0074,0.0021,0.0056,0.0132,0.0076,NEUTRAL,0.0415,0.0279,0.0332,0.037,0.0093,NEUTRAL,0.0646,0.0552,0.041,0.0489,0.0121,NEUTRAL,0.0296,0.0167,0.0077,0.0195,0.0171,NEUTRAL,0.0338,0.0243,0.0084,0.0192,0.0209,NEUTRAL,0.0502,0.0337,0.0345,0.0428,0.0247,NEUTRAL,0.0074,NEUTRAL,-0.0056,NEUTRAL
115825378093317232,2026-01-02,DJT,Trump Media & Technology Group,direct,positive,cache,SPY,,,1,0.1015,0.0533,-0.0385,4,1,"The White House Doctors have just reported that I am in “PERFECT HEALTH,” and that I “ACED” (Meaning, was correct on 100% of the questions asked!), for the third straight time, my Cognitive Examinatio",0.0315,0.0352,,,0.0507,NA,0.0779,0.075,,,0.0718,NA,0.0727,0.0638,,,0.0879,NA,0.0487,0.0431,,,0.1135,NA,0.0232,0.0137,,,0.1604,NA,0.0884,0.0833,,,0.1965,NA,-0.0772,-0.0913,,,0.2325,NA,,NA,,NA
115848423492044761,2026-01-06,DJT,Trump Media & Technology Group,direct,neutral,cache,SPY,,,1,0.1018,0.045,0.1448,1,0,"Soon leaving the White House to speak to House Republicans, who I truly love (almost all!), at the TRUMP KENNEDY CENTER, where I have raised hundreds of millions of dollars to make it the best Perform",-0.0178,-0.0235,,,0.0509,NEUTRAL,-0.0658,-0.0682,,,0.072,NEUTRAL,-0.0398,-0.0421,,,0.0882,NEUTRAL,-0.0453,-0.0558,,,0.1138,NEUTRAL,-0.046,-0.0309,,,0.161,NEUTRAL,-0.0343,-0.0453,,,0.1971,NEUTRAL,-0.1457,-0.1432,,,0.2333,NEUTRAL,,NEUTRAL,,NEUTRAL
115854238467475779,2026-01-07,DJT,Trump Media & Technology Group,direct,neutral,cache,SPY,,,1,0.1012,-0.0049,0.0816,2,0,"HIRE JOHN HARBAUGH, FAST. HE, AND HIS BROTHER, ARE TOTAL WINNERS!!! President DJT",-0.0347,-0.031,,,0.0506,NEUTRAL,-0.0078,-0.0039,,,0.0716,NEUTRAL,0.0213,0.0185,,,0.0877,NEUTRAL,-0.0085,-0.0108,,,0.1132,NEUTRAL,0.0014,0.0112,,,0.1601,NEUTRAL,-0.0354,-0.0401,,,0.1961,NEUTRAL,-0.2279,-0.2068,,,0.232,NEUTRAL,,NEUTRAL,,NEUTRAL
115854352740910460,2026-01-07,DJT,Trump Media & Technology Group,direct,positive,cache,SPY,,,1,0.1012,-0.0049,0.0816,2,0,"Remember, for all of those big NATO fans, they were at 2% GDP, and most weren’t paying their bills, UNTIL I CAME ALONG. The USA was, foolishly, paying for them! I, respectfully, got them to 5% GDP, AN",0.0305,0.0295,,,0.051,NA,0.0607,0.0531,,,0.0721,NA,0.0247,0.0155,,,0.0883,NA,0.0291,0.0268,,,0.1139,NA,0.0887,0.0885,,,0.1611,NA,-0.0033,-0.0109,,,0.1973,NA,-0.1568,-0.1594,,,0.2335,NA,,NA,,NA
115855836062461949,2026-01-07,RTX,RTX (Raytheon),direct,negative,cache,SPY,XLI ITA,BA CAT GE UNP LMT NOC GD,0,0.0125,-0.0245,-0.0081,2,1,"I have been informed by the Department of War that Defense Contractor, Raytheon, has been the least responsive to the needs of the Department of War, the slowest in increasing their volume, and the mo",-0.0202,-0.0212,-0.0101,-0.0012,0.0063,NEUTRAL,-0.0132,-0.0209,-0.0205,-0.0251,0.0089,DOWN,0.0148,0.0056,-0.0041,-0.0076,0.0108,NEUTRAL,0.0409,0.0386,0.013,-0.0058,0.014,NEUTRAL,0.0278,0.0276,0.0032,-0.0568,0.0198,NEUTRAL,0.0463,0.0387,0.0272,0.0058,0.0243,NEUTRAL,0.0399,0.0373,-0.0046,-0.0854,0.0287,NEUTRAL,0.0198,NEUTRAL,0.0028,NEUTRAL
115861537483492504,2026-01-08,INTC,Intel,direct,positive,cache,SPY QQQ,SMH,NVDA AMD TSM AVGO,0,0.0277,-0.0357,0.0442,3,1,"I just finished a great meeting with the very successful Intel CEO, Lip-Bu Tan. Intel just launched the first SUB 2 NANOMETER CPU PROCESSOR designed, built, and packaged right here in the U.S.A. The U",0.0889,0.0822,0.0708,0.0836,0.0139,UP,0.0533,0.0454,0.0314,0.0299,0.0196,UP,0.1305,0.1244,0.1063,0.088,0.024,UP,0.1552,0.1537,0.1182,0.1135,0.031,UP,0.0775,0.0774,0.0309,0.0469,0.0438,NEUTRAL,0.1109,0.1096,0.0555,0.0778,0.0537,UP,0.2011,0.2044,0.1373,0.1627,0.0635,UP,0.0697,UP,0.0652,UP
115862665860473431,2026-01-09,DJT,Trump Media & Technology Group,direct,neutral,cache,SPY,,,1,0.1019,0.0279,-0.0271,4,1,"Incompetent California “Leaders,” headed by Governor Gavin Newscum, and a traveling Mayor who likes Africa better than the USA (she chose to go there rather than stay home and fight the worst fire in ",0.0126,0.0077,,,0.051,NEUTRAL,-0.0218,-0.0283,,,0.0721,NEUTRAL,-0.0169,-0.0214,,,0.0883,NEUTRAL,-0.0401,-0.0424,,,0.114,NEUTRAL,0.0211,0.0231,,,0.1612,NEUTRAL,-0.1019,-0.1038,,,0.1974,NEUTRAL,-0.208,-0.2128,,,0.2336,NEUTRAL,,NEUTRAL,,NEUTRAL
115862684255980250,2026-01-09,DJT,Trump Media & Technology Group,direct,neutral,cache,SPY,,,1,0.1019,0.0279,-0.0271,4,1,"I will be interviewed by Sean Hannity, NOW! FoxNews. President DJT",0.0126,0.0077,,,0.051,NEUTRAL,-0.0218,-0.0283,,,0.0721,NEUTRAL,-0.0169,-0.0214,,,0.0883,NEUTRAL,-0.0401,-0.0424,,,0.114,NEUTRAL,0.0211,0.0231,,,0.1612,NEUTRAL,-0.1019,-0.1038,,,0.1974,NEUTRAL,-0.208,-0.2128,,,0.2336,NEUTRAL,,NEUTRAL,,NEUTRAL
115864395969123502,2026-01-09,DJT,Trump Media & Technology Group,direct,neutral,cache,SPY,,,1,0.1019,0.0279,-0.0271,4,1,"Venezuela is releasing large numbers of political prisoners as a sign of “Seeking Peace.” This is a very important and smart gesture. The U.S.A. and Venezuela are working well together, especially as ",0.0126,0.0077,,,0.051,NEUTRAL,-0.0218,-0.0283,,,0.0721,NEUTRAL,-0.0169,-0.0214,,,0.0883,NEUTRAL,-0.0401,-0.0424,,,0.114,NEUTRAL,0.0211,0.0231,,,0.1612,NEUTRAL,-0.1019,-0.1038,,,0.1974,NEUTRAL,-0.208,-0.2128,,,0.2336,NEUTRAL,,NEUTRAL,,NEUTRAL
115867385857410443,2026-01-09,AMZN,Amazon,direct,negative,cache,SPY QQQ DIA,XLY,TSLA HD MCD NKE,0,0.0144,0.0044,0.0268,4,1,"Art Laffer and Stephen Moore have written an incredible Book, “The Trump Economic Miracle: And the Plan to Unleash Prosperity Again.” In just under one year, thanks to our use of Tariffs, our Nation’s",-0.0011,-0.0082,-0.0063,-0.0044,0.0072,NEUTRAL,-0.0167,-0.0201,-0.0195,-0.0303,0.0102,DOWN,-0.0409,-0.0387,-0.0278,-0.0437,0.0125,DOWN,-0.0308,-0.0316,-0.0182,-0.0266,0.0161,DOWN,-0.0337,-0.0376,-0.0212,-0.0406,0.0227,NEUTRAL,-0.0153,-0.0209,0.0001,0.0021,0.0278,NEUTRAL,-0.1612,-0.1627,-0.1165,-0.1643,0.033,DOWN,0.0019,NEUTRAL,0.0004,NEUTRAL
115872191697421818,2026-01-10,DJT,Trump Media & Technology Group,direct,neutral,cache,SPY,,,1,0.1019,0.0293,0.0063,5,1,"I love the Venezuelan people, and am already making Venezuela rich and safe again. Congratulations and thank you to all of those people who are making this possible!!! President DJT",-0.0383,-0.0448,,,0.051,NEUTRAL,-0.0335,-0.038,,,0.0721,NEUTRAL,-0.0342,-0.0337,,,0.0883,NEUTRAL,-0.0418,-0.0432,,,0.114,NEUTRAL,-0.0301,-0.033,,,0.1612,NEUTRAL,-0.1489,-0.1557,,,0.1974,NEUTRAL,-0.2228,-0.2249,,,0.2335,NEUTRAL,,NEUTRAL,,NEUTRAL
115872664324587956,2026-01-10,DJT,Trump Media & Technology Group,direct,positive,cache,SPY,,,1,0.1019,0.0293,0.0063,5,1,"The New York Football Giants should hire, without  question, John Harbaugh - And John, a great guy, should TAKE THE JOB!!! President DJT",-0.0383,-0.0448,,,0.051,NA,-0.0335,-0.038,,,0.0721,NA,-0.0342,-0.0337,,,0.0883,NA,-0.0418,-0.0432,,,0.114,NA,-0.0301,-0.033,,,0.1612,NA,-0.1489,-0.1557,,,0.1974,NA,-0.2228,-0.2249,,,0.2335,NA,,NA,,NA
115872684220634537,2026-01-10,DJT,Trump Media & Technology Group,direct,neutral,cache,SPY,,,1,0.1019,0.0293,0.0063,5,1,The United States of America is the Hottest and most Successful Country anywhere in the WORLD!!! President DJT,-0.0383,-0.0448,,,0.051,NEUTRAL,-0.0335,-0.038,,,0.0721,NEUTRAL,-0.0342,-0.0337,,,0.0883,NEUTRAL,-0.0418,-0.0432,,,0.114,NEUTRAL,-0.0301,-0.033,,,0.1612,NEUTRAL,-0.1489,-0.1557,,,0.1974,NEUTRAL,-0.2228,-0.2249,,,0.2335,NEUTRAL,,NEUTRAL,,NEUTRAL
115872769704977517,2026-01-10,DJT,Trump Media & Technology Group,direct,positive,cache,SPY,,,1,0.1019,0.0293,0.0063,5,1,"Dr. Marc Siegel, a wonderful guy, wrote a great new book, “The Miracles Among Us.” Get it now!!! President DJT",-0.0383,-0.0448,,,0.051,NA,-0.0335,-0.038,,,0.0721,NA,-0.0342,-0.0337,,,0.0883,NA,-0.0418,-0.0432,,,0.114,NA,-0.0301,-0.033,,,0.1612,NA,-0.1489,-0.1557,,,0.1974,NA,-0.2228,-0.2249,,,0.2335,NA,,NA,,NA
115873451908160529,2026-01-10,DJT,Trump Media & Technology Group,direct,neutral,cache,SPY,,,1,0.1019,0.0293,0.0063,5,1,"Venezuela has started the process, in a BIG WAY, of releasing their political prisoners. Thank you! I hope those prisoners will remember how lucky they got that the USA came along and did what had to ",-0.0383,-0.0448,,,0.051,NEUTRAL,-0.0335,-0.038,,,0.0721,NEUTRAL,-0.0342,-0.0337,,,0.0883,NEUTRAL,-0.0418,-0.0432,,,0.114,NEUTRAL,-0.0301,-0.033,,,0.1612,NEUTRAL,-0.1489,-0.1557,,,0.1974,NEUTRAL,-0.2228,-0.2249,,,0.2335,NEUTRAL,,NEUTRAL,,NEUTRAL
115876460615555838,2026-01-11,DJT,Trump Media & Technology Group,direct,negative,cache,SPY,,,1,0.1019,0.0293,0.0063,6,1,"Cuba lived, for many years, on large amounts of OIL and MONEY from Venezuela. In return, Cuba provided “Security Services” for the last two Venezuelan dictators, BUT NOT ANYMORE! Most of those Cubans ",-0.0383,-0.0448,,,0.051,NA,-0.0335,-0.038,,,0.0721,NA,-0.0342,-0.0337,,,0.0883,NA,-0.0418,-0.0432,,,0.114,NA,-0.0301,-0.033,,,0.1612,NA,-0.1489,-0.1557,,,0.1974,NA,-0.2228,-0.2249,,,0.2335,NA,,NA,,NA
115882232505676630,2026-01-12,DJT,Trump Media & Technology Group,direct,neutral,cache,SPY,,,1,0.1019,0.0293,0.0063,0,1,I’m the one who SAVED NATO!!! President DJT,-0.0383,-0.0448,,,0.051,NEUTRAL,-0.0335,-0.038,,,0.0721,NEUTRAL,-0.0342,-0.0337,,,0.0883,NEUTRAL,-0.0418,-0.0432,,,0.114,NEUTRAL,-0.0301,-0.033,,,0.1612,NEUTRAL,-0.1489,-0.1557,,,0.1974,NEUTRAL,-0.2228,-0.2249,,,0.2335,NEUTRAL,,NEUTRAL,,NEUTRAL
115882511750475574,2026-01-12,DJT,Trump Media & Technology Group,direct,positive,cache,SPY,,,1,0.1019,0.0293,0.0063,0,0,"Congratulations to DINA POWELL MCCORMICK, WHO HAS JUST BEEN NAMED THE NEW PRESIDENT OF META. A great choice by Mark Z!!! She is a fantastic, and very talented, person, who served the Trump Administrat",-0.0383,-0.0448,,,0.051,NA,-0.0335,-0.038,,,0.0721,NA,-0.0342,-0.0337,,,0.0883,NA,-0.0418,-0.0432,,,0.114,NA,-0.0301,-0.033,,,0.1612,NA,-0.1489,-0.1557,,,0.1974,NA,-0.2228,-0.2249,,,0.2335,NA,,NA,,NA
115884164936451552,2026-01-12,DJT,Trump Media & Technology Group,direct,neutral,cache,SPY,,,1,0.1019,-0.034,0.022,0,1,"These FBI Agents are total Scum, in their own way no better than the insurrectionists in Portland, Minnesota, Los Angeles, etc. Kash better get them out, NOW! Radical Left Lunatics put in by the “Auto",-0.0007,0.0018,,,0.051,NEUTRAL,-0.0014,0.0059,,,0.0721,NEUTRAL,-0.0243,-0.0196,,,0.0883,NEUTRAL,-0.0064,0.0193,,,0.1139,NEUTRAL,0.0057,0.0057,,,0.1611,NEUTRAL,-0.1293,-0.1207,,,0.1974,NEUTRAL,-0.21,-0.2049,,,0.2335,NEUTRAL,,NEUTRAL,,NEUTRAL
115884759090137876,2026-01-12,MSFT,Microsoft,direct,positive,cache,SPY QQQ DIA,XLK,AAPL NVDA AMD AVGO,0,0.0085,-0.0044,-0.013,0,1,"Under Sleepy Joe Biden and the Radical Left Democrats, the average American Household’s monthly Utility bills went up MASSIVELY — over 30%! I never want Americans to pay higher Electricity bills becau",-0.0084,-0.0046,-0.0059,-0.0154,0.0042,NEUTRAL,-0.0322,-0.023,-0.0176,-0.0296,0.006,NEUTRAL,-0.038,-0.0328,-0.0285,-0.0425,0.0073,NEUTRAL,-0.0425,-0.0166,-0.0084,-0.0005,0.0095,NEUTRAL,0.0124,0.014,0.0043,0.0038,0.0134,NEUTRAL,-0.1337,-0.1231,-0.1012,-0.1419,0.0164,NEUTRAL,-0.1481,-0.1429,-0.1217,-0.1582,0.0194,NEUTRAL,-0.0762,NEUTRAL,-0.015,NEUTRAL
115884759090137876,2026-01-12,DJT,Trump Media & Technology Group,direct,positive,cache,SPY,,,1,0.1019,-0.034,0.022,0,1,"Under Sleepy Joe Biden and the Radical Left Democrats, the average American Household’s monthly Utility bills went up MASSIVELY — over 30%! I never want Americans to pay higher Electricity bills becau",-0.0007,0.0018,,,0.051,NA,-0.0014,0.0059,,,0.0721,NA,-0.0243,-0.0196,,,0.0883,NA,-0.0064,0.0193,,,0.1139,NA,0.0057,0.0057,,,0.1611,NA,-0.1293,-0.1207,,,0.1974,NA,-0.21,-0.2049,,,0.2335,NA,,NA,,NA
115886085338434959,2026-01-13,DJT,Trump Media & Technology Group,direct,positive,cache,SPY,,,1,0.1019,-0.034,0.022,1,1,"Everyone should support great Republican Senator Roger Marshall’s Credit Card Competition Act, in order to stop the out of control Swipe Fee ripoff. Roger is a FANTASTIC Senator!!! President DJT",-0.0007,0.0018,,,0.051,NA,-0.0014,0.0059,,,0.0721,NA,-0.0243,-0.0196,,,0.0883,NA,-0.0064,0.0193,,,0.1139,NA,0.0057,0.0057,,,0.1611,NA,-0.1293,-0.1207,,,0.1974,NA,-0.21,-0.2049,,,0.2335,NA,,NA,,NA
115888260399895701,2026-01-13,DJT,Trump Media & Technology Group,direct,negative,cache,SPY,,,1,0.1019,-0.034,0.022,1,0,"JUST OUT: Great (LOW!) Inflation numbers for the USA. That means that Jerome “Too Late” Powell should cut interest rates, MEANINGFULLY!!! If he doesn’t he will just continue to be, “TOO LATE!” ALSO OU",-0.0007,0.0018,,,0.051,NA,-0.0014,0.0059,,,0.0721,NA,-0.0243,-0.0196,,,0.0883,NA,-0.0064,0.0193,,,0.1139,NA,0.0057,0.0057,,,0.1611,NA,-0.1293,-0.1207,,,0.1974,NA,-0.21,-0.2049,,,0.2335,NA,,NA,,NA
115893255826342514,2026-01-14,DJT,Trump Media & Technology Group,direct,neutral,cache,SPY,,,1,0.1015,0.005,-0.0007,2,1,"The United States needs Greenland for the purpose of National Security. It is vital for the Golden Dome that we are building. NATO should be leading the way for us to get it. IF WE DON’T, RUSSIA OR CH",0.0036,0.0045,,,0.0508,NEUTRAL,-0.0194,-0.0212,,,0.0718,NEUTRAL,-0.0043,-0.0053,,,0.0879,NEUTRAL,0.0144,0.0225,,,0.1135,NEUTRAL,-0.023,-0.0294,,,0.1605,NEUTRAL,-0.1059,-0.0989,,,0.1966,NEUTRAL,-0.2182,-0.2042,,,0.2326,NEUTRAL,,NEUTRAL,,NEUTRAL
115893625622462941,2026-01-14,DJT,Trump Media & Technology Group,direct,neutral,cache,SPY,,,1,0.1015,0.005,-0.0007,2,1,"They should be thrown out of the USA. Get it done, NOW! That includes their loser Rep. Omar, who married her brother (gross!). President DJT
Somali Suitcase Stash: Feds say $130 million moved from Ohi",0.0036,0.0045,,,0.0508,NEUTRAL,-0.0194,-0.0212,,,0.0718,NEUTRAL,-0.0043,-0.0053,,,0.0879,NEUTRAL,0.0144,0.0225,,,0.1135,NEUTRAL,-0.023,-0.0294,,,0.1605,NEUTRAL,-0.1059,-0.0989,,,0.1966,NEUTRAL,-0.2182,-0.2042,,,0.2326,NEUTRAL,,NEUTRAL,,NEUTRAL
115893658269457561,2026-01-14,INTC,Intel,direct,neutral,cache,SPY QQQ,SMH,NVDA AMD TSM AVGO,0,0.0373,0.0733,0.1503,2,1,"NATO: Tell Denmark to get them out of here, NOW! Two dogsleds won’t do it! Only the USA can!!!
Danish intel warned last year about Russian and Chinese military goals toward Greenland and Arctic: https",-0.0047,-0.0021,-0.0031,0.0027,0.0186,NEUTRAL,-0.0129,-0.0134,-0.032,-0.0381,0.0264,NEUTRAL,-0.0407,-0.0403,-0.07,-0.0648,0.0323,NEUTRAL,0.1083,0.1171,0.0749,0.1167,0.0417,NEUTRAL,-0.0035,-0.0155,-0.0746,-0.0419,0.0589,NEUTRAL,-0.0072,0.0096,0.0107,0.0602,0.0722,NEUTRAL,-0.0505,-0.0261,-0.0946,-0.0321,0.0854,NEUTRAL,0.0691,NEUTRAL,0.0265,NEUTRAL
115899252938886431,2026-01-15,DJT,Trump Media & Technology Group,direct,positive,cache,SPY,,,1,0.1013,-0.0007,-0.0298,3,1,"If the corrupt politicians of Minnesota don’t obey the law and stop the professional agitators and insurrectionists from attacking the Patriots of I.C.E., who are only trying to do their job, I will i",-0.0222,-0.0188,,,0.0506,NA,-0.0072,-0.003,,,0.0716,NA,-0.0043,0.0202,,,0.0877,NA,0.0587,0.0667,,,0.1133,NA,-0.0308,-0.03,,,0.1602,NA,-0.2201,-0.1957,,,0.1962,NA,-0.214,-0.1956,,,0.2321,NA,,NA,,NA
115905757161594483,2026-01-16,DJT,Trump Media & Technology Group,direct,neutral,cache,SPY,,,1,0.1017,-0.0229,-0.0187,4,0,"In Minnesota, the Troublemakers, Agitators, and Insurrectionists are, in many cases, highly paid professionals. The Governor and Mayor don’t know what to do, they have totally lost control, and our cu",0.0051,0.0108,,,0.0506,NEUTRAL,0.021,0.0152,,,0.0716,NEUTRAL,0.0686,0.0577,,,0.0877,NEUTRAL,0.0145,-0.002,,,0.1132,NEUTRAL,-0.1098,-0.1303,,,0.1601,NEUTRAL,-0.1857,-0.204,,,0.1961,NEUTRAL,-0.2428,-0.2498,,,0.232,NEUTRAL,,NEUTRAL,,NEUTRAL
115911321115123547,2026-01-17,JPM,JPMorgan Chase,direct,neutral,cache,SPY DIA,XLF,BAC WFC GS MS,0,0.0151,0.0104,0.005,5,1,"A front page Article in The Fake News Wall Street Journal states, without any verification, that I offered Jamie Dimon, of JPMorgan Chase, the job of Fed Chairman. This statement is totally untrue, th",-0.0113,-0.0071,-0.0037,-0.0058,0.0075,NEUTRAL,-0.0136,-0.0212,-0.0108,-0.006,0.0107,NEUTRAL,-0.0084,-0.0217,-0.0122,-0.014,0.013,NEUTRAL,-0.0169,-0.0332,-0.0132,-0.0063,0.0168,NEUTRAL,0.0063,-0.012,-0.0015,-0.0124,0.0238,NEUTRAL,0.0519,0.0273,0.0457,0.0143,0.0292,NEUTRAL,0.0084,-0.0063,0.0274,0.0051,0.0345,NEUTRAL,0.3881,NEUTRAL,0.0001,NEUTRAL
115915881410679214,2026-01-18,DJT,Trump Media & Technology Group,direct,positive,cache,SPY,,,1,0.1013,0.0154,-0.0086,6,1,"Jimmy Failla’s opening monologue was GREAT. Very funny guy!!! Also, wonderful wife! President DJT",0.0051,0.0108,,,0.0506,NA,0.021,0.0152,,,0.0716,NA,0.0686,0.0577,,,0.0877,NA,0.0145,-0.002,,,0.1132,NA,-0.1098,-0.1303,,,0.1601,NA,-0.1857,-0.204,,,0.1961,NA,-0.2428,-0.2498,,,0.232,NA,,NA,,NA
115919466737908324,2026-01-19,DJT,Trump Media & Technology Group,direct,positive,cache,SPY,,,1,0.1013,0.0154,-0.0086,0,1,"A GREAT NEW BOOK, by NumberOne Bestselling Author, Peter Schweizer, “The Invisible Coup: How American Elites and Foreign Powers Use Immigration as a Weapon,” is out Tuesday. It is both vitally importa",0.0051,0.0108,,,0.0506,NA,0.021,0.0152,,,0.0716,NA,0.0686,0.0577,,,0.0877,NA,0.0145,-0.002,,,0.1132,NA,-0.1098,-0.1303,,,0.1601,NA,-0.1857,-0.204,,,0.1961,NA,-0.2428,-0.2498,,,0.232,NA,,NA,,NA
115923918404792612,2026-01-19,DJT,Trump Media & Technology Group,direct,neutral,cache,SPY,,,1,0.1013,0.0154,-0.0086,0,1,"Wow! They have a lot of explaining to do. Corruption at the highest level! President DJT
Michael Cohen says NY prosecutors 'pressured and coerced' him into anti-Trump testimony: https://www.foxnews.co",0.0051,0.0108,,,0.0506,NEUTRAL,0.021,0.0152,,,0.0716,NEUTRAL,0.0686,0.0577,,,0.0877,NEUTRAL,0.0145,-0.002,,,0.1132,NEUTRAL,-0.1098,-0.1303,,,0.1601,NEUTRAL,-0.1857,-0.204,,,0.1961,NEUTRAL,-0.2428,-0.2498,,,0.232,NEUTRAL,,NEUTRAL,,NEUTRAL
115924025571521310,2026-01-19,DJT,Trump Media & Technology Group,direct,neutral,cache,SPY,,,1,0.1013,0.0154,-0.0086,0,1,"In Minnesota, there is too much media attention on ICE, who have removed some of the worst murderers and criminals in the World, people let into our Country by Crooked Joe Biden’s horrendous Open Bord",0.0051,0.0108,,,0.0506,NEUTRAL,0.021,0.0152,,,0.0716,NEUTRAL,0.0686,0.0577,,,0.0877,NEUTRAL,0.0145,-0.002,,,0.1132,NEUTRAL,-0.1098,-0.1303,,,0.1601,NEUTRAL,-0.1857,-0.204,,,0.1961,NEUTRAL,-0.2428,-0.2498,,,0.232,NEUTRAL,,NEUTRAL,,NEUTRAL
115924043199702065,2026-01-19,DJT,Trump Media & Technology Group,direct,positive,cache,SPY,,,1,0.1013,0.0154,-0.0086,0,1,"Great interview today of Rodney Scott, CBP Commissioner, by the wonderful Will Cain, on The Will Cain Show! Thank you both!!! President DJT",0.0051,0.0108,,,0.0506,NA,0.021,0.0152,,,0.0716,NA,0.0686,0.0577,,,0.0877,NA,0.0145,-0.002,,,0.1132,NA,-0.1098,-0.1303,,,0.1601,NA,-0.1857,-0.204,,,0.1961,NA,-0.2428,-0.2498,,,0.232,NA,,NA,,NA
115928442608514733,2026-01-20,DJT,Trump Media & Technology Group,direct,neutral,cache,SPY,,,1,0.1013,0.0154,-0.0086,1,0,"No single person, or President, has done more for NATO than President Donald J. Trump. If I didn’t come along, there would be no NATO right now!!! It would have been in the ash heap of History. Sad, b",0.0043,-0.0042,,,0.0212,NEUTRAL,0.0512,0.0374,,,0.03,NEUTRAL,0.0327,0.0186,,,0.0367,NEUTRAL,0.0007,-0.0226,,,0.0474,NEUTRAL,-0.1336,-0.1482,,,0.067,NEUTRAL,-0.2004,-0.2188,,,0.0821,NEUTRAL,-0.2488,-0.2559,,,0.0972,NEUTRAL,,NEUTRAL,,NEUTRAL
115939860152214301,2026-01-22,DJT,Trump Media & Technology Group,direct,positive,cache,SPY,,,1,0.038,0.0158,0.0344,3,0,"Fake and Fraudulent Polling should be, virtually, a criminal offense. As an example, all of the Anti Trump Media that covered me during the 2020 Election showed Polls that were knowingly wrong. They k",-0.0215,-0.0231,,,0.0161,NA,-0.0545,-0.0612,,,0.0227,NA,-0.0519,-0.0625,,,0.0279,NA,-0.0882,-0.0968,,,0.036,NA,-0.2663,-0.251,,,0.0509,NA,-0.2667,-0.2567,,,0.0623,NA,-0.3293,-0.3209,,,0.0737,NA,,NA,,NA
115940059516984793,2026-01-22,JPM,JPMorgan Chase,direct,neutral,cache,SPY DIA,XLF,BAC WFC GS MS,0,0.0161,-0.0023,-0.0233,3,0,Trump sues JPMorgan Chase and CEO Jamie Dimon for $5B over alleged 'political' debanking: https://www.foxbusiness.com/politics/trump-sues-jpmorgan-chase-ceo-jamie-dimon-5b-over-alleged-political-deban,-0.0142,-0.0141,-0.0063,-0.0025,0.0078,NEUTRAL,-0.0032,-0.0088,-0.0017,-0.0023,0.011,NEUTRAL,-0.0056,-0.0091,0.0036,-0.0083,0.0135,NEUTRAL,0.0146,0.012,0.0135,0.0021,0.0174,NEUTRAL,0.027,0.0376,0.0308,0.0152,0.0246,NEUTRAL,0.0021,0.0042,0.0358,0.0224,0.0301,NEUTRAL,-0.0143,-0.0069,0.0373,0.0191,0.0356,NEUTRAL,0.0001,NEUTRAL,-0.0024,NEUTRAL
115944336667645170,2026-01-23,DJT,Trump Media & Technology Group,direct,positive,cache,SPY,,,1,0.0322,0.0467,0.0663,4,1,"What a great trip to Davos it was. So many things accomplished, including the framework of a deal with NATO on Greenland. Also, the BOARD OF PEACE. WOW!!! MAKE AMERICA GREAT AGAIN!  President DJT",-0.0215,-0.0231,,,0.0161,NA,-0.0545,-0.0612,,,0.0227,NA,-0.0519,-0.0625,,,0.0279,NA,-0.0882,-0.0968,,,0.036,NA,-0.2663,-0.251,,,0.0509,NA,-0.2667,-0.2567,,,0.0623,NA,-0.3293,-0.3209,,,0.0737,NA,,NA,,NA
115945837215795716,2026-01-23,AMZN,Amazon,direct,neutral,cache,SPY QQQ DIA,XLY,TSLA HD MCD NKE,0,0.0162,0.0131,-0.02,4,0,"COUNTDOWN: 7 Days until the World will witness an unforgettable, behind-the-scenes, look at one of the most important events of our time.
MELANIA: TWENTY DAYS TO HISTORY:
https://www.amazon.com/salp/m",-0.0065,-0.0102,-0.0005,-0.0099,0.0082,NEUTRAL,0.0196,0.0142,0.0226,0.0389,0.0116,NEUTRAL,0.0126,0.0061,0.0231,0.0404,0.0143,NEUTRAL,-0.0028,-0.0009,0.0125,0.0271,0.0184,NEUTRAL,-0.1236,-0.1226,-0.0824,-0.1169,0.026,NEUTRAL,-0.1716,-0.1583,-0.1157,-0.1665,0.0319,NEUTRAL,-0.1309,-0.1215,-0.0796,-0.1247,0.0377,NEUTRAL,-0.0019,NEUTRAL,-0.0006,NEUTRAL
115947045496805234,2026-01-23,DJT,Trump Media & Technology Group,direct,positive,cache,SPY,,,1,0.0321,-0.0176,0.0446,4,1,I have been briefed on the Record Cold Wave and Historic Winter Storm that will be hitting much of the United States this weekend. The Trump Administration is coordinating with State and Local Officia,-0.0209,-0.0242,,,0.0161,NA,-0.0181,-0.0254,,,0.0227,NA,-0.0509,-0.058,,,0.0278,NA,-0.1088,-0.1109,,,0.0359,NA,-0.2012,-0.2014,,,0.0508,NA,-0.2343,-0.2217,,,0.0623,NA,-0.2587,-0.2542,,,0.0737,NA,,NA,,NA
115947083395862222,2026-01-23,DJT,Trump Media & Technology Group,direct,negative,cache,SPY,,,1,0.0321,-0.0176,0.0446,4,1,"I want to thank President Aliyev of Azerbaijan, and Prime Minister Pashinyan of Armenia for upholding the Peace Agreement we signed last August. This was a nasty War, 1 of 8 that I have ended, but now",-0.0209,-0.0242,,,0.0161,NA,-0.0181,-0.0254,,,0.0227,NA,-0.0509,-0.058,,,0.0278,NA,-0.1088,-0.1109,,,0.0359,NA,-0.2012,-0.2014,,,0.0508,NA,-0.2343,-0.2217,,,0.0623,NA,-0.2587,-0.2542,,,0.0737,NA,,NA,,NA
115950424403894234,2026-01-24,DJT,Trump Media & Technology Group,direct,negative,cache,SPY,,,1,0.0321,-0.0176,0.0446,5,1,"If Governor Carney thinks he is going to make Canada a “Drop Off Port” for China to send goods and products into the United States, he is sorely mistaken. China will eat Canada alive, completely devou",-0.0209,-0.0242,,,0.0161,NA,-0.0181,-0.0254,,,0.0227,NA,-0.0509,-0.058,,,0.0278,NA,-0.1088,-0.1109,,,0.0359,NA,-0.2012,-0.2014,,,0.0508,NA,-0.2343,-0.2217,,,0.0623,NA,-0.2587,-0.2542,,,0.0737,NA,,NA,,NA
115954417247642839,2026-01-25,DJT,Trump Media & Technology Group,direct,positive,cache,SPY,,,1,0.0321,-0.0176,0.0446,6,1,"Jonathan Fahey, former ICE Director, is fantastic on FoxNews in explaining the motives behind the fraudsters and insurrectionists in Minnesota. Great job Jonathon!!! President DJT",-0.0209,-0.0242,,,0.0161,NA,-0.0181,-0.0254,,,0.0227,NA,-0.0509,-0.058,,,0.0278,NA,-0.1088,-0.1109,,,0.0359,NA,-0.2012,-0.2014,,,0.0508,NA,-0.2343,-0.2217,,,0.0623,NA,-0.2587,-0.2542,,,0.0737,NA,,NA,,NA
115956876838938120,2026-01-25,DJT,Trump Media & Technology Group,direct,positive,cache,SPY,,,1,0.0321,-0.0176,0.0446,6,1,"Highly Respected Congressman Jamie Comer was GREAT in his Interview this morning with Maria Bartiromo. He said it all concerning Minnesota, Deranged Jack Smith, and many other topics of interest. Jami",-0.0209,-0.0242,,,0.0161,NA,-0.0181,-0.0254,,,0.0227,NA,-0.0509,-0.058,,,0.0278,NA,-0.1088,-0.1109,,,0.0359,NA,-0.2012,-0.2014,,,0.0508,NA,-0.2343,-0.2217,,,0.0623,NA,-0.2587,-0.2542,,,0.0737,NA,,NA,,NA
115956946816324221,2026-01-25,DJT,Trump Media & Technology Group,direct,negative,cache,SPY,,,1,0.0321,-0.0176,0.0446,6,1,"A MUST WATCH. Canada is systematically destroying itself. The China deal is a disaster for them. Will go down as one of the worst deals, of any kind, in history. All their businesses are moving to the",-0.0209,-0.0242,,,0.0161,NA,-0.0181,-0.0254,,,0.0227,NA,-0.0509,-0.058,,,0.0278,NA,-0.1088,-0.1109,,,0.0359,NA,-0.2012,-0.2014,,,0.0508,NA,-0.2343,-0.2217,,,0.0623,NA,-0.2587,-0.2542,,,0.0737,NA,,NA,,NA
115957060813577755,2026-01-25,DJT,Trump Media & Technology Group,direct,positive,cache,SPY,,,1,0.0321,-0.0176,0.0446,6,1,China is successfully and completely taking over the once Great Country of Canada. So sad to see it happen. I only hope they leave Ice Hockey alone! President DJT,-0.0209,-0.0242,,,0.0161,NA,-0.0181,-0.0254,,,0.0227,NA,-0.0509,-0.058,,,0.0278,NA,-0.1088,-0.1109,,,0.0359,NA,-0.2012,-0.2014,,,0.0508,NA,-0.2343,-0.2217,,,0.0623,NA,-0.2587,-0.2542,,,0.0737,NA,,NA,,NA
115961647505369753,2026-01-26,DJT,Trump Media & Technology Group,direct,neutral,cache,SPY,,,1,0.0321,-0.0176,0.0446,0,0,"I am sending Tom Homan to Minnesota tonight. He has not been involved in that area, but knows and likes many of the people there. Tom is tough but fair, and will report directly to me. Separately, a m",-0.0209,-0.0242,,,0.0161,NEUTRAL,-0.0181,-0.0254,,,0.0227,NEUTRAL,-0.0509,-0.058,,,0.0278,NEUTRAL,-0.1088,-0.1109,,,0.0359,NEUTRAL,-0.2012,-0.2014,,,0.0508,NEUTRAL,-0.2343,-0.2217,,,0.0623,NEUTRAL,-0.2587,-0.2542,,,0.0737,NEUTRAL,,NEUTRAL,,NEUTRAL
115962223670668620,2026-01-26,DJT,Trump Media & Technology Group,direct,positive,cache,SPY,,,1,0.0321,-0.0176,0.0446,0,0,"Just recovered the last Hostage body in GAZA. Thus, got back ALL 20 of the living Hostages, and ALL of the Dead! AMAZING JOB! Most thought of it as an impossible thing to do. Congratulations to my gre",0.0079,0.006,,,0.0165,NA,-0.0258,-0.0276,,,0.0233,NA,-0.0308,-0.0306,,,0.0286,NA,-0.1181,-0.1199,,,0.0369,NA,-0.1933,-0.1929,,,0.0521,NA,-0.2906,-0.2743,,,0.0638,NA,-0.2205,-0.219,,,0.0755,NA,,NA,,NA
115962472454059914,2026-01-26,AMZN,Amazon,direct,neutral,cache,SPY QQQ DIA,XLY,TSLA HD MCD NKE,0,0.0165,0.0206,0.0353,0,0,"MELANIA, the Movie, is a MUST WATCH. Get your tickets today — Selling out, FAST!
Photo: Regine Mahaux
https://www.amazon.com/salp/melaniamovie?hhf",0.0208,0.0194,0.0212,0.0342,0.0082,NEUTRAL,0.0139,0.0114,0.0218,0.0332,0.0117,NEUTRAL,0.0085,0.0086,0.0211,0.0422,0.0143,NEUTRAL,0.0136,0.0123,0.0199,0.0403,0.0184,NEUTRAL,-0.1292,-0.1285,-0.0869,-0.106,0.0261,NEUTRAL,-0.1608,-0.1442,-0.1062,-0.1589,0.0319,NEUTRAL,-0.1212,-0.1174,-0.0752,-0.0986,0.0378,NEUTRAL,-0.0008,NEUTRAL,0.0004,NEUTRAL
115982747344520072,2026-01-30,DJT,Trump Media & Technology Group,direct,positive,cache,SPY,,,1,0.0293,-0.0051,-0.0356,4,1,"Leigh Wambsganss, a Republican running for the State Senate in the  suburbs of Fort Worth, Texas, will be a GREAT Candidate and has my Complete and Total Endorsement. Thank you for your attention to t",-0.0516,-0.0518,,,0.0146,NA,-0.0857,-0.0909,,,0.0207,NA,-0.0954,-0.0921,,,0.0254,NA,-0.1915,-0.171,,,0.0327,NA,-0.1918,-0.1766,,,0.0463,NA,-0.2497,-0.2463,,,0.0567,NA,-0.1777,-0.1699,,,0.0671,NA,,NA,,NA
115983891481988557,2026-01-30,MS,Morgan Stanley,direct,positive,cache,SPY,XLF,JPM BAC WFC GS,0,0.0198,0.0003,0.0029,4,1,I am pleased to announce that I am nominating Kevin Warsh to be the CHAIRMAN OF THE BOARD OF GOVERNORS OF THE FEDERAL RESERVE SYSTEM. Kevin currently serves as the Shepard Family Distinguished Visitin,0.0144,0.0141,0.0132,0.0118,0.0099,UP,0.0271,0.0219,0.015,0.0095,0.014,NEUTRAL,0.015,0.0182,0.0122,-0.0116,0.0172,NEUTRAL,-0.0242,-0.0038,-0.0226,-0.0423,0.0222,NEUTRAL,-0.0674,-0.0522,-0.0358,-0.0474,0.0314,NEUTRAL,-0.0266,-0.0232,-0.01,-0.0225,0.0384,NEUTRAL,-0.0733,-0.0655,-0.0343,-0.0081,0.0454,NEUTRAL,0.0,NEUTRAL,0.001,NEUTRAL
115984071734301762,2026-01-30,DJT,Trump Media & Technology Group,direct,positive,cache,SPY,,,1,0.0293,-0.0051,-0.0356,4,1,"Their was great speculation that highly respected Kevin Hassett was going to be named Chairman of the Fed, and a great Chairman he would have been but, quite honestly, he is doing such an outstanding ",-0.0516,-0.0518,,,0.0146,NA,-0.0857,-0.0909,,,0.0207,NA,-0.0954,-0.0921,,,0.0254,NA,-0.1915,-0.171,,,0.0327,NA,-0.1918,-0.1766,,,0.0463,NA,-0.2497,-0.2463,,,0.0567,NA,-0.1777,-0.1699,,,0.0671,NA,,NA,,NA
115984113252953391,2026-01-30,DJT,Trump Media & Technology Group,direct,positive,cache,SPY,,,1,0.0293,-0.0051,-0.0356,4,1,"Christopher Waller, Rick Rieder, and others, were interviewed for the Fed position. They all would have been outstanding, and have a great and unlimited future with “TRUMP.” Such amazing talent in our",-0.0516,-0.0518,,,0.0146,NA,-0.0857,-0.0909,,,0.0207,NA,-0.0954,-0.0921,,,0.0254,NA,-0.1915,-0.171,,,0.0327,NA,-0.1918,-0.1766,,,0.0463,NA,-0.2497,-0.2463,,,0.0567,NA,-0.1777,-0.1699,,,0.0671,NA,,NA,,NA
115987100169435643,2026-01-31,DJT,Trump Media & Technology Group,direct,positive,cache,SPY,,,1,0.0298,-0.0561,-0.0923,5,1,"I am asking all America First Patriots in Texas’ 9th State Senate District to please make a plan to GET OUT AND VOTE on Election Day, Saturday, January 31st, for a phenomenal Candidate, Leigh Wambsgan",-0.0183,-0.0268,,,0.0149,NA,-0.0287,-0.0286,,,0.0211,NA,-0.0076,-0.0027,,,0.0258,NA,-0.0873,-0.0888,,,0.0333,NA,-0.1251,-0.1137,,,0.0471,NA,-0.2064,-0.1959,,,0.0577,NA,-0.1522,-0.1388,,,0.0683,NA,,NA,,NA
115987233609226463,2026-01-31,AMZN,Amazon,direct,neutral,cache,SPY QQQ DIA,XLY,TSLA HD MCD NKE,0,0.0176,-0.0101,-0.022,5,1,"Last night I saw, “MELANIA,” for the second time. The audience loved it, and so do I. Check it out — A MUST SEE!
https://www.amazon.com/salp/melaniamovie?hhf",0.0195,0.0092,0.0093,0.0147,0.0088,NEUTRAL,0.0013,0.0002,-0.0008,-0.0002,0.0125,NEUTRAL,-0.0223,-0.0177,-0.017,-0.047,0.0153,NEUTRAL,-0.1175,-0.1214,-0.0947,-0.1448,0.0197,NEUTRAL,-0.1658,-0.1574,-0.1281,-0.1912,0.0279,NEUTRAL,-0.1386,-0.1257,-0.091,-0.1539,0.0341,NEUTRAL,-0.1241,-0.1086,-0.0713,-0.0991,0.0404,NEUTRAL,0.0284,NEUTRAL,0.0198,NEUTRAL
115987481835523508,2026-01-31,DJT,Trump Media & Technology Group,direct,neutral,cache,SPY,,,1,0.0298,-0.0561,-0.0923,5,1,Border Czar (Plus!) Tom Homan is doing a FANTASTIC JOB. He is one of a kind. Thank you Tom!!! President DJT,-0.0183,-0.0268,,,0.0149,NEUTRAL,-0.0287,-0.0286,,,0.0211,NEUTRAL,-0.0076,-0.0027,,,0.0258,NEUTRAL,-0.0873,-0.0888,,,0.0333,NEUTRAL,-0.1251,-0.1137,,,0.0471,NEUTRAL,-0.2064,-0.1959,,,0.0577,NEUTRAL,-0.1522,-0.1388,,,0.0683,NEUTRAL,,NEUTRAL,,NEUTRAL
115989916560112535,2026-01-31,DJT,Trump Media & Technology Group,direct,neutral,cache,SPY,,,1,0.0298,-0.0561,-0.0923,5,1,"The Theft and Fraud in Minnesota is far greater than the 19 Billion Dollars originally projected. The Biden Administration knew this FRAUD was happening, and did absolutely nothing about it. “Scammer”",-0.0183,-0.0268,,,0.0149,NEUTRAL,-0.0287,-0.0286,,,0.0211,NEUTRAL,-0.0076,-0.0027,,,0.0258,NEUTRAL,-0.0873,-0.0888,,,0.0333,NEUTRAL,-0.1251,-0.1137,,,0.0471,NEUTRAL,-0.2064,-0.1959,,,0.0577,NEUTRAL,-0.1522,-0.1388,,,0.0683,NEUTRAL,,NEUTRAL,,NEUTRAL
115991359481785479,2026-01-31,DJT,Trump Media & Technology Group,direct,positive,cache,SPY,,,1,0.0298,-0.0561,-0.0923,5,1,"Today is the day! To all Voters in Texas’ 9th State Senate District: GET OUT AND VOTE for a phenomenal Candidate, Leigh Wambsganss. She is a highly successful Entrepreneur, and an incredible supporter",-0.0183,-0.0268,,,0.0149,NA,-0.0287,-0.0286,,,0.0211,NA,-0.0076,-0.0027,,,0.0258,NA,-0.0873,-0.0888,,,0.0333,NA,-0.1251,-0.1137,,,0.0471,NA,-0.2064,-0.1959,,,0.0577,NA,-0.1522,-0.1388,,,0.0683,NA,,NA,,NA
115998440820492604,2026-02-02,DJT,Trump Media & Technology Group,direct,positive,cache,SPY,,,1,0.0298,-0.0561,-0.0923,0,1,"The biggest problem our Country has is that the Democrats are SOFT ON CRIME! They want to protect the Criminal, violent and vicious as they may be, at the expense of our great American Citizens and Pa",-0.0183,-0.0268,,,0.0149,NA,-0.0287,-0.0286,,,0.0211,NA,-0.0076,-0.0027,,,0.0258,NA,-0.0873,-0.0888,,,0.0333,NA,-0.1251,-0.1137,,,0.0471,NA,-0.2064,-0.1959,,,0.0577,NA,-0.1522,-0.1388,,,0.0683,NA,,NA,,NA
115999448091565515,2026-02-02,DJT,Trump Media & Technology Group,direct,neutral,cache,SPY,,,1,0.0298,-0.0561,-0.0923,0,1,"The Grammy Awards are the WORST, virtually unwatchable! CBS is lucky not to have this garbage litter their airwaves any longer. The host, Trevor Noah, whoever he may be, is almost as bad as Jimmy Kimm",-0.0183,-0.0268,,,0.0149,NEUTRAL,-0.0287,-0.0286,,,0.0211,NEUTRAL,-0.0076,-0.0027,,,0.0258,NEUTRAL,-0.0873,-0.0888,,,0.0333,NEUTRAL,-0.1251,-0.1137,,,0.0471,NEUTRAL,-0.2064,-0.1959,,,0.0577,NEUTRAL,-0.1522,-0.1388,,,0.0683,NEUTRAL,,NEUTRAL,,NEUTRAL
115999513470647838,2026-02-02,DJT,Trump Media & Technology Group,direct,neutral,cache,SPY,,,1,0.0298,-0.0561,-0.0923,0,1,"The Grammy Awards are the WORST, virtually unwatchable! CBS is lucky not to have this garbage litter their airwaves any longer. The host, Trevor Noah, whoever he may be, is almost as bad as Jimmy Kimm",-0.0183,-0.0268,,,0.0149,NEUTRAL,-0.0287,-0.0286,,,0.0211,NEUTRAL,-0.0076,-0.0027,,,0.0258,NEUTRAL,-0.0873,-0.0888,,,0.0333,NEUTRAL,-0.1251,-0.1137,,,0.0471,NEUTRAL,-0.2064,-0.1959,,,0.0577,NEUTRAL,-0.1522,-0.1388,,,0.0683,NEUTRAL,,NEUTRAL,,NEUTRAL
116001521088210593,2026-02-02,DJT,Trump Media & Technology Group,direct,neutral,cache,SPY,,,1,0.0298,-0.0561,-0.0923,0,0,"Two very good guys who were treated so unfairly by Sleepy Joe Biden. But now, they are bigger than ever!!! President DJT",-0.0146,-0.005,,,0.0146,NEUTRAL,0.0069,0.0213,,,0.0206,NEUTRAL,-0.1192,-0.0925,,,0.0252,NEUTRAL,-0.0889,-0.0857,,,0.0326,NEUTRAL,-0.1989,-0.1797,,,0.0461,NEUTRAL,-0.1407,-0.1279,,,0.0564,NEUTRAL,-0.1148,-0.0989,,,0.0668,NEUTRAL,,NEUTRAL,,NEUTRAL
116030041948459285,2026-02-07,DJT,Trump Media & Technology Group,direct,positive,cache,SPY,,,1,0.0384,0.0514,-0.0603,5,1,"We need more competition against THE ENEMY, the Fake News National TV Networks. Letting Good Deals get done like Nexstar - Tegna will help knock out the Fake News because there will be more competitio",0.0009,-0.0057,,,0.0192,NA,-0.0009,-0.0048,,,0.0272,NA,-0.0178,-0.0214,,,0.0333,NA,-0.0249,-0.0137,,,0.0429,NA,-0.1155,-0.1053,,,0.0607,NA,-0.016,-0.0116,,,0.0744,NA,-0.0879,-0.0702,,,0.088,NA,,NA,,NA
116050559055597383,2026-02-11,AAPL,Apple,direct,neutral,cache,SPY QQQ DIA,XLK,MSFT NVDA AMD AVGO,0,0.0157,-0.0034,-0.0072,2,1,Apple News promotes left-leaning media outlets — as it shuts out conservative sites entirely: study: https://nypost.com/2026/02/10/business/apple-news-promotes-left-leaning-media-outlets-as-it-shuts-o,0.0029,0.0087,0.0136,0.019,0.0078,NEUTRAL,-0.0472,-0.0252,-0.0105,-0.0075,0.0111,NEUTRAL,-0.0689,-0.0481,-0.0346,-0.0196,0.0136,NEUTRAL,-0.0377,-0.0223,-0.0128,0.0014,0.0176,NEUTRAL,-0.0017,0.0055,0.0087,0.032,0.0248,NEUTRAL,-0.0443,-0.0254,-0.012,0.0164,0.0304,NEUTRAL,-0.0689,-0.0202,-0.0228,-0.0287,0.036,NEUTRAL,0.019,NEUTRAL,0.0193,NEUTRAL
116052530788677155,2026-02-11,DJT,Trump Media & Technology Group,direct,neutral,cache,SPY,,,1,0.0371,-0.0018,0.0326,2,0,RT: https://truthsocial.com/users/realDonaldTrump/statuses/116052423178074423How quickly people forget. So sad! President DJT,-0.0189,-0.0002,,,0.0185,NEUTRAL,-0.0108,0.0072,,,0.0261,NEUTRAL,-0.1072,-0.0908,,,0.032,NEUTRAL,-0.0477,-0.0337,,,0.0413,NEUTRAL,-0.0126,-0.0055,,,0.0584,NEUTRAL,-0.0324,-0.0138,,,0.0715,NEUTRAL,-0.1171,-0.0711,,,0.0847,NEUTRAL,,NEUTRAL,,NEUTRAL
116052533364619497,2026-02-11,DJT,Trump Media & Technology Group,direct,neutral,cache,SPY,,,1,0.0371,-0.0018,0.0326,2,0,"RT: https://truthsocial.com/users/realDonaldTrump/statuses/116052470064146254…..And now, THE GOLDEN AGE IS HERE!!! President DJT",-0.0189,-0.0002,,,0.0185,NEUTRAL,-0.0108,0.0072,,,0.0261,NEUTRAL,-0.1072,-0.0908,,,0.032,NEUTRAL,-0.0477,-0.0337,,,0.0413,NEUTRAL,-0.0126,-0.0055,,,0.0584,NEUTRAL,-0.0324,-0.0138,,,0.0715,NEUTRAL,-0.1171,-0.0711,,,0.0847,NEUTRAL,,NEUTRAL,,NEUTRAL
116052538984100960,2026-02-11,DJT,Trump Media & Technology Group,direct,positive,cache,SPY,,,1,0.0371,-0.0018,0.0326,2,0,"Just in: GREAT JOBS NUMBERS, FAR GREATER THAN EXPECTED! The United States of America should be paying MUCH LESS on its Borrowings (BONDS!). We are again the strongest Country in the World, and should ",-0.0189,-0.0002,,,0.0185,NA,-0.0108,0.0072,,,0.0261,NA,-0.1072,-0.0908,,,0.032,NA,-0.0477,-0.0337,,,0.0413,NA,-0.0126,-0.0055,,,0.0584,NA,-0.0324,-0.0138,,,0.0715,NA,-0.1171,-0.0711,,,0.0847,NA,,NA,,NA
116069904214662301,2026-02-14,DJT,Trump Media & Technology Group,direct,negative,cache,SPY,,,1,0.037,0.0083,-0.024,5,1,"Sometimes in life you waste time! T.V. Host Bill Maher asked to have dinner with me through one of his friends, also a friend of mine, and I agreed. He came into the famed Oval Office much different t",-0.0958,-0.0998,,,0.0185,NA,-0.0438,-0.0528,,,0.0262,NA,-0.0356,-0.042,,,0.0321,NA,-0.0912,-0.0945,,,0.0414,NA,0.0109,0.0018,,,0.0586,NA,-0.063,-0.0602,,,0.0717,NA,-0.1058,-0.0921,,,0.0849,NA,,NA,,NA
116081952122265348,2026-02-16,DJT,Trump Media & Technology Group,direct,positive,cache,SPY,,,1,0.037,0.0083,-0.024,0,0,"Happy President’s Day! Prices and Inflation are Way Down. The Stock Market, and your 401k’s, are Way Up. Our Military is Strong and Powerful, Our Law Enforcement is GREAT, and Our Border is 100% Secur",-0.0958,-0.0998,,,0.0185,NA,-0.0438,-0.0528,,,0.0262,NA,-0.0356,-0.042,,,0.0321,NA,-0.0912,-0.0945,,,0.0414,NA,0.0109,0.0018,,,0.0586,NA,-0.063,-0.0602,,,0.0717,NA,-0.1058,-0.0921,,,0.0849,NA,,NA,,NA
116087259160100035,2026-02-17,DJT,Trump Media & Technology Group,direct,positive,cache,SPY,,,1,0.037,0.0083,-0.024,1,0,"Tax Refunds this year, because of “THE GREAT BIG BEAUTIFUL BILL,” are substantially greater than ever before. In some cases, estimates are that over 20% will be returned to the Taxpayer. So, when you ",0.0397,0.0364,,,0.0205,NA,0.0486,0.0479,,,0.0291,NA,0.003,-0.0049,,,0.0356,NA,0.0546,0.0497,,,0.0459,NA,0.0556,0.061,,,0.065,NA,0.0188,0.0288,,,0.0796,NA,-0.0942,-0.0612,,,0.0941,NA,,NA,,NA
116089622233377615,2026-02-18,DJT,Trump Media & Technology Group,direct,neutral,cache,SPY,,,1,0.0411,-0.0974,-0.104,2,1,RT: https://truthsocial.com/users/realDonaldTrump/statuses/116089620936035048Crooked Elections cannot be allowed in the U.S.A. President DJT,0.0397,0.0364,,,0.0205,NEUTRAL,0.0486,0.0479,,,0.0291,NEUTRAL,0.003,-0.0049,,,0.0356,NEUTRAL,0.0546,0.0497,,,0.0459,NEUTRAL,0.0556,0.061,,,0.065,NEUTRAL,0.0188,0.0288,,,0.0796,NEUTRAL,-0.0942,-0.0612,,,0.0941,NEUTRAL,,NEUTRAL,,NEUTRAL
116094599626377829,2026-02-19,DJT,Trump Media & Technology Group,direct,positive,cache,SPY,,,1,0.044,0.0575,-0.0376,3,1,"Czech Deputy PM Petr Macinka: Great job in your Debate against Hillary Clinton on various subjects, including her ridiculous views on Gender. Say hello to everybody in your wonderful Country! Presiden",0.0173,0.0164,,,0.022,NA,-0.0269,-0.0351,,,0.0311,NA,-0.0414,-0.0393,,,0.0381,NA,0.0481,0.0345,,,0.0491,NA,0.0539,0.052,,,0.0695,NA,-0.0019,0.0091,,,0.0851,NA,-0.1665,-0.1314,,,0.1007,NA,,NA,,NA
116098568222664684,2026-02-19,DJT,Trump Media & Technology Group,direct,positive,cache,SPY,,,1,0.044,0.0575,-0.0376,3,0,"The Commission of Fine Arts just approved, unanimously, 6 to 0, with one recusal because he had a conflict in that he worked professionally on the job, the White House Ballroom. Great accolades were p",-0.0362,-0.0466,,,0.0219,NA,-0.0505,-0.0506,,,0.0309,NA,0.0133,0.006,,,0.0379,NA,0.0448,0.0346,,,0.0489,NA,0.0238,0.0253,,,0.0692,NA,-0.0524,-0.0286,,,0.0847,NA,-0.1821,-0.1352,,,0.1002,NA,,NA,,NA
116103041948622478,2026-02-20,DJT,Trump Media & Technology Group,direct,neutral,cache,SPY,,,1,0.0437,0.0086,-0.0373,4,1,"The Democrat Shutdown cost the U.S.A. at least two points in GDP. That’s why they are doing it, in mini form, again. No Shutdowns! Also, LOWER INTEREST RATES. “Two Late” Powell is the WORST!!! Preside",-0.0362,-0.0466,,,0.0219,NEUTRAL,-0.0505,-0.0506,,,0.0309,NEUTRAL,0.0133,0.006,,,0.0379,NEUTRAL,0.0448,0.0346,,,0.0489,NEUTRAL,0.0238,0.0253,,,0.0692,NEUTRAL,-0.0524,-0.0286,,,0.0847,NEUTRAL,-0.1821,-0.1352,,,0.1002,NEUTRAL,,NEUTRAL,,NEUTRAL
116106466161291676,2026-02-21,DJT,Trump Media & Technology Group,direct,positive,cache,SPY,,,1,0.0419,-0.0435,0.0202,5,1,"Republicans are so disloyal to themselves! Unite, stick together, and WIN! President DJT",-0.005,0.0029,,,0.021,NA,0.0619,0.0626,,,0.0296,NA,0.0879,0.0802,,,0.0363,NA,0.0699,0.0726,,,0.0469,NA,0.017,0.0394,,,0.0663,NA,-0.021,0.0162,,,0.0812,NA,-0.0959,-0.0513,,,0.0961,NA,,NA,,NA
116109320498109062,2026-02-21,INTC,Intel,direct,positive,cache,SPY QQQ,SMH,NVDA AMD TSM AVGO,0,0.0539,-0.0114,-0.0448,5,1,CIA's historic retraction of intel reports exposes political bias in Obama-Biden spy agencies: https://justthenews.com/government/federal-agencies/historic-cia-retraction-intel-reports-exposes-rot-pol,-0.0104,-0.0022,-0.0088,-0.008,0.027,NEUTRAL,0.046,0.0454,0.0325,0.0167,0.0381,NEUTRAL,0.0633,0.0511,0.0328,0.0242,0.0467,NEUTRAL,0.0345,0.0353,0.0519,0.0482,0.0603,NEUTRAL,-0.0152,0.0017,0.0646,0.0346,0.0852,NEUTRAL,0.0381,0.0673,0.1016,0.0824,0.1044,NEUTRAL,-0.0018,0.0352,0.0519,0.0494,0.1235,NEUTRAL,-0.1788,NEUTRAL,0.0058,UP
116111073840858395,2026-02-21,DJT,Trump Media & Technology Group,direct,neutral,cache,SPY,,,1,0.0419,-0.0435,0.0202,5,1,"Netflix should fire racist, Trump Deranged Susan Rice, IMMEDIATELY, or pay the consequences. She’s got no talent or skills - Purely a political hack! HER POWER IS GONE, AND WILL NEVER BE BACK. How muc",-0.005,0.0029,,,0.021,NEUTRAL,0.0619,0.0626,,,0.0296,NEUTRAL,0.0879,0.0802,,,0.0363,NEUTRAL,0.0699,0.0726,,,0.0469,NEUTRAL,0.017,0.0394,,,0.0663,NEUTRAL,-0.021,0.0162,,,0.0812,NEUTRAL,-0.0959,-0.0513,,,0.0961,NEUTRAL,,NEUTRAL,,NEUTRAL
116111420567451198,2026-02-22,DJT,Trump Media & Technology Group,direct,positive,cache,SPY,,,1,0.0419,-0.0435,0.0202,6,1,"Working with the fantastic Governor of Louisiana, Jeff Landry, we are going to send a great hospital boat to Greenland to take care of the many people who are sick, and not being taken care of there. ",-0.005,0.0029,,,0.021,NA,0.0619,0.0626,,,0.0296,NA,0.0879,0.0802,,,0.0363,NA,0.0699,0.0726,,,0.0469,NA,0.017,0.0394,,,0.0663,NA,-0.021,0.0162,,,0.0812,NA,-0.0959,-0.0513,,,0.0961,NA,,NA,,NA
116115179276189940,2026-02-22,DJT,Trump Media & Technology Group,direct,neutral,cache,SPY,,,1,0.0419,-0.0435,0.0202,6,1,WHAT A GAME!!! President DJT,-0.005,0.0029,,,0.021,NEUTRAL,0.0619,0.0626,,,0.0296,NEUTRAL,0.0879,0.0802,,,0.0363,NEUTRAL,0.0699,0.0726,,,0.0469,NEUTRAL,0.017,0.0394,,,0.0663,NEUTRAL,-0.021,0.0162,,,0.0812,NEUTRAL,-0.0959,-0.0513,,,0.0961,NEUTRAL,,NEUTRAL,,NEUTRAL
116116726447376516,2026-02-22,DJT,Trump Media & Technology Group,direct,neutral,cache,SPY,,,1,0.0419,-0.0435,0.0202,6,1,The most Gold Medals ever won by Team USA at the Olympics! President DJT,-0.005,0.0029,,,0.021,NEUTRAL,0.0619,0.0626,,,0.0296,NEUTRAL,0.0879,0.0802,,,0.0363,NEUTRAL,0.0699,0.0726,,,0.0469,NEUTRAL,0.017,0.0394,,,0.0663,NEUTRAL,-0.021,0.0162,,,0.0812,NEUTRAL,-0.0959,-0.0513,,,0.0961,NEUTRAL,,NEUTRAL,,NEUTRAL
116117644453675365,2026-02-23,DJT,Trump Media & Technology Group,direct,neutral,cache,SPY,,,1,0.0419,-0.0435,0.0202,0,1,"We’re Winning too much, it’s just not fair! President DJT",-0.005,0.0029,,,0.021,NEUTRAL,0.0619,0.0626,,,0.0296,NEUTRAL,0.0879,0.0802,,,0.0363,NEUTRAL,0.0699,0.0726,,,0.0469,NEUTRAL,0.017,0.0394,,,0.0663,NEUTRAL,-0.021,0.0162,,,0.0812,NEUTRAL,-0.0959,-0.0513,,,0.0961,NEUTRAL,,NEUTRAL,,NEUTRAL
116120313423769416,2026-02-23,DJT,Trump Media & Technology Group,direct,positive,cache,SPY,,,1,0.0419,-0.0435,0.0202,0,0,RT: https://truthsocial.com/users/realDonaldTrump/statuses/116120312031080294Byron will be a great governor!!! President DJT,-0.005,0.0029,,,0.021,NA,0.0619,0.0626,,,0.0296,NA,0.0879,0.0802,,,0.0363,NA,0.0699,0.0726,,,0.0469,NA,0.017,0.0394,,,0.0663,NA,-0.021,0.0162,,,0.0812,NA,-0.0959,-0.0513,,,0.0961,NA,,NA,,NA
116120496650075903,2026-02-23,DJT,Trump Media & Technology Group,direct,negative,cache,SPY,,,1,0.0419,-0.0435,0.0202,0,0,"As President, I do not have to go back to Congress to get approval of Tariffs. It has already been gotten, in many forms, a long time ago! They were also just reaffirmed by the ridiculous and poorly c",0.0673,0.0593,,,0.021,NA,0.0934,0.0769,,,0.0296,NA,0.1004,0.0895,,,0.0363,NA,0.1124,0.1059,,,0.0469,NA,0.0311,0.0364,,,0.0663,NA,-0.0201,-0.0012,,,0.0812,NA,-0.119,-0.0795,,,0.0961,NA,,NA,,NA
116123225544591694,2026-02-24,DJT,Trump Media & Technology Group,direct,neutral,cache,SPY,,,1,0.0419,-0.0148,-0.0496,1,1,Wow! Gavin Newscum just dropped out of the Presidential Race!!! President DJT,0.0673,0.0593,,,0.021,NEUTRAL,0.0934,0.0769,,,0.0296,NEUTRAL,0.1004,0.0895,,,0.0363,NEUTRAL,0.1124,0.1059,,,0.0469,NEUTRAL,0.0311,0.0364,,,0.0663,NEUTRAL,-0.0201,-0.0012,,,0.0812,NEUTRAL,-0.119,-0.0795,,,0.0961,NEUTRAL,,NEUTRAL,,NEUTRAL
116142578355684475,2026-02-27,DJT,Trump Media & Technology Group,direct,neutral,cache,SPY,,,1,0.0461,0.0064,0.1004,4,1,"Congrats to Newsmax. Big numbers! President DJT
Newsmax Delivers 4M-Plus Viewers in Breakout State of Union Coverage: https://www.newsmax.com/newsfront/newsmax-tv-rating-sotu/2026/02/26/id/1247600/",-0.0219,-0.0262,,,0.0231,NEUTRAL,0.0119,0.0071,,,0.0326,NEUTRAL,-0.0283,-0.0243,,,0.0399,NEUTRAL,-0.0192,-0.0166,,,0.0516,NEUTRAL,-0.0922,-0.0673,,,0.0729,NEUTRAL,-0.2091,-0.175,,,0.0893,NEUTRAL,-0.2265,-0.1573,,,0.1057,NEUTRAL,,NEUTRAL,,NEUTRAL
116143350148522906,2026-02-27,AAPL,Apple,direct,neutral,cache,SPY QQQ DIA,XLK,MSFT NVDA AMD AVGO,0,0.0194,-0.0047,0.0254,4,0,Trump FTC sends letter to Apple about alleged political bias in its news app: https://www.foxnews.com/media/trump-ftc-sends-letter-apple-over-alleged-political-bias-its-news-app,0.0088,-0.0034,-0.0095,-0.0188,0.0104,NEUTRAL,0.0051,0.002,0.0017,-0.0162,0.0147,NEUTRAL,0.0004,-0.0117,-0.0201,-0.0365,0.018,NEUTRAL,-0.0189,-0.01,-0.0208,-0.0474,0.0233,NEUTRAL,-0.0468,-0.0236,-0.0452,-0.0653,0.0329,NEUTRAL,-0.055,-0.0128,-0.0423,-0.0502,0.0403,NEUTRAL,-0.0601,0.0057,0.0083,-0.0073,0.0477,NEUTRAL,0.0002,NEUTRAL,0.0033,NEUTRAL
116144057341130700,2026-02-27,AAPL,Apple,direct,neutral,cache,SPY QQQ DIA,XLK,MSFT NVDA AMD AVGO,0,0.0194,-0.0047,0.0254,4,0,Apple News Continues Rejection of Right-Leaning Outlets in January: https://mrcfreespeechamerica.org/blogs/free-speech/heather-moon/2026/02/04/apple-news-continues-rejection-right-leaning-outlets,0.0088,-0.0034,-0.0095,-0.0188,0.0104,NEUTRAL,0.0051,0.002,0.0017,-0.0162,0.0147,NEUTRAL,0.0004,-0.0117,-0.0201,-0.0365,0.018,NEUTRAL,-0.0189,-0.01,-0.0208,-0.0474,0.0233,NEUTRAL,-0.0468,-0.0236,-0.0452,-0.0653,0.0329,NEUTRAL,-0.055,-0.0128,-0.0423,-0.0502,0.0403,NEUTRAL,-0.0601,0.0057,0.0083,-0.0073,0.0477,NEUTRAL,-0.0,NEUTRAL,0.0007,NEUTRAL
116144058486971927,2026-02-27,AAPL,Apple,direct,neutral,cache,SPY QQQ DIA,XLK,MSFT NVDA AMD AVGO,0,0.0194,-0.0047,0.0254,4,0,The alleged bias of Apple News: Ex-liberal mag editor tasked to handpick stories for millions of iPhone users: https://www.foxnews.com/media/alleged-bias-apple-news-ex-liberal-mag-editor-tasked-handpi,0.0088,-0.0034,-0.0095,-0.0188,0.0104,NEUTRAL,0.0051,0.002,0.0017,-0.0162,0.0147,NEUTRAL,0.0004,-0.0117,-0.0201,-0.0365,0.018,NEUTRAL,-0.0189,-0.01,-0.0208,-0.0474,0.0233,NEUTRAL,-0.0468,-0.0236,-0.0452,-0.0653,0.0329,NEUTRAL,-0.055,-0.0128,-0.0423,-0.0502,0.0403,NEUTRAL,-0.0601,0.0057,0.0083,-0.0073,0.0477,NEUTRAL,-0.0,NEUTRAL,0.0007,NEUTRAL
116146212954175657,2026-02-28,DJT,Trump Media & Technology Group,direct,neutral,cache,SPY,,,1,0.0462,-0.0228,0.0075,5,1,"Minnesota Autism Payments have gone from $1,099,946 in 2017, to $343,176,474 in 2024, an increase of 34,000% in just a few years. Steve Miller, Russ Vought, Dr. Oz, Pam Bondi - This is a GIANT SCAM. I",0.0831,0.0718,,,0.0231,NEUTRAL,0.0401,0.0377,,,0.0327,NEUTRAL,0.0704,0.0609,,,0.04,NEUTRAL,-0.0049,0.0044,,,0.0516,NEUTRAL,-0.042,-0.0179,,,0.073,NEUTRAL,-0.1613,-0.1195,,,0.0894,NEUTRAL,-0.1476,-0.0813,,,0.1058,NEUTRAL,,NEUTRAL,,NEUTRAL
116165373479209735,2026-03-03,DJT,Trump Media & Technology Group,direct,negative,cache,SPY,,,1,0.0459,0.0345,0.0174,1,1,"Have unlimited mid to upper tier Weaponry - Brutal “stuff.” Wall Street Journal story was wrong, and a disgrace. President DJT
https://www.washingtonpost.com/opinions/2026/03/03/iran-strike-venezuela-",-0.0112,-0.019,,,0.023,NA,0.0177,0.0027,,,0.0325,NA,-0.0019,-0.0111,,,0.0398,NA,-0.0455,-0.0503,,,0.0514,NA,-0.0929,-0.084,,,0.0726,NA,-0.1589,-0.1324,,,0.089,NA,-0.1375,-0.1036,,,0.1053,NA,,NA,,NA
116167706503631003,2026-03-03,DJT,Trump Media & Technology Group,direct,neutral,cache,SPY,,,1,0.0461,-0.0397,-0.0292,1,1,"Zohran has come a long way embracing, of course, the Declaration of Independence while at The Oval Office — Big progress! President DJT",0.0148,0.0097,,,0.023,NEUTRAL,-0.0046,-0.0042,,,0.0326,NEUTRAL,-0.0565,-0.043,,,0.0399,NEUTRAL,-0.0482,-0.0417,,,0.0515,NEUTRAL,-0.0918,-0.0758,,,0.0728,NEUTRAL,-0.1867,-0.1476,,,0.0892,NEUTRAL,-0.1603,-0.1242,,,0.1056,NEUTRAL,,NEUTRAL,,NEUTRAL
116174758696408802,2026-03-05,DJT,Trump Media & Technology Group,direct,positive,cache,SPY,,,1,0.0467,0.0291,0.0224,3,1,RT: https://truthsocial.com/users/realDonaldTrump/statuses/116174757064824630Thank you to our great NATO Secretary General! President DJT,-0.012,-0.0108,,,0.0233,NA,-0.0635,-0.0493,,,0.033,NA,-0.0552,-0.0496,,,0.0404,NA,-0.046,-0.0376,,,0.0522,NA,-0.1601,-0.1298,,,0.0738,NA,-0.1546,-0.1201,,,0.0904,NA,-0.1555,-0.1196,,,0.107,NA,,NA,,NA
116182787199648959,2026-03-06,DJT,Trump Media & Technology Group,direct,neutral,cache,SPY,,,1,0.0464,-0.0192,-0.0307,4,0,Trump slams Bill Maher in Truth Social post as ‘extremely nervous’ with ‘ZERO confidence in himself’: https://nypost.com/2026/02/14/us-news/trump-slams-bill-maher-in-truth-social-post-as-extremely-ner,0.025,0.0071,,,0.0196,NEUTRAL,0.025,0.0088,,,0.0277,NEUTRAL,0.0349,0.02,,,0.034,NEUTRAL,-0.022,-0.0158,,,0.0438,NEUTRAL,-0.1437,-0.1196,,,0.062,NEUTRAL,-0.1547,-0.1088,,,0.0759,NEUTRAL,-0.0818,-0.0738,,,0.0898,NEUTRAL,,NEUTRAL,,NEUTRAL
116184185735585906,2026-03-06,BA,Boeing,direct,neutral,cache,SPY DIA,XLI ITA,CAT GE RTX UNP LMT NOC GD,0,0.0151,-0.0231,-0.0334,4,1,We just concluded a very good meeting with the largest U.S. Defense Manufacturing Companies where we discussed Production and Production Schedules. They have agreed to quadruple Production of the “Exq,-0.0077,-0.0241,-0.0182,-0.0062,0.0089,NEUTRAL,-0.0396,-0.055,-0.0427,-0.0205,0.0126,NEUTRAL,-0.0558,-0.0674,-0.0551,-0.0345,0.0155,NEUTRAL,-0.0744,-0.0665,-0.0399,-0.0393,0.02,NEUTRAL,-0.1395,-0.1126,-0.0824,-0.0745,0.0282,NEUTRAL,-0.1598,-0.1172,-0.0831,-0.0714,0.0346,NEUTRAL,-0.0739,-0.0656,-0.0274,-0.0085,0.0409,NEUTRAL,-0.0,NEUTRAL,-0.0014,NEUTRAL
116184185735585906,2026-03-06,RTX,RTX (Raytheon),direct,neutral,cache,SPY,XLI ITA,BA CAT GE UNP LMT NOC GD,0,0.0177,-0.0238,-0.0391,4,1,We just concluded a very good meeting with the largest U.S. Defense Manufacturing Companies where we discussed Production and Production Schedules. They have agreed to quadruple Production of the “Exq,-0.0167,-0.0345,-0.0271,-0.0152,0.0093,NEUTRAL,-0.0225,-0.0387,-0.0255,-0.0033,0.0131,NEUTRAL,-0.0213,-0.0362,-0.0205,0.0027,0.0161,NEUTRAL,-0.0342,-0.028,0.0003,0.0042,0.0207,NEUTRAL,-0.0642,-0.0401,-0.0071,0.007,0.0293,NEUTRAL,-0.1041,-0.0583,-0.0275,-0.0157,0.0359,NEUTRAL,-0.0654,-0.0573,-0.0189,0.0055,0.0425,NEUTRAL,0.0021,NEUTRAL,-0.0011,NEUTRAL
116184185735585906,2026-03-06,LMT,Lockheed Martin,direct,neutral,cache,SPY,ITA,NOC RTX GD BA,0,0.0167,-0.0143,-0.0321,4,1,We just concluded a very good meeting with the largest U.S. Defense Manufacturing Companies where we discussed Production and Production Schedules. They have agreed to quadruple Production of the “Exq,-0.0169,-0.0347,-0.0212,-0.0047,0.0086,NEUTRAL,-0.0361,-0.0522,-0.0309,-0.0065,0.0122,NEUTRAL,-0.0386,-0.0536,-0.0292,-0.0071,0.0149,NEUTRAL,-0.0438,-0.0376,0.0044,-0.0075,0.0193,NEUTRAL,-0.0713,-0.0472,0.0045,-0.0024,0.0273,NEUTRAL,-0.0884,-0.0426,0.0144,0.0187,0.0334,NEUTRAL,-0.0709,-0.0628,0.0018,-0.0013,0.0396,NEUTRAL,0.0023,NEUTRAL,-0.0013,NEUTRAL
116184185735585906,2026-03-06,NOC,Northrop Grumman,direct,neutral,cache,SPY,ITA,LMT RTX GD BA,0,0.0212,-0.0183,-0.0365,4,1,We just concluded a very good meeting with the largest U.S. Defense Manufacturing Companies where we discussed Production and Production Schedules. They have agreed to quadruple Production of the “Exq,-0.0205,-0.0384,-0.0248,-0.0083,0.0108,NEUTRAL,-0.0367,-0.0529,-0.0316,-0.0075,0.0152,NEUTRAL,-0.0391,-0.054,-0.0296,-0.0078,0.0186,NEUTRAL,-0.0384,-0.0322,0.0098,0.0006,0.0241,NEUTRAL,-0.0735,-0.0494,0.0023,-0.0057,0.034,NEUTRAL,-0.1101,-0.0642,-0.0073,-0.0138,0.0417,NEUTRAL,-0.095,-0.087,-0.0223,-0.0269,0.0493,NEUTRAL,-0.001,NEUTRAL,-0.0039,NEUTRAL
116188629042450259,2026-03-07,DJT,Trump Media & Technology Group,direct,neutral,cache,SPY,,,1,0.0392,-0.0521,-0.0432,5,1,"The United States Senate should focus on, exclusively if necessary, THE SAVE AMERICA ACT!!! It’s what everyone wants!!! President DJT",0.025,0.0071,,,0.0196,NEUTRAL,0.025,0.0088,,,0.0277,NEUTRAL,0.0349,0.02,,,0.034,NEUTRAL,-0.022,-0.0158,,,0.0438,NEUTRAL,-0.1437,-0.1196,,,0.062,NEUTRAL,-0.1547,-0.1088,,,0.0759,NEUTRAL,-0.0818,-0.0738,,,0.0898,NEUTRAL,,NEUTRAL,,NEUTRAL
116191960216926971,2026-03-08,DJT,Trump Media & Technology Group,direct,positive,cache,SPY,,,1,0.0392,-0.0521,-0.0432,6,1,Rich Goldberg was GREAT on Mark Levin tonight. Two guys who really get it! Thank you both. President DJT,0.025,0.0071,,,0.0196,NA,0.025,0.0088,,,0.0277,NA,0.0349,0.02,,,0.034,NA,-0.022,-0.0158,,,0.0438,NA,-0.1437,-0.1196,,,0.062,NA,-0.1547,-0.1088,,,0.0759,NA,-0.0818,-0.0738,,,0.0898,NA,,NA,,NA
116196014942465383,2026-03-08,DJT,Trump Media & Technology Group,direct,positive,cache,SPY,,,1,0.0392,-0.0521,-0.0432,6,1,"Short term oil prices, which will drop rapidly when the destruction of the Iran nuclear threat is over, is a very small price to pay for U.S.A., and World, Safety and Peace. ONLY FOOLS WOULD THINK DIF",0.025,0.0071,,,0.0196,NA,0.025,0.0088,,,0.0277,NA,0.0349,0.02,,,0.034,NA,-0.022,-0.0158,,,0.0438,NA,-0.1437,-0.1196,,,0.062,NA,-0.1547,-0.1088,,,0.0759,NA,-0.0818,-0.0738,,,0.0898,NA,,NA,,NA
116196711651701576,2026-03-09,DJT,Trump Media & Technology Group,direct,neutral,cache,SPY,,,1,0.0392,-0.0521,-0.0432,0,1,"It’s not the Save Act, it’s The Save America Act! A MUCH better, and more important, name!!! President DJT",0.025,0.0071,,,0.0196,NEUTRAL,0.025,0.0088,,,0.0277,NEUTRAL,0.0349,0.02,,,0.034,NEUTRAL,-0.022,-0.0158,,,0.0438,NEUTRAL,-0.1437,-0.1196,,,0.062,NEUTRAL,-0.1547,-0.1088,,,0.0759,NEUTRAL,-0.0818,-0.0738,,,0.0898,NEUTRAL,,NEUTRAL,,NEUTRAL
116208344727934829,2026-03-11,DJT,Trump Media & Technology Group,direct,neutral,cache,SPY,,,1,0.0372,0.0,-0.0438,2,1,THE SAVE AMERICA ACT is by far the most popular Bill of its kind ever put before Congress! President DJT,0.0097,0.0116,,,0.0186,NEUTRAL,-0.0321,-0.0151,,,0.0263,NEUTRAL,-0.0458,-0.0232,,,0.0323,NEUTRAL,-0.0458,-0.0357,,,0.0416,NEUTRAL,-0.1456,-0.1122,,,0.0589,NEUTRAL,-0.0964,-0.0588,,,0.0721,NEUTRAL,-0.0983,-0.1045,,,0.0853,NEUTRAL,,NEUTRAL,,NEUTRAL
116208498011933842,2026-03-11,DJT,Trump Media & Technology Group,direct,positive,cache,SPY,,,1,0.0372,0.0,-0.0438,2,1,"Congratulations to Clay Fuller, of Georgia’s 14th Congressional District, on getting such a high percentage of the vote with 12 Republicans running. We want to make the next vote “TOO BIG TO RIG.” Cla",0.0097,0.0116,,,0.0186,NA,-0.0321,-0.0151,,,0.0263,NA,-0.0458,-0.0232,,,0.0323,NA,-0.0458,-0.0357,,,0.0416,NA,-0.1456,-0.1122,,,0.0589,NA,-0.0964,-0.0588,,,0.0721,NA,-0.0983,-0.1045,,,0.0853,NA,,NA,,NA
116210278812822198,2026-03-11,DJT,Trump Media & Technology Group,direct,positive,cache,SPY,,,1,0.0372,0.0,-0.0438,2,1,Clay Fuller is going to be a fantastic Congressman in representing the Great State of Georgia. Now we have to be careful and finish it off. MAKE AMERICA GREAT AGAIN!!! President DJT,0.0097,0.0116,,,0.0186,NA,-0.0321,-0.0151,,,0.0263,NA,-0.0458,-0.0232,,,0.0323,NA,-0.0458,-0.0357,,,0.0416,NA,-0.1456,-0.1122,,,0.0589,NA,-0.0964,-0.0588,,,0.0721,NA,-0.0983,-0.1045,,,0.0853,NA,,NA,,NA
116210369394250268,2026-03-11,DJT,Trump Media & Technology Group,direct,positive,cache,SPY,,,1,0.0372,0.0,-0.0438,2,1,"I predict that “Representative”Thomas Massie will go down as the WORST Republican Congressman in the long and fabled history of the United States Congress, even worse than Crazy Liz Chaney, Cryin’ Ada",0.0097,0.0116,,,0.0186,NA,-0.0321,-0.0151,,,0.0263,NA,-0.0458,-0.0232,,,0.0323,NA,-0.0458,-0.0357,,,0.0416,NA,-0.1456,-0.1122,,,0.0589,NA,-0.0964,-0.0588,,,0.0721,NA,-0.0983,-0.1045,,,0.0853,NA,,NA,,NA
116213176186506012,2026-03-11,DJT,Trump Media & Technology Group,direct,neutral,cache,SPY,,,1,0.0374,0.0097,0.0187,2,1,"Gavin Newscum’s interview weeks ago was, perhaps, the most self destructive interview I’ve ever seen. In one fell swoop, he took himself out of even being considered as the Presidential Nominee of the",-0.0255,-0.0179,,,0.0187,NEUTRAL,-0.0392,-0.026,,,0.0264,NEUTRAL,-0.0431,-0.04,,,0.0324,NEUTRAL,-0.1049,-0.0904,,,0.0418,NEUTRAL,-0.099,-0.0803,,,0.0591,NEUTRAL,-0.1118,-0.0907,,,0.0724,NEUTRAL,-0.0794,-0.0945,,,0.0856,NEUTRAL,,NEUTRAL,,NEUTRAL
116223767250350057,2026-03-13,DJT,Trump Media & Technology Group,direct,neutral,cache,SPY,,,1,0.0382,-0.0141,-0.0458,4,1,"Maggot Hagerman, just another SLEAZEBAG writer for The Failing New York Times, insists on writing false stories about me, even though she fully knows and understands that the exact opposite of anythin",-0.0196,-0.0206,,,0.0191,NEUTRAL,-0.0156,-0.0192,,,0.027,NEUTRAL,-0.0829,-0.0725,,,0.0331,NEUTRAL,-0.1381,-0.1111,,,0.0427,NEUTRAL,-0.1492,-0.1005,,,0.0603,NEUTRAL,-0.0578,-0.0463,,,0.0739,NEUTRAL,-0.0005,-0.0424,,,0.0875,NEUTRAL,,NEUTRAL,,NEUTRAL
116224179318558161,2026-03-13,DJT,Trump Media & Technology Group,direct,positive,cache,SPY,,,1,0.0382,-0.0141,-0.0458,4,1,"After meeting with Governor Gretchen Whitmer, and hearing from our GREAT Republican Candidate for the United States Senate, Mike Rogers, I approved $100 Million Dollars in Public Assistance to support",-0.0196,-0.0206,,,0.0191,NA,-0.0156,-0.0192,,,0.027,NA,-0.0829,-0.0725,,,0.0331,NA,-0.1381,-0.1111,,,0.0427,NA,-0.1492,-0.1005,,,0.0603,NA,-0.0578,-0.0463,,,0.0739,NA,-0.0005,-0.0424,,,0.0875,NA,,NA,,NA
116225502010036899,2026-03-14,DJT,Trump Media & Technology Group,direct,positive,cache,SPY,,,1,0.0382,-0.0141,-0.0458,5,1,"The Fake News Media hates to report how well the United States Military has done against Iran, which is totally defeated and wants a deal - But not a deal that I would accept! Thank you for your atten",-0.0196,-0.0206,,,0.0191,NA,-0.0156,-0.0192,,,0.027,NA,-0.0829,-0.0725,,,0.0331,NA,-0.1381,-0.1111,,,0.0427,NA,-0.1492,-0.1005,,,0.0603,NA,-0.0578,-0.0463,,,0.0739,NA,-0.0005,-0.0424,,,0.0875,NA,,NA,,NA
116227449614232103,2026-03-14,DJT,Trump Media & Technology Group,direct,positive,cache,SPY,,,1,0.0382,-0.0141,-0.0458,5,1,Thank you to Johnny Jones and all of our GREAT TSA Agents who are going to work but not being paid because the Radical Left Democrats refuse to honor the deal that was approved and voted on in Congres,-0.0196,-0.0206,,,0.0191,NA,-0.0156,-0.0192,,,0.027,NA,-0.0829,-0.0725,,,0.0331,NA,-0.1381,-0.1111,,,0.0427,NA,-0.1492,-0.1005,,,0.0603,NA,-0.0578,-0.0463,,,0.0739,NA,-0.0005,-0.0424,,,0.0875,NA,,NA,,NA
116238700372346046,2026-03-16,DJT,Trump Media & Technology Group,direct,positive,cache,SPY,,,1,0.0382,-0.0141,-0.0458,0,1,"Michael Whatley is so Great! Running against a really bad former Governor who set murderers free to kill again, and was grossly incompetent on the big hurricane cleanup. I had to get it done when I to",-0.0196,-0.0206,,,0.0191,NA,-0.0156,-0.0192,,,0.027,NA,-0.0829,-0.0725,,,0.0331,NA,-0.1381,-0.1111,,,0.0427,NA,-0.1492,-0.1005,,,0.0603,NA,-0.0578,-0.0463,,,0.0739,NA,-0.0005,-0.0424,,,0.0875,NA,,NA,,NA
116239040439932874,2026-03-16,DJT,Trump Media & Technology Group,direct,positive,cache,SPY,,,1,0.0382,-0.0141,-0.0458,0,1,"The crazed Democrats are not allowing TSA Agents to get paid. The deal was made a long time ago. They broke it in order to get money for Sanctuary Cities and illegal aliens, many of them hardened crim",-0.0196,-0.0206,,,0.0191,NA,-0.0156,-0.0192,,,0.027,NA,-0.0829,-0.0725,,,0.0331,NA,-0.1381,-0.1111,,,0.0427,NA,-0.1492,-0.1005,,,0.0603,NA,-0.0578,-0.0463,,,0.0739,NA,-0.0005,-0.0424,,,0.0875,NA,,NA,,NA
116241961295404159,2026-03-17,DJT,Trump Media & Technology Group,direct,positive,cache,SPY,,,1,0.0381,-0.0041,-0.0588,1,1,"“Hang Out with Sean Hannity” is a GREAT New Podcast, Streaming Now!!! Sean is a fantastic guy, and has been right from my political beginnings! President DJT",0.0,0.0024,,,0.019,NA,-0.0684,-0.0521,,,0.0269,NA,-0.1163,-0.0976,,,0.033,NA,-0.0765,-0.0539,,,0.0425,NA,-0.1102,-0.0527,,,0.0602,NA,-0.0612,-0.0443,,,0.0737,NA,0.0408,-0.003,,,0.0872,NA,,NA,,NA
116247928951810982,2026-03-18,DJT,Trump Media & Technology Group,direct,neutral,cache,SPY,,,1,0.0316,0.0041,-0.0141,2,1,STATEHOOD!!! President DJT,-0.0612,-0.0508,,,0.0158,NEUTRAL,-0.1095,-0.0967,,,0.0224,NEUTRAL,-0.1177,-0.0908,,,0.0274,NEUTRAL,-0.0977,-0.0776,,,0.0354,NEUTRAL,-0.0458,-0.0215,,,0.05,NEUTRAL,-0.0159,-0.0301,,,0.0613,NEUTRAL,0.0129,-0.0398,,,0.0725,NEUTRAL,,NEUTRAL,,NEUTRAL
116249447962443816,2026-03-18,INTC,Intel,direct,neutral,cache,SPY QQQ,SMH,NVDA AMD TSM AVGO,0,0.0339,-0.0372,-0.0263,2,1,"Britain had meltdown when China hacked voter files, but U.S. intel kept it secret in America: https://justthenews.com/government/security/us-intel-has-known-2020-china-gained-access-us-voter-files-mem",0.0188,0.0294,0.0271,0.0315,0.017,NEUTRAL,0.0448,0.0582,0.0499,0.0558,0.024,NEUTRAL,-0.0075,0.0222,0.0233,0.0319,0.0294,NEUTRAL,-0.0032,0.0208,0.0028,0.0028,0.0379,NEUTRAL,-0.0016,0.0302,0.0326,0.0258,0.0536,NEUTRAL,0.3337,0.3221,0.2683,0.2563,0.0657,NEUTRAL,0.5498,0.4904,0.4041,0.3832,0.0777,NEUTRAL,0.0554,NEUTRAL,0.0097,NEUTRAL
116249915914904632,2026-03-18,DJT,Trump Media & Technology Group,direct,neutral,cache,SPY,,,1,0.0316,0.0041,-0.0141,2,1,"I wonder what would happen if we “finished off” what’s left of the Iranian Terror State, and let the Countries that use it, we don’t, be responsible for the so called “Straight?” That would get some o",-0.0612,-0.0508,,,0.0158,NEUTRAL,-0.1095,-0.0967,,,0.0224,NEUTRAL,-0.1177,-0.0908,,,0.0274,NEUTRAL,-0.0977,-0.0776,,,0.0354,NEUTRAL,-0.0458,-0.0215,,,0.05,NEUTRAL,-0.0159,-0.0301,,,0.0613,NEUTRAL,0.0129,-0.0398,,,0.0725,NEUTRAL,,NEUTRAL,,NEUTRAL
116250115423447200,2026-03-18,DJT,Trump Media & Technology Group,direct,neutral,cache,SPY,,,1,0.0316,0.0041,-0.0141,2,1,When is “Too Late” Powell lowering INTEREST RATES? President DJT,-0.0612,-0.0508,,,0.0158,NEUTRAL,-0.1095,-0.0967,,,0.0224,NEUTRAL,-0.1177,-0.0908,,,0.0274,NEUTRAL,-0.0977,-0.0776,,,0.0354,NEUTRAL,-0.0458,-0.0215,,,0.05,NEUTRAL,-0.0159,-0.0301,,,0.0613,NEUTRAL,0.0129,-0.0398,,,0.0725,NEUTRAL,,NEUTRAL,,NEUTRAL
116250203405172359,2026-03-18,DJT,Trump Media & Technology Group,direct,neutral,cache,SPY,,,1,0.0316,0.0041,-0.0141,2,1,"I wonder what would happen if we “finished off” what’s left of the Iranian Terror State, and let the Countries that use it, we don’t, be responsible for the so called “Strait?” That would get some of ",-0.0612,-0.0508,,,0.0158,NEUTRAL,-0.1095,-0.0967,,,0.0224,NEUTRAL,-0.1177,-0.0908,,,0.0274,NEUTRAL,-0.0977,-0.0776,,,0.0354,NEUTRAL,-0.0458,-0.0215,,,0.05,NEUTRAL,-0.0159,-0.0301,,,0.0613,NEUTRAL,0.0129,-0.0398,,,0.0725,NEUTRAL,,NEUTRAL,,NEUTRAL
116257826369374629,2026-03-19,JPM,JPMorgan Chase,direct,neutral,cache,SPY DIA,XLF,BAC WFC GS MS,0,0.0135,0.0008,0.0063,3,1,You Should Be Terrified by What JPMorgan Did to Trump: https://townhall.com/columnists/douglasmackinnon/2026/02/23/you-should-be-terrorized-by-what-jp-morgan-did-to-trump-n2671705,-0.0053,0.0039,-0.0077,-0.0172,0.0068,NEUTRAL,0.0064,0.0037,-0.0052,-0.021,0.0096,NEUTRAL,0.015,0.0149,0.0033,-0.0238,0.0117,NEUTRAL,0.0124,0.0205,0.0054,-0.0147,0.0151,NEUTRAL,0.0226,0.0163,0.0058,-0.0287,0.0214,NEUTRAL,0.0811,0.0413,0.0388,-0.0386,0.0262,NEUTRAL,0.106,0.0272,0.0255,-0.0498,0.031,NEUTRAL,-0.001,NEUTRAL,-0.004,NEUTRAL
116261712648536578,2026-03-20,DJT,Trump Media & Technology Group,direct,neutral,cache,SPY,,,1,0.0333,-0.0515,-0.1127,4,1,"CONGRESS, PASS THE FARM BILL, NOW! President DJT",-0.0012,0.0109,,,0.0167,NEUTRAL,0.0536,0.0553,,,0.0236,NEUTRAL,0.0215,0.0266,,,0.0289,NEUTRAL,0.0,0.0174,,,0.0373,NEUTRAL,0.0687,0.0697,,,0.0527,NEUTRAL,0.0931,0.0582,,,0.0645,NEUTRAL,0.1874,0.1079,,,0.0763,NEUTRAL,,NEUTRAL,,NEUTRAL
116261732231179804,2026-03-20,DJT,Trump Media & Technology Group,direct,neutral,cache,SPY,,,1,0.0333,-0.0515,-0.1127,4,1,"THE SAVE AMERICA ACT MUST BE PASSED BY THE SENATE. THERE IS NOTHING THAT IS MORE IMPORTANT FOR THE U.S.A. Voter I.D., Proof of Citizenship, etc. Get it done and watch all of the good things that will ",-0.0012,0.0109,,,0.0167,NEUTRAL,0.0536,0.0553,,,0.0236,NEUTRAL,0.0215,0.0266,,,0.0289,NEUTRAL,0.0,0.0174,,,0.0373,NEUTRAL,0.0687,0.0697,,,0.0527,NEUTRAL,0.0931,0.0582,,,0.0645,NEUTRAL,0.1874,0.1079,,,0.0763,NEUTRAL,,NEUTRAL,,NEUTRAL
116261847910261480,2026-03-20,DJT,Trump Media & Technology Group,direct,negative,cache,SPY,,,1,0.0333,-0.0515,-0.1127,4,0,"I met with Hope Scheppelman and her husband Steven, of the Radical Left State of Colorado, to discuss various opportunities to serve our Country in a different capacity than her current run for the Un",0.056,0.0601,,,0.0162,NA,0.0239,0.0314,,,0.0229,NA,0.0723,0.0742,,,0.028,NA,-0.0117,0.0248,,,0.0362,NA,0.0945,0.0932,,,0.0512,NA,0.1202,0.0776,,,0.0627,NA,0.1459,0.0759,,,0.0742,NA,,NA,,NA
116263751750331124,2026-03-20,DJT,Trump Media & Technology Group,direct,positive,cache,SPY,,,1,0.0324,-0.0092,-0.1245,4,1,"The Great State of Colorado, and a pathetic RINO District Attorney, together with the Radical Left Governor, gave a wonderful woman named Tina Peters, a 73-year-old Gold Star Mom, who has cancer, nine",0.056,0.0601,,,0.0162,NA,0.0239,0.0314,,,0.0229,NA,0.0723,0.0742,,,0.028,NA,-0.0117,0.0248,,,0.0362,NA,0.0945,0.0932,,,0.0512,NA,0.1202,0.0776,,,0.0627,NA,0.1459,0.0759,,,0.0742,NA,,NA,,NA
116269555618597105,2026-03-21,DJT,Trump Media & Technology Group,direct,positive,cache,SPY,,,1,0.0324,-0.0092,-0.1245,5,1,"The United States has blown Iran off of the map, and yet their lightweight analyst, David Sanger, says that I haven’t met my own goals. Yes I have, and weeks ahead of schedule! Their leadership is gon",0.056,0.0601,,,0.0162,NA,0.0239,0.0314,,,0.0229,NA,0.0723,0.0742,,,0.028,NA,-0.0117,0.0248,,,0.0362,NA,0.0945,0.0932,,,0.0512,NA,0.1202,0.0776,,,0.0627,NA,0.1459,0.0759,,,0.0742,NA,,NA,,NA
116270371600659894,2026-03-22,DJT,Trump Media & Technology Group,direct,neutral,cache,SPY,,,1,0.0324,-0.0092,-0.1245,6,1,"Tina Peters, a 73-year-old woman with cancer, was given a nine year jail sentence in Colorado because she caught the Democrats CHEATING on the Presidential Election of 2020. FREE TINA! President DJT",0.056,0.0601,,,0.0162,NEUTRAL,0.0239,0.0314,,,0.0229,NEUTRAL,0.0723,0.0742,,,0.028,NEUTRAL,-0.0117,0.0248,,,0.0362,NEUTRAL,0.0945,0.0932,,,0.0512,NEUTRAL,0.1202,0.0776,,,0.0627,NEUTRAL,0.1459,0.0759,,,0.0742,NEUTRAL,,NEUTRAL,,NEUTRAL
116272713025328785,2026-03-22,DJT,Trump Media & Technology Group,direct,positive,cache,SPY,,,1,0.0324,-0.0092,-0.1245,6,1,"On Monday, ICE will be going to airports to help our wonderful TSA Agents who have stayed on the job despite the fact that the Radical Left Democrats, who are only focused on protecting hard line crim",0.056,0.0601,,,0.0162,NA,0.0239,0.0314,,,0.0229,NA,0.0723,0.0742,,,0.028,NA,-0.0117,0.0248,,,0.0362,NA,0.0945,0.0932,,,0.0512,NA,0.1202,0.0776,,,0.0627,NA,0.1459,0.0759,,,0.0742,NA,,NA,,NA
116272810363139207,2026-03-22,DJT,Trump Media & Technology Group,direct,neutral,cache,SPY,,,1,0.0324,-0.0092,-0.1245,6,1,"Now with the death of Iran, the greatest enemy America has is the Radical Left, Highly Incompetent, Democrat Party! Thank you for your attention to this matter. President DJT",0.056,0.0601,,,0.0162,NEUTRAL,0.0239,0.0314,,,0.0229,NEUTRAL,0.0723,0.0742,,,0.028,NEUTRAL,-0.0117,0.0248,,,0.0362,NEUTRAL,0.0945,0.0932,,,0.0512,NEUTRAL,0.1202,0.0776,,,0.0627,NEUTRAL,0.1459,0.0759,,,0.0742,NEUTRAL,,NEUTRAL,,NEUTRAL
116273344803042793,2026-03-22,DJT,Trump Media & Technology Group,direct,neutral,cache,SPY,,,1,0.0324,-0.0092,-0.1245,6,1,"Schumer got “discombobulated” in the Senate yesterday, and said, “WE MUST FUND ICE,” prior to correcting himself. Thank you Chuck, I agree! President DJT",0.056,0.0601,,,0.0162,NEUTRAL,0.0239,0.0314,,,0.0229,NEUTRAL,0.0723,0.0742,,,0.028,NEUTRAL,-0.0117,0.0248,,,0.0362,NEUTRAL,0.0945,0.0932,,,0.0512,NEUTRAL,0.1202,0.0776,,,0.0627,NEUTRAL,0.1459,0.0759,,,0.0742,NEUTRAL,,NEUTRAL,,NEUTRAL
116275668825285445,2026-03-23,DJT,Trump Media & Technology Group,direct,positive,cache,SPY,,,1,0.0324,-0.0092,-0.1245,0,1,"I don’t think we should make any deal with the Crazy, Country Destroying, Radical Left Democrats unless, and until, they Vote with Republicans to pass “THE SAVE AMERICA ACT.” It is far more important ",0.056,0.0601,,,0.0162,NA,0.0239,0.0314,,,0.0229,NA,0.0723,0.0742,,,0.028,NA,-0.0117,0.0248,,,0.0362,NA,0.0945,0.0932,,,0.0512,NA,0.1202,0.0776,,,0.0627,NA,0.1459,0.0759,,,0.0742,NA,,NA,,NA
116278600245530358,2026-03-23,DJT,Trump Media & Technology Group,direct,positive,cache,SPY,,,1,0.0324,-0.0092,-0.1245,0,1,"I am a BIG proponent of ICE wearing masks as they search for, and are forced to deal with, hardened criminals, many of whom were let into our Country by Sleepy Joe Biden and his wonderful ""Border Czar",0.056,0.0601,,,0.0162,NA,0.0239,0.0314,,,0.0229,NA,0.0723,0.0742,,,0.028,NA,-0.0117,0.0248,,,0.0362,NA,0.0945,0.0932,,,0.0512,NA,0.1202,0.0776,,,0.0627,NA,0.1459,0.0759,,,0.0742,NA,,NA,,NA
116290465114134220,2026-03-25,DJT,Trump Media & Technology Group,direct,positive,cache,SPY,,,1,0.0314,-0.0304,0.0133,2,0,Blame the Democrats for the Airport's mess. They want our Country to do badly. They want our Country to fail. They broke the already signed Bill because they want to take care of Criminals who enter o,-0.037,-0.0263,,,0.0165,NA,-0.0504,-0.0229,,,0.0233,NA,-0.0224,0.0084,,,0.0285,NA,0.0157,0.0108,,,0.0368,NA,0.0381,-0.0046,,,0.0521,NA,0.1043,0.0282,,,0.0638,NA,0.0482,-0.0467,,,0.0755,NA,,NA,,NA
116290505546059162,2026-03-25,DJT,Trump Media & Technology Group,direct,positive,cache,SPY,,,1,0.0314,-0.0304,0.0133,2,0,"The Democrats don't want to make any deal unless Amnesty and Citizenship is given to millions of Criminals who have entered our Country illegally, many of whom have been convicted of serious crimes. P",-0.037,-0.0263,,,0.0165,NA,-0.0504,-0.0229,,,0.0233,NA,-0.0224,0.0084,,,0.0285,NA,0.0157,0.0108,,,0.0368,NA,0.0381,-0.0046,,,0.0521,NA,0.1043,0.0282,,,0.0638,NA,0.0482,-0.0467,,,0.0755,NA,,NA,,NA
116295045718240014,2026-03-26,DJT,Trump Media & Technology Group,direct,positive,cache,SPY,,,1,0.0329,0.0473,0.0711,3,1,"The Iranian negotiators are very different and “strange.” They are “begging” us to make a deal, which they should be doing since they have been militarily obliterated, with zero chance of a comeback, ",-0.037,-0.0263,,,0.0165,NA,-0.0504,-0.0229,,,0.0233,NA,-0.0224,0.0084,,,0.0285,NA,0.0157,0.0108,,,0.0368,NA,0.0381,-0.0046,,,0.0521,NA,0.1043,0.0282,,,0.0638,NA,0.0482,-0.0467,,,0.0755,NA,,NA,,NA
116295094711655881,2026-03-26,DJT,Trump Media & Technology Group,direct,neutral,cache,SPY,,,1,0.0329,0.0473,0.0711,3,1,"When is “enough, enough” for our Republican Senators. There comes a time when you must do what should have been done a long time ago, and something which the Lunatic Democrats will do on day one, if t",-0.037,-0.0263,,,0.0165,NEUTRAL,-0.0504,-0.0229,,,0.0233,NEUTRAL,-0.0224,0.0084,,,0.0285,NEUTRAL,0.0157,0.0108,,,0.0368,NEUTRAL,0.0381,-0.0046,,,0.0521,NEUTRAL,0.1043,0.0282,,,0.0638,NEUTRAL,0.0482,-0.0467,,,0.0755,NEUTRAL,,NEUTRAL,,NEUTRAL
116302505060458396,2026-03-27,DJT,Trump Media & Technology Group,direct,positive,cache,SPY,,,1,0.035,-0.0653,-0.0508,4,0,Going to make a big speech on economics in Miami. Our Military Operation in Iran is going GREAT! President DJT,0.0259,0.0386,,,0.0175,NA,0.0918,0.0758,,,0.0247,NA,0.0659,0.0422,,,0.0303,NA,0.1035,0.0741,,,0.0391,NA,0.1294,0.0576,,,0.0552,NA,0.2,0.0928,,,0.0677,NA,0.0776,-0.0342,,,0.0801,NA,,NA,,NA
116308992209421747,2026-03-28,DJT,Trump Media & Technology Group,direct,neutral,cache,SPY,,,1,0.0349,-0.014,-0.0348,5,1,"Watch Mark Levin interview of Brilliant Marc Thiessen tonight at 8:00 P.M., on FoxNews. Will discuss the importance of hitting Iran, HARD!!! President DJT",0.0259,0.0386,,,0.0175,NEUTRAL,0.0918,0.0758,,,0.0247,NEUTRAL,0.0659,0.0422,,,0.0303,NEUTRAL,0.1035,0.0741,,,0.0391,NEUTRAL,0.1294,0.0576,,,0.0552,NEUTRAL,0.2,0.0928,,,0.0677,NEUTRAL,0.0776,-0.0342,,,0.0801,NEUTRAL,,NEUTRAL,,NEUTRAL
116315768155415029,2026-03-30,DJT,Trump Media & Technology Group,direct,positive,cache,SPY,,,1,0.0349,-0.014,-0.0348,0,1,"Big day in Iran. Many long sought after targets have been taken out and destroyed by our GREAT MILITARY, the finest and most lethal in the World. God bless you all! President DJT",0.0259,0.0386,,,0.0175,NA,0.0918,0.0758,,,0.0247,NA,0.0659,0.0422,,,0.0303,NA,0.1035,0.0741,,,0.0391,NA,0.1294,0.0576,,,0.0552,NA,0.2,0.0928,,,0.0677,NA,0.0776,-0.0342,,,0.0801,NA,,NA,,NA
116323481956698353,2026-03-31,DJT,Trump Media & Technology Group,direct,neutral,cache,SPY,,,1,0.0346,0.0295,-0.0511,1,1,"All of those countries that can’t get jet fuel because of the Strait of Hormuz, like the United Kingdom, which refused to get involved in the decapitation of Iran, I have a suggestion for you: Number ",0.045,0.0272,,,0.0173,NEUTRAL,0.0203,-0.0052,,,0.0245,NEUTRAL,0.0338,0.0073,,,0.03,NEUTRAL,0.036,0.0043,,,0.0387,NEUTRAL,0.1205,0.0336,,,0.0548,NEUTRAL,0.1059,0.0039,,,0.0671,NEUTRAL,0.0327,-0.081,,,0.0793,NEUTRAL,,NEUTRAL,,NEUTRAL
116323516183718262,2026-03-31,DJT,Trump Media & Technology Group,direct,neutral,cache,SPY,,,1,0.0346,0.0295,-0.0511,1,1,"The Country of France wouldn’t let planes headed to Israel, loaded up with military supplies, fly over French territory. France has been VERY UNHELPFUL with respect to the “Butcher of Iran,” who has b",0.045,0.0272,,,0.0173,NEUTRAL,0.0203,-0.0052,,,0.0245,NEUTRAL,0.0338,0.0073,,,0.03,NEUTRAL,0.036,0.0043,,,0.0387,NEUTRAL,0.1205,0.0336,,,0.0548,NEUTRAL,0.1059,0.0039,,,0.0671,NEUTRAL,0.0327,-0.081,,,0.0793,NEUTRAL,,NEUTRAL,,NEUTRAL
116329512466946656,2026-04-01,DJT,Trump Media & Technology Group,direct,neutral,cache,SPY,,,1,0.0376,0.0642,0.0803,2,1,"Iran’s New Regime President, much less Radicalized and far more intelligent than his predecessors, has just asked the United States of America for a CEASEFIRE! We will consider when Hormuz Strait is o",-0.0351,-0.0372,,,0.0188,NEUTRAL,-0.0224,-0.0253,,,0.0266,NEUTRAL,-0.0011,-0.0088,,,0.0326,NEUTRAL,0.0192,-0.0146,,,0.0421,NEUTRAL,0.0863,0.0159,,,0.0595,NEUTRAL,0.0096,-0.0781,,,0.0729,NEUTRAL,-0.0256,-0.1246,,,0.0862,NEUTRAL,,NEUTRAL,,NEUTRAL
116334990675013056,2026-04-02,DJT,Trump Media & Technology Group,direct,neutral,cache,SPY,,,1,0.0369,-0.0237,0.0697,3,1,"Bad, and very boring singer, Bruce Springsteen, who looks like a dried up prune who has suffered greatly from the work of a really bad plastic surgeon, has long had a horrible and incurable case of Tr",0.0408,0.0263,,,0.0185,NEUTRAL,0.0635,0.0441,,,0.0261,NEUTRAL,0.0431,0.0233,,,0.032,NEUTRAL,0.0499,-0.0019,,,0.0413,NEUTRAL,0.1168,0.0313,,,0.0584,NEUTRAL,0.0397,-0.0563,,,0.0715,NEUTRAL,0.0646,-0.0502,,,0.0846,NEUTRAL,,NEUTRAL,,NEUTRAL
116344192713238962,2026-04-04,DJT,Trump Media & Technology Group,direct,neutral,cache,SPY,,,1,0.0371,0.0132,0.0528,5,1,"Third rate news “anchor” Jonathan Karl of ABC Fake News, the worst and most corrupt Network in the business, wrote another made up book about me where his stories and “reporting” bare no relationship ",0.0075,0.0028,,,0.0186,NEUTRAL,-0.0118,-0.0169,,,0.0263,NEUTRAL,0.0279,-0.0028,,,0.0322,NEUTRAL,0.0086,-0.0274,,,0.0415,NEUTRAL,0.102,0.0193,,,0.0587,NEUTRAL,0.0043,-0.0843,,,0.0719,NEUTRAL,-0.0118,-0.1066,,,0.0851,NEUTRAL,,NEUTRAL,,NEUTRAL
116346654846871260,2026-04-04,DJT,Trump Media & Technology Group,direct,positive,cache,SPY,,,1,0.0371,0.0132,0.0528,5,1,"The Failing New York Times, whose lack of credibility, and their constant Fake News attacks on your favorite President, ME, has caused its circulation to absolutely PLUMMET, referred to our severely w",0.0075,0.0028,,,0.0186,NA,-0.0118,-0.0169,,,0.0263,NA,0.0279,-0.0028,,,0.0322,NA,0.0086,-0.0274,,,0.0415,NA,0.102,0.0193,,,0.0587,NA,0.0043,-0.0843,,,0.0719,NA,-0.0118,-0.1066,,,0.0851,NA,,NA,,NA
116357443851465857,2026-04-06,DJT,Trump Media & Technology Group,direct,neutral,cache,SPY,,,1,0.0371,0.0132,0.0528,0,1,RT: https://truthsocial.com/users/realDonaldTrump/statuses/116357442556060490Great going Freedom Caucus. Proud of you!!! President DJT,0.0075,0.0028,,,0.0186,NEUTRAL,-0.0118,-0.0169,,,0.0263,NEUTRAL,0.0279,-0.0028,,,0.0322,NEUTRAL,0.0086,-0.0274,,,0.0415,NEUTRAL,0.102,0.0193,,,0.0587,NEUTRAL,0.0043,-0.0843,,,0.0719,NEUTRAL,-0.0118,-0.1066,,,0.0851,NEUTRAL,,NEUTRAL,,NEUTRAL
116360927697862375,2026-04-07,DJT,Trump Media & Technology Group,direct,positive,cache,SPY,,,1,0.0361,0.0218,0.0108,1,1,"Tell Shannon Bream of FoxNews that it’s not the Save Act, it’s the Save America Act, a big difference! Also, when she insists on having lightweight Democrat Congressmen, such as Jake Auchincloss, on h",-0.0054,-0.0093,,,0.0181,NA,0.0346,0.0051,,,0.0256,NA,0.0011,-0.0343,,,0.0313,NA,0.0378,-0.007,,,0.0404,NA,0.1027,0.0234,,,0.0571,NA,0.0757,-0.0134,,,0.07,NA,-0.0054,-0.1076,,,0.0828,NA,,NA,,NA
116360947194550238,2026-04-07,DJT,Trump Media & Technology Group,direct,positive,cache,SPY,,,1,0.0361,0.0218,0.0108,1,1,"I will be speaking tonight, LIVE, with the great (and brave!) astronauts on Artemis II, LIVE, at 10:00 P.M. Enjoy!!! President DJT",-0.0054,-0.0093,,,0.0181,NA,0.0346,0.0051,,,0.0256,NA,0.0011,-0.0343,,,0.0313,NA,0.0378,-0.007,,,0.0404,NA,0.1027,0.0234,,,0.0571,NA,0.0757,-0.0134,,,0.07,NA,-0.0054,-0.1076,,,0.0828,NA,,NA,,NA
116368854361048135,2026-04-08,DJT,Trump Media & Technology Group,direct,neutral,cache,SPY,,,1,0.0362,-0.0192,0.0155,2,1,"A Country supplying Military Weapons to Iran will be immediately tariffed, on any and all goods sold to the United States of America, 50%, effective immediately. There will be no exclusions or exempti",-0.0193,-0.0187,,,0.0181,NEUTRAL,-0.051,-0.0562,,,0.0256,NEUTRAL,-0.0377,-0.0423,,,0.0313,NEUTRAL,0.0197,-0.007,,,0.0405,NEUTRAL,0.0064,-0.0346,,,0.0572,NEUTRAL,-0.0613,-0.1135,,,0.0701,NEUTRAL,-0.0674,-0.1524,,,0.0829,NEUTRAL,,NEUTRAL,,NEUTRAL
116371693008302124,2026-04-08,DJT,Trump Media & Technology Group,direct,neutral,cache,SPY,,,1,0.0375,0.0402,0.0425,2,1,"NATO WASN’T THERE WHEN WE NEEDED THEM, AND THEY WON’T BE THERE IF WE NEED THEM AGAIN. REMEMBER GREENLAND, THAT BIG, POORLY RUN, PIECE OF ICE!!! President DJT",-0.0222,-0.0297,,,0.0187,NEUTRAL,-0.0084,-0.0153,,,0.0265,NEUTRAL,0.0137,-0.003,,,0.0325,NEUTRAL,0.0771,0.0399,,,0.0419,NEUTRAL,0.0011,-0.0528,,,0.0593,NEUTRAL,-0.0317,-0.0861,,,0.0726,NEUTRAL,-0.0475,-0.1316,,,0.0859,NEUTRAL,,NEUTRAL,,NEUTRAL
116377366086619888,2026-04-09,AMZN,Amazon,direct,positive,cache,SPY QQQ DIA,XLY,TSLA HD MCD NKE,0,0.023,0.056,0.098,3,1,"My friend, Congresswoman Elise Stefanik, of New York, has written a new book, ""POISONED IVIES: The Inside Account of the Academic and Moral Rot at America’s Elite Universities."" There is nobody more q",0.0131,0.0165,0.0141,0.0212,0.0115,UP,0.0195,0.0142,0.0114,0.0239,0.0163,NEUTRAL,0.0583,0.0405,0.0279,0.0516,0.02,UP,0.0612,0.0333,0.0202,0.0404,0.0258,NEUTRAL,0.0841,0.0416,0.0421,0.0745,0.0364,UP,0.1265,0.0676,0.0791,0.1384,0.0446,UP,0.1589,0.0674,0.0951,0.1899,0.0528,UP,0.0446,UP,0.0191,UP
116380657463593385,2026-04-10,DJT,Trump Media & Technology Group,direct,neutral,cache,SPY,,,1,0.0379,-0.0324,-0.0128,4,0,WORLD’S MOST POWERFUL RESET!!! President DJT,0.0367,0.0239,,,0.0186,NEUTRAL,0.0745,0.0493,,,0.0263,NEUTRAL,0.1015,0.0683,,,0.0322,NEUTRAL,0.108,0.0597,,,0.0415,NEUTRAL,0.0097,-0.0442,,,0.0587,NEUTRAL,0.014,-0.0498,,,0.0719,NEUTRAL,-0.0464,-0.1378,,,0.0851,NEUTRAL,,NEUTRAL,,NEUTRAL
116380894672815869,2026-04-10,DJT,Trump Media & Technology Group,direct,negative,cache,SPY,,,1,0.0379,-0.0324,-0.0128,4,0,Palantir Technologies (PLTR) has proven to have great war fighting capabilities and equipment. Just ask our enemies!!! President DJT,0.0367,0.0239,,,0.0186,NA,0.0745,0.0493,,,0.0263,NA,0.1015,0.0683,,,0.0322,NA,0.108,0.0597,,,0.0415,NA,0.0097,-0.0442,,,0.0587,NA,0.014,-0.0498,,,0.0719,NA,-0.0464,-0.1378,,,0.0851,NA,,NA,,NA
116385843841281126,2026-04-11,DJT,Trump Media & Technology Group,direct,neutral,cache,SPY,,,1,0.0372,0.014,0.0207,5,1,"Massive numbers of completely empty oil tankers, some of the largest anywhere in the World, are heading, right now, to the United States to load up with the best and “sweetest” oil (and gas!) anywhere",0.0367,0.0239,,,0.0186,NEUTRAL,0.0745,0.0493,,,0.0263,NEUTRAL,0.1015,0.0683,,,0.0322,NEUTRAL,0.108,0.0597,,,0.0415,NEUTRAL,0.0097,-0.0442,,,0.0587,NEUTRAL,0.014,-0.0498,,,0.0719,NEUTRAL,-0.0464,-0.1378,,,0.0851,NEUTRAL,,NEUTRAL,,NEUTRAL
116395566253303665,2026-04-13,DJT,Trump Media & Technology Group,direct,neutral,cache,SPY,,,1,0.0372,0.014,0.0207,0,1,The United States to Blockade Ships Entering or Exiting Iranian Ports on April 13 at 10:00 A.M. ET. Thank you for your attention to this matter! President DJT,0.0367,0.0239,,,0.0186,NEUTRAL,0.0745,0.0493,,,0.0263,NEUTRAL,0.1015,0.0683,,,0.0322,NEUTRAL,0.108,0.0597,,,0.0415,NEUTRAL,0.0097,-0.0442,,,0.0587,NEUTRAL,0.014,-0.0498,,,0.0719,NEUTRAL,-0.0464,-0.1378,,,0.0851,NEUTRAL,,NEUTRAL,,NEUTRAL
116397847496142849,2026-04-13,DJT,Trump Media & Technology Group,direct,negative,cache,SPY,,,1,0.0372,0.014,0.0207,0,0,"Iran’s Navy is laying at the bottom of the sea, completely obliterated - 158 ships. What we have not hit are their small number of, what they call, “fast attack ships,” because we did not consider the",0.0163,0.0065,,,0.0187,NA,0.0419,0.0241,,,0.0265,NA,0.0061,-0.0142,,,0.0324,NA,0.0419,0.0113,,,0.0418,NA,0.0163,-0.0236,,,0.0592,NA,-0.0603,-0.1044,,,0.0725,NA,-0.1083,-0.1817,,,0.0857,NA,,NA,,NA
116402983435251784,2026-04-14,DJT,Trump Media & Technology Group,direct,neutral,cache,SPY,,,1,0.0374,0.0224,0.0031,1,1,"Bruce Blakeman, the highly respected and very popular Nassau County Executive, who is running for Governor, is surging in the New York State Polls. He is one of the best politicians in the U.S. Watch ",0.0163,0.0065,,,0.0187,NEUTRAL,0.0419,0.0241,,,0.0265,NEUTRAL,0.0061,-0.0142,,,0.0324,NEUTRAL,0.0419,0.0113,,,0.0418,NEUTRAL,0.0163,-0.0236,,,0.0592,NEUTRAL,-0.0603,-0.1044,,,0.0725,NEUTRAL,-0.1083,-0.1817,,,0.0857,NEUTRAL,,NEUTRAL,,NEUTRAL
116403535989117537,2026-04-14,DJT,Trump Media & Technology Group,direct,neutral,cache,SPY,,,1,0.0374,0.0224,0.0031,1,0,"Europe is desperate for Energy, and yet the United Kingdom refuses to open North Sea Oil, one of the greatest fields in the World. Tragic!!! Aberdeen should be booming. Norway sells its North Sea Oil ",0.02,0.0133,,,0.0191,NEUTRAL,-0.015,-0.0242,,,0.027,NEUTRAL,0.026,0.0046,,,0.0331,NEUTRAL,-0.018,-0.0307,,,0.0428,NEUTRAL,-0.084,-0.1076,,,0.0605,NEUTRAL,-0.08,-0.121,,,0.0741,NEUTRAL,-0.105,-0.1727,,,0.0876,NEUTRAL,,NEUTRAL,,NEUTRAL
116408554531050811,2026-04-15,DJT,Trump Media & Technology Group,direct,neutral,cache,SPY,,,1,0.0382,0.0365,0.0745,2,1,"China is very happy that I am permanently opening the Strait of Hormuz. I am doing it for them, also - And the World. This situation will never happen again. They have agreed not to send weapons to Ir",0.02,0.0133,,,0.0191,NEUTRAL,-0.015,-0.0242,,,0.027,NEUTRAL,0.026,0.0046,,,0.0331,NEUTRAL,-0.018,-0.0307,,,0.0428,NEUTRAL,-0.084,-0.1076,,,0.0605,NEUTRAL,-0.08,-0.121,,,0.0741,NEUTRAL,-0.105,-0.1727,,,0.0876,NEUTRAL,,NEUTRAL,,NEUTRAL
116408742801619405,2026-04-15,DJT,Trump Media & Technology Group,direct,neutral,cache,SPY,,,1,0.0382,0.0365,0.0745,2,1,"The Radical Left Lunatics might not like this, but I think it is quite nice!!!  President DJT",0.02,0.0133,,,0.0191,NEUTRAL,-0.015,-0.0242,,,0.027,NEUTRAL,0.026,0.0046,,,0.0331,NEUTRAL,-0.018,-0.0307,,,0.0428,NEUTRAL,-0.084,-0.1076,,,0.0605,NEUTRAL,-0.08,-0.121,,,0.0741,NEUTRAL,-0.105,-0.1727,,,0.0876,NEUTRAL,,NEUTRAL,,NEUTRAL
116412252214963423,2026-04-16,DJT,Trump Media & Technology Group,direct,neutral,cache,SPY,,,1,0.0386,0.0251,0.0863,3,1,"Trying to get a little breathing room between Israel and Lebanon. It has been a long time since the two leaders have spoken, like 34 years. It will happen tomorrow. Nice! President DJT",-0.039,-0.0399,,,0.0193,NEUTRAL,0.001,-0.012,,,0.0273,NEUTRAL,-0.0049,-0.0158,,,0.0334,NEUTRAL,-0.0751,-0.0896,,,0.0431,NEUTRAL,-0.1054,-0.1204,,,0.061,NEUTRAL,-0.1122,-0.1589,,,0.0747,NEUTRAL,-0.1268,-0.194,,,0.0884,NEUTRAL,,NEUTRAL,,NEUTRAL
116416069269152200,2026-04-16,DJT,Trump Media & Technology Group,direct,neutral,cache,SPY,,,1,0.0386,0.0251,0.0863,3,0,"The person who filed the meritless and lawless suit on the desperately needed White House Ballroom, being built as a GIFT to America (without Tax Dollars!), a woman walking her dog, has absolutely NO ",0.0179,0.0122,,,0.018,NEUTRAL,0.0119,0.0083,,,0.0255,NEUTRAL,-0.0258,-0.0229,,,0.0312,NEUTRAL,-0.0903,-0.0935,,,0.0403,NEUTRAL,-0.0923,-0.11,,,0.057,NEUTRAL,-0.1052,-0.1412,,,0.0699,NEUTRAL,-0.1399,-0.1867,,,0.0827,NEUTRAL,,NEUTRAL,,NEUTRAL
116416480932586388,2026-04-16,DJT,Trump Media & Technology Group,direct,neutral,cache,SPY,,,1,0.0361,-0.0343,0.026,3,1,"Sadly, Mayor Mamdani is DESTROYING New York! It has no chance! The United States of America should not contribute to its failure. It will only get WORSE. The TAX, TAX, TAX Policies are SO WRONG. Peopl",0.0179,0.0122,,,0.018,NEUTRAL,0.0119,0.0083,,,0.0255,NEUTRAL,-0.0258,-0.0229,,,0.0312,NEUTRAL,-0.0903,-0.0935,,,0.0403,NEUTRAL,-0.0923,-0.11,,,0.057,NEUTRAL,-0.1052,-0.1412,,,0.0699,NEUTRAL,-0.1399,-0.1867,,,0.0827,NEUTRAL,,NEUTRAL,,NEUTRAL
116416736627974477,2026-04-16,DJT,Trump Media & Technology Group,direct,positive,cache,SPY,,,1,0.0361,-0.0343,0.026,3,1,"I’m on Air Force One heading to Las Vegas and Arizona for Greetings and Speeches on NO TAX ON TIPS, a WINDFALL for our Great American Citizens. I am watching one of the Least Attractive and Talented P",0.0179,0.0122,,,0.018,NA,0.0119,0.0083,,,0.0255,NA,-0.0258,-0.0229,,,0.0312,NA,-0.0903,-0.0935,,,0.0403,NA,-0.0923,-0.11,,,0.057,NA,-0.1052,-0.1412,,,0.0699,NA,-0.1399,-0.1867,,,0.0827,NA,,NA,,NA
116417764784525982,2026-04-17,DJT,Trump Media & Technology Group,direct,positive,cache,SPY,,,1,0.0361,-0.0343,0.026,4,1,May have been a historic day for Lebanon. Good things are happening!!! President DJT,0.0179,0.0122,,,0.018,NA,0.0119,0.0083,,,0.0255,NA,-0.0258,-0.0229,,,0.0312,NA,-0.0903,-0.0935,,,0.0403,NA,-0.0923,-0.11,,,0.057,NA,-0.1052,-0.1412,,,0.0699,NA,-0.1399,-0.1867,,,0.0827,NA,,NA,,NA
116419983493630857,2026-04-17,DJT,Trump Media & Technology Group,direct,neutral,cache,SPY,,,1,0.0361,-0.0343,0.026,4,1,"It’s easy! Tucker is a Low IQ person - Always easy to beat, and highly overrated!!! So are Megyn Kelly, “Candace”(Really Dumb and mentally ill!), and Bankrupt Alex Jones, who is completely “fried.” Th",0.0179,0.0122,,,0.018,NEUTRAL,0.0119,0.0083,,,0.0255,NEUTRAL,-0.0258,-0.0229,,,0.0312,NEUTRAL,-0.0903,-0.0935,,,0.0403,NEUTRAL,-0.0923,-0.11,,,0.057,NEUTRAL,-0.1052,-0.1412,,,0.0699,NEUTRAL,-0.1399,-0.1867,,,0.0827,NEUTRAL,,NEUTRAL,,NEUTRAL
116420038210190121,2026-04-17,DJT,Trump Media & Technology Group,direct,neutral,cache,SPY,,,1,0.0361,-0.0343,0.026,4,1,"The U.S.A. is the “HOTTEST” Country in the World right now. Just a short time ago, under Sleepy Joe Biden, IT WAS DEAD, LAUGHED AT ALL OVER THE WORLD!!! But not anymore - Nobody’s laughing!!! Presiden",0.0179,0.0122,,,0.018,NEUTRAL,0.0119,0.0083,,,0.0255,NEUTRAL,-0.0258,-0.0229,,,0.0312,NEUTRAL,-0.0903,-0.0935,,,0.0403,NEUTRAL,-0.0923,-0.11,,,0.057,NEUTRAL,-0.1052,-0.1412,,,0.0699,NEUTRAL,-0.1399,-0.1867,,,0.0827,NEUTRAL,,NEUTRAL,,NEUTRAL
116420395293904982,2026-04-17,DJT,Trump Media & Technology Group,direct,positive,cache,SPY,,,1,0.0361,-0.0343,0.026,4,0,"The U.S.A. will get all Nuclear “Dust,” created by our great B2 Bombers - No money will exchange hands in any way, shape, or form. This deal is in no way subject to Lebanon, either, but the USA will, ",0.0139,0.014,,,0.0173,NA,-0.0239,-0.0172,,,0.0244,NA,-0.0577,-0.0611,,,0.0299,NA,-0.0706,-0.0779,,,0.0386,NA,-0.0666,-0.0833,,,0.0546,NA,-0.1123,-0.153,,,0.0669,NA,-0.1779,-0.2201,,,0.0791,NA,,NA,,NA
116420456436213944,2026-04-17,DJT,Trump Media & Technology Group,direct,neutral,cache,SPY,,,1,0.0361,-0.0343,0.026,4,0,"Now that the Hormuz Strait situation is over, I received a call from NATO asking if we would need some help. I  TOLD THEM TO STAY AWAY, UNLESS THEY JUST WANT TO LOAD UP THEIR SHIPS WITH OIL. They were",0.0139,0.014,,,0.0173,NEUTRAL,-0.0239,-0.0172,,,0.0244,NEUTRAL,-0.0577,-0.0611,,,0.0299,NEUTRAL,-0.0706,-0.0779,,,0.0386,NEUTRAL,-0.0666,-0.0833,,,0.0546,NEUTRAL,-0.1123,-0.153,,,0.0669,NEUTRAL,-0.1779,-0.2201,,,0.0791,NEUTRAL,,NEUTRAL,,NEUTRAL
116420484827577347,2026-04-17,DJT,Trump Media & Technology Group,direct,neutral,cache,SPY,,,1,0.0361,-0.0343,0.026,4,0,"Iran, with the help of the U.S.A., has removed, or is removing, all sea mines! Thank you! President DJT",0.0139,0.014,,,0.0173,NEUTRAL,-0.0239,-0.0172,,,0.0244,NEUTRAL,-0.0577,-0.0611,,,0.0299,NEUTRAL,-0.0706,-0.0779,,,0.0386,NEUTRAL,-0.0666,-0.0833,,,0.0546,NEUTRAL,-0.1123,-0.153,,,0.0669,NEUTRAL,-0.1779,-0.2201,,,0.0791,NEUTRAL,,NEUTRAL,,NEUTRAL
116420534754267698,2026-04-17,DJT,Trump Media & Technology Group,direct,positive,cache,SPY,,,1,0.0361,-0.0343,0.026,4,0,A GREAT AND BRILLIANT DAY FOR THE WORLD! DJT,0.0139,0.014,,,0.0173,NA,-0.0239,-0.0172,,,0.0244,NA,-0.0577,-0.0611,,,0.0299,NA,-0.0706,-0.0779,,,0.0386,NA,-0.0666,-0.0833,,,0.0546,NA,-0.1123,-0.153,,,0.0669,NA,-0.1779,-0.2201,,,0.0791,NA,,NA,,NA
116421668823698549,2026-04-17,AAPL,Apple,direct,neutral,cache,SPY QQQ DIA,XLK,MSFT NVDA AMD AVGO,0,0.013,-0.0114,0.0162,4,0,Trump Effect: Apple Expands American Manufacturing Program with 4 Partners: https://www.breitbart.com/tech/2026/03/26/trump-effect-apple-expands-american-manufacturing-program-with-4-partners/,0.0101,0.0101,0.0084,0.0212,0.0069,NEUTRAL,-0.0154,-0.0099,-0.0179,-0.0187,0.0098,NEUTRAL,0.0105,0.0048,-0.0141,-0.0244,0.012,NEUTRAL,0.0027,-0.007,-0.0357,-0.0391,0.0155,NEUTRAL,0.0363,0.0162,-0.0128,0.0209,0.0219,NEUTRAL,0.085,0.0372,-0.0525,0.017,0.0269,NEUTRAL,0.1028,0.0564,-0.0272,0.0284,0.0318,NEUTRAL,0.0006,NEUTRAL,-0.002,NEUTRAL
116421671494376872,2026-04-17,MCD,McDonald's,direct,negative,cache,SPY DIA,XLY,AMZN TSLA HD NKE,0,0.0092,0.0023,0.008,4,0,Senate confirms DOJ’s new ‘War on Fraud’ prosecutor Colin McDonald — with VP Vance’s backing: https://nypost.com/2026/03/24/us-news/senate-confirms-dojs-new-top-fraud-prosecutor-colin-mcdonald/,-0.0167,-0.0175,-0.0144,-0.0187,0.0044,DOWN,-0.033,-0.0276,-0.0233,-0.0281,0.0062,DOWN,-0.0387,-0.0417,-0.0286,-0.0227,0.0076,DOWN,-0.041,-0.0434,-0.0289,-0.0091,0.0098,NEUTRAL,-0.0817,-0.0917,-0.0692,-0.0499,0.0139,DOWN,-0.1166,-0.1397,-0.1171,-0.1286,0.017,DOWN,-0.0951,-0.12,-0.0633,-0.0672,0.0201,DOWN,0.0008,NEUTRAL,0.0016,NEUTRAL
116428690626427742,2026-04-19,DJT,Trump Media & Technology Group,direct,positive,cache,SPY,,,1,0.0345,0.0416,0.0312,6,1,"Whether people like Israel or not, they have proven to be a GREAT Ally of the United States of America. They are Courageous, Bold, Loyal, and Smart and, unlike others that have shown their true colors",0.0139,0.014,,,0.0173,NA,-0.0239,-0.0172,,,0.0244,NA,-0.0577,-0.0611,,,0.0299,NA,-0.0706,-0.0779,,,0.0386,NA,-0.0666,-0.0833,,,0.0546,NA,-0.1123,-0.153,,,0.0669,NA,-0.1779,-0.2201,,,0.0791,NA,,NA,,NA
116437457191403164,2026-04-20,DJT,Trump Media & Technology Group,direct,negative,cache,SPY,,,1,0.0345,0.0416,0.0312,0,0,"Israel never talked me into the war with Iran, the results of Oct. 7th, added to my lifelong opinion that IRAN CAN NEVER HAVE A NUCLEAR WEAPON, did. I watch and read the FAKE NEWS Pundits and Polls in",-0.042,-0.0332,,,0.0172,NA,-0.0751,-0.0764,,,0.0244,NA,-0.1054,-0.1028,,,0.0298,NA,-0.0293,-0.0362,,,0.0385,NA,-0.1024,-0.1133,,,0.0545,NA,-0.1385,-0.1794,,,0.0667,NA,-0.2195,-0.2525,,,0.0789,NA,,NA,,NA
116438239629407600,2026-04-20,BA,Boeing,direct,positive,cache,SPY DIA,XLI ITA,CAT GE RTX UNP LMT NOC GD,0,0.0224,0.0206,-0.0017,0,0,"The DEAL that we are making with Iran will be FAR BETTER than the JCPOA, commonly referred to as ""The Iran Nuclear Deal,"" penned by Barack Hussein Obama and Sleepy Joe Biden, one of the Worst Deals ev",-0.0185,-0.0082,0.0035,-0.0035,0.0104,NEUTRAL,0.0358,0.0376,0.0675,0.0786,0.0148,UP,0.0486,0.0542,0.0717,0.0869,0.0181,UP,0.036,0.038,0.0702,0.0903,0.0233,UP,-0.0089,-0.0066,0.0334,0.0356,0.033,NEUTRAL,0.0668,0.0465,0.0722,0.0423,0.0404,UP,-0.0371,-0.0506,0.0031,-0.0088,0.0478,NEUTRAL,0.0029,NEUTRAL,0.0022,NEUTRAL
116438239629407600,2026-04-20,AMZN,Amazon,indirect,positive,cache,SPY QQQ DIA,XLY,TSLA HD MCD NKE,0,0.022,0.0034,0.0062,0,0,"The DEAL that we are making with Iran will be FAR BETTER than the JCPOA, commonly referred to as ""The Iran Nuclear Deal,"" penned by Barack Hussein Obama and Sleepy Joe Biden, one of the Worst Deals ev",-0.0203,-0.0114,-0.0048,-0.0059,0.0108,NEUTRAL,0.0011,-0.0012,0.0169,0.0217,0.0153,NEUTRAL,-0.0,0.0021,0.0256,0.0393,0.0188,NEUTRAL,0.0236,0.0168,0.0485,0.067,0.0242,NEUTRAL,0.0665,0.0554,0.0923,0.1409,0.0342,UP,0.0545,0.0076,0.0667,0.152,0.0419,NEUTRAL,0.0167,-0.0196,0.0647,0.1037,0.0496,NEUTRAL,0.0015,NEUTRAL,0.0,NEUTRAL
116438381520104888,2026-04-20,AMZN,Amazon,indirect,negative,cache,SPY QQQ DIA,XLY,TSLA HD MCD NKE,0,0.022,0.0034,0.0062,0,0,"I'm winning a War, BY A LOT, things are going very well, our Military has been amazing and, if you read the Fake News, like The Failing New York Times, the absolutely horrendous and disgusting Wall St",-0.0203,-0.0114,-0.0048,-0.0059,0.0108,NEUTRAL,0.0011,-0.0012,0.0169,0.0217,0.0153,NEUTRAL,-0.0,0.0021,0.0256,0.0393,0.0188,NEUTRAL,0.0236,0.0168,0.0485,0.067,0.0242,NEUTRAL,0.0665,0.0554,0.0923,0.1409,0.0342,NEUTRAL,0.0545,0.0076,0.0667,0.152,0.0419,NEUTRAL,0.0167,-0.0196,0.0647,0.1037,0.0496,NEUTRAL,0.0004,NEUTRAL,0.0,NEUTRAL
116440475208030352,2026-04-21,DJT,Trump Media & Technology Group,direct,neutral,cache,SPY,,,1,0.0345,-0.0058,0.0,1,1,"Prime Minister Keir Starmer of the United Kingdom acknowledged that he “exercised wrong judgement” when he chose his Ambassador to Washington. I agree, he was a really bad pick. Plenty of time to reco",-0.042,-0.0332,,,0.0172,NEUTRAL,-0.0751,-0.0764,,,0.0244,NEUTRAL,-0.1054,-0.1028,,,0.0298,NEUTRAL,-0.0293,-0.0362,,,0.0385,NEUTRAL,-0.1024,-0.1133,,,0.0545,NEUTRAL,-0.1385,-0.1794,,,0.0667,NEUTRAL,-0.2195,-0.2525,,,0.0789,NEUTRAL,,NEUTRAL,,NEUTRAL
116442276577696798,2026-04-21,AAPL,Apple,direct,positive,cache,SPY QQQ DIA,XLK,MSFT NVDA AMD AVGO,0,0.0138,0.0104,0.0248,1,1,"I have always been a big fan of Tim Cook, and likewise, Steve Jobs, but if Steve was not taken from the Planet Earth so young, and ran the company instead of Tim, the company would have done well, but",-0.0196,-0.0107,-0.0176,-0.0278,0.0069,NEUTRAL,0.0062,0.0039,-0.0138,-0.038,0.0098,NEUTRAL,0.0071,0.0093,0.0017,-0.0132,0.012,NEUTRAL,-0.0143,-0.0211,-0.0503,-0.0737,0.0154,NEUTRAL,0.0196,0.0086,-0.0259,0.0061,0.0218,NEUTRAL,0.079,0.0321,-0.0686,-0.0001,0.0268,NEUTRAL,0.1022,0.0659,-0.0155,0.0419,0.0317,NEUTRAL,-0.003,NEUTRAL,-0.0199,NEUTRAL
116442964943642737,2026-04-21,DJT,Trump Media & Technology Group,direct,neutral,cache,SPY,,,1,0.0345,-0.0058,0.0,1,0,"Never allow the Traitor Democrats like Low IQ person Hakeem Jeffries, or Cryin’ Chuck Schumer, or the totally corrupt Fake News Media such as the phony and decaying Wall Street Journal, the Failing Ne",-0.0395,-0.0424,,,0.0171,NEUTRAL,-0.0709,-0.0699,,,0.0242,NEUTRAL,-0.0527,-0.0594,,,0.0296,NEUTRAL,-0.0719,-0.0755,,,0.0383,NEUTRAL,-0.0679,-0.0885,,,0.0541,NEUTRAL,-0.1155,-0.1564,,,0.0663,NEUTRAL,-0.1834,-0.2286,,,0.0784,NEUTRAL,,NEUTRAL,,NEUTRAL
116445317344745621,2026-04-21,BA,Boeing,direct,positive,cache,SPY DIA,XLI ITA,CAT GE RTX UNP LMT NOC GD,0,0.022,-0.0263,0.0013,1,1,"THE WALL STREET JOURNAL HAS LOST ITS WAY!
An IDIOT on The Wall Street Journal’s Editorial Board, named Elliot Kaufman, just wrote an Op Ed entitled, “The Iranians Take Trump for a Sucker.” Really? For",0.0186,0.0177,0.0388,0.0538,0.011,UP,0.0313,0.0341,0.0428,0.058,0.0155,UP,0.0237,0.0235,0.0472,0.0672,0.019,UP,0.0162,0.0183,0.043,0.0582,0.0246,NEUTRAL,-0.0118,-0.0197,0.0129,-0.0119,0.0348,NEUTRAL,0.0433,0.0202,0.04,0.0056,0.0426,NEUTRAL,-0.0214,-0.0492,-0.0095,-0.0589,0.0504,NEUTRAL,0.0444,UP,0.0521,UP
116446191940811375,2026-04-22,INTC,Intel,direct,neutral,cache,SPY QQQ,SMH,NVDA AMD TSM AVGO,0,0.046,0.0085,-0.0327,2,1,"US intel secretly flagged major 2020 election vulnerabilities, including voter data, memo: https://justthenews.com/politics-policy/elections/us-intel-flagged-major-2020-election-vulnerabilities-includ",-0.0393,-0.0446,-0.0516,-0.0796,0.023,NEUTRAL,-0.0171,-0.0176,-0.04,-0.0476,0.0325,NEUTRAL,0.2149,0.201,0.1398,0.1542,0.0399,NEUTRAL,0.244,0.2366,0.2012,0.1861,0.0515,NEUTRAL,0.5918,0.5573,0.4822,0.5364,0.0728,NEUTRAL,0.7752,0.7109,0.5838,0.6917,0.0891,NEUTRAL,0.751,0.6799,0.5522,0.6549,0.1054,NEUTRAL,0.2511,NEUTRAL,-0.0126,NEUTRAL
116454250724920799,2026-04-23,DJT,Trump Media & Technology Group,direct,positive,cache,SPY,,,1,0.0344,-0.0346,-0.076,3,1,"Very true!!! President DJT
Marc Thiessen: Trump doesn’t need a deal to get what he wants from Iran: https://www.washingtonpost.com/opinions/2026/04/22/trump-best-move-iran-negotiations/",-0.0332,-0.0317,,,0.0172,NA,-0.0142,-0.0205,,,0.0244,NA,0.049,0.041,,,0.0298,NA,-0.0332,-0.0361,,,0.0385,NA,-0.0406,-0.0749,,,0.0545,NA,-0.0564,-0.1026,,,0.0667,NA,-0.1618,-0.2087,,,0.0789,NA,,NA,,NA
116456358242090182,2026-04-23,DJT,Trump Media & Technology Group,direct,neutral,cache,SPY,,,1,0.0339,-0.0327,-0.101,3,1,I LOVE TRUTH SOCIAL! President DONALD J. TRUMP,0.0086,0.0041,,,0.0169,NEUTRAL,0.0734,0.0671,,,0.024,NEUTRAL,-0.0119,-0.0132,,,0.0293,NEUTRAL,-0.0129,-0.0241,,,0.0379,NEUTRAL,-0.027,-0.0563,,,0.0536,NEUTRAL,-0.0345,-0.0872,,,0.0656,NEUTRAL,-0.1424,-0.1915,,,0.0776,NEUTRAL,,NEUTRAL,,NEUTRAL
116456468852658900,2026-04-23,WFC,Wells Fargo,direct,negative,cache,SPY,XLF,JPM BAC GS MS,0,0.0203,-0.0009,-0.0178,3,1,"It was my Great Honor to meet with the Mayor of Los Angeles, Karen Bass, Fifth District Supervisor Kathryn Barger (Los Angeles County Board of Supervisors), and the Supervisor’s Chief of Staff, Anna M",-0.0086,-0.0131,-0.0055,-0.0041,0.0101,NEUTRAL,0.0056,-0.0006,0.0012,-0.001,0.0143,NEUTRAL,0.0174,0.016,0.0121,0.0136,0.0176,NEUTRAL,0.0265,0.0153,0.0158,0.0156,0.0227,NEUTRAL,-0.0119,-0.0412,-0.0113,-0.0135,0.0321,NEUTRAL,-0.0736,-0.1263,-0.068,-0.0735,0.0393,DOWN,-0.0409,-0.0899,-0.0478,-0.0712,0.0465,DOWN,0.0,NEUTRAL,0.0003,NEUTRAL
116457753768206600,2026-04-24,DJT,Trump Media & Technology Group,direct,neutral,cache,SPY,,,1,0.0339,-0.0327,-0.101,4,1,Cryin’ Chuck Schumer should resign over this. He won’t be missed! President DJT,0.0086,0.0041,,,0.0169,NEUTRAL,0.0734,0.0671,,,0.024,NEUTRAL,-0.0119,-0.0132,,,0.0293,NEUTRAL,-0.0129,-0.0241,,,0.0379,NEUTRAL,-0.027,-0.0563,,,0.0536,NEUTRAL,-0.0345,-0.0872,,,0.0656,NEUTRAL,-0.1424,-0.1915,,,0.0776,NEUTRAL,,NEUTRAL,,NEUTRAL
116457756634688413,2026-04-24,DJT,Trump Media & Technology Group,direct,positive,cache,SPY,,,1,0.0339,-0.0327,-0.101,4,1,Great Patriots!!! President DJT,0.0086,0.0041,,,0.0169,NA,0.0734,0.0671,,,0.024,NA,-0.0119,-0.0132,,,0.0293,NA,-0.0129,-0.0241,,,0.0379,NA,-0.027,-0.0563,,,0.0536,NA,-0.0345,-0.0872,,,0.0656,NA,-0.1424,-0.1915,,,0.0776,NA,,NA,,NA
116457972455781406,2026-04-24,DJT,Trump Media & Technology Group,direct,neutral,cache,SPY,,,1,0.0339,-0.0327,-0.101,4,1,"The Southern Poverty Law Center, one of the greatest political scams in American History, has been charged with FRAUD. This is another Democrat Hoax, along with Act Blue, and many others. If it is tru",0.0086,0.0041,,,0.0169,NEUTRAL,0.0734,0.0671,,,0.024,NEUTRAL,-0.0119,-0.0132,,,0.0293,NEUTRAL,-0.0129,-0.0241,,,0.0379,NEUTRAL,-0.027,-0.0563,,,0.0536,NEUTRAL,-0.0345,-0.0872,,,0.0656,NEUTRAL,-0.1424,-0.1915,,,0.0776,NEUTRAL,,NEUTRAL,,NEUTRAL
116474402720502063,2026-04-27,DJT,Trump Media & Technology Group,direct,neutral,cache,SPY,,,1,0.0305,0.0196,-0.0479,0,1,"Lee and Kim Greenwood, two of the most spectacular people, had their first grandchild on April 17th. They were with me from the very beginning - Total loyalty, and Lee gave me the greatest walk on son",0.0676,0.0648,,,0.0153,NEUTRAL,-0.0172,-0.0151,,,0.0216,NEUTRAL,-0.0161,-0.0139,,,0.0264,NEUTRAL,0.0075,-0.003,,,0.0341,NEUTRAL,-0.0418,-0.0761,,,0.0483,NEUTRAL,-0.0697,-0.1062,,,0.0591,NEUTRAL,-0.1116,-0.1641,,,0.0699,NEUTRAL,,NEUTRAL,,NEUTRAL
116474434041424846,2026-04-27,DJT,Trump Media & Technology Group,direct,positive,cache,SPY,,,1,0.0305,0.0196,-0.0479,0,1,GREAT IDEA!!! DO IT.  President DJT,0.0676,0.0648,,,0.0153,NA,-0.0172,-0.0151,,,0.0216,NA,-0.0161,-0.0139,,,0.0264,NA,0.0075,-0.003,,,0.0341,NA,-0.0418,-0.0761,,,0.0483,NA,-0.0697,-0.1062,,,0.0591,NA,-0.1116,-0.1641,,,0.0699,NA,,NA,,NA
116482505797913052,2026-04-28,DJT,Trump Media & Technology Group,direct,neutral,cache,SPY,,,1,0.0328,0.0642,0.0496,1,1,"Wow, that’s nice. I’ve always wanted to live in Buckingham Palace!!! I’ll talk to the King and Queen about this in a few minutes!!! President DJT",-0.0547,-0.0545,,,0.0164,NEUTRAL,-0.0537,-0.0533,,,0.0232,NEUTRAL,-0.0557,-0.0653,,,0.0284,NEUTRAL,-0.0506,-0.0593,,,0.0367,NEUTRAL,-0.0888,-0.1274,,,0.0519,NEUTRAL,-0.1465,-0.1842,,,0.0635,NEUTRAL,-0.1156,-0.1699,,,0.0752,NEUTRAL,,NEUTRAL,,NEUTRAL
116486959174837748,2026-04-29,DJT,Trump Media & Technology Group,direct,positive,cache,SPY,,,1,0.0376,-0.0794,-0.0011,2,1,Iran can’t get their act together. They don’t know how to sign a nonnuclear deal. They better get smart soon! President DJT,-0.0011,-0.0019,,,0.0188,NA,-0.0033,-0.014,,,0.0266,NA,0.0229,0.0093,,,0.0325,NA,0.0022,-0.0158,,,0.042,NA,-0.049,-0.0872,,,0.0594,NA,-0.1285,-0.1605,,,0.0728,NA,-0.0305,-0.0918,,,0.0861,NA,,NA,,NA
116490320065457761,2026-04-29,INTC,Intel,direct,positive,cache,SPY QQQ,SMH,NVDA AMD TSM AVGO,0,0.0608,0.121,0.1479,2,1,Intel Stock continues to rise. I’m very proud of that Company in that I am responsible for making the United States of America over 30 Billion Dollars in the last 90 days on that stock alone. There ar,-0.0117,-0.0163,-0.0157,-0.0118,0.0304,NEUTRAL,0.0421,0.0312,0.0319,0.0353,0.043,NEUTRAL,0.0019,-0.0061,-0.0022,0.0004,0.0526,NEUTRAL,0.1821,0.1458,0.0929,0.1429,0.068,UP,0.2583,0.2018,0.124,0.2179,0.0961,UP,0.2444,0.1898,0.1256,0.2073,0.1177,UP,0.1996,0.1155,0.0129,0.136,0.1393,NEUTRAL,-0.0312,NEUTRAL,-0.0259,NEUTRAL
116490493540315586,2026-04-29,AMZN,Amazon,direct,neutral,cache,SPY QQQ DIA,XLY,TSLA HD MCD NKE,0,0.0173,0.0129,-0.0036,2,1,"Robert Hardman has written an amazing book about the incredible life of the beloved and deeply respected Queen Elizabeth II. In his research, Robert discovers many interesting things about the Queen, ",-0.0297,-0.0366,-0.0284,-0.0451,0.0086,NEUTRAL,-0.018,-0.0279,-0.0191,-0.024,0.0122,NEUTRAL,-0.0041,-0.0085,0.0025,0.0183,0.015,NEUTRAL,0.0067,-0.023,-0.0049,0.0078,0.0193,NEUTRAL,-0.0111,-0.053,-0.013,0.0343,0.0273,NEUTRAL,-0.0299,-0.0727,-0.0251,-0.0133,0.0335,NEUTRAL,-0.0093,-0.079,-0.0293,-0.0256,0.0396,NEUTRAL,0.0714,NEUTRAL,-0.0174,NEUTRAL
116491559257751897,2026-04-30,DJT,Trump Media & Technology Group,direct,neutral,cache,SPY,,,1,0.0349,0.0011,-0.0193,3,1,"“86” is a mob term for “kill him.” They say 86 him! 86 47 means “kill President Trump.”James Comey, who is a Dirty Cop, one of the worst, knows this full well! EIGHT MILES OUT, SIX FEET DOWN! Didn’t h",-0.0049,-0.0105,,,0.0174,NEUTRAL,0.0212,0.0128,,,0.0247,NEUTRAL,0.0005,-0.0042,,,0.0302,NEUTRAL,-0.0103,-0.0372,,,0.039,NEUTRAL,-0.0266,-0.0654,,,0.0551,NEUTRAL,-0.1234,-0.1607,,,0.0675,NEUTRAL,0.0125,-0.0461,,,0.0799,NEUTRAL,,NEUTRAL,,NEUTRAL
116493880308071365,2026-04-30,DJT,Trump Media & Technology Group,direct,neutral,cache,SPY,,,1,0.0349,0.0011,-0.0193,3,1,"When is ABC Fake News Network firing seriously unfunny Jimmy Kimmel, who incompetently presides over one of the Lowest Rated shows on Television? People are angry. It better be soon!!! President DJT",-0.0049,-0.0105,,,0.0174,NEUTRAL,0.0212,0.0128,,,0.0247,NEUTRAL,0.0005,-0.0042,,,0.0302,NEUTRAL,-0.0103,-0.0372,,,0.039,NEUTRAL,-0.0266,-0.0654,,,0.0551,NEUTRAL,-0.1234,-0.1607,,,0.0675,NEUTRAL,0.0125,-0.0461,,,0.0799,NEUTRAL,,NEUTRAL,,NEUTRAL
116493939901285486,2026-04-30,DJT,Trump Media & Technology Group,direct,negative,cache,SPY,,,1,0.0349,0.0011,-0.0193,3,0,"The Chancellor of Germany should spend more time on ending the war with Russia/Ukraine (Where he has been totally ineffective!), and fixing his broken Country, especially Immigration and Energy, and l",0.0262,0.0271,,,0.0172,NA,0.0055,0.01,,,0.0244,NA,0.0055,0.002,,,0.0298,NA,-0.0142,-0.0285,,,0.0385,NA,-0.0219,-0.0592,,,0.0545,NA,-0.1311,-0.1609,,,0.0667,NA,0.035,-0.0167,,,0.0789,NA,,NA,,NA
116496713231472397,2026-05-01,DJT,Trump Media & Technology Group,direct,positive,cache,SPY,,,1,0.0344,-0.0022,-0.0804,4,1,"Great job by highly respected Navy Commander Kirk Lippold in interview with Jesse Watters on FoxNews. Very smart and insightful concerning Iran, and more. Thank you, Commander! President DJT",0.0262,0.0271,,,0.0172,NA,0.0055,0.01,,,0.0244,NA,0.0055,0.002,,,0.0298,NA,-0.0142,-0.0285,,,0.0385,NA,-0.0219,-0.0592,,,0.0545,NA,-0.1311,-0.1609,,,0.0667,NA,0.035,-0.0167,,,0.0789,NA,,NA,,NA
116514034239300873,2026-05-04,DJT,Trump Media & Technology Group,direct,positive,cache,SPY,,,1,0.0348,0.0262,0.0251,0,1,"TERMINATE THE FILIBUSTER, AND WIN!!! President DJT",-0.0171,-0.0142,,,0.0174,NA,-0.0171,-0.0222,,,0.0246,NA,-0.0278,-0.0469,,,0.0301,NA,-0.0459,-0.0703,,,0.0389,NA,-0.0737,-0.1002,,,0.055,NA,-0.1506,-0.1862,,,0.0674,NA,-0.0342,-0.089,,,0.0797,NA,,NA,,NA
116516271982832945,2026-05-04,DJT,Trump Media & Technology Group,direct,positive,cache,SPY,,,1,0.0348,0.0262,0.0251,0,1,"When a devastated (he was crying like a baby!) Van Jones of CNN came to me with a group of African American leaders, he had “DEAD” in getting Criminal Justice Reform approved in Congress. Van Jones an",-0.0171,-0.0142,,,0.0174,NA,-0.0171,-0.0222,,,0.0246,NA,-0.0278,-0.0469,,,0.0301,NA,-0.0459,-0.0703,,,0.0389,NA,-0.0737,-0.1002,,,0.055,NA,-0.1506,-0.1862,,,0.0674,NA,-0.0342,-0.089,,,0.0797,NA,,NA,,NA
116530619109975255,2026-05-07,DJT,Trump Media & Technology Group,direct,neutral,cache,SPY,,,1,0.0334,-0.0109,-0.0309,3,1,"Chuck Devore, Army Intelligence, was fantastic tonight on Jesse Watters. Thank you Chuck!!! President DJT",-0.0055,-0.0008,,,0.0167,NEUTRAL,-0.0154,-0.0189,,,0.0236,NEUTRAL,-0.0265,-0.0322,,,0.0289,NEUTRAL,-0.0132,-0.0231,,,0.0373,NEUTRAL,-0.1114,-0.1198,,,0.0527,NEUTRAL,-0.0187,-0.0453,,,0.0646,NEUTRAL,-0.0882,-0.0916,,,0.0764,NEUTRAL,,NEUTRAL,,NEUTRAL
116530635363991354,2026-05-07,DJT,Trump Media & Technology Group,direct,neutral,cache,SPY,,,1,0.0334,-0.0109,-0.0309,3,1,"Washington D.C. CRIME is at its lowest point in 30 years, plus! President DJT",-0.0055,-0.0008,,,0.0167,NEUTRAL,-0.0154,-0.0189,,,0.0236,NEUTRAL,-0.0265,-0.0322,,,0.0289,NEUTRAL,-0.0132,-0.0231,,,0.0373,NEUTRAL,-0.1114,-0.1198,,,0.0527,NEUTRAL,-0.0187,-0.0453,,,0.0646,NEUTRAL,-0.0882,-0.0916,,,0.0764,NEUTRAL,,NEUTRAL,,NEUTRAL
116530958523656778,2026-05-07,DJT,Trump Media & Technology Group,direct,neutral,cache,SPY,,,1,0.0334,-0.0109,-0.0309,3,1,Wow. Study this Chart! President DJT,-0.0055,-0.0008,,,0.0167,NEUTRAL,-0.0154,-0.0189,,,0.0236,NEUTRAL,-0.0265,-0.0322,,,0.0289,NEUTRAL,-0.0132,-0.0231,,,0.0373,NEUTRAL,-0.1114,-0.1198,,,0.0527,NEUTRAL,-0.0187,-0.0453,,,0.0646,NEUTRAL,-0.0882,-0.0916,,,0.0764,NEUTRAL,,NEUTRAL,,NEUTRAL
116532960075277957,2026-05-07,DJT,Trump Media & Technology Group,direct,neutral,cache,SPY,,,1,0.0334,-0.0109,-0.0309,3,1,"A highly accurate depiction of the Sleepy Joe Biden Administration. Tremendous damage done but, WE’RE BACK!!! President DJT",-0.0055,-0.0008,,,0.0167,NEUTRAL,-0.0154,-0.0189,,,0.0236,NEUTRAL,-0.0265,-0.0322,,,0.0289,NEUTRAL,-0.0132,-0.0231,,,0.0373,NEUTRAL,-0.1114,-0.1198,,,0.0527,NEUTRAL,-0.0187,-0.0453,,,0.0646,NEUTRAL,-0.0882,-0.0916,,,0.0764,NEUTRAL,,NEUTRAL,,NEUTRAL
116533234584336287,2026-05-07,DJT,Trump Media & Technology Group,direct,positive,cache,SPY,,,1,0.0334,-0.0109,-0.0309,3,1,The Real Deal - GOLD - At Doral in Miami. Put there by great American Patriots!!! President DJT,-0.0055,-0.0008,,,0.0167,NA,-0.0154,-0.0189,,,0.0236,NA,-0.0265,-0.0322,,,0.0289,NA,-0.0132,-0.0231,,,0.0373,NA,-0.1114,-0.1198,,,0.0527,NA,-0.0187,-0.0453,,,0.0646,NA,-0.0882,-0.0916,,,0.0764,NA,,NA,,NA
116533436964740040,2026-05-07,DJT,Trump Media & Technology Group,direct,neutral,cache,SPY,,,1,0.0334,-0.0109,-0.0309,3,1,"This lunatic, Hakeem “Low IQ” Jeffries, should be charged with INCITING VIOLENCE! The Radical Left Democrats actually want to Destroy our Country. President DJT",-0.0055,-0.0008,,,0.0167,NEUTRAL,-0.0154,-0.0189,,,0.0236,NEUTRAL,-0.0265,-0.0322,,,0.0289,NEUTRAL,-0.0132,-0.0231,,,0.0373,NEUTRAL,-0.1114,-0.1198,,,0.0527,NEUTRAL,-0.0187,-0.0453,,,0.0646,NEUTRAL,-0.0882,-0.0916,,,0.0764,NEUTRAL,,NEUTRAL,,NEUTRAL
116538296068946492,2026-05-08,DJT,Trump Media & Technology Group,direct,neutral,cache,SPY,,,1,0.0327,-0.0088,-0.0196,4,1,June 14th. Biggest ever!!! DJT,-0.0127,-0.0164,,,0.0163,NEUTRAL,-0.0238,-0.0297,,,0.0231,NEUTRAL,-0.0348,-0.0392,,,0.0283,NEUTRAL,-0.0105,-0.0285,,,0.0365,NEUTRAL,-0.1211,-0.1317,,,0.0517,NEUTRAL,0.0293,-0.0,,,0.0633,NEUTRAL,-0.0989,-0.1048,,,0.0749,NEUTRAL,,NEUTRAL,,NEUTRAL
116539515540417858,2026-05-08,DJT,Trump Media & Technology Group,direct,neutral,cache,SPY,,,1,0.0327,-0.0088,-0.0196,4,0,Bryson DeChambeau and Gary Player doing 50 Push Ups at the White House for the reinstatement of the Presidential Fitness Test! President DJT,0.0057,0.0018,,,0.0163,NEUTRAL,-0.0057,-0.008,,,0.023,NEUTRAL,0.0194,0.0114,,,0.0282,NEUTRAL,-0.0125,-0.0162,,,0.0364,NEUTRAL,-0.0945,-0.107,,,0.0515,NEUTRAL,0.0786,0.0486,,,0.063,NEUTRAL,-0.0706,-0.0714,,,0.0746,NEUTRAL,,NEUTRAL,,NEUTRAL
116539519628279146,2026-05-08,DJT,Trump Media & Technology Group,direct,neutral,cache,SPY,,,1,0.0327,-0.0088,-0.0196,4,0,Amazing — Bryson doing 30 Pull Ups at the White House for the reinstatement of the Presidential Fitness Test! President DJT,0.0057,0.0018,,,0.0163,NEUTRAL,-0.0057,-0.008,,,0.023,NEUTRAL,0.0194,0.0114,,,0.0282,NEUTRAL,-0.0125,-0.0162,,,0.0364,NEUTRAL,-0.0945,-0.107,,,0.0515,NEUTRAL,0.0786,0.0486,,,0.063,NEUTRAL,-0.0706,-0.0714,,,0.0746,NEUTRAL,,NEUTRAL,,NEUTRAL
116559887253123676,2026-05-12,DJT,Trump Media & Technology Group,direct,positive,cache,SPY,,,1,0.0321,-0.0112,-0.0297,1,1,"The Failing New York Times, which is one of the worst newspapers anywhere in the World, and is losing subscribers on an hourly basis, is now at it again. Just like they covered my Landslide 2024 Presi",-0.0113,-0.0131,,,0.0161,NA,0.0136,0.0062,,,0.0227,NA,0.0136,-0.0017,,,0.0278,NA,-0.0634,-0.0658,,,0.0359,NA,-0.0623,-0.0809,,,0.0508,NA,0.0238,-0.007,,,0.0622,NA,-0.1178,-0.1022,,,0.0736,NA,,NA,,NA
116561201966385448,2026-05-12,DJT,Trump Media & Technology Group,direct,positive,cache,SPY,,,1,0.0321,-0.0112,-0.0297,1,1,"The Failing New York Times, which is one of the worst newspapers anywhere in the World, and is losing subscribers on an hourly basis, is now at it again. Just like they covered my Landslide 2024 Presi",-0.0113,-0.0131,,,0.0161,NA,0.0136,0.0062,,,0.0227,NA,0.0136,-0.0017,,,0.0278,NA,-0.0634,-0.0658,,,0.0359,NA,-0.0623,-0.0809,,,0.0508,NA,0.0238,-0.007,,,0.0622,NA,-0.1178,-0.1022,,,0.0736,NA,,NA,,NA
116561460158049642,2026-05-12,DJT,Trump Media & Technology Group,direct,neutral,cache,SPY,,,1,0.0321,-0.0112,-0.0297,1,1,"No Republican has ever spoken to me about Cuba, which is a failed country and only heading in one direction - down! Cuba is asking for help, and we are going to talk!!! In the meantime, I’m off to Chi",-0.0113,-0.0131,,,0.0161,NEUTRAL,0.0136,0.0062,,,0.0227,NEUTRAL,0.0136,-0.0017,,,0.0278,NEUTRAL,-0.0634,-0.0658,,,0.0359,NEUTRAL,-0.0623,-0.0809,,,0.0508,NEUTRAL,0.0238,-0.007,,,0.0622,NEUTRAL,-0.1178,-0.1022,,,0.0736,NEUTRAL,,NEUTRAL,,NEUTRAL
116565066757116256,2026-05-13,GS,Goldman Sachs,direct,positive,cache,SPY DIA,XLF,JPM BAC WFC MS,0,0.0146,0.0011,0.0216,2,1,"CNBC incorrectly reported that the Great Jensen Huang, of Nvidia, was not invited to the incredible gathering of the World's Greatest Businessmen/women proudly going to China. In actuality, Jensen is ",0.0144,0.0108,0.0174,0.0219,0.0073,UP,0.0288,0.0176,0.0259,0.0351,0.0104,UP,0.007,0.0071,0.0078,0.0178,0.0127,NEUTRAL,-0.0139,-0.0088,-0.0131,-0.0136,0.0164,NEUTRAL,0.058,0.0388,0.0525,0.0374,0.0232,UP,0.1053,0.0822,0.1106,0.0545,0.0284,UP,0.0996,0.0865,0.0707,-0.0065,0.0336,NEUTRAL,0.264,UP,0.0167,UP
116565066757116256,2026-05-13,AAPL,Apple,direct,positive,cache,SPY QQQ DIA,XLK,MSFT NVDA AMD AVGO,0,0.016,0.0072,0.0266,2,1,"CNBC incorrectly reported that the Great Jensen Huang, of Nvidia, was not invited to the incredible gathering of the World's Greatest Businessmen/women proudly going to China. In actuality, Jensen is ",0.0183,0.0137,0.0207,0.0151,0.008,UP,0.016,0.0039,0.0035,-0.0157,0.0113,NEUTRAL,0.0229,0.0234,0.0286,0.0108,0.0138,NEUTRAL,0.0186,0.026,0.0414,0.0339,0.0179,UP,0.0591,0.0372,0.0187,0.039,0.0252,NEUTRAL,0.0571,0.0256,-0.0499,-0.0502,0.0309,NEUTRAL,0.0073,-0.0048,-0.0263,0.0585,0.0366,NEUTRAL,-0.0366,NEUTRAL,-0.0008,NEUTRAL
116565066757116256,2026-05-13,NVDA,NVIDIA,direct,positive,cache,SPY QQQ DIA,XLK SMH,AAPL MSFT AMD AVGO INTC TSM,0,0.0233,0.0061,0.0439,2,1,"CNBC incorrectly reported that the Great Jensen Huang, of Nvidia, was not invited to the incredible gathering of the World's Greatest Businessmen/women proudly going to China. In actuality, Jensen is ",0.004,-0.0006,0.0046,0.0009,0.0117,NEUTRAL,0.0481,0.0359,0.0361,0.0323,0.0165,UP,0.0017,0.0022,0.0181,-0.0172,0.0202,NEUTRAL,-0.0192,-0.0118,0.0165,-0.0064,0.0261,NEUTRAL,-0.0548,-0.0768,-0.0957,-0.0972,0.0369,NEUTRAL,-0.0453,-0.0768,-0.1565,-0.1246,0.0452,NEUTRAL,-0.0881,-0.1002,-0.1378,-0.0769,0.0534,NEUTRAL,0.0702,UP,0.0034,UP
116565066757116256,2026-05-13,BA,Boeing,direct,positive,cache,SPY DIA,XLI ITA,CAT GE RTX UNP LMT NOC GD,0,0.0206,-0.0056,0.0253,2,1,"CNBC incorrectly reported that the Great Jensen Huang, of Nvidia, was not invited to the incredible gathering of the World's Greatest Businessmen/women proudly going to China. In actuality, Jensen is ",0.0142,0.0106,0.0144,0.0185,0.0103,UP,-0.0338,-0.0451,-0.0334,-0.0242,0.0146,NEUTRAL,-0.0706,-0.0705,-0.0452,-0.0441,0.0178,NEUTRAL,-0.0937,-0.0885,-0.063,-0.0826,0.023,NEUTRAL,-0.0545,-0.0737,-0.0669,-0.052,0.0326,NEUTRAL,-0.1123,-0.1355,-0.1115,-0.1018,0.0399,NEUTRAL,-0.0658,-0.0789,-0.0929,-0.1063,0.0472,NEUTRAL,0.0483,UP,0.0126,UP
116577975964537452,2026-05-15,DJT,Trump Media & Technology Group,direct,neutral,cache,SPY,,,1,0.0301,0.0,0.0136,4,1,"This is a statue, now standing at Doral, that was commissioned by a large group of political supporters who just wanted a statue of yours truly. I very much appreciate their support, and all that they",-0.0137,-0.0101,,,0.0151,NEUTRAL,-0.0592,-0.0549,,,0.0213,NEUTRAL,-0.0899,-0.079,,,0.0261,NEUTRAL,-0.0956,-0.0968,,,0.0337,NEUTRAL,0.0592,0.0394,,,0.0476,NEUTRAL,-0.0592,-0.0534,,,0.0583,NEUTRAL,-0.0398,-0.0574,,,0.069,NEUTRAL,,NEUTRAL,,NEUTRAL
116584623668841124,2026-05-16,DJT,Trump Media & Technology Group,direct,neutral,cache,SPY,,,1,0.0287,-0.0313,-0.0069,5,1,No games!!! Watch what’s next on your favorite subject! President DJT,-0.0428,-0.0412,,,0.0144,NEUTRAL,-0.0741,-0.0658,,,0.0203,NEUTRAL,-0.0671,-0.069,,,0.0249,NEUTRAL,-0.0799,-0.0877,,,0.0321,NEUTRAL,0.0961,0.0708,,,0.0454,NEUTRAL,-0.0567,-0.0559,,,0.0556,NEUTRAL,-0.0556,-0.0697,,,0.0658,NEUTRAL,,NEUTRAL,,NEUTRAL
116584999440204144,2026-05-16,DJT,Trump Media & Technology Group,direct,neutral,cache,SPY,,,1,0.0287,-0.0313,-0.0069,5,1,RT: https://truthsocial.com/users/realDonaldTrump/statuses/116584998513616323This is so cool. Watch! President DJT,-0.0428,-0.0412,,,0.0144,NEUTRAL,-0.0741,-0.0658,,,0.0203,NEUTRAL,-0.0671,-0.069,,,0.0249,NEUTRAL,-0.0799,-0.0877,,,0.0321,NEUTRAL,0.0961,0.0708,,,0.0454,NEUTRAL,-0.0567,-0.0559,,,0.0556,NEUTRAL,-0.0556,-0.0697,,,0.0658,NEUTRAL,,NEUTRAL,,NEUTRAL
116589795851243755,2026-05-17,DJT,Trump Media & Technology Group,direct,neutral,cache,SPY,,,1,0.0287,-0.0313,-0.0069,6,1,"Bad Congressman Tom Massie voted against Tax Cuts, the Border Wall, our Military and Law Enforcement. Actually, he voted against almost everything that is good. The Worst Republican Congressman in His",-0.0428,-0.0412,,,0.0144,NEUTRAL,-0.0741,-0.0658,,,0.0203,NEUTRAL,-0.0671,-0.069,,,0.0249,NEUTRAL,-0.0799,-0.0877,,,0.0321,NEUTRAL,0.0961,0.0708,,,0.0454,NEUTRAL,-0.0567,-0.0559,,,0.0556,NEUTRAL,-0.0556,-0.0697,,,0.0658,NEUTRAL,,NEUTRAL,,NEUTRAL
116589922190393582,2026-05-17,DJT,Trump Media & Technology Group,direct,neutral,cache,SPY,,,1,0.0287,-0.0313,-0.0069,6,1,"I HOPE EVERYBODY AT REDEDICATE 250 IS HAVING A GOOD TIME. IF THERE IS ANYTHING I CAN DO TO HELP, JUST HAVE OUR BEAUTIFUL, BOTH INSIDE AND OUT, RACHAEL C.D., GIVE ME A CALL. I’M BACK FROM CHINA!!! Pres",-0.0428,-0.0412,,,0.0144,NEUTRAL,-0.0741,-0.0658,,,0.0203,NEUTRAL,-0.0671,-0.069,,,0.0249,NEUTRAL,-0.0799,-0.0877,,,0.0321,NEUTRAL,0.0961,0.0708,,,0.0454,NEUTRAL,-0.0567,-0.0559,,,0.0556,NEUTRAL,-0.0556,-0.0697,,,0.0658,NEUTRAL,,NEUTRAL,,NEUTRAL
116590914302000241,2026-05-17,DJT,Trump Media & Technology Group,direct,neutral,cache,SPY,,,1,0.0287,-0.0313,-0.0069,6,1,"For Iran, the Clock is Ticking, and they better get moving, FAST, or there won’t be anything left of them. TIME IS OF THE ESSENCE! President DJT",-0.0428,-0.0412,,,0.0144,NEUTRAL,-0.0741,-0.0658,,,0.0203,NEUTRAL,-0.0671,-0.069,,,0.0249,NEUTRAL,-0.0799,-0.0877,,,0.0321,NEUTRAL,0.0961,0.0708,,,0.0454,NEUTRAL,-0.0567,-0.0559,,,0.0556,NEUTRAL,-0.0556,-0.0697,,,0.0658,NEUTRAL,,NEUTRAL,,NEUTRAL
116596094940250402,2026-05-18,DJT,Trump Media & Technology Group,direct,positive,cache,SPY,,,1,0.0287,-0.0313,-0.0069,0,0,"If Iran surrenders, admits their Navy is gone and resting at the bottom of the sea, and their Air Force is no longer with us, and if their entire Military walks out of Tehran, weapons dropped and hand",-0.0232,-0.0218,,,0.0149,NA,-0.0159,-0.0247,,,0.0211,NA,-0.0293,-0.0401,,,0.0259,NA,0.011,-0.0105,,,0.0334,NA,0.1038,0.07,,,0.0473,NA,-0.0037,-0.0068,,,0.0579,NA,-0.011,-0.0194,,,0.0685,NA,,NA,,NA
116615755510809391,2026-05-22,DJT,Trump Media & Technology Group,direct,positive,cache,SPY,,,1,0.0288,-0.0136,-0.0387,4,1,Have it!!! Great. President DJT,0.0,0.0008,,,0.0144,NA,0.0415,0.0357,,,0.0204,NA,0.078,0.0723,,,0.025,NA,0.1711,0.1573,,,0.0322,NA,0.0403,0.0519,,,0.0456,NA,-0.0189,-0.0129,,,0.0558,NA,-0.0088,0.0056,,,0.066,NA,,NA,,NA
116618310463377683,2026-05-22,DJT,Trump Media & Technology Group,direct,positive,cache,SPY,,,1,0.0288,-0.0136,-0.0387,4,1,Glenn Jacobs has a BIG political future in Tennessee - A great guy!!! President DJT,0.0,0.0008,,,0.0144,NA,0.0415,0.0357,,,0.0204,NA,0.078,0.0723,,,0.025,NA,0.1711,0.1573,,,0.0322,NA,0.0403,0.0519,,,0.0456,NA,-0.0189,-0.0129,,,0.0558,NA,-0.0088,0.0056,,,0.066,NA,,NA,,NA
116618410517308849,2026-05-22,DJT,Trump Media & Technology Group,direct,positive,cache,SPY,,,1,0.0288,-0.0136,-0.0387,4,1,"People don’t remember that Thom Tillis, the weak and ineffective Senator from the Great State of North Carolina, a State I won, including primaries, 6 consecutive times, didn’t have the courage to fig",0.0,0.0008,,,0.0144,NA,0.0415,0.0357,,,0.0204,NA,0.078,0.0723,,,0.025,NA,0.1711,0.1573,,,0.0322,NA,0.0403,0.0519,,,0.0456,NA,-0.0189,-0.0129,,,0.0558,NA,-0.0088,0.0056,,,0.066,NA,,NA,,NA
116618545735076530,2026-05-22,DJT,Trump Media & Technology Group,direct,neutral,cache,SPY,,,1,0.0288,-0.0136,-0.0387,4,0,"I gave up a lot of money in allowing the just announced Anti-Weaponization Fund to go forward. I could have settled my case, including the illegal release of my Tax Returns and the equally illegal BRE",0.0337,0.0329,,,0.0141,NEUTRAL,0.0699,0.0693,,,0.02,NEUTRAL,0.1111,0.105,,,0.0245,NEUTRAL,0.1823,0.1709,,,0.0316,NEUTRAL,0.0175,0.0319,,,0.0446,NEUTRAL,0.0537,0.0473,,,0.0547,NEUTRAL,-0.0612,-0.0413,,,0.0647,NEUTRAL,,NEUTRAL,,NEUTRAL
116627078084596411,2026-05-24,DJT,Trump Media & Technology Group,direct,neutral,cache,SPY,,,1,0.0282,0.0,-0.0062,6,1,"The Democrats just released an “Autopsy” of their 2024 Presidential Campaign, typos and all, but they refused to discuss two very important words, BAD POLICY. The candidates, Sleepy Joe and then, Kama",0.0337,0.0329,,,0.0141,NEUTRAL,0.0699,0.0693,,,0.02,NEUTRAL,0.1111,0.105,,,0.0245,NEUTRAL,0.1823,0.1709,,,0.0316,NEUTRAL,0.0175,0.0319,,,0.0446,NEUTRAL,0.0537,0.0473,,,0.0547,NEUTRAL,-0.0612,-0.0413,,,0.0647,NEUTRAL,,NEUTRAL,,NEUTRAL
116629446282651415,2026-05-24,DJT,Trump Media & Technology Group,direct,positive,cache,SPY,,,1,0.0282,0.0,-0.0062,6,1,This is a bad (Sick!) group of people. Very destructive to our great Nation. Caused tremendous damage through Weaponization! President DJT,0.0337,0.0329,,,0.0141,NA,0.0699,0.0693,,,0.02,NA,0.1111,0.105,,,0.0245,NA,0.1823,0.1709,,,0.0316,NA,0.0175,0.0319,,,0.0446,NA,0.0537,0.0473,,,0.0547,NA,-0.0612,-0.0413,,,0.0647,NA,,NA,,NA
116629885537147552,2026-05-24,DJT,Trump Media & Technology Group,direct,neutral,cache,SPY,,,1,0.0282,0.0,-0.0062,6,1,The Dumocrats don’t want to allow FISHING. Fighting us in Court. Bad for the environment. Amazing! President DJT,0.0337,0.0329,,,0.0141,NEUTRAL,0.0699,0.0693,,,0.02,NEUTRAL,0.1111,0.105,,,0.0245,NEUTRAL,0.1823,0.1709,,,0.0316,NEUTRAL,0.0175,0.0319,,,0.0446,NEUTRAL,0.0537,0.0473,,,0.0547,NEUTRAL,-0.0612,-0.0413,,,0.0647,NEUTRAL,,NEUTRAL,,NEUTRAL
116630919376298273,2026-05-24,DJT,Trump Media & Technology Group,direct,positive,cache,SPY,,,1,0.0282,0.0,-0.0062,6,1,"If I make a deal with Iran, it will be a good and proper one, not like the one made by Obama, which gave Iran massive amounts of CASH, and a clear and open path to a Nuclear Weapon. Our deal is the ex",0.0337,0.0329,,,0.0141,NA,0.0699,0.0693,,,0.02,NA,0.1111,0.105,,,0.0245,NA,0.1823,0.1709,,,0.0316,NA,0.0175,0.0319,,,0.0446,NA,0.0537,0.0473,,,0.0547,NA,-0.0612,-0.0413,,,0.0647,NA,,NA,,NA
116632780751574963,2026-05-25,DJT,Trump Media & Technology Group,direct,positive,cache,SPY,,,1,0.0282,0.0,-0.0062,0,1,The voice and genius of the great Dana White (UFC!). Thank you Dana! President DJT,0.0337,0.0329,,,0.0141,NA,0.0699,0.0693,,,0.02,NA,0.1111,0.105,,,0.0245,NA,0.1823,0.1709,,,0.0316,NA,0.0175,0.0319,,,0.0446,NA,0.0537,0.0473,,,0.0547,NA,-0.0612,-0.0413,,,0.0647,NA,,NA,,NA
116634668906719597,2026-05-25,DJT,Trump Media & Technology Group,direct,negative,cache,SPY,,,1,0.0282,0.0,-0.0062,0,1,"I laugh at all of the Dumocrats, RINOS, and Fools who know nothing about the potential deal I am making with Iran, things that haven't even been negotiated yet, weak and ineffective people like failed",0.0337,0.0329,,,0.0141,NA,0.0699,0.0693,,,0.02,NA,0.1111,0.105,,,0.0245,NA,0.1823,0.1709,,,0.0316,NA,0.0175,0.0319,,,0.0446,NA,0.0537,0.0473,,,0.0547,NA,-0.0612,-0.0413,,,0.0647,NA,,NA,,NA
116635119382599342,2026-05-25,DJT,Trump Media & Technology Group,direct,positive,cache,SPY,,,1,0.0282,0.0,-0.0062,0,1,Mike: Thank you for your nice words on Fox. We are on the same path. Keep up the great work. Good luck on the Show! President DJT,0.0337,0.0329,,,0.0141,NA,0.0699,0.0693,,,0.02,NA,0.1111,0.105,,,0.0245,NA,0.1823,0.1709,,,0.0316,NA,0.0175,0.0319,,,0.0446,NA,0.0537,0.0473,,,0.0547,NA,-0.0612,-0.0413,,,0.0647,NA,,NA,,NA
116637404995923093,2026-05-25,DJT,Trump Media & Technology Group,direct,neutral,cache,SPY,,,1,0.0282,0.0,-0.0062,0,1,"The Enriched Uranium (Nuclear Dust!) will either be immediately turned over to the United States to be brought home and destroyed or, preferably, in conjunction and coordination with the Islamic Repub",0.0337,0.0329,,,0.0141,NEUTRAL,0.0699,0.0693,,,0.02,NEUTRAL,0.1111,0.105,,,0.0245,NEUTRAL,0.1823,0.1709,,,0.0316,NEUTRAL,0.0175,0.0319,,,0.0446,NEUTRAL,0.0537,0.0473,,,0.0547,NEUTRAL,-0.0612,-0.0413,,,0.0647,NEUTRAL,,NEUTRAL,,NEUTRAL
116640319334016190,2026-05-26,DJT,Trump Media & Technology Group,direct,positive,cache,SPY,,,1,0.0282,0.0,-0.0062,1,1,Great job on FoxNews by Alex Gray. Thanks Alex!!! President DJT,0.0337,0.0329,,,0.0141,NA,0.0699,0.0693,,,0.02,NA,0.1111,0.105,,,0.0245,NA,0.1823,0.1709,,,0.0316,NA,0.0175,0.0319,,,0.0446,NA,0.0537,0.0473,,,0.0547,NA,-0.0612,-0.0413,,,0.0647,NA,,NA,,NA
116640630404037479,2026-05-26,DJT,Trump Media & Technology Group,direct,positive,cache,SPY,,,1,0.0282,0.0,-0.0062,1,1,"Historian, and far beyond that, Victor Davis Hanson, is GREAT. That’s all I have to say. There is no further explanation needed. A fantastic man! President DJT",0.0337,0.0329,,,0.0141,NA,0.0699,0.0693,,,0.02,NA,0.1111,0.105,,,0.0245,NA,0.1823,0.1709,,,0.0316,NA,0.0175,0.0319,,,0.0446,NA,0.0537,0.0473,,,0.0547,NA,-0.0612,-0.0413,,,0.0647,NA,,NA,,NA
116640837468653063,2026-05-26,DJT,Trump Media & Technology Group,direct,positive,cache,SPY,,,1,0.0282,0.0,-0.0062,1,1,Great job by Congressman Derrick Van Orden on FoxNews. A real PRO! President DJT,0.0337,0.0329,,,0.0141,NA,0.0699,0.0693,,,0.02,NA,0.1111,0.105,,,0.0245,NA,0.1823,0.1709,,,0.0316,NA,0.0175,0.0319,,,0.0446,NA,0.0537,0.0473,,,0.0547,NA,-0.0612,-0.0413,,,0.0647,NA,,NA,,NA
116641867405994600,2026-05-26,DJT,Trump Media & Technology Group,direct,positive,cache,SPY,,,1,0.0282,0.0,-0.0062,1,0,Just finished my 6 month physical at Walter Reed Military Medical Center. Everything checked out PERFECTLY. Thank you to the great Doctors and Staff! Heading back to the White House. President DJT,0.04,0.0406,,,0.0128,NA,0.0801,0.0751,,,0.0182,NA,0.1299,0.1224,,,0.0222,NA,0.0971,0.0855,,,0.0287,NA,-0.0097,0.0087,,,0.0406,NA,-0.0097,-0.009,,,0.0497,NA,-0.1432,-0.1236,,,0.0588,NA,,NA,,NA
116646286868516993,2026-05-27,DJT,Trump Media & Technology Group,direct,positive,cache,SPY,,,1,0.0257,0.0415,0.0273,2,1,"Congratulations to Ken Paxton on such a tremendous win, and to John Cornyn for having run a strong and powerful race but, more importantly, having had a truly great career. John will remain my friend ",0.04,0.0406,,,0.0128,NA,0.0801,0.0751,,,0.0182,NA,0.1299,0.1224,,,0.0222,NA,0.0971,0.0855,,,0.0287,NA,-0.0097,0.0087,,,0.0406,NA,-0.0097,-0.009,,,0.0497,NA,-0.1432,-0.1236,,,0.0588,NA,,NA,,NA
116646308242618920,2026-05-27,DJT,Trump Media & Technology Group,direct,positive,cache,SPY,,,1,0.0257,0.0415,0.0273,2,1,"Congratulations to Ken Paxton on such a tremendous win, and to John Cornyn for having run a strong and powerful race but, more importantly, having had a truly great career. John will remain my friend ",0.04,0.0406,,,0.0128,NA,0.0801,0.0751,,,0.0182,NA,0.1299,0.1224,,,0.0222,NA,0.0971,0.0855,,,0.0287,NA,-0.0097,0.0087,,,0.0406,NA,-0.0097,-0.009,,,0.0497,NA,-0.1432,-0.1236,,,0.0588,NA,,NA,,NA
116647016538665889,2026-05-27,DJT,Trump Media & Technology Group,direct,positive,cache,SPY,,,1,0.0257,0.0415,0.0273,2,0,"This Weak on Crime, Open Borders Dumocrat, can never be allowed to represent the Great People of Texas. His “values” are the exact opposite!!! President DJT",0.0483,0.0425,,,0.0109,NA,0.0966,0.0883,,,0.0154,NA,0.1154,0.1044,,,0.0188,NA,0.0165,0.0112,,,0.0243,NA,-0.0824,-0.0494,,,0.0344,NA,-0.0459,-0.0336,,,0.0421,NA,-0.126,-0.1002,,,0.0498,NA,,NA,,NA
116647052759264072,2026-05-27,DJT,Trump Media & Technology Group,direct,positive,cache,SPY,,,1,0.0257,0.0415,0.0273,2,0,"Congratulations to the Dumocrat Party! Al Green, one of the most mentally deficient Congressmen in the history of our Country, has lost, in a landslide, his seat in Congress - But I will miss that lun",0.0483,0.0425,,,0.0109,NA,0.0966,0.0883,,,0.0154,NA,0.1154,0.1044,,,0.0188,NA,0.0165,0.0112,,,0.0243,NA,-0.0824,-0.0494,,,0.0344,NA,-0.0459,-0.0336,,,0.0421,NA,-0.126,-0.1002,,,0.0498,NA,,NA,,NA
116659197463770070,2026-05-29,DJT,Trump Media & Technology Group,direct,neutral,cache,SPY,,,1,0.0236,0.0385,0.1195,4,0,So unfair to Tina Peters — 9 years vs. ZERO! President DJT,0.043,0.0387,,,0.0129,NEUTRAL,-0.0044,-0.01,,,0.0182,NEUTRAL,-0.0496,-0.0481,,,0.0223,NEUTRAL,-0.0892,-0.0656,,,0.0287,NEUTRAL,-0.141,-0.123,,,0.0407,NEUTRAL,-0.1057,-0.0937,,,0.0498,NEUTRAL,-0.1476,-0.1388,,,0.0589,NEUTRAL,,NEUTRAL,,NEUTRAL
116664418957601249,2026-05-30,DJT,Trump Media & Technology Group,direct,positive,cache,SPY,,,1,0.0257,0.0461,0.1244,5,1,"Thank you Jaxson! It was great being with you. I know you're taking some heat from the Radical Left Lunatics who are jealous of you, me, and everyone who surrounds us but, I also know that your Jersey",0.043,0.0387,,,0.0129,NA,-0.0044,-0.01,,,0.0182,NA,-0.0496,-0.0481,,,0.0223,NA,-0.0892,-0.0656,,,0.0287,NA,-0.141,-0.123,,,0.0407,NA,-0.1057,-0.0937,,,0.0498,NA,-0.1476,-0.1388,,,0.0589,NA,,NA,,NA
116664536700150219,2026-05-30,DJT,Trump Media & Technology Group,direct,positive,cache,SPY,,,1,0.0257,0.0461,0.1244,5,1,"PRESIDENT DONALD J. TRUMP vs. Kathy Hochul, New York’s failed Governor who, if people are smart, will vote for Bruce Blakeman — He will, MAKE NEW YORK GREAT AGAIN! President DJT",0.043,0.0387,,,0.0129,NA,-0.0044,-0.01,,,0.0182,NA,-0.0496,-0.0481,,,0.0223,NA,-0.0892,-0.0656,,,0.0287,NA,-0.141,-0.123,,,0.0407,NA,-0.1057,-0.0937,,,0.0498,NA,-0.1476,-0.1388,,,0.0589,NA,,NA,,NA
116664576257157897,2026-05-30,DJT,Trump Media & Technology Group,direct,positive,cache,SPY,,,1,0.0257,0.0461,0.1244,5,1,"Tom Brady is a great player, and great guy!President DJT",0.043,0.0387,,,0.0129,NA,-0.0044,-0.01,,,0.0182,NA,-0.0496,-0.0481,,,0.0223,NA,-0.0892,-0.0656,,,0.0287,NA,-0.141,-0.123,,,0.0407,NA,-0.1057,-0.0937,,,0.0498,NA,-0.1476,-0.1388,,,0.0589,NA,,NA,,NA
116665133051752156,2026-05-30,DJT,Trump Media & Technology Group,direct,neutral,cache,SPY,,,1,0.0257,0.0461,0.1244,5,1,Watch Lara Trump tonight on FoxNews at 9 P.M. EST. She interviews me for the entire Show! President DJT,0.043,0.0387,,,0.0129,NEUTRAL,-0.0044,-0.01,,,0.0182,NEUTRAL,-0.0496,-0.0481,,,0.0223,NEUTRAL,-0.0892,-0.0656,,,0.0287,NEUTRAL,-0.141,-0.123,,,0.0407,NEUTRAL,-0.1057,-0.0937,,,0.0498,NEUTRAL,-0.1476,-0.1388,,,0.0589,NEUTRAL,,NEUTRAL,,NEUTRAL
116666242491370108,2026-05-30,DJT,Trump Media & Technology Group,direct,neutral,cache,SPY,,,1,0.0257,0.0461,0.1244,5,1,"Watch my interview with my fantastic daughter-in-law, Lara Trump, tonight at 9:00 - FoxNews. President DJT",0.043,0.0387,,,0.0129,NEUTRAL,-0.0044,-0.01,,,0.0182,NEUTRAL,-0.0496,-0.0481,,,0.0223,NEUTRAL,-0.0892,-0.0656,,,0.0287,NEUTRAL,-0.141,-0.123,,,0.0407,NEUTRAL,-0.1057,-0.0937,,,0.0498,NEUTRAL,-0.1476,-0.1388,,,0.0589,NEUTRAL,,NEUTRAL,,NEUTRAL
116671779106880540,2026-05-31,DJT,Trump Media & Technology Group,direct,negative,cache,SPY,,,1,0.0257,0.0461,0.1244,6,1,"Fake News CNN said today, routinely, that my Iran Nuclear Deal doesn’t talk about Nuclear, when actually it states, very clearly, that Iran will not have a Nuclear Weapon. It then goes on, in very str",0.043,0.0387,,,0.0129,NA,-0.0044,-0.01,,,0.0182,NA,-0.0496,-0.0481,,,0.0223,NA,-0.0892,-0.0656,,,0.0287,NA,-0.141,-0.123,,,0.0407,NA,-0.1057,-0.0937,,,0.0498,NA,-0.1476,-0.1388,,,0.0589,NA,,NA,,NA
116673094140159291,2026-06-01,DJT,Trump Media & Technology Group,direct,negative,cache,SPY,,,1,0.0257,0.0461,0.1244,0,1,"Iran really wants to make a deal, and it will be a good one for the U.S.A. and those that are with us. But don’t the Dumocrats, and various seemingly unpatriotic Republicans, understand that it is MUC",0.043,0.0387,,,0.0129,NA,-0.0044,-0.01,,,0.0182,NA,-0.0496,-0.0481,,,0.0223,NA,-0.0892,-0.0656,,,0.0287,NA,-0.141,-0.123,,,0.0407,NA,-0.1057,-0.0937,,,0.0498,NA,-0.1476,-0.1388,,,0.0589,NA,,NA,,NA
116673100624536427,2026-06-01,DJT,Trump Media & Technology Group,direct,neutral,cache,SPY,,,1,0.0257,0.0461,0.1244,0,1,Has anyone ever seen a happy Dumocrat??? President DJT,0.043,0.0387,,,0.0129,NEUTRAL,-0.0044,-0.01,,,0.0182,NEUTRAL,-0.0496,-0.0481,,,0.0223,NEUTRAL,-0.0892,-0.0656,,,0.0287,NEUTRAL,-0.141,-0.123,,,0.0407,NEUTRAL,-0.1057,-0.0937,,,0.0498,NEUTRAL,-0.1476,-0.1388,,,0.0589,NEUTRAL,,NEUTRAL,,NEUTRAL
116678321217174312,2026-06-02,INTC,Intel,direct,neutral,cache,SPY QQQ,SMH,NVDA AMD TSM AVGO,0,0.0562,-0.0467,-0.1022,1,1,"Ex-intel official reported Hunter Biden laptop letter was ‘deception operation,’ DOJ asked to probe: https://justthenews.com/accountability/political-ethics/ex-obama-intel-official-referred-hunter-bid",0.0045,0.0003,-0.0159,0.0049,0.0281,NEUTRAL,0.049,0.0496,0.0194,0.0631,0.0397,NEUTRAL,0.0403,0.0415,0.0275,0.0536,0.0486,NEUTRAL,0.0262,0.0557,0.0608,0.0823,0.0628,NEUTRAL,0.1899,0.1903,0.1456,0.2197,0.0888,NEUTRAL,0.2311,0.2642,0.2271,0.2939,0.1088,NEUTRAL,0.1821,0.1994,0.1807,0.2414,0.1287,NEUTRAL,0.012,NEUTRAL,-0.0627,NEUTRAL
116680527571740743,2026-06-02,DJT,Trump Media & Technology Group,direct,positive,cache,SPY,,,1,0.0253,0.0172,0.105,1,1,"Great job by highly decorated Navy Seal Officer, Mike Sarraille, on Jesse Watters. Mike has seen it all, and really gets it. A “tough cookie.” President DJT",-0.0342,-0.0375,,,0.0127,NA,-0.078,-0.0743,,,0.0179,NA,-0.0598,-0.0599,,,0.0219,NA,-0.1293,-0.1057,,,0.0283,NA,-0.0983,-0.0954,,,0.0401,NA,-0.1581,-0.1296,,,0.0491,NA,-0.1432,-0.1308,,,0.0581,NA,,NA,,NA
116687801575068178,2026-06-03,DJT,Trump Media & Technology Group,direct,neutral,cache,SPY,,,1,0.0269,-0.0454,0.0157,2,0,Has anyone ever seen a Happy Communist? President DJT,0.028,0.0214,,,0.0143,NEUTRAL,-0.0339,-0.0145,,,0.0203,NEUTRAL,-0.0479,-0.0308,,,0.0248,NEUTRAL,-0.09,-0.0545,,,0.032,NEUTRAL,-0.0537,-0.0389,,,0.0453,NEUTRAL,-0.1752,-0.1541,,,0.0555,NEUTRAL,-0.0228,-0.0221,,,0.0656,NEUTRAL,,NEUTRAL,,NEUTRAL
116690093479247202,2026-06-04,DJT,Trump Media & Technology Group,direct,neutral,cache,SPY,,,1,0.0286,-0.0454,-0.073,3,1,There’s BIG cheating by the Dumocrats in California. Votes are all tied up. May not be in for weeks. Under investigation by the U.S. Attorney’s Office in Los Angeles. Why the vote counting DELAY??? Pr,0.028,0.0214,,,0.0143,NEUTRAL,-0.0339,-0.0145,,,0.0203,NEUTRAL,-0.0479,-0.0308,,,0.0248,NEUTRAL,-0.09,-0.0545,,,0.032,NEUTRAL,-0.0537,-0.0389,,,0.0453,NEUTRAL,-0.1752,-0.1541,,,0.0555,NEUTRAL,-0.0228,-0.0221,,,0.0656,NEUTRAL,,NEUTRAL,,NEUTRAL
116691542670526572,2026-06-04,DJT,Trump Media & Technology Group,direct,negative,cache,SPY,,,1,0.0286,-0.0454,-0.073,3,1,"Yesterday, in a meaningless vote, the House voted, 4 bad Republicans and all of the Dumocrats, to limit my War Powers, right in the middle of my final negotiations to end the War with the Islamic Repu",0.028,0.0214,,,0.0143,NA,-0.0339,-0.0145,,,0.0203,NA,-0.0479,-0.0308,,,0.0248,NA,-0.09,-0.0545,,,0.032,NA,-0.0537,-0.0389,,,0.0453,NA,-0.1752,-0.1541,,,0.0555,NA,-0.0228,-0.0221,,,0.0656,NA,,NA,,NA
116692428120649540,2026-06-04,DJT,Trump Media & Technology Group,direct,neutral,cache,SPY,,,1,0.0286,-0.0454,-0.073,3,0,"FoxNews should get rid of sloppy RINO Karl Rove. He’s called ME and MAGA wrong for 11 years now, and he still doesn’t get it, and he never will, because he suffers from a completely inoperable, and to",-0.0516,-0.032,,,0.0145,NEUTRAL,-0.0654,-0.048,,,0.0205,NEUTRAL,-0.0642,-0.0439,,,0.0251,NEUTRAL,-0.0539,-0.0346,,,0.0324,NEUTRAL,-0.0264,-0.0215,,,0.0458,NEUTRAL,-0.1491,-0.1206,,,0.0561,NEUTRAL,,,,,0.0664,NEUTRAL,,NEUTRAL,,NEUTRAL
116693181442732474,2026-06-04,DJT,Trump Media & Technology Group,direct,positive,cache,SPY,,,1,0.0286,-0.0454,-0.073,3,0,Our Great “Warriors” who fixed and rebuilt the Reflecting Pool! President DJT,-0.0516,-0.032,,,0.0145,NA,-0.0654,-0.048,,,0.0205,NA,-0.0642,-0.0439,,,0.0251,NA,-0.0539,-0.0346,,,0.0324,NA,-0.0264,-0.0215,,,0.0458,NA,-0.1491,-0.1206,,,0.0561,NA,,,,,0.0664,NA,,NA,,NA
116693179748077154,2026-06-04,DJT,Trump Media & Technology Group,direct,neutral,cache,SPY,,,1,0.0286,-0.0454,-0.073,3,0,Rounding the final turn! President DJT,-0.0516,-0.032,,,0.0145,NEUTRAL,-0.0654,-0.048,,,0.0205,NEUTRAL,-0.0642,-0.0439,,,0.0251,NEUTRAL,-0.0539,-0.0346,,,0.0324,NEUTRAL,-0.0264,-0.0215,,,0.0458,NEUTRAL,-0.1491,-0.1206,,,0.0561,NEUTRAL,,,,,0.0664,NEUTRAL,,NEUTRAL,,NEUTRAL
116697823135630394,2026-06-05,DJT,Trump Media & Technology Group,direct,positive,cache,SPY,,,1,0.029,0.0197,-0.0707,4,0,"A great new book by fabulous Ainsley Earhardt, “America, I’m So Glad You Were Born,” is out now. What a great title! Get it now. Make it number ONE!!! President DJT",-0.0193,-0.0137,,,0.0158,NA,-0.0181,-0.0096,,,0.0224,NA,-0.0626,-0.0385,,,0.0275,NA,-0.0614,-0.0592,,,0.0354,NA,-0.0229,-0.0268,,,0.0501,NA,-0.0987,-0.0981,,,0.0614,NA,,,,,0.0726,NA,,NA,,NA
116697988425226966,2026-06-05,DJT,Trump Media & Technology Group,direct,positive,cache,SPY,,,1,0.029,0.0197,-0.0707,4,0,"With a great Jobs Report, like just announced, stocks should go up, not down. That’s the way it was for 200 years. Growth does not mean inflation! How else can a Country attain GREATNESS??? President ",-0.0193,-0.0137,,,0.0158,NA,-0.0181,-0.0096,,,0.0224,NA,-0.0626,-0.0385,,,0.0275,NA,-0.0614,-0.0592,,,0.0354,NA,-0.0229,-0.0268,,,0.0501,NA,-0.0987,-0.0981,,,0.0614,NA,,,,,0.0726,NA,,NA,,NA
116698196665878804,2026-06-05,AMZN,Amazon,indirect,positive,cache,SPY QQQ DIA,XLY,TSLA HD MCD NKE,0,0.016,0.0151,-0.0286,4,0,"The Great Reflecting Pool, that stretches between The Lincoln Memorial and The Washington Monument, just opened to “rave reviews” but, maliciously or not, some say, like The Washington Post, it was a ",-0.0059,-0.002,-0.0113,-0.0092,0.0085,NEUTRAL,-0.0101,-0.0017,-0.0197,-0.036,0.012,NEUTRAL,-0.0352,-0.0091,-0.024,-0.0536,0.0147,NEUTRAL,-0.033,-0.0354,-0.0489,-0.0674,0.019,NEUTRAL,-0.0563,-0.0724,-0.0598,-0.0688,0.0268,NEUTRAL,-0.0265,-0.0376,-0.049,-0.0277,0.0328,NEUTRAL,,,,,0.0388,NA,0.001,NEUTRAL,0.0023,NEUTRAL
116698625289241287,2026-06-05,DJT,Trump Media & Technology Group,direct,neutral,cache,SPY,,,1,0.029,0.0197,-0.0707,4,0,RT: https://truthsocial.com/users/realDonaldTrump/statuses/116698624343659358Very impressive. Proud of you! President DJT,-0.0193,-0.0137,,,0.0158,NEUTRAL,-0.0181,-0.0096,,,0.0224,NEUTRAL,-0.0626,-0.0385,,,0.0275,NEUTRAL,-0.0614,-0.0592,,,0.0354,NEUTRAL,-0.0229,-0.0268,,,0.0501,NEUTRAL,-0.0987,-0.0981,,,0.0614,NEUTRAL,,,,,0.0726,NEUTRAL,,NEUTRAL,,NEUTRAL
116700110138790417,2026-06-05,AMZN,Amazon,direct,positive,cache,SPY QQQ DIA,XLY,TSLA HD MCD NKE,0,0.017,-0.0306,-0.0409,4,1,"Eric Metaxas, a great guy, has written an incredible new book, “Revolution: The Birth of the Greatest Nation in the History of the World.” As we celebrate our Nation’s 250th Birthday, Eric honors the ",-0.0059,-0.002,-0.0113,-0.0092,0.0085,NEUTRAL,-0.0101,-0.0017,-0.0197,-0.036,0.012,NEUTRAL,-0.0352,-0.0091,-0.024,-0.0536,0.0147,NEUTRAL,-0.033,-0.0354,-0.0489,-0.0674,0.019,NEUTRAL,-0.0563,-0.0724,-0.0598,-0.0688,0.0268,NEUTRAL,-0.0265,-0.0376,-0.049,-0.0277,0.0328,NEUTRAL,,,,,0.0388,NA,-0.0174,NEUTRAL,-0.0049,NEUTRAL
116712260792747726,2026-06-08,DJT,Trump Media & Technology Group,direct,positive,cache,SPY,,,1,0.0317,-0.0602,-0.0852,0,1,"Has anybody been watching the CROOKED Election going on in California. Two great Republican Candidates are being cheated, and so is America, which if the Dumocrats are able to fulfill their mission, g",-0.0193,-0.0137,,,0.0158,NA,-0.0181,-0.0096,,,0.0224,NA,-0.0626,-0.0385,,,0.0275,NA,-0.0614,-0.0592,,,0.0354,NA,-0.0229,-0.0268,,,0.0501,NA,-0.0987,-0.0981,,,0.0614,NA,,,,,0.0726,NA,,NA,,NA
116715381418144428,2026-06-08,DJT,Trump Media & Technology Group,direct,positive,cache,SPY,,,1,0.0317,-0.0602,-0.0852,0,0,"Not possible for Spencer Pratt to have lost the L.A. runoffs after the big lead he had. 3rd World Nation. Rigged Elections! Now they’ll be working on great guy Steve Hilton. Won’t have results for, po",0.0,0.0088,,,0.0159,NA,-0.0453,-0.0209,,,0.0225,NA,0.011,0.0189,,,0.0275,NA,0.0343,0.0193,,,0.0355,NA,-0.0343,-0.0233,,,0.0502,NA,-0.0515,-0.0583,,,0.0615,NA,,,,,0.0728,NA,,NA,,NA
116716568733590358,2026-06-08,DJT,Trump Media & Technology Group,direct,positive,cache,SPY,,,1,0.0318,-0.0145,-0.0556,0,1,I will be doing a TeleRally LIVE at 5:30 P.M. EST for Senator Lindsey Graham and South Carolina Gubernatorial Candidate Pamela Evette — Both have my Complete and Total Endorsement. They will never let,0.0,0.0088,,,0.0159,NA,-0.0453,-0.0209,,,0.0225,NA,0.011,0.0189,,,0.0275,NA,0.0343,0.0193,,,0.0355,NA,-0.0343,-0.0233,,,0.0502,NA,-0.0515,-0.0583,,,0.0615,NA,,,,,0.0728,NA,,NA,,NA
116723301122482300,2026-06-10,DJT,Trump Media & Technology Group,direct,positive,cache,SPY,,,1,0.0317,0.0012,-0.0727,2,1,"Congratulations to Senator Lindsey Graham of the Great State of South Carolina on his BIG WIN tonight. With almost 60% of the vote against a large field of very capable candidates, there will be no ru",-0.0275,-0.0166,,,0.0159,NA,0.03,0.024,,,0.0224,NA,-0.0262,-0.0376,,,0.0275,NA,0.0187,-0.0044,,,0.0355,NA,-0.0612,-0.0635,,,0.0502,NA,0.0012,-0.0182,,,0.0615,NA,,,,,0.0727,NA,,NA,,NA
116725444469272742,2026-06-10,DJT,Trump Media & Technology Group,direct,neutral,cache,SPY,,,1,0.0317,0.0012,-0.0727,2,1,"Joe Scarborough’s ever shrinking, low rated show, one of the most inaccurate detailers of truthful facts on television, is being crushed in the ratings. His serious case on Trump Derangement Syndrome,",-0.0275,-0.0166,,,0.0159,NEUTRAL,0.03,0.024,,,0.0224,NEUTRAL,-0.0262,-0.0376,,,0.0275,NEUTRAL,0.0187,-0.0044,,,0.0355,NEUTRAL,-0.0612,-0.0635,,,0.0502,NEUTRAL,0.0012,-0.0182,,,0.0615,NEUTRAL,,,,,0.0727,NEUTRAL,,NEUTRAL,,NEUTRAL
116732049110199246,2026-06-11,DJT,Trump Media & Technology Group,direct,neutral,cache,SPY,,,1,0.033,-0.0453,-0.058,3,0,"The United States of America cannot live with the shackles of Birthright Citizenship. It is not economically, or otherwise, sustainable, and no other Country in the World, of consequence, does it! Pre",-0.0499,-0.0513,,,0.0176,NEUTRAL,0.028,0.009,,,0.025,NEUTRAL,-0.0061,-0.0191,,,0.0306,NEUTRAL,0.0341,0.0234,,,0.0395,NEUTRAL,-0.0962,-0.0829,,,0.0558,NEUTRAL,0.0189,0.0042,,,0.0684,NEUTRAL,,,,,0.0809,NEUTRAL,,NEUTRAL,,NEUTRAL
116743353225555838,2026-06-13,DJT,Trump Media & Technology Group,direct,positive,cache,SPY,,,1,0.037,-0.0545,-0.0441,5,1,"Congratulations to Team USA on their Big Win, 4-1, over a very good Paraguay team. Keep it going! President DJT",0.0433,0.0393,,,0.0185,NA,0.0087,0.0107,,,0.0262,NA,0.0012,0.0157,,,0.032,NA,0.0037,0.0111,,,0.0414,NA,-0.0742,-0.0623,,,0.0585,NA,,,,,0.0716,NA,,,,,0.0848,NA,,NA,,NA
116743815454221461,2026-06-13,DJT,Trump Media & Technology Group,direct,neutral,cache,SPY,,,1,0.037,-0.0545,-0.0441,5,1,The Obama Library ten years from now will be a “Mecca” for those who hate America! President DJT,0.0433,0.0393,,,0.0185,NEUTRAL,0.0087,0.0107,,,0.0262,NEUTRAL,0.0012,0.0157,,,0.032,NEUTRAL,0.0037,0.0111,,,0.0414,NEUTRAL,-0.0742,-0.0623,,,0.0585,NEUTRAL,,,,,0.0716,NEUTRAL,,,,,0.0848,NEUTRAL,,NEUTRAL,,NEUTRAL
116744329783387013,2026-06-13,MCD,McDonald's,direct,positive,cache,SPY DIA,XLY,AMZN TSLA HD NKE,0,0.0108,0.0001,0.0091,5,1,"I am pleased to announce my intent to appoint James M. McDonald as the United States Attorney for the Southern District of New York. A native of the Great State of Oklahoma, Jamie is a former Assistan",0.0066,0.0054,0.007,0.0099,0.0054,UP,0.013,0.0119,0.0143,0.0145,0.0076,UP,-0.0014,0.0086,0.0249,0.0268,0.0093,NEUTRAL,-0.0497,-0.0453,-0.0207,-0.0151,0.012,NEUTRAL,-0.06,-0.0578,-0.0494,-0.0494,0.017,NEUTRAL,,,,,0.0208,NA,,,,,0.0246,NA,-0.1096,NEUTRAL,-0.0143,NEUTRAL
116749870028302766,2026-06-14,DJT,Trump Media & Technology Group,direct,neutral,cache,SPY,,,1,0.037,-0.0545,-0.0441,6,1,"Why are the Dumocrats so afraid of of Bill Pulte at DNI??? He would only be Acting! What do they have to be afraid of, what are they hiding? There must be something BIG, mustn’t there??? President DJT",0.0433,0.0393,,,0.0185,NEUTRAL,0.0087,0.0107,,,0.0262,NEUTRAL,0.0012,0.0157,,,0.032,NEUTRAL,0.0037,0.0111,,,0.0414,NEUTRAL,-0.0742,-0.0623,,,0.0585,NEUTRAL,,,,,0.0716,NEUTRAL,,,,,0.0848,NEUTRAL,,NEUTRAL,,NEUTRAL
116750372942466677,2026-06-14,DJT,Trump Media & Technology Group,direct,neutral,cache,SPY,,,1,0.037,-0.0545,-0.0441,6,1,"Victoria Coates of the Heritage Foundation is absolutely fantastic! She gets it like few other do. Thank you Victoria. Iran will never have a Nuclear weapon, and the Strait of Hormuz will be opening u",0.0433,0.0393,,,0.0185,NEUTRAL,0.0087,0.0107,,,0.0262,NEUTRAL,0.0012,0.0157,,,0.032,NEUTRAL,0.0037,0.0111,,,0.0414,NEUTRAL,-0.0742,-0.0623,,,0.0585,NEUTRAL,,,,,0.0716,NEUTRAL,,,,,0.0848,NEUTRAL,,NEUTRAL,,NEUTRAL
116754269577470122,2026-06-15,DJT,Trump Media & Technology Group,direct,neutral,cache,SPY,,,1,0.037,-0.0545,-0.0441,0,1,"Ships are starting to move, many loaded up with Oil, out of the Strait of Hormuz. They are going along the Southern ""Highway,"" which is totally safe, secure, and pristine. There are other areas of tra",0.0433,0.0393,,,0.0185,NEUTRAL,0.0087,0.0107,,,0.0262,NEUTRAL,0.0012,0.0157,,,0.032,NEUTRAL,0.0037,0.0111,,,0.0414,NEUTRAL,-0.0742,-0.0623,,,0.0585,NEUTRAL,,,,,0.0716,NEUTRAL,,,,,0.0848,NEUTRAL,,NEUTRAL,,NEUTRAL
116756674797972374,2026-06-15,DJT,Trump Media & Technology Group,direct,neutral,cache,SPY,,,1,0.0412,0.0821,0.0834,0,1,"Iran has agreed to never have a Nuclear Weapon! Also, the story that the U.S. is paying Iran 300 million Dollars is Fake News, put out by the Dumocrats!!! President DJT",-0.0274,-0.0218,,,0.0206,NEUTRAL,-0.0346,-0.0166,,,0.0291,NEUTRAL,0.0119,0.0197,,,0.0356,NEUTRAL,-0.0608,-0.0355,,,0.046,NEUTRAL,-0.0775,-0.0697,,,0.0651,NEUTRAL,,,,,0.0797,NEUTRAL,,,,,0.0943,NEUTRAL,,NEUTRAL,,NEUTRAL
116763612893094366,2026-06-17,DJT,Trump Media & Technology Group,direct,neutral,cache,SPY,,,1,0.0405,-0.0332,-0.0109,2,1,I HAD A LOT OF BIG ELECTION WINS LAST NIGHT. THANK YOU TO ALL!!! President DJT,-0.0002,0.0135,,,0.0203,NEUTRAL,0.0479,0.0514,,,0.0287,NEUTRAL,0.0022,0.0089,,,0.0351,NEUTRAL,-0.0718,-0.0503,,,0.0453,NEUTRAL,-0.0101,-0.0053,,,0.0641,NEUTRAL,,,,,0.0785,NEUTRAL,,,,,0.0929,NEUTRAL,,NEUTRAL,,NEUTRAL
116763691297203565,2026-06-17,DJT,Trump Media & Technology Group,direct,neutral,cache,SPY,,,1,0.0405,-0.0332,-0.0109,2,1,"Congratulations to Rick Jackson, who very successfully campaigned on being ""TRUMP,"" and won. He will be your next Governor of Georgia. Can't wait! President DJT",-0.0002,0.0135,,,0.0203,NEUTRAL,0.0479,0.0514,,,0.0287,NEUTRAL,0.0022,0.0089,,,0.0351,NEUTRAL,-0.0718,-0.0503,,,0.0453,NEUTRAL,-0.0101,-0.0053,,,0.0641,NEUTRAL,,,,,0.0785,NEUTRAL,,,,,0.0929,NEUTRAL,,NEUTRAL,,NEUTRAL
116763999742755145,2026-06-17,DJT,Trump Media & Technology Group,direct,positive,cache,SPY,,,1,0.0405,-0.0332,-0.0109,2,1,"Rick Jackson ran a great TRUMP Campaign. Very smart! Was with me on Saturday Night making a pitch. Amazing!!! He won against a great guy, Burt Jones, who has a fantastic future!!! President DJT",-0.0002,0.0135,,,0.0203,NA,0.0479,0.0514,,,0.0287,NA,0.0022,0.0089,,,0.0351,NA,-0.0718,-0.0503,,,0.0453,NA,-0.0101,-0.0053,,,0.0641,NA,,,,,0.0785,NA,,,,,0.0929,NA,,NA,,NA
116764115535577197,2026-06-17,DJT,Trump Media & Technology Group,direct,positive,cache,SPY,,,1,0.0405,-0.0332,-0.0109,2,1,"So happy for highly respected Congressman Mike Collins. He will win his Senate Race in Georgia against a pathetic failed Dumocrat Senator, Os(jerk!)off, who is a joke in D.C. Nobody even knows who he ",-0.0002,0.0135,,,0.0203,NA,0.0479,0.0514,,,0.0287,NA,0.0022,0.0089,,,0.0351,NA,-0.0718,-0.0503,,,0.0453,NA,-0.0101,-0.0053,,,0.0641,NA,,,,,0.0785,NA,,,,,0.0929,NA,,NA,,NA
116764370070279119,2026-06-17,MCD,McDonald's,direct,positive,cache,SPY DIA,XLY,AMZN TSLA HD NKE,0,0.0098,0.0063,0.0111,2,1,"The Republicans agreed with Dumocrats to remove very fair, and talented, William Pulte, from serving as Acting DNI in return for getting FISA approved by the Dumocrats. However, the Republicans moved ",-0.0059,0.0057,0.0138,0.0147,0.0049,UP,-0.0241,-0.0182,-0.0186,-0.0218,0.0069,NEUTRAL,-0.0539,-0.048,-0.0315,-0.0209,0.0085,NEUTRAL,-0.0407,-0.0287,-0.0194,0.0134,0.0109,NEUTRAL,-0.0563,-0.0563,-0.0607,-0.0718,0.0154,NEUTRAL,,,,,0.0189,NA,,,,,0.0224,NA,0.0096,UP,-0.0015,NEUTRAL
116769129718272146,2026-06-18,AMZN,Amazon,direct,positive,cache,SPY QQQ DIA,XLY,TSLA HD MCD NKE,0,0.0197,-0.0346,-0.0044,3,1,"Tyrus became famous for saying, long before November 5th, 2024, ""Why we are talking about the 2024 Presidential Election? It's OVER. TRUMP is going to win, and everyone knows it. It's a waste of time ",0.0178,0.0186,0.0134,0.0109,0.0098,UP,-0.0305,-0.0289,-0.0178,-0.0091,0.0139,NEUTRAL,-0.025,-0.0073,-0.0022,0.018,0.017,NEUTRAL,-0.0546,-0.0401,-0.0282,0.0091,0.022,NEUTRAL,0.0106,0.0166,0.0046,0.0201,0.0311,NEUTRAL,,,,,0.0381,NA,,,,,0.0451,NA,-0.018,NEUTRAL,0.0016,NEUTRAL
116769225357410422,2026-06-18,AAPL,Apple,direct,negative,cache,SPY QQQ DIA,XLK,MSFT NVDA AMD AVGO,0,0.0154,-0.011,0.0166,3,1,"The Technology the World relies on was invented in America. We all remember ""Intel Inside."" Stupid Presidents took our Economy for granted, and let Taiwan and others steal our Semiconductor Factories.",-0.0003,0.0004,-0.0057,-0.0079,0.0077,NEUTRAL,-0.0037,-0.002,-0.014,0.007,0.0109,NEUTRAL,-0.0128,0.005,0.0188,0.0158,0.0133,NEUTRAL,-0.077,-0.0625,-0.0475,-0.016,0.0172,NEUTRAL,0.0353,0.0413,0.0858,0.0784,0.0243,NEUTRAL,,,,,0.0297,NA,,,,,0.0352,NA,-0.0757,DOWN,-0.0127,DOWN
116769225357410422,2026-06-18,NVDA,NVIDIA,direct,negative,cache,SPY QQQ DIA,XLK SMH,AAPL MSFT AMD AVGO INTC TSM,0,0.0271,-0.0133,-0.0026,3,1,"The Technology the World relies on was invented in America. We all remember ""Intel Inside."" Stupid Presidents took our Economy for granted, and let Taiwan and others steal our Semiconductor Factories.",0.0162,0.017,0.0048,0.0086,0.0136,NEUTRAL,0.0064,0.008,-0.0145,-0.0106,0.0192,NEUTRAL,-0.0352,-0.0174,0.0011,-0.0236,0.0235,NEUTRAL,-0.0559,-0.0414,-0.0321,-0.0184,0.0303,NEUTRAL,-0.0603,-0.0543,0.0083,-0.042,0.0429,NEUTRAL,,,,,0.0525,NA,,,,,0.0621,NA,-0.1321,DOWN,-0.0353,DOWN
116769225357410422,2026-06-18,INTC,Intel,direct,negative,cache,SPY QQQ,SMH,NVDA AMD TSM AVGO,0,0.0551,0.0346,-0.0279,3,1,"The Technology the World relies on was invented in America. We all remember ""Intel Inside."" Stupid Presidents took our Economy for granted, and let Taiwan and others steal our Semiconductor Factories.",0.0165,0.0149,-0.0009,0.003,0.0275,NEUTRAL,0.0693,0.0705,0.0379,0.0472,0.039,NEUTRAL,0.0036,0.0285,0.0444,0.0322,0.0477,NEUTRAL,0.008,0.0306,0.026,0.0404,0.0616,NEUTRAL,-0.0869,-0.0688,-0.0002,-0.0439,0.0871,NEUTRAL,,,,,0.1067,NA,,,,,0.1262,NA,0.1445,NEUTRAL,0.0041,NEUTRAL
116770180426363226,2026-06-18,DJT,Trump Media & Technology Group,direct,positive,cache,SPY,,,1,0.0399,-0.0074,0.0385,3,1,"These fools, who think I haven't been tough enough on Iran, when the Stock Market Just Hit A RECORD HIGH, and Oil prices are ""tumbling"" down, are either jealous, bad people, or stupid. MAKE AMERICA GR",0.052,0.0534,,,0.0199,NA,0.0062,0.0107,,,0.0282,NA,-0.0235,-0.0046,,,0.0345,NA,-0.1252,-0.1072,,,0.0446,NA,0.0582,0.0622,,,0.0631,NA,,,,,0.0772,NA,,,,,0.0914,NA,,NA,,NA
116771467656011073,2026-06-18,DJT,Trump Media & Technology Group,direct,positive,cache,SPY,,,1,0.0399,-0.0074,0.0385,3,0,"OIL IS FLOWING, IRAN CAN NEVER HAVE A NUCLEAR WEAPON (THE WORLD WILL BE SAFE!), THE STOCK MARKETS ARE ROARING, JOBS ARE AT RECORDS, AND PRICES ARE DROPPING (AFFORDABILITY!). OUR COUNTRY IS STRONG, SAF",-0.0333,-0.0289,,,0.0206,NA,-0.0619,-0.043,,,0.0291,NA,-0.1048,-0.0854,,,0.0356,NA,-0.1167,-0.0916,,,0.046,NA,-0.0042,-0.0068,,,0.0651,NA,,,,,0.0797,NA,,,,,0.0943,NA,,NA,,NA
116772135215188960,2026-06-18,DJT,Trump Media & Technology Group,direct,neutral,cache,SPY,,,1,0.0399,-0.0074,0.0385,3,0,"There is no 300 Billion Dollar payment to Iran by the U.S. That's Fake News! All there is for the U.S. is Success, Lower Oil Prices, and Victory. Check out the Stock Market. Dumocrat propaganda at pla",-0.0333,-0.0289,,,0.0206,NEUTRAL,-0.0619,-0.043,,,0.0291,NEUTRAL,-0.1048,-0.0854,,,0.0356,NEUTRAL,-0.1167,-0.0916,,,0.046,NEUTRAL,-0.0042,-0.0068,,,0.0651,NEUTRAL,,,,,0.0797,NEUTRAL,,,,,0.0943,NEUTRAL,,NEUTRAL,,NEUTRAL
116776790136289354,2026-06-19,DJT,Trump Media & Technology Group,direct,negative,cache,SPY,,,1,0.0412,0.0481,0.0059,4,1,"The War has diminished Iran! It doesn't, any longer, have an Air Force, a Navy, Antiaircraft Equipment, Radar, or practically anything else, and yet the Dumocrats say that Iran is better off now than ",-0.0333,-0.0289,,,0.0206,NA,-0.0619,-0.043,,,0.0291,NA,-0.1048,-0.0854,,,0.0356,NA,-0.1167,-0.0916,,,0.046,NA,-0.0042,-0.0068,,,0.0651,NA,,,,,0.0797,NA,,,,,0.0943,NA,,NA,,NA
116782087277472431,2026-06-20,DJT,Trump Media & Technology Group,direct,negative,cache,SPY,,,1,0.0412,0.0481,0.0059,5,1,"Radical Left fools and Dumocrats realize how well we have done in our War against Iran, with their Country being completely defeated militarily. Obuma just kept giving them $Billions in cash, and neve",-0.0333,-0.0289,,,0.0206,NA,-0.0619,-0.043,,,0.0291,NA,-0.1048,-0.0854,,,0.0356,NA,-0.1167,-0.0916,,,0.046,NA,-0.0042,-0.0068,,,0.0651,NA,,,,,0.0797,NA,,,,,0.0943,NA,,NA,,NA
116782277725628816,2026-06-20,DJT,Trump Media & Technology Group,direct,positive,cache,SPY,,,1,0.0412,0.0481,0.0059,5,1,"Italian Prime Minister Gigiorgia Meloni asked, over and over, for a picture with me during the G-7 meeting in France. She is doing poorly in Italy with her level of popularity, possibly because she tu",-0.0333,-0.0289,,,0.0206,NA,-0.0619,-0.043,,,0.0291,NA,-0.1048,-0.0854,,,0.0356,NA,-0.1167,-0.0916,,,0.046,NA,-0.0042,-0.0068,,,0.0651,NA,,,,,0.0797,NA,,,,,0.0943,NA,,NA,,NA
116782304422351399,2026-06-20,DJT,Trump Media & Technology Group,direct,neutral,cache,SPY,,,1,0.0412,0.0481,0.0059,5,1,"Funny how the Dumocrats like to say that Iran is in a stronger position today than they were three months ago, despite the fact that they have been defeated militarily, with no Navy or Air Force. That",-0.0333,-0.0289,,,0.0206,NEUTRAL,-0.0619,-0.043,,,0.0291,NEUTRAL,-0.1048,-0.0854,,,0.0356,NEUTRAL,-0.1167,-0.0916,,,0.046,NEUTRAL,-0.0042,-0.0068,,,0.0651,NEUTRAL,,,,,0.0797,NEUTRAL,,,,,0.0943,NEUTRAL,,NEUTRAL,,NEUTRAL
116782416835973120,2026-06-20,DJT,Trump Media & Technology Group,direct,positive,cache,SPY,,,1,0.0412,0.0481,0.0059,5,1,"Italian Prime Minister Giorgia Meloni asked, over and over, for a picture with me during the G-7 meeting in France. She is doing poorly in Italy with her level of popularity, possibly because she turn",-0.0333,-0.0289,,,0.0206,NA,-0.0619,-0.043,,,0.0291,NA,-0.1048,-0.0854,,,0.0356,NA,-0.1167,-0.0916,,,0.046,NA,-0.0042,-0.0068,,,0.0651,NA,,,,,0.0797,NA,,,,,0.0943,NA,,NA,,NA
116782997575708953,2026-06-20,DJT,Trump Media & Technology Group,direct,neutral,cache,SPY,,,1,0.0412,0.0481,0.0059,5,1,"POLL: Which do you prefer, Dumocrat or Dumbocrat? In one case, you simply exchange the ""e"" for ""u,"" so simple and precise (Many people don't know, or assume, that DUMB ends in ""b""). In the other case,",-0.0333,-0.0289,,,0.0206,NEUTRAL,-0.0619,-0.043,,,0.0291,NEUTRAL,-0.1048,-0.0854,,,0.0356,NEUTRAL,-0.1167,-0.0916,,,0.046,NEUTRAL,-0.0042,-0.0068,,,0.0651,NEUTRAL,,,,,0.0797,NEUTRAL,,,,,0.0943,NEUTRAL,,NEUTRAL,,NEUTRAL
116783258942981812,2026-06-20,DJT,Trump Media & Technology Group,direct,positive,cache,SPY,,,1,0.0412,0.0481,0.0059,5,1,"POLL: ICE has been abused by the Fake News Media at levels never seen before. They are Great Patriots who work hard, and do a fantastic job in a very hostile environment. Much of this hostility is cau",-0.0333,-0.0289,,,0.0206,NA,-0.0619,-0.043,,,0.0291,NA,-0.1048,-0.0854,,,0.0356,NA,-0.1167,-0.0916,,,0.046,NA,-0.0042,-0.0068,,,0.0651,NA,,,,,0.0797,NA,,,,,0.0943,NA,,NA,,NA
116784032456610294,2026-06-20,DJT,Trump Media & Technology Group,direct,positive,cache,SPY,,,1,0.0412,0.0481,0.0059,5,1,"There will be NO TOLLS in the  Hormuz Strait for 60 days during the Cease Fire Period, and there will be NO TOLLS after the 60 day period has expired, unless they are imposed by and for the United Sta",-0.0333,-0.0289,,,0.0206,NA,-0.0619,-0.043,,,0.0291,NA,-0.1048,-0.0854,,,0.0356,NA,-0.1167,-0.0916,,,0.046,NA,-0.0042,-0.0068,,,0.0651,NA,,,,,0.0797,NA,,,,,0.0943,NA,,NA,,NA
116784450971912162,2026-06-20,DJT,Trump Media & Technology Group,direct,neutral,cache,SPY,,,1,0.0412,0.0481,0.0059,5,1,The United States Park Police have arrested multiple individuals for vandalizing our Nations magnificent Reflecting Poll. Who would do such a thing? These are very serious crimes having to do with the,-0.0333,-0.0289,,,0.0206,NEUTRAL,-0.0619,-0.043,,,0.0291,NEUTRAL,-0.1048,-0.0854,,,0.0356,NEUTRAL,-0.1167,-0.0916,,,0.046,NEUTRAL,-0.0042,-0.0068,,,0.0651,NEUTRAL,,,,,0.0797,NEUTRAL,,,,,0.0943,NEUTRAL,,NEUTRAL,,NEUTRAL
116784751146148991,2026-06-20,DJT,Trump Media & Technology Group,direct,neutral,cache,SPY,,,1,0.0412,0.0481,0.0059,5,1,The United States Park Police have arrested multiple individuals for vandalizing our Nations magnificent Reflecting Pool. Who would do such a thing? These are very serious crimes having to do with the,-0.0333,-0.0289,,,0.0206,NEUTRAL,-0.0619,-0.043,,,0.0291,NEUTRAL,-0.1048,-0.0854,,,0.0356,NEUTRAL,-0.1167,-0.0916,,,0.046,NEUTRAL,-0.0042,-0.0068,,,0.0651,NEUTRAL,,,,,0.0797,NEUTRAL,,,,,0.0943,NEUTRAL,,NEUTRAL,,NEUTRAL
116785607752936424,2026-06-21,DJT,Trump Media & Technology Group,direct,positive,cache,SPY,,,1,0.0412,0.0481,0.0059,6,1,Great daughter. MyHonor!!! President DJT,-0.0333,-0.0289,,,0.0206,NA,-0.0619,-0.043,,,0.0291,NA,-0.1048,-0.0854,,,0.0356,NA,-0.1167,-0.0916,,,0.046,NA,-0.0042,-0.0068,,,0.0651,NA,,,,,0.0797,NA,,,,,0.0943,NA,,NA,,NA
116788188161761991,2026-06-21,DJT,Trump Media & Technology Group,direct,neutral,cache,SPY,,,1,0.0412,0.0481,0.0059,6,1,"Lots of Killing going on in Chicago. 22 people shot, at least 4 Dead. Why isn't Governor Pritzker calling me for help. I could make Chicago a safe City in ONE MONTH, in ONE YEAR, it would be one of th",-0.0333,-0.0289,,,0.0206,NEUTRAL,-0.0619,-0.043,,,0.0291,NEUTRAL,-0.1048,-0.0854,,,0.0356,NEUTRAL,-0.1167,-0.0916,,,0.046,NEUTRAL,-0.0042,-0.0068,,,0.0651,NEUTRAL,,,,,0.0797,NEUTRAL,,,,,0.0943,NEUTRAL,,NEUTRAL,,NEUTRAL
116788451975276121,2026-06-21,DJT,Trump Media & Technology Group,direct,neutral,cache,SPY,,,1,0.0412,0.0481,0.0059,6,1,Keir Starmer will resign as Prime Minister of The United Kingdom. He failed badly on two very important subjects- IMMIGRATION AND ENERGY (OPEN NORTH SEA OIL!). I wish him well! President DJT,-0.0333,-0.0289,,,0.0206,NEUTRAL,-0.0619,-0.043,,,0.0291,NEUTRAL,-0.1048,-0.0854,,,0.0356,NEUTRAL,-0.1167,-0.0916,,,0.046,NEUTRAL,-0.0042,-0.0068,,,0.0651,NEUTRAL,,,,,0.0797,NEUTRAL,,,,,0.0943,NEUTRAL,,NEUTRAL,,NEUTRAL
116790016615762850,2026-06-21,DJT,Trump Media & Technology Group,direct,neutral,cache,SPY,,,1,0.0412,0.0481,0.0059,6,1,"Work will begin immediately on fixing the seriously vandalized Reflecting Pool. I just inspected it, and could only say to myself, and those gathered around me, WOW, who would do such a thing? SICK, D",-0.0333,-0.0289,,,0.0206,NEUTRAL,-0.0619,-0.043,,,0.0291,NEUTRAL,-0.1048,-0.0854,,,0.0356,NEUTRAL,-0.1167,-0.0916,,,0.046,NEUTRAL,-0.0042,-0.0068,,,0.0651,NEUTRAL,,,,,0.0797,NEUTRAL,,,,,0.0943,NEUTRAL,,NEUTRAL,,NEUTRAL
116790096457517049,2026-06-21,DJT,Trump Media & Technology Group,direct,negative,cache,SPY,,,1,0.0412,0.0481,0.0059,6,1,"The headline in the Corrupt and Failing New York Times: ""What Changed After Almost 4 Months of War? Analysts Say Not Much."" REALLY? Their Military is DONE, their Navy is GONE, their Air Force is GONE,",-0.0333,-0.0289,,,0.0206,NA,-0.0619,-0.043,,,0.0291,NA,-0.1048,-0.0854,,,0.0356,NA,-0.1167,-0.0916,,,0.046,NA,-0.0042,-0.0068,,,0.0651,NA,,,,,0.0797,NA,,,,,0.0943,NA,,NA,,NA
116790453299036730,2026-06-21,DJT,Trump Media & Technology Group,direct,neutral,cache,SPY,,,1,0.0412,0.0481,0.0059,6,1,"The way the Corrupt and Failing New York Times is covering stories on a very battered and beat up  Iran, through FAKE & MADE UP ""FACTS"" is, in my opinion, ""TREASONOUS."" I will be adding all of their f",-0.0333,-0.0289,,,0.0206,NEUTRAL,-0.0619,-0.043,,,0.0291,NEUTRAL,-0.1048,-0.0854,,,0.0356,NEUTRAL,-0.1167,-0.0916,,,0.046,NEUTRAL,-0.0042,-0.0068,,,0.0651,NEUTRAL,,,,,0.0797,NEUTRAL,,,,,0.0943,NEUTRAL,,NEUTRAL,,NEUTRAL
116793994014541387,2026-06-22,DJT,Trump Media & Technology Group,direct,neutral,cache,SPY,,,1,0.0412,0.0481,0.0059,0,1,"Of the MANY Statues and Fountains that we rebuilt, renovated, cleaned, and fixed, the only one that was Vandalized was the Reflecting Pool, which is being taken care of, ASAP! It has been given a 300 ",-0.0333,-0.0289,,,0.0206,NEUTRAL,-0.0619,-0.043,,,0.0291,NEUTRAL,-0.1048,-0.0854,,,0.0356,NEUTRAL,-0.1167,-0.0916,,,0.046,NEUTRAL,-0.0042,-0.0068,,,0.0651,NEUTRAL,,,,,0.0797,NEUTRAL,,,,,0.0943,NEUTRAL,,NEUTRAL,,NEUTRAL
116796512818935902,2026-06-23,DJT,Trump Media & Technology Group,direct,positive,cache,SPY,,,1,0.0423,-0.0436,-0.0049,1,1,"In describing the Vandalism that took place at the Reflecting Pool in Washington, D.C., ABC FAKE NEWS, one of the worst in the business, even paying me $16,000,000 for past bad and inaccurate reportin",-0.015,-0.0147,,,0.0211,NA,-0.06,-0.0592,,,0.0299,NA,-0.1175,-0.1182,,,0.0366,NA,-0.0637,-0.0735,,,0.0473,NA,,,,,0.0668,NA,,,,,0.0819,NA,,,,,0.0969,NA,,NA,,NA
116797477878659134,2026-06-23,DJT,Trump Media & Technology Group,direct,positive,cache,SPY,,,1,0.0423,-0.0436,-0.0049,1,1,"At least 39 people injured, 4 dead, in Chicago weekend shootings. Governor Pritzker, I, as President, can fix this, FAST and Permanently. D.C., Memphis, New Orleans, all down to record lows, and quick",-0.015,-0.0147,,,0.0211,NA,-0.06,-0.0592,,,0.0299,NA,-0.1175,-0.1182,,,0.0366,NA,-0.0637,-0.0735,,,0.0473,NA,,,,,0.0668,NA,,,,,0.0819,NA,,,,,0.0969,NA,,NA,,NA
116799620438726718,2026-06-23,DJT,Trump Media & Technology Group,direct,positive,cache,SPY,,,1,0.0423,-0.0436,-0.0049,1,1,Vote for Andy Biggs for Arizona Governor. He is GREAT!!! President DJT,-0.015,-0.0147,,,0.0211,NA,-0.06,-0.0592,,,0.0299,NA,-0.1175,-0.1182,,,0.0366,NA,-0.0637,-0.0735,,,0.0473,NA,,,,,0.0668,NA,,,,,0.0819,NA,,,,,0.0969,NA,,NA,,NA
116799685479849509,2026-06-23,DJT,Trump Media & Technology Group,direct,positive,cache,SPY,,,1,0.0423,-0.0436,-0.0049,1,0,"The GREAT Rush Limbaugh's wonderful wife, Kathryn, was fantastic today on Fox & Friends, as interviewed by Ainsley. We all miss Rush, truly one of a kind!!! President DJT",-0.0457,-0.0431,,,0.0214,NA,-0.1041,-0.1029,,,0.0303,NA,-0.0584,-0.05,,,0.0371,NA,-0.0178,-0.0335,,,0.0479,NA,,,,,0.0677,NA,,,,,0.0829,NA,,,,,0.0981,NA,,NA,,NA
116801336239023557,2026-06-23,DJT,Trump Media & Technology Group,direct,neutral,cache,SPY,,,1,0.0428,-0.0296,-0.0272,1,1,"Thank you, Scotland!!! President DJT",-0.0457,-0.0431,,,0.0214,NEUTRAL,-0.1041,-0.1029,,,0.0303,NEUTRAL,-0.0584,-0.05,,,0.0371,NEUTRAL,-0.0178,-0.0335,,,0.0479,NEUTRAL,,,,,0.0677,NEUTRAL,,,,,0.0829,NEUTRAL,,,,,0.0981,NEUTRAL,,NEUTRAL,,NEUTRAL
116802765132974094,2026-06-24,DJT,Trump Media & Technology Group,direct,negative,cache,SPY,,,1,0.0428,-0.0296,-0.0272,2,1,"So, I have Iran on the ""ropes,"" ready to go down for the fall, willing to give us practically anything, and for the first time in decades, respecting the hell out of the United States and its Presiden",-0.0457,-0.0431,,,0.0214,NA,-0.1041,-0.1029,,,0.0303,NA,-0.0584,-0.05,,,0.0371,NA,-0.0178,-0.0335,,,0.0479,NA,,,,,0.0677,NA,,,,,0.0829,NA,,,,,0.0981,NA,,NA,,NA
116802818595314334,2026-06-24,DJT,Trump Media & Technology Group,direct,neutral,cache,SPY,,,1,0.0428,-0.0296,-0.0272,2,1,"Wow, Mr. Kellyanne Conway, a Trump Deranged Loser at the highest level, is getting absolutely CRUSHED in the Primaries tonight. He'll end up at about 5% of the vote in a rather weak field of young and",-0.0457,-0.0431,,,0.0214,NEUTRAL,-0.1041,-0.1029,,,0.0303,NEUTRAL,-0.0584,-0.05,,,0.0371,NEUTRAL,-0.0178,-0.0335,,,0.0479,NEUTRAL,,,,,0.0677,NEUTRAL,,,,,0.0829,NEUTRAL,,,,,0.0981,NEUTRAL,,NEUTRAL,,NEUTRAL
116802857184219655,2026-06-24,DJT,Trump Media & Technology Group,direct,neutral,cache,SPY,,,1,0.0428,-0.0296,-0.0272,2,1,"Weak and pathetic Congressman Dan Goldman just lost, BIG! I guess people didn't like him illegally targeting President TRUMP. In any event, this jerk is finally GONE! President DJT",-0.0457,-0.0431,,,0.0214,NEUTRAL,-0.1041,-0.1029,,,0.0303,NEUTRAL,-0.0584,-0.05,,,0.0371,NEUTRAL,-0.0178,-0.0335,,,0.0479,NEUTRAL,,,,,0.0677,NEUTRAL,,,,,0.0829,NEUTRAL,,,,,0.0981,NEUTRAL,,NEUTRAL,,NEUTRAL
116803051885813542,2026-06-24,DJT,Trump Media & Technology Group,direct,neutral,cache,SPY,,,1,0.0428,-0.0296,-0.0272,2,1,Many Communists running in badly failing Blue States. The votes seem to have them doing quite well against each other. The bad news is that history has conclusively shown that the downtrodden States t,-0.0457,-0.0431,,,0.0214,NEUTRAL,-0.1041,-0.1029,,,0.0303,NEUTRAL,-0.0584,-0.05,,,0.0371,NEUTRAL,-0.0178,-0.0335,,,0.0479,NEUTRAL,,,,,0.0677,NEUTRAL,,,,,0.0829,NEUTRAL,,,,,0.0981,NEUTRAL,,NEUTRAL,,NEUTRAL
116803130747198847,2026-06-24,DJT,Trump Media & Technology Group,direct,neutral,cache,SPY,,,1,0.0428,-0.0296,-0.0272,2,1,"The big Oil Companies are not dropping their price at the pump commensurate with the sharply lower prices they are paying for Oil. Those prices are dropping like a rock! In other words, customers are ",-0.0457,-0.0431,,,0.0214,NEUTRAL,-0.1041,-0.1029,,,0.0303,NEUTRAL,-0.0584,-0.05,,,0.0371,NEUTRAL,-0.0178,-0.0335,,,0.0479,NEUTRAL,,,,,0.0677,NEUTRAL,,,,,0.0829,NEUTRAL,,,,,0.0981,NEUTRAL,,NEUTRAL,,NEUTRAL
116803704330293684,2026-06-24,DJT,Trump Media & Technology Group,direct,neutral,cache,SPY,,,1,0.0428,-0.0296,-0.0272,2,1,America the Beautiful will NEVER be a Communist Country!!! President DJT,-0.0457,-0.0431,,,0.0214,NEUTRAL,-0.1041,-0.1029,,,0.0303,NEUTRAL,-0.0584,-0.05,,,0.0371,NEUTRAL,-0.0178,-0.0335,,,0.0479,NEUTRAL,,,,,0.0677,NEUTRAL,,,,,0.0829,NEUTRAL,,,,,0.0981,NEUTRAL,,NEUTRAL,,NEUTRAL
116804998509920399,2026-06-24,DJT,Trump Media & Technology Group,direct,positive,cache,SPY,,,1,0.0428,-0.0296,-0.0272,2,1,"Even though he tried unsuccessfully to prosecute me, and despite the fact that he is a major Slimeball, I feel sorry for FORMER Congressman Dan Goldman. He is wandering aimlessly, together with the fo",-0.0457,-0.0431,,,0.0214,NA,-0.1041,-0.1029,,,0.0303,NA,-0.0584,-0.05,,,0.0371,NA,-0.0178,-0.0335,,,0.0479,NA,,,,,0.0677,NA,,,,,0.0829,NA,,,,,0.0981,NA,,NA,,NA
116805090200626611,2026-06-24,DJT,Trump Media & Technology Group,direct,neutral,cache,SPY,,,1,0.0428,-0.0296,-0.0272,2,1,Big Rally tonight on the National Mall. Fantastic Music!!! MAGA!!! FUN!!! Be there at 7:00 P.M. President DJT,-0.0457,-0.0431,,,0.0214,NEUTRAL,-0.1041,-0.1029,,,0.0303,NEUTRAL,-0.0584,-0.05,,,0.0371,NEUTRAL,-0.0178,-0.0335,,,0.0479,NEUTRAL,,,,,0.0677,NEUTRAL,,,,,0.0829,NEUTRAL,,,,,0.0981,NEUTRAL,,NEUTRAL,,NEUTRAL
116805400052068772,2026-06-24,DJT,Trump Media & Technology Group,direct,neutral,cache,SPY,,,1,0.0428,-0.0296,-0.0272,2,0,"The Elizabeth ""Pocahontas"" Warren centric housing bill, which is of minor importance compared to lower interest rates, and even FISA, pales in comparison to passing THE SAVE AMERICA ACT. That is what ",-0.0612,-0.0549,,,0.0214,NEUTRAL,-0.0133,0.0001,,,0.0303,NEUTRAL,-0.004,-0.0068,,,0.0371,NEUTRAL,0.0665,0.0572,,,0.0479,NEUTRAL,,,,,0.0678,NEUTRAL,,,,,0.083,NEUTRAL,,,,,0.0982,NEUTRAL,,NEUTRAL,,NEUTRAL
116805503768093822,2026-06-24,DJT,Trump Media & Technology Group,direct,neutral,cache,SPY,,,1,0.0428,-0.0296,-0.0272,2,0,"Mayor Mamdani pulled through 3 solid Communists, and has received loud and universal applause from the Fake News Media. Congratulations Mr. Mayor! I went 16-0 last night, helping to elect wonderful Am",-0.0612,-0.0549,,,0.0214,NEUTRAL,-0.0133,0.0001,,,0.0303,NEUTRAL,-0.004,-0.0068,,,0.0371,NEUTRAL,0.0665,0.0572,,,0.0479,NEUTRAL,,,,,0.0678,NEUTRAL,,,,,0.083,NEUTRAL,,,,,0.0982,NEUTRAL,,NEUTRAL,,NEUTRAL
116805510184370677,2026-06-24,DJT,Trump Media & Technology Group,direct,neutral,cache,SPY,,,1,0.0428,-0.0296,-0.0272,2,0,MY REAL POLL NUMBERS ARE THE HIGHEST THEY HAVE EVER BEEN. THANK YOU!!! President DJT,-0.0612,-0.0549,,,0.0214,NEUTRAL,-0.0133,0.0001,,,0.0303,NEUTRAL,-0.004,-0.0068,,,0.0371,NEUTRAL,0.0665,0.0572,,,0.0479,NEUTRAL,,,,,0.0678,NEUTRAL,,,,,0.083,NEUTRAL,,,,,0.0982,NEUTRAL,,NEUTRAL,,NEUTRAL
116805545512296111,2026-06-24,DJT,Trump Media & Technology Group,direct,neutral,cache,SPY,,,1,0.0428,-0.0296,-0.0272,2,0,"Today's Housing News Conference and Signing is hereby cancelled until such time as we pass the desperately needed SAVE AMERICA ACT, which I consider to be a National Emergency. Thank you for your atte",-0.0612,-0.0549,,,0.0214,NEUTRAL,-0.0133,0.0001,,,0.0303,NEUTRAL,-0.004,-0.0068,,,0.0371,NEUTRAL,0.0665,0.0572,,,0.0479,NEUTRAL,,,,,0.0678,NEUTRAL,,,,,0.083,NEUTRAL,,,,,0.0982,NEUTRAL,,NEUTRAL,,NEUTRAL
116808568420301784,2026-06-25,DJT,Trump Media & Technology Group,direct,neutral,cache,SPY,,,1,0.0429,-0.0457,-0.1143,3,1,"Wow! The Senate just changed its vote on Iran from 50-48 against, to 50-47 for. Rand Paul and Bill Cassidy changed. Thank you to Leader John Thune, Lindsey Graham, Bernie Moreno, and all. This vote pu",-0.0612,-0.0549,,,0.0214,NEUTRAL,-0.0133,0.0001,,,0.0303,NEUTRAL,-0.004,-0.0068,,,0.0371,NEUTRAL,0.0665,0.0572,,,0.0479,NEUTRAL,,,,,0.0678,NEUTRAL,,,,,0.083,NEUTRAL,,,,,0.0982,NEUTRAL,,NEUTRAL,,NEUTRAL
116808686040715251,2026-06-25,DJT,Trump Media & Technology Group,direct,positive,cache,SPY,,,1,0.0429,-0.0457,-0.1143,3,1,"The two major earthquakes that just hit the great people of Venezuela are both massive in scale and have left a devastating number of deaths. The U.S.A. stands ready, willing, and able to help! I have",-0.0612,-0.0549,,,0.0214,NA,-0.0133,0.0001,,,0.0303,NA,-0.004,-0.0068,,,0.0371,NA,0.0665,0.0572,,,0.0479,NA,,,,,0.0678,NA,,,,,0.083,NA,,,,,0.0982,NA,,NA,,NA
116816466651864171,2026-06-26,DJT,Trump Media & Technology Group,direct,positive,cache,SPY,,,1,0.0436,-0.0612,-0.1305,4,1,Roger Marshall of Kansas is a GREAT Republican Senator who just plain GETS THE JOB DONE. Thank you Roger! President DJT,0.06,0.0599,,,0.0218,NA,0.07,0.0535,,,0.0308,NA,0.1057,0.0813,,,0.0378,NA,0.22,0.1983,,,0.0488,NA,,,,,0.069,NA,,,,,0.0845,NA,,,,,0.1,NA,,NA,,NA
116818397307589675,2026-06-26,DJT,Trump Media & Technology Group,direct,neutral,cache,SPY,,,1,0.0444,0.051,-0.0584,4,1,"The U.S.A.'s New Passport, which says, ""Welcome, but be good!"" President DJT",0.0067,0.0007,,,0.0222,NEUTRAL,0.0403,0.0264,,,0.0314,NEUTRAL,0.078,0.0654,,,0.0384,NEUTRAL,0.1243,0.1065,,,0.0496,NEUTRAL,,,,,0.0702,NEUTRAL,,,,,0.0859,NEUTRAL,,,,,0.1017,NEUTRAL,,NEUTRAL,,NEUTRAL
116819418021640869,2026-06-27,DJT,Trump Media & Technology Group,direct,neutral,cache,SPY,,,1,0.0444,0.051,-0.0584,5,1,"John Bolton, a very dumb, unbalanced, and unskilled former representative of the United States of America, just pleads guilty! He is a terrible person, a lunatic who only wanted to start trouble and w",0.0067,0.0007,,,0.0222,NEUTRAL,0.0403,0.0264,,,0.0314,NEUTRAL,0.078,0.0654,,,0.0384,NEUTRAL,0.1243,0.1065,,,0.0496,NEUTRAL,,,,,0.0702,NEUTRAL,,,,,0.0859,NEUTRAL,,,,,0.1017,NEUTRAL,,NEUTRAL,,NEUTRAL
116821470056250616,2026-06-27,DJT,Trump Media & Technology Group,direct,neutral,cache,SPY,,,1,0.0444,0.051,-0.0584,5,1,RT: https://truthsocial.com/users/realDonaldTrump/statuses/116818915365927435LOUISIANA: VOTE FOR JULIA TODAY!!! DJT,0.0067,0.0007,,,0.0222,NEUTRAL,0.0403,0.0264,,,0.0314,NEUTRAL,0.078,0.0654,,,0.0384,NEUTRAL,0.1243,0.1065,,,0.0496,NEUTRAL,,,,,0.0702,NEUTRAL,,,,,0.0859,NEUTRAL,,,,,0.1017,NEUTRAL,,NEUTRAL,,NEUTRAL
116824603632739697,2026-06-27,DJT,Trump Media & Technology Group,direct,neutral,cache,SPY,,,1,0.0444,0.051,-0.0584,5,1,"United States aircraft just struck Iranian missile and drone storage locations, and coastal radar sites, for violating the Cease Fire Agreement, AGAIN! It is very possible that they will never learn! ",0.0067,0.0007,,,0.0222,NEUTRAL,0.0403,0.0264,,,0.0314,NEUTRAL,0.078,0.0654,,,0.0384,NEUTRAL,0.1243,0.1065,,,0.0496,NEUTRAL,,,,,0.0702,NEUTRAL,,,,,0.0859,NEUTRAL,,,,,0.1017,NEUTRAL,,NEUTRAL,,NEUTRAL
116831104490275644,2026-06-29,DJT,Trump Media & Technology Group,direct,positive,cache,SPY,,,1,0.0444,0.051,-0.0584,0,1,Great painting!!  President DJT,0.0067,0.0007,,,0.0222,NA,0.0403,0.0264,,,0.0314,NA,0.078,0.0654,,,0.0384,NA,0.1243,0.1065,,,0.0496,NA,,,,,0.0702,NA,,,,,0.0859,NA,,,,,0.1017,NA,,NA,,NA
116833127066912322,2026-06-29,DJT,Trump Media & Technology Group,direct,neutral,cache,SPY,,,1,0.0444,0.051,-0.0584,0,1,"GAS PRICES COMING DOWN, FAST! REPORT ANY ABUSES AT RETAIL LEVEL!!! President DJT",0.0067,0.0007,,,0.0222,NEUTRAL,0.0403,0.0264,,,0.0314,NEUTRAL,0.078,0.0654,,,0.0384,NEUTRAL,0.1243,0.1065,,,0.0496,NEUTRAL,,,,,0.0702,NEUTRAL,,,,,0.0859,NEUTRAL,,,,,0.1017,NEUTRAL,,NEUTRAL,,NEUTRAL
116833138299035157,2026-06-29,DJT,Trump Media & Technology Group,direct,neutral,cache,SPY,,,1,0.0444,0.051,-0.0584,0,1,"WTI CRUDE - $69, and heading down. This is less than it was prior to the start of the Denuclearization of Iran! President DJT",0.0067,0.0007,,,0.0222,NEUTRAL,0.0403,0.0264,,,0.0314,NEUTRAL,0.078,0.0654,,,0.0384,NEUTRAL,0.1243,0.1065,,,0.0496,NEUTRAL,,,,,0.0702,NEUTRAL,,,,,0.0859,NEUTRAL,,,,,0.1017,NEUTRAL,,NEUTRAL,,NEUTRAL
116833168246538290,2026-06-29,DJT,Trump Media & Technology Group,direct,neutral,cache,SPY,,,1,0.0444,0.051,-0.0584,0,1,IRAN HAS REQUESTED A MEETING. IT WILL TAKE PLACE TOMORROW IN DOHA! President DJT,0.0067,0.0007,,,0.0222,NEUTRAL,0.0403,0.0264,,,0.0314,NEUTRAL,0.078,0.0654,,,0.0384,NEUTRAL,0.1243,0.1065,,,0.0496,NEUTRAL,,,,,0.0702,NEUTRAL,,,,,0.0859,NEUTRAL,,,,,0.1017,NEUTRAL,,NEUTRAL,,NEUTRAL
116850279579552155,2026-07-02,DJT,Trump Media & Technology Group,direct,neutral,cache,SPY,,,1,0.0437,0.0362,0.0809,3,1,"The United States spends more money on NATO than any other country, by far, to protect them, without getting any benefit from so doing: U.S. 999 Billion Dollars, United Kingdom, 90.5 Billion Dollars, ",0.0556,0.0591,,,0.0219,NEUTRAL,0.034,0.031,,,0.0309,NEUTRAL,,,,,0.0379,NEUTRAL,,,,,0.0489,NEUTRAL,,,,,0.0691,NEUTRAL,,,,,0.0847,NEUTRAL,,,,,0.1002,NEUTRAL,,NEUTRAL,,NEUTRAL
116850596821921968,2026-07-02,DJT,Trump Media & Technology Group,direct,positive,cache,SPY,,,1,0.0437,0.0362,0.0809,3,1,"How about this? Micron, a GREAT American Company, announced that they are putting in 250 Million Dollars into the Trump Accounts for the future benefit of children, and their stock went up 9 points to",0.0556,0.0591,,,0.0219,NA,0.034,0.031,,,0.0309,NA,,,,,0.0379,NA,,,,,0.0489,NA,,,,,0.0691,NA,,,,,0.0847,NA,,,,,0.1002,NA,,NA,,NA
116853791867694191,2026-07-03,DJT,Trump Media & Technology Group,direct,neutral,cache,SPY,,,1,0.0452,0.0648,0.1402,4,1,Ridiculous for the U.S.A. to continue along this one sided path when the relationship is not reciprocal. They were not there for us!!! President DJT,0.003,0.0018,,,0.0226,NEUTRAL,,,,,0.032,NEUTRAL,,,,,0.0391,NEUTRAL,,,,,0.0505,NEUTRAL,,,,,0.0715,NEUTRAL,,,,,0.0875,NEUTRAL,,,,,0.1036,NEUTRAL,,NEUTRAL,,NEUTRAL
116859272442865972,2026-07-04,DJT,Trump Media & Technology Group,direct,neutral,cache,SPY,,,1,0.0452,0.0648,0.1402,5,1,"Heading to beautiful Mount Rushmore to speak, shortly. Big Crowd! On all TV. Enjoy! President DJT",0.003,0.0018,,,0.0226,NEUTRAL,,,,,0.032,NEUTRAL,,,,,0.0391,NEUTRAL,,,,,0.0505,NEUTRAL,,,,,0.0715,NEUTRAL,,,,,0.0875,NEUTRAL,,,,,0.1036,NEUTRAL,,NEUTRAL,,NEUTRAL
116863241061573145,2026-07-04,DJT,Trump Media & Technology Group,direct,neutral,cache,SPY,,,1,0.0452,0.0648,0.1402,5,1,"Europe is learning that when you take in Third World criminals, you become a Third World Country. It happens quickly, in just a blink of the eye. I was elected just in time!!! President DJT",0.003,0.0018,,,0.0226,NEUTRAL,,,,,0.032,NEUTRAL,,,,,0.0391,NEUTRAL,,,,,0.0505,NEUTRAL,,,,,0.0715,NEUTRAL,,,,,0.0875,NEUTRAL,,,,,0.1036,NEUTRAL,,NEUTRAL,,NEUTRAL
116864961960694526,2026-07-05,DJT,Trump Media & Technology Group,direct,neutral,cache,SPY,,,1,0.0452,0.0648,0.1402,6,1,I'M HERE!!! DJT,0.003,0.0018,,,0.0226,NEUTRAL,,,,,0.032,NEUTRAL,,,,,0.0391,NEUTRAL,,,,,0.0505,NEUTRAL,,,,,0.0715,NEUTRAL,,,,,0.0875,NEUTRAL,,,,,0.1036,NEUTRAL,,NEUTRAL,,NEUTRAL
116865509906385097,2026-07-05,DJT,Trump Media & Technology Group,direct,neutral,cache,SPY,,,1,0.0452,0.0648,0.1402,6,1,"Best fireworks show, EVER! President DJT",0.003,0.0018,,,0.0226,NEUTRAL,,,,,0.032,NEUTRAL,,,,,0.0391,NEUTRAL,,,,,0.0505,NEUTRAL,,,,,0.0715,NEUTRAL,,,,,0.0875,NEUTRAL,,,,,0.1036,NEUTRAL,,NEUTRAL,,NEUTRAL
