post_id,timestamp_utc,date_utc,hour_utc,platform,source,reasons,themes,n_assets_linked,n_event_rows,text
113755116467958801,2025-01-01T21:02:06.966000+00:00,2025-01-01,21,truth_social,cnn_truth_archive,sector_keywords|entity_mention|theme:tariffs_trade,tariffs_trade,19,20,"The Tariffs, and Tariffs alone, created this vast wealth for our Country. Then we switched over to Income Tax. We were never so wealthy as during this period. Tariffs will pay off our debt and, MAKE AMERICA WEALTHY AGAIN!"
113762718646858742,2025-01-03T05:15:27.009000+00:00,2025-01-03,5,truth_social,cnn_truth_archive,theme:semis_tech_supplychain,semis_tech_supplychain,9,10,Why would I want to get rid of TikTok?
113765824090252651,2025-01-03T18:25:12.320000+00:00,2025-01-03,18,truth_social,cnn_truth_archive,sector_keywords|entity_mention,,6,7,"Biden gave Liz Cheney a Medal yesterday, even though she has proven to be totally corrupt. She, “Bennie” Thompson, and the rest of the Unselect Committee, destroyed and deleted all evidence from their crooked investigation of January 6th. Cheney has the distinction of losing her "
113766496962657828,2025-01-03T21:16:19.532000+00:00,2025-01-03,21,truth_social,cnn_truth_archive,sector_keywords|entity_mention|theme:oil_energy_geopolitics,oil_energy_geopolitics,12,13,"I am pleased to announce Morgan Ortagus as Deputy Special Presidential Envoy for Middle East Peace, to the Honorable Steven Witkoff. Early on Morgan fought me for three years, but hopefully has learned her lesson. These things usually don’t work out, but she has strong Republican"
113767012988447810,2025-01-03T23:27:33.461000+00:00,2025-01-03,23,truth_social,cnn_truth_archive,sector_keywords|entity_mention,,6,7,"I am pleased to announce the nomination of Roman Pipko to serve as the next United States Ambassador to the Republic of Estonia.  Roman was born and raised in Estonia. He has extensive experience in dealing with Foreign Governments, having represented U.S. interests in the Europe"
113767548146140020,2025-01-04T01:43:39.319000+00:00,2025-01-04,1,truth_social,cnn_truth_archive,theme:manufacturing_reshoring,manufacturing_reshoring,7,8,"…Merchan took the Bragg Hoax that, according to all Legal Scholars, should have been dead on arrival and, through his fraud and misconduct, gave it a semblance of “life.” While Deranged Jack Smith was “sent packing” back to The Hague, after losing all of his politically manufactu"
113778957475969583,2025-01-06T02:05:11.876000+00:00,2025-01-06,2,truth_social,cnn_truth_archive,sector_keywords|theme:tariffs_trade|theme:taxes,tariffs_trade/taxes,25,26,"Members of Congress are getting to work on one powerful Bill that will bring our Country back, and make it greater than ever before. We must Secure our Border, Unleash American Energy, and Renew the Trump Tax Cuts, which were the largest in History, but we will make it even bette"
113781393195053401,2025-01-06T12:24:38.004000+00:00,2025-01-06,12,truth_social,cnn_truth_archive,entity_mention,,1,2,"“Had this election not been won by Donald Trump, civilization would be lost.” Elon Musk"
113781647532063909,2025-01-06T13:29:18.879000+00:00,2025-01-06,13,truth_social,cnn_truth_archive,sector_keywords|theme:tariffs_trade,tariffs_trade,19,20,"Why would they want to sell U.S. Steel now when Tariffs will make it a much more profitable and valuable company? Wouldn’t it be nice to have U.S. Steel, once the greatest company in the World, lead the charge toward greatness again? It can all happen very quickly!"
113781828670659948,2025-01-06T14:15:22.832000+00:00,2025-01-06,14,truth_social,cnn_truth_archive,sector_keywords|entity_mention|theme:tariffs_trade,tariffs_trade,19,20,"The story in the Washington Post, quoting so-called anonymous sources, which don't exist, incorrectly states that my tariff policy will be pared back. That is wrong. The Washington Post knows it's wrong. It's just another example of Fake News."
113782682597333035,2025-01-06T17:52:32.723000+00:00,2025-01-06,17,truth_social,cnn_truth_archive,sector_keywords|entity_mention|theme:tariffs_trade|theme:china,tariffs_trade/china,19,20,"Many people in Canada LOVE being the 51st State. The United States can no longer suffer the massive Trade Deficits and Subsidies that Canada needs to stay afloat. Justin Trudeau knew this, and resigned. If Canada merged with the U.S., there would be no Tariffs, taxes would go way"
113788624491419802,2025-01-07T19:03:38.826000+00:00,2025-01-07,19,truth_social,cnn_truth_archive,sector_keywords|entity_mention|theme:tariffs_trade,tariffs_trade,19,20,“The Case for Trump’s Tariffs” https://www.wsj.com/opinion/the-case-for-trumps-tariffs-trade-economy-policy-election-8c196364
113801030153083772,2025-01-09T23:38:00+00:00,2025-01-09,23,truth_social,truth_social_dataset,sector_keywords|entity_mention|theme:fed_rates,fed_rates,6,7,"I am pleased to announce that Christine Jack Toretti will serve as the next United States Ambassador to Sweden.
Christine is an incredible businesswoman, philanthropist, public servant, and RNC Committeewoman for the Great Commonwealth of Pennsylvania. She is Chairman of S&T Banc"
113801194574051815,2025-01-10T00:20:23.065000+00:00,2025-01-10,0,truth_social,cnn_truth_archive,sector_keywords|entity_mention|theme:defense_geopolitics,defense_geopolitics,6,7,"I am pleased to announce that Sam Brown of Nevada will serve as the next Under Secretary for Memorial Affairs at the Department of Veterans Affairs.  Sam is an American HERO, a Purple Heart recipient, and successful businessman from Nevada, who has devoted his life to serving Ame"
113806697640626691,2025-01-10T23:39:53.199000+00:00,2025-01-10,23,truth_social,cnn_truth_archive,sector_keywords|entity_mention|theme:jobs_economy,jobs_economy,6,7,"I am pleased to announce that Ed Russo, an Environmental Expert, will lead our Environmental Advisory Task Force, which will advise my Administration on initiatives to create great jobs and protect our natural resources, by following my policy of CLEAN AIR and CLEAN WATER. Togeth"
113806736829454392,2025-01-10T23:49:51.173000+00:00,2025-01-10,23,truth_social,cnn_truth_archive,theme:jobs_economy,jobs_economy,0,1,I am pleased to announce that Bill Briggs will serve as the next Deputy Administrator of the U.S. Small Business Administration. Bill is a successful businessman who served in my First Term as the Acting Associate Administrator in the Office of Capital Access at SBA. During his t
113811527858687071,2025-01-11T20:08:16.477000+00:00,2025-01-11,20,truth_social,cnn_truth_archive,sector_keywords|entity_mention,,6,7,"I am pleased to announce that Steven Gill Bradbury will be the next United States Deputy Secretary of Transportation. For the entirety of my First Term, Steven served as the General Counsel of the Department of Transportation, where he helped rebuild our crumbling Infrastructure,"
113811530017352088,2025-01-11T20:08:49.416000+00:00,2025-01-11,20,truth_social,cnn_truth_archive,sector_keywords|entity_mention,,6,7,"I am pleased to announce that Katharine MacGregor will serve as the next United States Deputy Secretary of the Interior. Katharine is currently Vice President of Environmental Services at NextEra Energy, Inc., and previously worked at the Department of the Interior during my firs"
113811530938901672,2025-01-11T20:09:00+00:00,2025-01-11,20,truth_social,truth_social_dataset,sector_keywords|entity_mention,,6,7,"I am pleased to announce that David Fotouhi will serve as the next Deputy Administrator of the Environmental Protection Agency.
David worked at the EPA for the entirety of my First Term, concluding his service as EPA’s Acting General Counsel. He is currently a Partner at Gibson, "
113811581986342614,2025-01-11T20:22:02.404000+00:00,2025-01-11,20,truth_social,cnn_truth_archive,sector_keywords,,12,13,"I am pleased to announce that James P. Danly will be our next United States Deputy Secretary of Energy.  James is a retired U.S. Army Officer, who served for two tours in Iraq, where he earned the Bronze Star and Purple Heart. He served in my First Term as General Counsel, Commis"
113811719432524620,2025-01-11T20:56:00+00:00,2025-01-11,20,truth_social,truth_social_dataset,sector_keywords|entity_mention,,6,7,"I am pleased to announce that David Fotouhi will serve as the next Deputy Administrator of the Environmental Protection Agency.
David worked at the EPA for the entirety of my First Term, concluding his service as EPA’s Acting General Counsel. He is currently a Partner at Gibson, "
113822014832762107,2025-01-13T16:35:15.002000+00:00,2025-01-13,16,truth_social,cnn_truth_archive,sector_keywords|entity_mention,,6,7,"Andrew McKenna will not be invited to join the Trump Administration as Secretary of the Air Force, or anything else. That is Fake News put out by Politico!"
113826664007613749,2025-01-14T12:17:35.784000+00:00,2025-01-14,12,truth_social,cnn_truth_archive,sector_keywords|entity_mention,,6,7,"Pete Hegseth will make a GREAT Secretary of Defense. He has my Complete and Total support. Good luck today, Pete!"
113826686962325672,2025-01-14T12:23:26.042000+00:00,2025-01-14,12,truth_social,cnn_truth_archive,entity_mention,,1,2,"RELEASE THE WATER, NEWSOM. WHAT IS WRONG WITH YOU? DJT"
113827650534234057,2025-01-14T16:28:28.986000+00:00,2025-01-14,16,truth_social,cnn_truth_archive,sector_keywords|entity_mention|theme:tariffs_trade,tariffs_trade,19,20,"For far too long, we have relied on taxing our Great People using the Internal Revenue Service (IRS). Through soft and pathetically weak Trade agreements, the American Economy has delivered growth and prosperity to the World, while taxing ourselves. It is time for that to change."
113833216412524131,2025-01-15T16:03:57.546000+00:00,2025-01-15,16,truth_social,cnn_truth_archive,sector_keywords|entity_mention,,6,7,"Windmills are an economic and environmental disaster. I don’t want even one built during my Administration. The thousands of dead and broken ones should be ripped down ASAP. Most expensive energy, only work with massive government subsidies, which we will no longer pay!"
113838910141234898,2025-01-16T16:11:56.950000+00:00,2025-01-16,16,truth_social,cnn_truth_archive,sector_keywords|entity_mention,,6,7,"It is my honor to announce that Wells Griffith will be the next Under Secretary of Energy at the United States Department of Energy. During my First Term, Wells served as the Senior Advisor to the CEO of the U.S. International Development Finance Corporation, Senior Director for "
113838910394876248,2025-01-16T16:12:00.821000+00:00,2025-01-16,16,truth_social,cnn_truth_archive,sector_keywords,,12,13,"I am pleased to announce that Dr. Darío Gil will be the next Under Secretary for Science and Innovation at the United States Department of Energy. Darío is a brilliant businessman and scientist, with a distinguished record as the Chairman of the National Science Board, and Senior"
113838911029899508,2025-01-16T16:12:10.509000+00:00,2025-01-16,16,truth_social,cnn_truth_archive,sector_keywords,,12,13,I am pleased to announce that former Congressman Brandon Williams will serve as the next Under Secretary for Nuclear Security and the Administrator of the National Nuclear Security Administration at the United States Department of Energy. Brandon is a successful businessman and V
113839800612338060,2025-01-16T19:58:00+00:00,2025-01-16,19,truth_social,truth_social_dataset,sector_keywords|entity_mention|theme:agriculture|theme:tariffs_trade,agriculture/tariffs_trade,25,26,"I am pleased to announce Luke Lindberg will serve as the next United States Under Secretary for Trade and Foreign Agriculture Affairs at the Department of Agriculture.
During my First Term, Luke served as Chief of Staff and Chief Strategy Officer at the Export-Import Bank, where "
113839802504691145,2025-01-16T19:58:53.336000+00:00,2025-01-16,19,truth_social,cnn_truth_archive,sector_keywords|entity_mention,,6,7,"I am pleased to announce that Dr. Troy Meink will be the next United States Secretary of the Air Force. Troy currently serves as the Principal Deputy Director of the National Reconnaissance Office, and began his career as a KC-135 Tanker Navigator, and later, as a test engineer f"
113839802746301933,2025-01-16T19:58:57.022000+00:00,2025-01-16,19,truth_social,cnn_truth_archive,theme:agriculture,agriculture,0,1,"I am pleased to announce that Dudley Hoskins will be the United States Under Secretary for Marketing and Regulator Programs at the Department of Agriculture. Dudley currently serves as Counsel on the Senate Committee on Agriculture, Nutrition, and Forestry, and previously spent f"
113840390339817438,2025-01-16T22:28:22.987000+00:00,2025-01-16,22,truth_social,cnn_truth_archive,theme:agriculture,agriculture,0,1,"I am pleased to announce that Richard Fordyce will be the next United States Under Secretary for Farm Production and Conservation at the Department of Agriculture. Richard is a proud fourth generation soy, corn, and beef cattle farmer, who served as the Administrator of the Farm "
113840390686249645,2025-01-16T22:28:28.274000+00:00,2025-01-16,22,truth_social,cnn_truth_archive,theme:agriculture,agriculture,0,1,"I am pleased to announce that Michael Boren will serve as the United States Under Secretary for Natural Resources and Environment at the Department of Agriculture. Michael is a successful businessman, who has founded six companies, including Clearwater Analytics. He has also serv"
113844165549788304,2025-01-17T14:28:28.120000+00:00,2025-01-17,14,truth_social,cnn_truth_archive,theme:china|theme:semis_tech_supplychain,china/semis_tech_supplychain,16,17,"I just spoke to Chairman Xi Jinping of China. The call was a very good one for both China and the U.S.A. It is my expectation that we will solve many problems together, and starting immediately. We discussed balancing Trade, Fentanyl, TikTok, and many other subjects. President Xi"
113844584193010573,2025-01-17T16:14:56.109000+00:00,2025-01-17,16,truth_social,cnn_truth_archive,theme:semis_tech_supplychain,semis_tech_supplychain,9,10,"The Supreme Court decision was expected, and everyone must respect it. My decision on TikTok will be made in the not too distant future, but I must have time to review the situation. Stay tuned!"
113846689919960778,2025-01-18T01:10:26.957000+00:00,2025-01-18,1,truth_social,cnn_truth_archive,sector_keywords|entity_mention|theme:defense_geopolitics,defense_geopolitics,6,7,"I am pleased to announce that Lieutenant Colonel Matthew Lohmeier will be the next United States Under Secretary of the Air Force. Matt is a former fighter pilot, and Space Force Squadron Commander, who has devoted his life to serving our Great Nation. He is a proud graduate of t"
113847449027767807,2025-01-18T04:23:30.018000+00:00,2025-01-18,4,truth_social,cnn_truth_archive,entity_mention,,1,2,"Coming up, THE MOST IMPORTANT WEEKEND, PLUS, IN AMERICAN HISTORY. ENJOY!  DJT"
113854921940858148,2025-01-19T12:03:57.625000+00:00,2025-01-19,12,truth_social,cnn_truth_archive,theme:semis_tech_supplychain,semis_tech_supplychain,9,10,SAVE TIKTOK!
113855616848696050,2025-01-19T15:00:41.075000+00:00,2025-01-19,15,truth_social,cnn_truth_archive,theme:semis_tech_supplychain,semis_tech_supplychain,9,10,"I’m asking companies not to let TikTok stay dark! I will issue an executive order on Monday to extend the period of time before the law’s prohibitions take effect, so that we can make a deal to protect our national security. The order will also confirm that there will be no liabi"
113864692804149616,2025-01-21T05:28:00+00:00,2025-01-21,5,truth_social,truth_social_dataset,sector_keywords|entity_mention,,6,7,"Our first day in the White House is not over yet! My Presidential Personnel Office is actively in the process of identifying and removing over a thousand Presidential Appointees from the previous Administration, who are not aligned with our vision to Make America Great Again.
Let"
113872782548137314,2025-01-22T15:46:08.868000+00:00,2025-01-22,15,truth_social,cnn_truth_archive,sector_keywords|entity_mention|theme:tariffs_trade,tariffs_trade,19,20,"I’m not looking to hurt Russia. I love the Russian people, and always had a very good relationship with President Putin - and this despite the Radical Left’s Russia, Russia, Russia HOAX. We must never forget that Russia helped us win the Second World War, losing almost 60,000,000"
113886755513227722,2025-01-25T02:59:39.392000+00:00,2025-01-25,2,truth_social,cnn_truth_archive,sector_keywords|entity_mention,,6,7,Congratulations to Pete Hegseth. He will make a great Secretary of Defense!
113889553768426019,2025-01-25T14:51:17.379000+00:00,2025-01-25,14,truth_social,cnn_truth_archive,sector_keywords|entity_mention,,6,7,RT: https://truthsocial.com/users/EdHunter97/statuses/113883310559125722What a beautiful car. Congratulations to GM!
113891609516360925,2025-01-25T23:34:05.603000+00:00,2025-01-25,23,truth_social,cnn_truth_archive,sector_keywords,,12,13,"Jimmy Patronis, Chief Financial Officer and Fire Marshall for the Great State of Florida, is running an incredible Campaign for Congress in Florida's 1st Congressional District! A fourth generation Floridian from the beautiful Panhandle, and owner of an iconic seafood restaurant,"
113891610231810742,2025-01-25T23:34:16.516000+00:00,2025-01-25,23,truth_social,cnn_truth_archive,sector_keywords|theme:fed_rates,fed_rates,18,19,"America First Patriot Randy Fine is running to represent the Great People of Florida's 6th Congressional District! A highly successful, Harvard educated businessman, and greatly respected State Legislator, Randy has been a tremendous Voice for MAGA. In Congress, Randy will be an "
113896070273857964,2025-01-26T18:28:00+00:00,2025-01-26,18,truth_social,truth_social_dataset,sector_keywords|entity_mention|theme:tariffs_trade,tariffs_trade,19,20,"I was just informed that two repatriation flights from the United States, with a large number of Illegal Criminals, were not allowed to land in Colombia. This order was given by Colombia’s Socialist President Gustavo Petro, who is already very unpopular amongst his people. Petro’"
113898263726281638,2025-01-27T03:46:20.784000+00:00,2025-01-27,3,truth_social,cnn_truth_archive,entity_mention,,1,2,THE USA HAS A LOT OF WINNING TO DO! DJT
113903630433895227,2025-01-28T02:31:10.243000+00:00,2025-01-28,2,truth_social,cnn_truth_archive,entity_mention,,1,2,"Wow! In Nevada, a State I love and WON BIG in 2024, Republicans now lead Democrats in Voter Registration for the first time since 2007. Thank you to Chairman Michael McDonald, Governor Joe Lombardo, and the entire Nevada GOP, for an OUTSTANDING and HISTORIC JOB. MAGA!"
113904028349476462,2025-01-28T04:12:21.957000+00:00,2025-01-28,4,truth_social,cnn_truth_archive,sector_keywords|entity_mention,,6,7,"The United States Military just entered the Great State of California and, under Emergency Powers, TURNED ON THE WATER flowing abundantly from the Pacific Northwest, and beyond. The days of putting a Fake Environmental argument, over the PEOPLE, are OVER. Enjoy the water, Califor"
113908670949354923,2025-01-28T23:53:02.406000+00:00,2025-01-28,23,truth_social,cnn_truth_archive,theme:china,china,13,14,"Panama is, with great speed, attempting to take down the 64% of signs which are written in Chinese. They are all over the Zone, because China controls the Panama Canal. PANAMA IS NOT GOING TO GET AWAY WITH THIS!"
113909188940119917,2025-01-29T02:04:46.322000+00:00,2025-01-29,2,truth_social,cnn_truth_archive,entity_mention,,1,2,"I have just asked Elon Musk and @SpaceX to “go get” the 2 brave astronauts who have been virtually abandoned in space by the Biden Administration. They have been waiting for many months on @Space Station. Elon will soon be on his way. Hopefully, all will be safe. Good luck Elon!!"
113913720574106648,2025-01-29T21:17:13.564000+00:00,2025-01-29,21,truth_social,cnn_truth_archive,sector_keywords|theme:fed_rates|theme:banks_regulation|theme:manufacturing_reshoring,fed_rates/banks_regulation/manufacturing_reshoring,14,15,"Because Jay Powell and the Fed failed to stop the problem they created with Inflation, I will do it by unleashing American Energy production, slashing Regulation, rebalancing International Trade, and reigniting American Manufacturing, but I will do much more than stopping Inflati"
113920366067218393,2025-01-31T01:27:15.742000+00:00,2025-01-31,1,truth_social,cnn_truth_archive,sector_keywords|entity_mention|theme:tariffs_trade,tariffs_trade,19,20,"The idea that the BRICS Countries are trying to move away from the Dollar, while we stand by and watch, is OVER. We are going to require a commitment from these seemingly hostile Countries that they will neither create a new BRICS Currency, nor back any other Currency to replace "
113923092165404082,2025-01-31T13:00:32.721000+00:00,2025-01-31,13,truth_social,cnn_truth_archive,theme:aerospace_aviation,aerospace_aviation,1,2,Biden’s choice to lead FAA…
113923125872343340,2025-01-31T13:09:07.030000+00:00,2025-01-31,13,truth_social,cnn_truth_archive,sector_keywords|entity_mention|theme:pharma_healthcare,pharma_healthcare,6,7,AMERICA FIRST DRUG PRICES!!!
113928759847321475,2025-02-01T13:01:00+00:00,2025-02-01,13,truth_social,truth_social_dataset,sector_keywords|entity_mention|theme:tariffs_trade,tariffs_trade,20,21,"Ellie Cohanim on Israel, and Phill Flynn on Tariffs, were GREAT on Fox & Friends this morning. Real “Pros!” DJT"
113929767736564719,2025-02-01T17:18:13.836000+00:00,2025-02-01,17,truth_social,cnn_truth_archive,sector_keywords|entity_mention,,6,7,"This morning I ordered precision Military air strikes on the Senior ISIS Attack Planner and other terrorists he recruited and led in Somalia. These killers, who we found hiding in caves, threatened the United States and our Allies. The strikes destroyed the caves they live in, an"
113931044424714413,2025-02-01T22:42:54.547000+00:00,2025-02-01,22,truth_social,cnn_truth_archive,sector_keywords|theme:tariffs_trade|theme:china,tariffs_trade/china,20,21,"Today, I have implemented a 25% Tariff on Imports from Mexico and Canada (10% on Canadian Energy), and a 10% additional Tariff on China. This was done through the International Emergency Economic Powers Act (IEEPA) because of the major threat of illegal aliens and deadly drugs ki"
113931196721633756,2025-02-01T23:21:38.414000+00:00,2025-02-01,23,truth_social,cnn_truth_archive,sector_keywords|entity_mention|theme:tariffs_trade,tariffs_trade,19,20,TARIFFS!
113934450227067577,2025-02-02T13:09:02.972000+00:00,2025-02-02,13,truth_social,cnn_truth_archive,sector_keywords|theme:tariffs_trade|theme:china|theme:stock_market_macro,tariffs_trade/china/stock_market_macro,31,32,"The “Tariff Lobby,” headed by the Globalist, and always wrong, Wall Street Journal, is working hard to justify Countries like Canada, Mexico, China, and too many others to name, continue the decades long RIPOFF OF AMERICA, both with regard to TRADE, CRIME, AND POISONOUS DRUGS tha"
113934520197790682,2025-02-02T13:26:50.640000+00:00,2025-02-02,13,truth_social,cnn_truth_archive,sector_keywords|theme:tariffs_trade,tariffs_trade,24,25,"We pay hundreds of Billions of Dollars to SUBSIDIZE Canada. Why? There is no reason. We don’t need anything they have. We have unlimited Energy, should make our own Cars, and have more Lumber than we can ever use. Without this massive subsidy, Canada ceases to exist as a viable C"
113940352024494275,2025-02-03T14:09:57.253000+00:00,2025-02-03,14,truth_social,cnn_truth_archive,sector_keywords|entity_mention,,6,7,"Canada doesn’t even allow U.S. Banks to open or do business there. What’s that all about? Many such things, but it’s also a DRUG WAR, and hundreds of thousands of people have died in the U.S. from drugs pouring through the Borders of Mexico and Canada. Just spoke to Justin Trudea"
113940711907400754,2025-02-03T15:41:28.685000+00:00,2025-02-03,15,truth_social,cnn_truth_archive,sector_keywords|theme:tariffs_trade,tariffs_trade,23,24,"I just spoke with President Claudia Sheinbaum of Mexico. It was a very friendly conversation wherein she agreed to immediately supply 10,000 Mexican Soldiers on the Border separating Mexico and the United States. These soldiers will be specifically designated to stop the flow of "
113942189236610107,2025-02-03T21:57:00+00:00,2025-02-03,21,truth_social,truth_social_dataset,sector_keywords|theme:tariffs_trade,tariffs_trade,22,23,"Canada has agreed to ensure we have a secure Northern Border, and to finally end the deadly scourge of drugs like Fentanyl that have been pouring into our Country, killing hundreds of thousands of Americans, while destroying their families and communities all across our Country.
"
113942595408214881,2025-02-03T23:40:00+00:00,2025-02-03,23,truth_social,truth_social_dataset,sector_keywords|entity_mention,,6,7,"It is my pleasure to nominate Joe Kent as the Director of the National Counter Terrorism Center. As a Soldier, Green Beret, and CIA Officer, Joe has hunted down terrorists and criminals his entire adult life. Above all, Joe knows the terrible cost of terrorism, losing his wonderf"
113942594933209212,2025-02-03T23:40:00+00:00,2025-02-03,23,truth_social,truth_social_dataset,sector_keywords|entity_mention|theme:defense_geopolitics,defense_geopolitics,6,7,"I am pleased to announce that Sean Parnell will be the Assistant to the Secretary of Defense for Public Affairs, and Chief Pentagon Spokesman.
A Great American Patriot, Sean is a fearless Combat Veteran, who led one of the most decorated units in the Afghanistan War. He earned tw"
113943087759847311,2025-02-04T01:45:41.261000+00:00,2025-02-04,1,truth_social,cnn_truth_archive,theme:semis_tech_supplychain|theme:china,semis_tech_supplychain/china,16,17,"GREAT INTEREST IN TIKTOK! Would be wonderful for China, and all concerned."
113946130240319294,2025-02-04T14:39:25.829000+00:00,2025-02-04,14,truth_social,cnn_truth_archive,entity_mention,,1,2,"20 years ago, Autism in children was 1 in 10,000. NOW IT’S 1 in 34. WOW! Something’s really wrong. We need BOBBY!!!  Thank You! DJT"
113950996936674770,2025-02-05T11:17:05.718000+00:00,2025-02-05,11,truth_social,cnn_truth_archive,sector_keywords|entity_mention|theme:defense_geopolitics,defense_geopolitics,6,7,"I want Iran to be a great and successful Country, but one that cannot have a Nuclear Weapon. Reports that the United States, working in conjunction with Israel, is going to blow Iran into smithereens,” ARE GREATLY EXAGGERATED. I would much prefer a Verified Nuclear Peace Agreemen"
113956721204228037,2025-02-06T11:32:51.114000+00:00,2025-02-06,11,truth_social,cnn_truth_archive,sector_keywords|entity_mention,,6,7,"The Gaza Strip would be turned over to the United States by Israel at the conclusion of fighting. The Palestinians, people like Chuck Schumer, would have already been resettled in far safer and more beautiful communities, with new and modern homes, in the region. They would actua"
113962698098343227,2025-02-07T12:52:51.277000+00:00,2025-02-07,12,truth_social,cnn_truth_archive,entity_mention,,1,2,BALANCED BUDGET!!! DJT
113980013020158273,2025-02-10T14:16:16.019000+00:00,2025-02-10,14,truth_social,cnn_truth_archive,sector_keywords|entity_mention,,6,7,"Our Service Academies have been infiltrated by Woke Leftist Ideologues over the last four years. I have ordered the immediate dismissal of the Board of Visitors for the Army, Air Force, Navy, and Coast Guard. We will have the strongest Military in History, and that begins by appo"
113986285138546896,2025-02-11T16:51:00+00:00,2025-02-11,16,truth_social,truth_social_dataset,sector_keywords|entity_mention|theme:defense_geopolitics,defense_geopolitics,12,13,"I am pleased to announce that Terry Cole will be the next Drug Enforcement Administration (DEA) Administrator. Terry is a DEA Veteran of 21 years, with tours in Colombia, Afghanistan, and Mexico City, who currently serves as Virginia’s Secretary of Public Safety and Homeland Secu"
113991030846598649,2025-02-12T12:58:14.709000+00:00,2025-02-12,12,truth_social,cnn_truth_archive,sector_keywords|theme:fed_rates|theme:tariffs_trade,fed_rates/tariffs_trade,25,26,"Interest Rates should be lowered, something which would go hand in hand with upcoming Tariffs!!! Lets Rock and Roll, America!!!"
113991292104953657,2025-02-12T14:04:41.194000+00:00,2025-02-12,14,truth_social,cnn_truth_archive,theme:fed_rates,fed_rates,6,7,BIDEN INFLATION UP!
113991956474899296,2025-02-12T16:53:38.679000+00:00,2025-02-12,16,truth_social,cnn_truth_archive,sector_keywords,,12,13,"I just had a lengthy and highly productive phone call with President Vladimir Putin of Russia. We discussed Ukraine, the Middle East, Energy, Artificial Intelligence, the power of the Dollar, and various other subjects. We both reflected on the Great History of our Nations, and t"
113996222032466903,2025-02-13T10:58:25.918000+00:00,2025-02-13,10,truth_social,cnn_truth_archive,sector_keywords|entity_mention,,6,7,"DOGE: Looks like Radical Left Reuters was paid $9,000,000 by the Department of Defense to study “large scale social deception.” GIVE BACK THE MONEY, NOW!"
113996410955252842,2025-02-13T11:46:28.648000+00:00,2025-02-13,11,truth_social,cnn_truth_archive,sector_keywords|entity_mention|theme:tariffs_trade,tariffs_trade,19,20,"THREE GREAT WEEKS, PERHAPS THE BEST EVER, BUT TODAY IS THE BIG ONE: RECIPROCAL TARIFFS!!! MAKE AMERICA GREAT AGAIN!!!"
113996895642654410,2025-02-13T13:49:44.395000+00:00,2025-02-13,13,truth_social,cnn_truth_archive,sector_keywords|entity_mention|theme:tariffs_trade,tariffs_trade,19,20,"NEWS CONFERENCE ON RECIPROCAL TARIFFS TODAY, 1:00 P.M., THE OVAL OFFICE. MAKE AMERICA GREAT AGAIN!!!"
113998250121701192,2025-02-13T19:34:00+00:00,2025-02-13,19,truth_social,truth_social_dataset,sector_keywords|entity_mention|theme:tariffs_trade|theme:manufacturing_reshoring,tariffs_trade/manufacturing_reshoring,19,20,"On Trade, I have decided, for purposes of Fairness, that I will charge a RECIPROCAL Tariff meaning, whatever Countries charge the United States of America, we will charge them - No more, no less!
For purposes of this United States Policy, we will consider Countries that use the V"
114000082796162721,2025-02-14T03:20:16.494000+00:00,2025-02-14,3,truth_social,cnn_truth_archive,sector_keywords|entity_mention|theme:tariffs_trade,tariffs_trade,19,20,“RECIPROCAL TRADE AND TARIFFS” https://www.whitehouse.gov/articles/2025/02/reciprocal-trade-and-tariffs/
114004145997692054,2025-02-14T20:33:36.033000+00:00,2025-02-14,20,truth_social,cnn_truth_archive,sector_keywords|entity_mention|theme:tariffs_trade,tariffs_trade,19,20,"“Trump signs sweeping reciprocal tariff plan, says more coming” https://www.cnbc.com/2025/02/13/trump-reciprocal-tariffs-news-conference.html"
114004152174148558,2025-02-14T20:35:10.275000+00:00,2025-02-14,20,truth_social,cnn_truth_archive,sector_keywords|entity_mention|theme:tariffs_trade,tariffs_trade,19,20,“Trump announces boldest tariff plan in more than a century: 'This is the big one'” https://www.dailymail.co.uk/news/article-14394937/Trump-reciprocal-tariffs-trade-unfair.html
114004158227642314,2025-02-14T20:36:42.643000+00:00,2025-02-14,20,truth_social,cnn_truth_archive,sector_keywords|entity_mention|theme:tariffs_trade,tariffs_trade,19,20,"“Trump orders reciprocal tariffs on countries treating US imports unfairly — with EU, India, Japan in crosshairs” https://nypost.com/2025/02/13/us-news/trump-orders-reciprocal-tariffs-with-eu-india-japan-in-crosshairs/"
114004160299941382,2025-02-14T20:37:14.264000+00:00,2025-02-14,20,truth_social,cnn_truth_archive,sector_keywords|entity_mention|theme:tariffs_trade|theme:jobs_economy,tariffs_trade/jobs_economy,19,20,"“US will be 'flooded with jobs' as foreign nations avoid tariffs, Trump says” https://www.foxnews.com/politics/us-flooded-jobs-foreign-nations-avoid-tariffs-trump-says"
114009160733381255,2025-02-15T17:48:54.823000+00:00,2025-02-15,17,truth_social,cnn_truth_archive,sector_keywords|entity_mention|theme:tariffs_trade|theme:jobs_economy,tariffs_trade/jobs_economy,19,20,"US will be 'flooded with jobs' as foreign nations avoid tariffs, Trump says https://www.foxnews.com/politics/us-flooded-jobs-foreign-nations-avoid-tariffs-trump-says"
114015151894861058,2025-02-16T19:12:00+00:00,2025-02-16,19,truth_social,truth_social_dataset,sector_keywords|entity_mention,,6,7,"It is my honor to nominate Judge Jason Reding Quiñones as the next United States Attorney for the Southern District of Florida.
A former Federal prosecutor and Justice Department National Security Official, Judge Reding Quiñones currently serves as a highly respected State Trial "
114015154260594234,2025-02-16T19:13:00+00:00,2025-02-16,19,truth_social,truth_social_dataset,sector_keywords|theme:tariffs_trade|theme:manufacturing_reshoring,tariffs_trade/manufacturing_reshoring,26,27,"I am proud to nominate John Jovanovic to serve as the Chairman and Chief Executive Officer of the Export-Import Bank of the United States (EXIM). John will utilize his extensive experience in finance, investments, and business building across the Energy, Commodities, and Critical"
114020008419550279,2025-02-17T15:47:37.379000+00:00,2025-02-17,15,truth_social,cnn_truth_archive,entity_mention,,1,2,"Who is running the Country right now? In his new book, “American Leviathan: The Birth of the Administrative State and Progressive Authoritarianism,” Ned Ryun reveals the History of the Deep State, which has seized unConstitutional control over our Nation, and unleashed Death and "
114022760519424165,2025-02-18T03:27:31.089000+00:00,2025-02-18,3,truth_social,cnn_truth_archive,theme:defense_geopolitics,defense_geopolitics,6,7,"US forces conducted a precision airstrike against a member of al-Qaeda in Syria this weekend. The terrorist leader was working with al-Qaeda across the region. Congratulations to CENTCOM Commander Gen. Michael Kurilla, and the US warfighters who dealt Justice to another Jihadi th"
114027770237892482,2025-02-19T00:41:33.328000+00:00,2025-02-19,0,truth_social,cnn_truth_archive,entity_mention,,1,2,“TUNE IN: Exclusive Hannity Interview with President Trump and Elon Musk Tonight at 9PM ET” https://hannity.com/media-room/tune-in-exclusive-hannity-interview-with-president-trump-and-elon-musk-tonight-at-9-pm-et/
114033020482640722,2025-02-19T22:56:45.705000+00:00,2025-02-19,22,truth_social,cnn_truth_archive,theme:jobs_economy,jobs_economy,0,1,"The best and most successful business leaders on Earth are now racing to invest in the United States. Since November, DAMAC has announced plans to invest $40B in the U.S., creating at least 10,000 jobs—SoftBank has announced investments of between $100-$200B, creating 100,000 Ame"
114033427089061668,2025-02-20T00:40:10.029000+00:00,2025-02-20,0,truth_social,cnn_truth_archive,entity_mention,,1,2,"Elon Musk: “The President’s instincts on Ukraine are absolutely right. It is really sad that so many parents have lost their sons, and so many sons their fathers in this pointless war.”"
114036341536036183,2025-02-20T13:01:20.961000+00:00,2025-02-20,13,truth_social,cnn_truth_archive,theme:taxes,taxes,0,1,"Great Job on Fox yesterday by Senate Majority Leader John Thune in explaining how far Republican Senators have come, in working with Speaker Johnson and the Republican House, on TAX CUTS, THE BORDER, and some of the most important legislation that our Country has ever considered."
114036638899167319,2025-02-20T14:16:58.362000+00:00,2025-02-20,14,truth_social,cnn_truth_archive,sector_keywords|entity_mention|theme:tariffs_trade,tariffs_trade,20,21,BALANCE BUDGET NOW??? LETS GIVE IT A SHOT. LOTS OF MONEY COMING IN FROM TARIFFS. DO IT! DJT
114038745707654586,2025-02-20T23:12:45.705000+00:00,2025-02-20,23,truth_social,cnn_truth_archive,sector_keywords,,12,13,"I am hearing that Highly Respected Congressman Byron Donalds is considering running for Governor of Florida, a State that I love, and WON BIG in 2016, 2020, and 2024. I know Byron well, have seen him tested at the highest and most difficult levels, and he is a TOTAL WINNER! Byron"
114044712489265353,2025-02-22T00:30:11.688000+00:00,2025-02-22,0,truth_social,cnn_truth_archive,sector_keywords|entity_mention,,6,7,"I want to thank General Charles “CQ” Brown for his over 40 years of service to our country, including as our current Chairman of the Joint Chiefs of Staff. He is a fine gentleman and an outstanding leader, and I wish a great future for him and his family.  Today, I am honored to "
114058814859681967,2025-02-24T12:16:00+00:00,2025-02-24,12,truth_social,truth_social_dataset,entity_mention,,1,2,"APPLE HAS JUST ANNOUNCED A RECORD 500 BILLION DOLLAR INVESTMENT IN THE UNITED STATES OF AMERICA. THE REASON, FAITH IN WHAT WE ARE DOING, WITHOUT WITCH, THEY WOULD’NT BE INVESTING TEN CENTS. THANK YOU TIM COOK AND APPLE!!!"
114059004456970017,2025-02-24T13:04:49.687000+00:00,2025-02-24,13,truth_social,cnn_truth_archive,entity_mention,,1,2,"APPLE HAS JUST ANNOUNCED A RECORD 500 BILLION DOLLAR INVESTMENT IN THE UNITED STATES OF AMERICA. THE REASON, FAITH IN WHAT WE ARE DOING, WITHOUT WHICH, THEY WOULD’NT BE INVESTING TEN CENTS. THANK YOU TIM COOK AND APPLE!!!"
114059888811732826,2025-02-24T16:49:43.878000+00:00,2025-02-24,16,truth_social,cnn_truth_archive,entity_mention,,1,2,"Elon Musk: ""7 out of 10 voters want $1T removed from federal spending."""
114059930426328863,2025-02-24T17:00:18.864000+00:00,2025-02-24,17,truth_social,cnn_truth_archive,sector_keywords|entity_mention,,6,7,"Today, President Emmanuel Macron of France joined me in the Oval Office to speak to the G7 Summit. The meeting was convened by Governor Justin Trudeau of Canada, the current chair of G7, to acknowledge the Third Anniversary of the Russia-Ukraine War – Which would have never start"
114061816777959152,2025-02-25T01:00:02.304000+00:00,2025-02-25,1,truth_social,cnn_truth_archive,sector_keywords|entity_mention,,6,7,"Our Country’s doing really well, and today, I was just thinking, that the company building the Keystone XL Pipeline that was viciously jettisoned by the incompetent Biden Administration should come back to America, and get it built — NOW! I know they were treated very badly by Sl"
114067028336826956,2025-02-25T23:05:00+00:00,2025-02-25,23,truth_social,truth_social_dataset,sector_keywords|theme:jobs_economy,jobs_economy,7,8,"Our incredible United States Economy and undeniable American Spirit have enabled the creation of the Greatest Technology Companies on Earth. Our Digital Economy is bigger than most of the World’s Countries, and the market cap of even one of our Companies exceeds each European Cou"
114067029529937308,2025-02-25T23:05:42.700000+00:00,2025-02-25,23,truth_social,cnn_truth_archive,sector_keywords|theme:manufacturing_reshoring|theme:tariffs_trade,manufacturing_reshoring/tariffs_trade,19,20,"Like our Steel and Aluminum Industries, our Great American Copper Industry has been decimated by global actors attacking our domestic production. To build back our Copper Industry, I have requested my Secretary of Commerce and USTR to study Copper Imports, and end Unfair Trade pu"
114069904344598839,2025-02-26T11:16:48.776000+00:00,2025-02-26,11,truth_social,cnn_truth_archive,entity_mention,,2,3,"https://truthsocial.com/@realDonaldTrump/114057798709965917   I thought it would be appropriate to take out my thank you TRUTH to Elon Musk after our (ALL OF US!) big Election Win. Nothing has changed. Run Elon, Run!  DJT"
114070038526458197,2025-02-26T11:50:00+00:00,2025-02-26,11,truth_social,truth_social_dataset,sector_keywords|theme:tariffs_trade|theme:evs_autos|theme:manufacturing_reshoring|theme:stock_market_macro,tariffs_trade/evs_autos/manufacturing_reshoring/stock_market_macro,20,21,"I don’t understand The Wall Street Journal Editorial Board, never have. They come to my aid when I least expect it, sometimes strongly, and I greatly appreciate that — Very meaningful! But then they come out with some real CLINKERS, like today’s Editorial that my Auto Tariffs wil"
114070190082477156,2025-02-26T12:29:28.791000+00:00,2025-02-26,12,truth_social,cnn_truth_archive,entity_mention,,1,2,"Congratulations to the U.S. Dockworkers on your great new deal. Also, thank you for your overwhelming support in the Presidential Election. Slowing down automation, just a little bit, is an OK thing to do!!! DJT"
114070315739588346,2025-02-26T13:01:26.166000+00:00,2025-02-26,13,truth_social,cnn_truth_archive,entity_mention,,1,2,"APPLE SHOULD GET RID OF DEI RULES, NOT JUST MAKE ADJUSTMENTS TO THEM. DEI WAS A HOAX THAT HAS BEEN VERY BAD FOR OUR COUNTRY. DEI IS GONE!!!"
114070572392915582,2025-02-26T14:06:42.382000+00:00,2025-02-26,14,truth_social,cnn_truth_archive,entity_mention,,1,2,"Big First Step Win for Speaker Mike Johnson, and AMERICA. Now let’s start to BALANCE THE BUDGET. IT CAN BE DONE!!! DJT"
114070882108433827,2025-02-26T15:25:28.267000+00:00,2025-02-26,15,truth_social,cnn_truth_archive,theme:taxes,taxes,0,1,I hope the House and Senate are able to agree on making the Tax Cuts PERMANENT!
114071774104516883,2025-02-26T19:12:19.049000+00:00,2025-02-26,19,truth_social,cnn_truth_archive,sector_keywords|entity_mention,,6,7,"We are hereby reversing the concessions that Crooked Joe Biden gave to Nicolás Maduro, of Venezuela, on the oil transaction agreement, dated November 26, 2022, and also having to do with Electoral conditions within Venezuela, which have not been met by the Maduro regime. Addition"
114071839130050988,2025-02-26T19:28:51.265000+00:00,2025-02-26,19,truth_social,cnn_truth_archive,sector_keywords|entity_mention,,6,7,"In just over one month, illegal border crossings have plummeted by numbers nobody has ever actually seen before—We've unleashed American energy...We're fighting every day to get the prices down..."
114071853044146528,2025-02-26T19:32:23.576000+00:00,2025-02-26,19,truth_social,cnn_truth_archive,entity_mention,,1,2,Elon Musk: “President Trump has put together the best Cabinet ever...And I do not give false praise. This is an incredible group of people. I don't think such a talented team has ever been assembled…”
114071877790872450,2025-02-26T19:38:41.181000+00:00,2025-02-26,19,truth_social,cnn_truth_archive,theme:stock_market_macro,stock_market_macro,0,1,"Since the election, the CONFIDENCE in our nation...the CONFIDENCE in business, the CONFIDENCE in the Country has reached an ALL-TIME HIGH. We have never reached levels like we are right now…"
114071896747776859,2025-02-26T19:43:30.442000+00:00,2025-02-26,19,truth_social,cnn_truth_archive,sector_keywords|entity_mention|theme:defense_geopolitics,defense_geopolitics,6,7,"Secretary of Defense, Pete Hegseth: “We're doing a complete review of every single aspect of what happened with the botched withdrawal of Afghanistan and plan to have full accountability."""
114072306556819108,2025-02-26T21:27:43.623000+00:00,2025-02-26,21,truth_social,cnn_truth_archive,sector_keywords|entity_mention,,6,7,“Trump Nominates Dan 'Razin' Caine to be Joint Chiefs Chairman” https://www.defense.gov/News/News-Stories/Article/Article/4077712/trump-nominates-dan-razin-caine-to-be-joint-chiefs-chairman/
114072703621092444,2025-02-26T23:08:42.349000+00:00,2025-02-26,23,truth_social,cnn_truth_archive,sector_keywords|theme:tariffs_trade,tariffs_trade,23,24,"Wayne Gretzky is a fantastic guy! They call him, “The Great One,” and he is. He could run for any political office in Canada, and win. Wayne is my friend, and he wants to make me happy, and is therefore somewhat “low key” about Canada remaining a separate Country, rather than bec"
114076153524132682,2025-02-27T13:46:03.692000+00:00,2025-02-27,13,truth_social,cnn_truth_archive,sector_keywords|entity_mention|theme:tariffs_trade|theme:china,tariffs_trade/china,19,20,"Drugs are still pouring into our Country from Mexico and Canada at  very high and unacceptable levels. A large percentage of these Drugs, much of them in the form of Fentanyl, are made in, and supplied by, China. More than 100,000 people died last year due to the distribution of "
114079183066806657,2025-02-28T02:36:30.842000+00:00,2025-02-28,2,truth_social,cnn_truth_archive,sector_keywords|theme:semis_tech_supplychain,semis_tech_supplychain,15,16,"I am pleased to nominate Paul Dabbar to be United States Deputy Secretary of Commerce. Paul will work closely with our Great Secretary of Commerce, Howard Lutnick, to bring back American Leadership in Global Commerce, Trade, and Technology. Paul served as my Under Secretary of En"
114079183960044080,2025-02-28T02:36:44.473000+00:00,2025-02-28,2,truth_social,cnn_truth_archive,sector_keywords|entity_mention,,6,7,"I am pleased to announce that Hung Cao will be our next United States Under Secretary of the Navy. Hung is the embodiment of the American Dream. As a refugee to our Great Nation, Hung worked tirelessly to make proud the Country that gave his family a home. He went to our amazing "
114099924838350231,2025-03-03T18:31:25.202000+00:00,2025-03-03,18,truth_social,cnn_truth_archive,sector_keywords|entity_mention,,6,7,Europe has spent more money buying Russian Oil and Gas than they have spent on defending Ukraine —BY FAR!
114099930171583950,2025-03-03T18:32:46.580000+00:00,2025-03-03,18,truth_social,cnn_truth_archive,sector_keywords|entity_mention|theme:agriculture|theme:tariffs_trade,agriculture/tariffs_trade,19,20,To the Great Farmers of the United States: Get ready to start making a lot of agricultural product to be sold INSIDE of the United States. Tariffs will go on external product on April 2nd. Have fun!
114104687765298529,2025-03-04T14:42:41.702000+00:00,2025-03-04,14,truth_social,cnn_truth_archive,sector_keywords|entity_mention,,6,7,"Canada doesn’t allow American Banks to do business in Canada, but their banks flood the American Market. Oh, that seems fair to me, doesn’t it?"
114104810698249053,2025-03-04T15:13:57.511000+00:00,2025-03-04,15,truth_social,cnn_truth_archive,sector_keywords|entity_mention|theme:tariffs_trade,tariffs_trade,19,20,"IF COMPANIES MOVE TO THE UNITED STATES, THERE ARE NO TARIFFS!!!"
114105388432604284,2025-03-04T17:40:52.987000+00:00,2025-03-04,17,truth_social,cnn_truth_archive,sector_keywords|entity_mention|theme:tariffs_trade,tariffs_trade,19,20,"Please explain to Governor Trudeau, of Canada, that when he puts on a Retaliatory Tariff on the U.S., our Reciprocal Tariff will immediately increase by a like amount!"
114111155189097825,2025-03-05T18:07:26.753000+00:00,2025-03-05,18,truth_social,cnn_truth_archive,sector_keywords|entity_mention|theme:tariffs_trade,tariffs_trade,19,20,"Justin Trudeau, of Canada, called me to ask what could be done about Tariffs. I told him that many people have died from Fentanyl that came through the Borders of Canada and Mexico, and nothing has convinced me that it has stopped. He said that it’s gotten better, but I said, “Th"
114112412110386906,2025-03-05T23:27:05.849000+00:00,2025-03-05,23,truth_social,cnn_truth_archive,sector_keywords|entity_mention,,6,7,"The Democrats should lose the Midterms based on their behavior at last night’s Joint Address to Congress. All Republicans must use their behavior on men in women’s sports, their very dangerous Open Border policy, High Energy and Taxes, and much else. Also, Republicans should util"
114116116851075814,2025-03-06T15:09:15.705000+00:00,2025-03-06,15,truth_social,cnn_truth_archive,theme:tariffs_trade,tariffs_trade,19,20,"Massive Trade Deficit with the World, just announced, compliments of Sleepy Joe Biden! I will change that!!!"
114116271026986660,2025-03-06T15:48:28.248000+00:00,2025-03-06,15,truth_social,cnn_truth_archive,sector_keywords|entity_mention|theme:tariffs_trade,tariffs_trade,19,20,"Believe it or not, despite the terrible job he’s done for Canada, I think that Justin Trudeau is using the Tariff problem, which he has largely caused, in order to run again for Prime Minister. So much fun to watch!"
114116432894994278,2025-03-06T16:29:38.108000+00:00,2025-03-06,16,truth_social,cnn_truth_archive,sector_keywords|entity_mention|theme:tariffs_trade,tariffs_trade,19,20,"After speaking with President Claudia Sheinbaum of Mexico, I have agreed that Mexico will not be required to pay Tariffs on anything that falls under the USMCA Agreement. This Agreement is until April 2nd. I did this as an accommodation, and out of respect for, President Sheinbau"
114121529754059509,2025-03-07T14:05:50.054000+00:00,2025-03-07,14,truth_social,cnn_truth_archive,theme:agriculture,agriculture,0,1,"South Africa is being terrible, plus, to long time Farmers in the country. They are confiscating their LAND and FARMS, and MUCH WORSE THAN THAT. A bad place to be right now, and we are stopping all Federal Funding. To go a step further, any Farmer (with family!) from South Africa"
114121576367163341,2025-03-07T14:17:41.314000+00:00,2025-03-07,14,truth_social,cnn_truth_archive,sector_keywords|entity_mention|theme:tariffs_trade,tariffs_trade,19,20,"Based on the fact that Russia is absolutely “pounding” Ukraine on the battlefield right now, I am strongly considering large scale Banking Sanctions, Sanctions, and Tariffs on Russia until a Cease Fire and FINAL SETTLEMENT AGREEMENT ON PEACE IS REACHED. To Russia and Ukraine, get"
114121736384220932,2025-03-07T14:58:22.977000+00:00,2025-03-07,14,truth_social,cnn_truth_archive,sector_keywords|entity_mention|theme:tariffs_trade|theme:evs_autos|theme:manufacturing_reshoring,tariffs_trade/evs_autos/manufacturing_reshoring,19,20,"The head of the United Autoworkers of America just stated that TARIFFS ARE NECESSARY to correct years of abuse of the USA by other countries and companies. We have lost 90,000 factories and plants since the beginning of NAFTA. HE IS 100% CORRECT!!!"
114124063031303446,2025-03-08T00:50:04.750000+00:00,2025-03-08,0,truth_social,cnn_truth_archive,sector_keywords|entity_mention,,6,7,"I am pleased to announce that Amer Ghalib will be the next United States Ambassador to Kuwait. As the Mayor of the City of Hamtramck, Michigan, Amer worked hard to help us secure a Historic Victory in Michigan. Amer earned his M.D. from the Ross University School of Medicine, and"
114124068976645988,2025-03-08T00:51:35.468000+00:00,2025-03-08,0,truth_social,cnn_truth_archive,theme:agriculture,agriculture,0,1,"I am pleased to announce Lynda Blanchard will be the next United States Ambassador for the Food and Agriculture Organization of the United Nations in Rome, Italy. During my First Term, Lynda did a great job as U.S. Ambassador to Slovenia. She graduated with a Bachelor's Degree in"
114124071552960368,2025-03-08T00:52:00+00:00,2025-03-08,0,truth_social,truth_social_dataset,sector_keywords|entity_mention|theme:tariffs_trade|theme:agriculture,tariffs_trade/agriculture,19,20,"Canada is cheating the United States Farmers on USMCA. In 2024, Canada retained Tariffs on various U.S. Goods, particularly in protected sectors like Dairy that are operated under a supply management system. Some examples of Canadian Tariffs on U.S. Dairy outside of the limited q"
114129217070412961,2025-03-08T22:40:49.195000+00:00,2025-03-08,22,truth_social,cnn_truth_archive,entity_mention,,1,2,ELON AND MARCO HAVE A GREAT RELATIONSHIP. ANY STATEMENT OTHER THAN THAT IS FAKE NEWS!!! DJT
114135672415463032,2025-03-10T02:02:29.939000+00:00,2025-03-10,2,truth_social,cnn_truth_archive,entity_mention,,1,2,Great job by Congressman Brian Mast on FoxNews. He’s got it together!!! DJT
114135887529701366,2025-03-10T02:57:12.323000+00:00,2025-03-10,2,truth_social,cnn_truth_archive,theme:china,china,13,14,"Malcolm Turnbull, the former Prime Minister of Australia who was always leading that wonderful country from “behind,” never understood what was going on in China, nor did he have the capacity to do so. I always thought he was a weak and ineffective leader and, obviously, Australi"
114141631976318293,2025-03-11T03:18:05.624000+00:00,2025-03-11,3,truth_social,cnn_truth_archive,sector_keywords|theme:tariffs_trade,tariffs_trade,19,20,"Despite the fact that Canada is charging the USA from 250% to 390% Tariffs on many of our farm products, Ontario just announced a 25% surcharge on “electricity,” of all things, and your not even allowed to do that. Because our Tariffs are reciprocal, we’ll just get it all back on"
114141854575248527,2025-03-11T04:14:42.212000+00:00,2025-03-11,4,truth_social,cnn_truth_archive,sector_keywords|entity_mention|theme:evs_autos,evs_autos,6,7,"To Republicans, Conservatives, and all great Americans, Elon Musk is “putting it on the line” in order to help our Nation, and he is doing a FANTASTIC JOB! But the Radical Left Lunatics, as they often do, are trying to illegally and collusively boycott Tesla, one of the World’s g"
114144180393726960,2025-03-11T14:06:00+00:00,2025-03-11,14,truth_social,truth_social_dataset,sector_keywords|theme:tariffs_trade|theme:manufacturing_reshoring|theme:agriculture,tariffs_trade/manufacturing_reshoring/agriculture,19,20,"Based on Ontario, Canada, placing a 25% Tariff on “Electricity” coming into the United States, I have instructed my Secretary of Commerce to add an ADDITIONAL 25% Tariff, to 50%, on all STEEL and ALUMINUM COMING INTO THE UNITED STATES FROM CANADA, ONE OF THE HIGHEST TARIFFING NAT"
114144217763824399,2025-03-11T14:15:41.562000+00:00,2025-03-11,14,truth_social,cnn_truth_archive,sector_keywords|theme:tariffs_trade|theme:manufacturing_reshoring|theme:agriculture,tariffs_trade/manufacturing_reshoring/agriculture,19,20,"Based on Ontario, Canada, placing a 25% Tariff on “Electricity” coming into the United States, I have instructed my Secretary of Commerce to add an ADDITIONAL 25% Tariff, to 50%, on all STEEL and ALUMINUM COMING INTO THE UNITED STATES FROM CANADA, ONE OF THE HIGHEST TARIFFING NAT"
114144501101999196,2025-03-11T15:27:44.960000+00:00,2025-03-11,15,truth_social,cnn_truth_archive,sector_keywords|entity_mention,,6,7,"Why would our Country allow another Country to supply us with electricity, even for a small area? Who made these decisions, and why? And can you imagine Canada stooping so low as to use ELECTRICITY, that so affects the life of innocent people, as a bargaining chip and threat? The"
114145595237667373,2025-03-11T20:06:00.146000+00:00,2025-03-11,20,truth_social,cnn_truth_archive,sector_keywords|entity_mention,,6,7,"Number one, it's a great product—as good as it gets—and number two, because Elon has devoted his energy and his life to doing this and I think he has been treated very unfairly…"
114145604547078768,2025-03-11T20:08:22.197000+00:00,2025-03-11,20,truth_social,cnn_truth_archive,sector_keywords|theme:fed_rates,fed_rates,12,13,"The price of eggs have come down, interest rates have come down, gasoline prices have come down—It's all coming down! We're doing it the right way, and I have tremendous confidence in this Country and in the people of this Country…"
114145611018414576,2025-03-11T20:10:00.942000+00:00,2025-03-11,20,truth_social,cnn_truth_archive,entity_mention,,1,2,"Elon Musk: “As a function of the great policies of President Trump and his administration, and as an act of faith in America, Tesla is going to DOUBLE vehicle output in the United States within the next two years…”"
114145621000876629,2025-03-11T20:12:33.261000+00:00,2025-03-11,20,truth_social,cnn_truth_archive,entity_mention,,1,2,The Tesla Model S — BEAUTIFUL!
114145653738723042,2025-03-11T20:20:52.799000+00:00,2025-03-11,20,truth_social,cnn_truth_archive,sector_keywords|entity_mention|theme:china|theme:defense_geopolitics,china/defense_geopolitics,17,18,"I am pleased to announce that Ambassador Michael George DeSombre will be nominated as the next United States Assistant Secretary of State for East Asia and the Pacific. During my First Term, Michael served as my Ambassador to the Kingdom of Thailand, and did a great job! Michael "
114145974393951612,2025-03-11T21:42:25.610000+00:00,2025-03-11,21,truth_social,cnn_truth_archive,sector_keywords|entity_mention,,6,7,"I am pleased to announce that Dearborn Heights Mayor Bill Bazzi will be the next United States Ambassador to the Republic of Tunisia. Bazzi is a decorated U.S. Marine, who honorably served our Country for 21 years, collaborating with U.S. Embassy Ambassadors, Diplomats, and Leade"
114146381629892800,2025-03-11T23:25:59.586000+00:00,2025-03-11,23,truth_social,cnn_truth_archive,entity_mention,,1,2,"Big WIN for Republicans, and America, tonight. Congratulations to ALL!!! DJT"
114149845661093099,2025-03-12T14:06:56.506000+00:00,2025-03-12,14,truth_social,cnn_truth_archive,entity_mention,,1,2,"Wow!!! People are loving Elon, a GREAT PATRIOT. Nice to see!!! DJT"
114150679862041475,2025-03-12T17:39:05.356000+00:00,2025-03-12,17,truth_social,cnn_truth_archive,sector_keywords|entity_mention|theme:manufacturing_reshoring,manufacturing_reshoring,7,8,"JUDGE JEANINE: “THIS IS GOING TO BENEFIT THE AMERICAN WORKER, AMERICAN MANUFACTURING, AND DOMESTIC PRODUCTION—AND IT IS GOING TO PRESERVE JOBS!”"
114151244153727055,2025-03-12T20:02:35.763000+00:00,2025-03-12,20,truth_social,cnn_truth_archive,sector_keywords|theme:fed_rates|theme:jobs_economy|theme:manufacturing_reshoring,fed_rates/jobs_economy/manufacturing_reshoring,19,20,"Kevin Hassett: ""The economic news we've been seeing is really wonderful. It's way above expectations of economists...10,000 manufacturing jobs, 9,000 auto jobs...The lowest core inflation in four years. You can see that President Trump's policies are working…”"
114151257383811463,2025-03-12T20:05:57.639000+00:00,2025-03-12,20,truth_social,cnn_truth_archive,entity_mention,,1,2,"Goldman Sachs CEO David Solomon: ""One of the things that I do like is that the President is engaged with the business community. The administration is engaged with the business community — and that's a different experience than what we've had over the course of the last four year"
114151269304041473,2025-03-12T20:08:59.528000+00:00,2025-03-12,20,truth_social,cnn_truth_archive,sector_keywords|entity_mention|theme:manufacturing_reshoring,manufacturing_reshoring,7,8,"Cleveland-Cliffs CEO Lourenco Goncalves: “This is the right moment, the right time—manufacturing is BACK…We're going to build in America. We're going to produce things here, employ Americans."""
114151280603984689,2025-03-12T20:11:51.949000+00:00,2025-03-12,20,truth_social,cnn_truth_archive,sector_keywords|theme:manufacturing_reshoring|theme:tariffs_trade,manufacturing_reshoring/tariffs_trade,19,20,“President Trump is delivering on his promise to put America first and his actions today put the domestic steel industry in a position to again be the envy of the world. We look forward to continuing to work with President Trump and his team to ensure our industry meets the explo
114151300866147161,2025-03-12T20:17:01.128000+00:00,2025-03-12,20,truth_social,cnn_truth_archive,sector_keywords|entity_mention|theme:tariffs_trade,tariffs_trade,19,20,Howard Lutnick: “What does the President want? He wants to worry about major things for national security...these are the kind of tariffs that are going to make sure these things COME BACK TO AMERICA and are BUILT IN AMERICA…”
114151328220491045,2025-03-12T20:23:00+00:00,2025-03-12,20,truth_social,truth_social_dataset,sector_keywords|entity_mention|theme:manufacturing_reshoring,manufacturing_reshoring,8,9,"“GE Aerospace announced on Tuesday a nearly $1 billion investment in U.S. manufacturing, the latest company to do so under the Trump administration…It marks the latest company to put money back into the U.S. economy.
Eli Lilly announced last month that it was investing an additio"
114151434816736382,2025-03-12T20:51:05.051000+00:00,2025-03-12,20,truth_social,cnn_truth_archive,sector_keywords|entity_mention,,6,7,"Secretary of Energy Chris Wright: “President Trump is a businessman. Thank God he became elected president, and what we're seeing now is a master negotiator practicing his craft."""
114155003492555395,2025-03-13T11:58:00+00:00,2025-03-13,11,truth_social,truth_social_dataset,sector_keywords|entity_mention|theme:tariffs_trade,tariffs_trade,19,20,"The European Union, one of the most hostile and abusive taxing and tariffing authorities in the World, which was formed for the sole purpose of taking advantage of the United States, has just put a nasty 50% Tariff on Whisky. If this Tariff is not removed immediately, the U.S. wi"
114155230513269064,2025-03-13T12:56:22.784000+00:00,2025-03-13,12,truth_social,cnn_truth_archive,sector_keywords|theme:fed_rates|theme:tariffs_trade|theme:stock_market_macro,fed_rates/tariffs_trade/stock_market_macro,31,32,"The Globalist Wall Street Journal has no idea what they are doing or saying. They are owned by the polluted thinking of the European Union, which was formed for the primary purpose of “screwing” the United States of America. Their (WSJ!) thinking is antiquated and weak, and very "
114156036814880330,2025-03-13T16:21:25.969000+00:00,2025-03-13,16,truth_social,cnn_truth_archive,sector_keywords|entity_mention,,6,7,"If New York, Connecticut, and New England had their Pipelines, savings from Heating alone would go down $2,300 per family — When you add Air Conditioning, and other things, you would have a $5,000 savings per family. All we need is a simple approval from New York. Every other Sta"
114160550238908846,2025-03-14T11:29:00+00:00,2025-03-14,11,truth_social,truth_social_dataset,theme:fed_rates|theme:defense_geopolitics,fed_rates/defense_geopolitics,12,13,"Crooked Joe Biden got us into a real “mess” with Russia (and EVERYTHING ELSE!), but I’m going to get us out. Millions of people are needlessly dead, never to be seen again…and there will be many more to follow if we don’t get the Cease Fire and Final Agreement with Russia complet"
114161025000723427,2025-03-14T13:29:00+00:00,2025-03-14,13,truth_social,truth_social_dataset,entity_mention|theme:taxes,taxes,1,2,"Congratulations to Chuck Schumer for doing the right thing — Took “guts” and courage! The big Tax Cuts, L.A. fire fix, Debt Ceiling Bill, and so much more, is coming. We should all work together on that very dangerous situation. A non pass would be a Country destroyer, approval w"
114161039436456514,2025-03-14T13:33:00+00:00,2025-03-14,13,truth_social,truth_social_dataset,sector_keywords|entity_mention,,6,7,"We had very good and productive discussions with President Vladimir Putin of Russia yesterday, and there is a very good chance that this horrible, bloody war can finally come to an end — BUT, AT THIS VERY MOMENT, THOUSANDS OF UKRAINIAN TROOPS ARE COMPLETELY SURROUNDED BY THE RUSS"
114167864888304754,2025-03-15T18:29:00+00:00,2025-03-15,18,truth_social,truth_social_dataset,sector_keywords|entity_mention|theme:defense_geopolitics,defense_geopolitics,6,7,"Today, I have ordered the United States Military to launch decisive and powerful Military action against the Houthi terrorists in Yemen. They have waged an unrelenting campaign of piracy, violence, and terrorism against American, and other, ships, aircraft, and drones.
Joe Biden’"
114167886343462616,2025-03-15T18:34:55.424000+00:00,2025-03-15,18,truth_social,cnn_truth_archive,sector_keywords|entity_mention,,6,7,"I am pleased to inform you that General Keith Kellogg has been appointed Special Envoy to Ukraine. General Kellogg, a Highly Respected Military Expert, will deal directly with President Zelenskyy, and Ukrainian leadership. He knows them well, and they have a very good working rel"
114176199348948643,2025-03-17T05:49:00+00:00,2025-03-17,5,truth_social,truth_social_dataset,entity_mention,,1,2,“Stranded NASA astronauts thank Musk and Trump”
114178483249053992,2025-03-17T15:29:00+00:00,2025-03-17,15,truth_social,truth_social_dataset,sector_keywords|entity_mention|theme:defense_geopolitics,defense_geopolitics,6,7,"Let nobody be fooled! The hundreds of attacks being made by Houthi, the sinister mobsters and thugs based in Yemen, who are hated by the Yemeni people, all emanate from, and are created by, IRAN. Any further attack or retaliation by the “Houthis” will be met with great force, and"
114179081339591399,2025-03-17T18:01:00+00:00,2025-03-17,18,truth_social,truth_social_dataset,entity_mention,,1,2,"I just spoke with the Acting Administrator of NASA, Janet Petro. She is coordinating our Team of highly respected Scientists, Space Engineers, and various other “geniuses,” who has agreed to let our Astronauts come home long prior to the two week period originally approved by NAS"
114179738803054417,2025-03-17T20:49:00+00:00,2025-03-17,20,truth_social,truth_social_dataset,sector_keywords|entity_mention|theme:fed_rates,fed_rates,6,7,"I am pleased to announce that Michelle “Miki” Bowman will be the Federal Reserve’s new Vice Chair of Supervision. Miki has been serving honorably on the Fed’s Board of Governors since 2018, and has great expertise dealing with Inflation, Regulation, and Banking. Our Economy has b"
114179858983072823,2025-03-17T21:19:43.408000+00:00,2025-03-17,21,truth_social,cnn_truth_archive,theme:aerospace_aviation,aerospace_aviation,1,2,"I am pleased to announce the nomination of Bryan Bedford to serve as Administrator of the Federal Aviation Administration (FAA). As the former President and CEO of Republic Airways, Mesaba Airlines, and Business Express Airlines, Brian brings over three decades of experience in A"
114179860762359782,2025-03-17T21:20:10.557000+00:00,2025-03-17,21,truth_social,cnn_truth_archive,sector_keywords|entity_mention,,6,7,"Our Great United States Air Force Academy will soon have an incredible Board of Visitors, composed of Doug Nikolai, Dan Clark, Senator Tommy Tuberville, Charlie Kirk, and Dina Powell. Congratulations to all!"
114179895802766275,2025-03-17T21:29:00+00:00,2025-03-17,21,truth_social,truth_social_dataset,sector_keywords|entity_mention,,6,7,"I am pleased to announce a new Board of Visitors for our Nation’s oldest Military Academy, West Point. Major General David Bellavia, Lieutenant General Dan Walrath, General Michael Flynn, Congressman Wesley Hunt, Maureen Bannon, and Meghan Mobbs are hereby appointed to the Board."
114180060627046678,2025-03-17T22:11:00+00:00,2025-03-17,22,truth_social,truth_social_dataset,sector_keywords|entity_mention,,6,7,"Third Rate Magazine, “The Atlantic,” that made up the “Suckers and Losers” Hoax about me and the Military, and refused to even acknowledge the vast horde of people who emphatically denied this FAKE STORY, has asked me to do an interview.
Below is my response:
Ashley Parker is not"
114180129350673750,2025-03-17T22:28:28.890000+00:00,2025-03-17,22,truth_social,cnn_truth_archive,sector_keywords|entity_mention,,6,7,"Tomorrow morning I will be speaking to President Putin concerning the War in Ukraine. Many elements of a Final Agreement have been agreed to, but much remains. Thousands of young soldiers, and others, are being killed. Each week brings 2,500 soldier deaths, from both sides, and i"
114180199351008084,2025-03-17T22:46:17.011000+00:00,2025-03-17,22,truth_social,cnn_truth_archive,sector_keywords|entity_mention|theme:china,china,19,20,"After years of being held captive by Environmental Extremists, Lunatics, Radicals, and Thugs, allowing other Countries, in particular China, to gain tremendous Economic advantage over us by opening up hundreds of all Coal Fire Power Plants, I am authorizing my Administration to i"
114184931453780675,2025-03-18T18:49:43.170000+00:00,2025-03-18,18,truth_social,cnn_truth_archive,sector_keywords,,16,17,"My phone conversation today with President Putin of Russia was a very good and productive one. We agreed to an immediate Ceasefire on all Energy and Infrastructure, with an understanding that we will be working quickly to have a Complete Ceasefire and, ultimately, an END to this "
114186492445515371,2025-03-19T01:26:00+00:00,2025-03-19,1,truth_social,truth_social_dataset,sector_keywords|theme:manufacturing_reshoring,manufacturing_reshoring,13,14,"“U.S. Industrial Production Surges in February to Record Level, Led by Manufacturing and Autos” https://www.breitbart.com/economy/2025/03/18/u-s-industrial-production-surges-in-february-to-record-level-led-by-manufacturing-and-autos/"
114186496532193203,2025-03-19T01:27:00+00:00,2025-03-19,1,truth_social,truth_social_dataset,sector_keywords|theme:tariffs_trade|theme:manufacturing_reshoring,tariffs_trade/manufacturing_reshoring,19,20,Philip K. Bell: “Trump's tariffs are saving the American steel industry” https://www.post-gazette.com/opinion/guest-columns/2025/03/18/trump-steel-tariff/stories/202503170010
114186510410903319,2025-03-19T01:31:00+00:00,2025-03-19,1,truth_social,truth_social_dataset,sector_keywords|entity_mention,,6,7,"“Americans are continuing to see the benefits as the economic agenda of President Donald J. Trump and his administration comes into focus. After years of soaring prices and economic pain, the Trump Administration’s focus on cutting regulations and unleashing American energy is le"
114186524474998333,2025-03-19T01:34:00+00:00,2025-03-19,1,truth_social,truth_social_dataset,theme:jobs_economy,jobs_economy,0,1,“Let Trump Be Trump on the Economy” https://amac.us/newsline/economy/let-trump-be-trump-on-the-economy/
114186559522815802,2025-03-19T01:43:45.577000+00:00,2025-03-19,1,truth_social,cnn_truth_archive,entity_mention,,2,3,Wow. What a great interview of Elon Musk by Sean Hannity. A must watch. TWO GREAT AMERICANS!!!  DJT
114186752614351182,2025-03-19T02:32:00+00:00,2025-03-19,2,truth_social,truth_social_dataset,theme:agriculture,agriculture,0,1,“Secretary Rollins Highlights President Trump’s Proclamation on National Agriculture” https://www.usda.gov/about-usda/news/press-releases/2025/03/18/secretary-rollins-highlights-president-trumps-proclamation-national-agriculture
114190034933659125,2025-03-19T16:27:00+00:00,2025-03-19,16,truth_social,truth_social_dataset,sector_keywords|entity_mention|theme:defense_geopolitics,defense_geopolitics,6,7,"Reports are coming in that while Iran has lessened its intensity on Military Equipment and General Support to the Houthis, they are still sending large levels of Supplies. Iran must stop the sending of these Supplies IMMEDIATELY. Let the Houthis fight it out themselves. Either wa"
114190340053945046,2025-03-19T17:45:00+00:00,2025-03-19,17,truth_social,truth_social_dataset,sector_keywords|entity_mention,,6,7,"“All energy that's affordable, reliable, and secure is a part of the Trump administration and nuclear absolutely falls in that category."""
114190845050387383,2025-03-19T19:53:00+00:00,2025-03-19,19,truth_social,truth_social_dataset,entity_mention,,1,2,“TRUMP ON TESLA TERRORISM”
114191290196334140,2025-03-19T21:46:00+00:00,2025-03-19,21,truth_social,truth_social_dataset,sector_keywords|theme:fed_rates,fed_rates,18,19,"America First Patriot Randy Fine is running to represent the Great People of Florida’s 6th Congressional District! A highly successful, Harvard educated businessman, and greatly respected State Legislator, Randy has been a tremendous Voice for MAGA. In Congress, Randy will be an "
114192326899482441,2025-03-20T02:10:28.764000+00:00,2025-03-20,2,truth_social,cnn_truth_archive,sector_keywords|theme:fed_rates|theme:tariffs_trade,fed_rates/tariffs_trade,25,26,The Fed would be MUCH better off CUTTING RATES as U.S.Tariffs start to transition (ease!) their way into the economy. Do the right thing. April 2nd is Liberation Day in America!!!
114194879718374915,2025-03-20T12:59:41.720000+00:00,2025-03-20,12,truth_social,cnn_truth_archive,entity_mention,,1,2,âNvidia to spend hundreds of billions in U.S. during Trump's termâ https://www.axios.com/2025/03/20/nvidia-spend-hundreds-billions-us-during-trump-term
114195442142009895,2025-03-20T15:22:00+00:00,2025-03-20,15,truth_social,truth_social_dataset,sector_keywords|entity_mention|theme:semis_tech_supplychain,semis_tech_supplychain,9,10,"Financial Times: “The huge spending projection from the world’s most valuable semiconductor group (Nvidia) follows multibillion-dollar US investment plans announced by other technology companies including Apple, as the impact of Trump’s ‘America First’ trade policies ripples thro"
114196247731494277,2025-03-20T18:47:00+00:00,2025-03-20,18,truth_social,truth_social_dataset,sector_keywords|theme:agriculture|theme:jobs_economy,agriculture/jobs_economy,12,13,"Senator Jim Risch is doing a tremendous job representing the incredible people of Idaho, a State I love, and WON BIG, in 2016, 2020, and 2024!
As the Chair of the Senate Foreign Relations Committee, Jim is fighting tirelessly to advance our America First Agenda. He is working har"
114198186465713235,2025-03-21T03:00:00+00:00,2025-03-21,3,truth_social,truth_social_dataset,sector_keywords|entity_mention|theme:china,china,18,19,"The Fake News is at it again, this time the Failing New York Times. They said, incorrectly, that Elon Musk is going to the Pentagon tomorrow to be briefed on any potential “war with China.” How ridiculous?” China will not even be mentioned or discussed. How disgraceful it is that"
114198370343993836,2025-03-21T03:47:00+00:00,2025-03-21,3,truth_social,truth_social_dataset,sector_keywords|theme:fed_rates,fed_rates,13,14,"Egg prices are WAY DOWN from the Biden inspired prices if just a few weeks ago. “Groceries” and Gasoline are down, also. Now, if the Fed would do the right thing and lower interest rates, that would be great!!!"
114200175082806882,2025-03-21T11:26:00+00:00,2025-03-21,11,truth_social,truth_social_dataset,sector_keywords|entity_mention|theme:china,china,18,19,"“Elon Musk will be briefed by the Pentagon about the USA’s top secret plans against China should there be a War,”according to the Failing New York Times, one of the worst and most purposely inaccurate newspapers anywhere in the World. Their FAKE concept for this story is that bec"
114200244380161257,2025-03-21T11:43:59.928000+00:00,2025-03-21,11,truth_social,cnn_truth_archive,entity_mention,,1,2,"I look forward to watching the sick terrorist thugs get 20 year jail sentences for what they are doing to Elon Musk and Tesla. Perhaps they could serve them in the prisons of El Salvador, which have become so recently famous for such lovely conditions!"
114205890583765400,2025-03-22T11:39:00+00:00,2025-03-22,11,truth_social,truth_social_dataset,entity_mention,,1,2,"While the State of Maine has apologized for their Governor’s strong, but totally incorrect, statement about men playing in women’s sports while at the White House House Governor’s Conference, we have not heard from the Governor herself, and she is the one that matters in such cas"
114212946787400937,2025-03-23T17:34:00+00:00,2025-03-23,17,truth_social,truth_social_dataset,entity_mention,,1,2,But he doesn’t mind if criminals come into our Country. He is a Constitutional disaster! DJT
114217181247493951,2025-03-24T11:31:00+00:00,2025-03-24,11,truth_social,truth_social_dataset,sector_keywords,,12,13,"Jimmy Patronis, Chief Financial Officer and Fire Marshall for the Great State of Florida, is running an incredible Campaign for Congress in Florida’s 1st Congressional District! A fourth generation Floridian from the beautiful Panhandle, and owner of an iconic seafood restaurant,"
114217914259825110,2025-03-24T14:37:00+00:00,2025-03-24,14,truth_social,truth_social_dataset,sector_keywords|theme:tariffs_trade,tariffs_trade,20,21,"President Donald J. Trump announced today that the United States of America will be putting what is known as a Secondary Tariff on the Country of Venezuela, for numerous reasons, including the fact that Venezuela has purposefully and deceitfully sent to the United States, underco"
114219993599274000,2025-03-24T23:26:00+00:00,2025-03-24,23,truth_social,truth_social_dataset,sector_keywords|theme:evs_autos,evs_autos,12,13,"BREAKING—LEE ZELDIN: “EPA is initiating 31 historic actions to Power the Great American Comeback in the greatest day of deregulation in American history! Our actions will unleash energy dominance, lower costs for Americans, strengthen the U.S. auto industry, and protect our envir"
114220273052874483,2025-03-25T00:37:00+00:00,2025-03-25,0,truth_social,truth_social_dataset,sector_keywords|entity_mention,,6,7,"“On this day in 1945, 16,000 Allied airborne troops land near Wesel Germany. Operation Varsity, the largest single-day parachute and glider assault in history, succeeds in securing a series of bridges over the Rhine River.”"
114223538174281137,2025-03-25T14:27:00+00:00,2025-03-25,14,truth_social,truth_social_dataset,sector_keywords|entity_mention,,6,7,"U.S. CENTRAL COMMAND: “This Medal of Honor Day, we salute those military service members who distinguished themselves conspicuously by gallantry and intrepidity at the risk of their life above and beyond the call of duty. We honor our CENTCOM Medal of Honor Recipients for their a"
114224857723072168,2025-03-25T20:03:00+00:00,2025-03-25,20,truth_social,truth_social_dataset,sector_keywords|entity_mention,,6,7,"On National Medal of Honor Day, it was my Great Honor to recognize our Nation’s BRAVEST HEROES and incredible PATRIOTS who have been awarded the military's highest honor. Thank you!"
114229482069423709,2025-03-26T15:39:00+00:00,2025-03-26,15,truth_social,truth_social_dataset,sector_keywords|entity_mention|theme:stock_market_macro,stock_market_macro,6,7,"“U.S. natural gas production is at an all-time high today...I was down a few weeks ago at a brand-new LNG export terminal in Louisiana coming online—We've approved four more within the first 100 days of the Trump administration..."""
114229504694054019,2025-03-26T15:45:00+00:00,2025-03-26,15,truth_social,truth_social_dataset,sector_keywords|entity_mention,,6,7,“TRUMP VOWS TO PROTECT SOCIAL SECURITY & MEDICARE BENEFITS”
114231344319625636,2025-03-26T23:33:00+00:00,2025-03-26,23,truth_social,truth_social_dataset,sector_keywords,,12,13,"Senator Bill Hagerty is doing a fantastic job representing the Great People of Tennessee!
I have known Bill for a long time, as both a Highly Successful Businessman, and outstanding Ambassador to Japan. He has been with us from the very beginning, helping us, MAKE AMERICA GREAT A"
114231372872784481,2025-03-26T23:40:00+00:00,2025-03-26,23,truth_social,truth_social_dataset,theme:jobs_economy,jobs_economy,0,1,"I am pleased to announce the appointment of Brandon Beach as the next Treasurer of the United States. Brandon helped us secure a Massive and Historic Victory for our Movement in the Great State of Georgia, and has been doing an incredible job in the Georgia State Senate since 201"
114231401205332854,2025-03-26T23:47:00+00:00,2025-03-26,23,truth_social,truth_social_dataset,sector_keywords|theme:jobs_economy,jobs_economy,12,13,"Congressman John McGuire is an America First Warrior for Virginia’s 5th Congressional District. John bravely served our Great Country as a U.S. Navy SEAL, and is doing an incredible job fighting for the people of Rural Virginia. He is working hard to Grow our Economy, Create GREA"
114231406031813856,2025-03-26T23:48:00+00:00,2025-03-26,23,truth_social,truth_social_dataset,sector_keywords|theme:agriculture,agriculture,12,13,"Senator Cindy Hyde-Smith is 100% MAGA, and doing a fantastic job representing the Incredible People of Mississippi!
An Original Member of my Mississippi Leadership Team, Cindy has been with us from the very beginning. In the Senate, Cindy is fighting hard to Secure our Border, Gr"
114231406967175939,2025-03-26T23:49:00+00:00,2025-03-26,23,truth_social,truth_social_dataset,sector_keywords|theme:agriculture,agriculture,12,13,"Senator Cynthia Lummis is an America First Warrior for the Wonderful People of Wyoming!
As the Chair of the Senate Banking Subcommittee on Digital Assets, Cynthia is working closely with me to make America the Crypto Capital of the World. Cynthia is fighting tirelessly to Grow th"
114231437487201538,2025-03-26T23:56:00+00:00,2025-03-26,23,truth_social,truth_social_dataset,sector_keywords,,12,13,"Senator Lindsey Graham is working incredibly hard for the Great People of South Carolina, a State I love and WON BIG in 2016, 2020, and 2024!
Lindsey has been a wonderful friend to me, and has always been there when I needed him. As the Chair of the Senate Budget Committee, Linds"
114232829948632918,2025-03-27T05:50:56.198000+00:00,2025-03-27,5,truth_social,cnn_truth_archive,sector_keywords|entity_mention|theme:tariffs_trade,tariffs_trade,19,20,"If the European Union works with Canada in order to do economic harm to the USA, large scale Tariffs, far larger than currently planned, will be placed on them both in order to protect the best friend that each of those two countries has ever had!"
114235085105377425,2025-03-27T15:24:27.239000+00:00,2025-03-27,15,truth_social,cnn_truth_archive,sector_keywords|theme:tariffs_trade|theme:evs_autos,tariffs_trade/evs_autos,19,20,"Auto Workers for Trump founder Brian Pannebacker on President Trump's auto tariffs: ""To hear an announcement like this that's going to force the auto companies to build their assembly plants in the United States instead of right across the border in Mexico is music to our ears."""
114235616565301548,2025-03-27T17:39:00+00:00,2025-03-27,17,truth_social,truth_social_dataset,sector_keywords|entity_mention,,6,7,"Congressman Scott Perry is a tremendous Representative for the Great People of Pennsylvania’s 10th Congressional District!
A retired Army Brigadier General, Scott is a MAGA Warrior, who always puts AMERICA FIRST. Scott is working tirelessly with me to Secure the Border, Stop Migr"
114235745233828789,2025-03-27T18:12:00+00:00,2025-03-27,18,truth_social,truth_social_dataset,sector_keywords|entity_mention|theme:jobs_economy|theme:taxes,jobs_economy/taxes,6,7,"As we advance our America First Agenda, it is essential that we maintain EVERY Republican Seat in Congress. We must be unified to accomplish our Mission, and Elise Stefanik has been a vital part of our efforts from the very beginning. I have asked Elise, as one of my biggest Alli"
114241348699704594,2025-03-28T17:57:00+00:00,2025-03-28,17,truth_social,truth_social_dataset,sector_keywords|entity_mention,,6,7,"Today, President Donald J. Trump and Skadden, Arps, Slate, Meagher & Flom LLP announce the following agreement regarding a series of actions to be taken by Skadden:
1. Skadden will provide a total of at least $100 Million Dollars in pro bono Legal Services, during the Trump Admin"
114241662387997605,2025-03-28T19:17:00+00:00,2025-03-28,19,truth_social,truth_social_dataset,theme:defense_geopolitics|theme:pharma_healthcare,defense_geopolitics/pharma_healthcare,12,13,"It is my great honor to announce Sara Carter as our next Director of the Office of National Drug Control Policy (ONDCP). Sara is an Award Winning Journalist, who has been on the front lines of this International Fight for decades. From Afghanistan to our Border, Sarah’s relentles"
114241663757084870,2025-03-28T19:17:29.467000+00:00,2025-03-28,19,truth_social,cnn_truth_archive,sector_keywords|entity_mention,,6,7,"I am pleased to announce that Mark Brnovich will be our next United States Ambassador to Serbia. Mark is a proud Veteran of the Army National Guard, and previously served as Attorney General for the Great State of Arizona. As the son of refugees who fled communism, Mark will be a"
114246745942405963,2025-03-29T16:49:57.413000+00:00,2025-03-29,16,truth_social,cnn_truth_archive,sector_keywords,,12,13,"America First Patriot Randy Fine is running to represent the Wonderful People of Floridaâs 6th Congressional District! A highly successful, Harvard educated businessman, and greatly respected State Legislator, Randy has been a tremendous Voice for MAGA. In Congress, Randy will "
114246747590580179,2025-03-29T16:50:22.560000+00:00,2025-03-29,16,truth_social,cnn_truth_archive,sector_keywords,,12,13,"Jimmy Patronis, Chief Financial Officer and Fire Marshall for the Great State of Florida, is running an incredible Campaign for Congress in Floridaâs 1st Congressional District! A fourth generation Floridian from the beautiful Panhandle, and owner of an iconic seafood restauran"
114254008984567465,2025-03-30T23:37:00+00:00,2025-03-30,23,truth_social,truth_social_dataset,theme:defense_geopolitics,defense_geopolitics,6,7,"Kristen Welker’s entire first half hour of the Lowly Rated Meet the Fake Press this morning, was devoted to the boring Signal Witch Hunt. She doesn’t want to talk in detail about anything that matters like how well we are doing against the Houthis, substantive Peace Talks with Ru"
114258406263396157,2025-03-31T18:15:00+00:00,2025-03-31,18,truth_social,truth_social_dataset,theme:defense_geopolitics,defense_geopolitics,6,7,The Iran-backed Houthi Terrorists have been decimated by the relentless strikes over the past two weeks. Many of their Fighters and Leaders are no longer with us. We hit them every day and night — Harder and harder. Their capabilities that threaten Shipping and the Region are rap
114259522932730072,2025-03-31T22:59:00+00:00,2025-03-31,22,truth_social,truth_social_dataset,entity_mention,,1,2,“House GOP campaign chairman says voters will ‘reward us’ for the Trump-Musk DOGE cuts” https://apnews.com/article/musk-doge-trump-republicans-2026-elections-hudson-b853ea4198ad6f967b1acfc4e2954833
114259546197388041,2025-03-31T23:05:00+00:00,2025-03-31,23,truth_social,truth_social_dataset,sector_keywords|entity_mention,,6,7,“Europe Should Make a $200 Billion Deal With Trump” https://foreignpolicy.com/2025/03/05/trump-zelensky-ukraine-russia-arms-weapons-eu-europe-war/
114259773249991583,2025-04-01T00:02:00+00:00,2025-04-01,0,truth_social,truth_social_dataset,sector_keywords|theme:tariffs_trade,tariffs_trade,25,26,“Companies eye US expansion to lessen fallout from potential tariffs” https://www.reuters.com/business/energy/indias-reliance-stop-buying-venezuelan-oil-over-us-tariffs-sources-say-2025-03-26/
114259775317961958,2025-04-01T00:03:00+00:00,2025-04-01,0,truth_social,truth_social_dataset,sector_keywords|theme:tariffs_trade,tariffs_trade,25,26,"“Trump tariff on Venezuelan oil buyers shakes global market, major refiners pull back” https://www.miamiherald.com/news/nation-world/world/americas/venezuela/article302854669.html#storylink=cpy"
114259778682053280,2025-04-01T00:04:00+00:00,2025-04-01,0,truth_social,truth_social_dataset,sector_keywords|theme:tariffs_trade|theme:evs_autos,tariffs_trade/evs_autos,19,20,"“IN A VICTORY FOR AUTOWORKERS, AUTO TARIFFS MARK THE BEGINNING OF THE END OF NAFTA AND THE ‘FREE TRADE’ DISASTER” https://uaw.org/tariffs-mark-beginning-of-victory-for-autoworkers/"
114263048748701626,2025-04-01T13:55:00+00:00,2025-04-01,13,truth_social,truth_social_dataset,sector_keywords,,12,13,"America First Patriot Randy Fine is running to represent the Wonderful People of Florida’s 6th Congressional District! A highly successful, Harvard educated businessman, and greatly respected State Legislator, Randy has been a tremendous Voice for MAGA. In Congress, Randy will be"
114263050632843712,2025-04-01T13:56:00+00:00,2025-04-01,13,truth_social,truth_social_dataset,sector_keywords,,12,13,"Jimmy Patronis, Chief Financial Officer and Fire Marshall for the Great State of Florida, is running an incredible Campaign for Congress in Florida’s 1st Congressional District! A fourth generation Floridian from the beautiful Panhandle, and owner of an iconic seafood restaurant,"
114263386262728170,2025-04-01T15:21:00+00:00,2025-04-01,15,truth_social,truth_social_dataset,sector_keywords|entity_mention,,6,7,"My telephone call with President El-Sisi, of Egypt, went very well. We discussed numerous topics, among which was the tremendous Military progress we have made against the Ship destroying Houthis in Yemen — Also discussed was Gaza, and possible solutions, Military preparedness, e"
114263461013940328,2025-04-01T15:40:00+00:00,2025-04-01,15,truth_social,truth_social_dataset,sector_keywords|entity_mention|theme:tariffs_trade,tariffs_trade,19,20,"Senator Tim Kaine, who ran against me with Crooked Hillary in 2016, is trying to halt our critical Tariffs on deadly Fentanyl coming in from Canada. We are making progress to end this terrible Fentanyl Crisis, but Republicans in the Senate MUST vote to keep the National Emergency"
114264667777137553,2025-04-01T20:47:00+00:00,2025-04-01,20,truth_social,truth_social_dataset,sector_keywords|entity_mention,,6,7,"Today, President Donald J. Trump and Willkie Farr & Gallagher LLP (“Willkie”) announce the following agreement regarding a series of actions to be taken by Willkie:
1. Willkie will provide a total of at least $100 Million Dollars in pro bono Legal Services, during the Trump Admin"
114265268833712885,2025-04-01T23:20:00+00:00,2025-04-01,23,truth_social,truth_social_dataset,entity_mention,,1,2,"“Judges are just pretending to be Judges! They are making the law instead of deciding the law!” — Elon Musk. In other words, they are totally out of control, in complete violation of our Constitution. MAKE AMERICA GREAT AGAIN!!!"
114269214484216882,2025-04-02T16:04:00+00:00,2025-04-02,16,truth_social,truth_social_dataset,sector_keywords|theme:tariffs_trade|theme:manufacturing_reshoring,tariffs_trade/manufacturing_reshoring,19,20,“Trump's tariffs are saving the American steel industry” https://www.post-gazette.com/opinion/guest-columns/2025/03/18/trump-steel-tariff/stories/202503170010
114270538820142872,2025-04-02T21:40:47.914000+00:00,2025-04-02,21,truth_social,cnn_truth_archive,sector_keywords|theme:taxes,taxes,12,13,"Speaker of the House Mike Johnson and Senate Majority Leader John Thune have been working tirelessly on taking the next step to pass the plan for our ONE, BIG, BEAUTIFUL BILL, as it is known, as well as getting us closer to the Debt Extension necessary to continue our great work."
114279804302912092,2025-04-04T12:57:00+00:00,2025-04-04,12,truth_social,truth_social_dataset,theme:jobs_economy,jobs_economy,0,1,"GREAT JOB NUMBERS, FAR BETTER THAN EXPECTED. IT’S ALREADY WORKING. HANK TOUGH, WE CAN’T LOSE!!!"
114279844695644343,2025-04-04T13:07:00+00:00,2025-04-04,13,truth_social,truth_social_dataset,theme:jobs_economy,jobs_economy,0,1,"GREAT JOB NUMBERS, FAR BETTER THAN EXPECTED. IT’S ALREADY WORKING. HANG TOUGH, WE CAN’T LOSE!!!"
114279915827492021,2025-04-04T13:25:29.692000+00:00,2025-04-04,13,truth_social,cnn_truth_archive,theme:china,china,13,14,"CHINA PLAYED IT WRONG, THEY PANICKED - THE ONE THING THEY CANNOT AFFORD TO DO!"
114280292618523684,2025-04-04T15:01:19.068000+00:00,2025-04-04,15,truth_social,cnn_truth_archive,sector_keywords|entity_mention|theme:tariffs_trade,tariffs_trade,19,20,"Just had a very productive call with To Lam, General Secretary of the Communist Party of Vietnam, who told me that Vietnam wants to cut their Tariffs down to ZERO if they are able to make an agreement with the U.S. I thanked him on behalf of our Country, and said I look forward t"
114280322706682564,2025-04-04T15:08:00+00:00,2025-04-04,15,truth_social,truth_social_dataset,sector_keywords|theme:fed_rates,fed_rates,6,7,"This would be a PERFECT time for Fed Chairman Jerome Powell to cut Interest Rates. He is always “late,” but he could now change his image, and quickly. Energy prices are down, Interest Rates are down, Inflation is down, even Eggs are down 69%, and Jobs are UP, all within two mont"
114280893859636366,2025-04-04T17:34:00+00:00,2025-04-04,17,truth_social,truth_social_dataset,sector_keywords|entity_mention|theme:semis_tech_supplychain|theme:china|theme:tariffs_trade,semis_tech_supplychain/china/tariffs_trade,22,23,"My Administration has been working very hard on a Deal to SAVE TIKTOK, and we have made tremendous progress. The Deal requires more work to ensure all necessary approvals are signed, which is why I am signing an Executive Order to keep TikTok up and running for an additional 75 d"
114282305980898453,2025-04-04T23:33:20.538000+00:00,2025-04-04,23,truth_social,cnn_truth_archive,sector_keywords|entity_mention|theme:tariffs_trade,tariffs_trade,19,20,"Big business is not worried about the Tariffs, because they know they are here to stay, but they are focused on the BIG, BEAUTIFUL DEAL, which will SUPERCHARGE our Economy. Very important. Going on right now!!!"
114285375813275308,2025-04-05T12:34:00+00:00,2025-04-05,12,truth_social,truth_social_dataset,theme:china|theme:manufacturing_reshoring,china/manufacturing_reshoring,13,14,"China has been hit much harder than the USA, not even close. They, and many other nations, have treated us unsustainably badly. We have been the dumb and helpless “whipping post,” but not any longer. We are bringing back jobs and businesses like never before. Already, more than F"
114287474604619244,2025-04-05T21:27:47.477000+00:00,2025-04-05,21,truth_social,cnn_truth_archive,theme:china,china,13,14,"Watch Mark Levin on Trade with China,  tonight on FoxNews, 8:00. Also, Lara Trump at 9:00. Her new show is doing GREAT!!!"
114287485415940651,2025-04-05T21:30:00+00:00,2025-04-05,21,truth_social,truth_social_dataset,sector_keywords|entity_mention|theme:tariffs_trade|theme:china,tariffs_trade/china,19,20,“We need Tariffs on China!” Gordon Chang
114293581018893404,2025-04-06T23:20:00+00:00,2025-04-06,23,truth_social,truth_social_dataset,sector_keywords|entity_mention|theme:tariffs_trade|theme:china,tariffs_trade/china,19,20,"We have massive Financial Deficits with China, the European Union, and many others. The only way this problem can be cured is with TARIFFS, which are now bringing Tens of Billions of Dollars into the U.S.A. They are already in effect, and a beautiful thing to behold. The Surplus "
114296287858068040,2025-04-07T10:49:00+00:00,2025-04-07,10,truth_social,truth_social_dataset,sector_keywords|theme:tariffs_trade|theme:fed_rates|theme:oil_energy_geopolitics|theme:china,tariffs_trade/fed_rates/oil_energy_geopolitics/china,32,33,"Oil prices are down, interest rates are down (the slow moving Fed should cut rates!), food prices are down, there is NO INFLATION, and the long time abused USA is bringing in Billions of Dollars a week from the abusing countries on Tariffs that are already in place. This is despi"
114296909356614075,2025-04-07T13:27:00+00:00,2025-04-07,13,truth_social,truth_social_dataset,sector_keywords|entity_mention|theme:agriculture|theme:china,agriculture/china,19,20,"Countries from all over the World are talking to us. Tough but fair parameters are being set. Spoke to the Japanese Prime Minister this morning. He is sending a top team to negotiate! They have treated the U.S. very poorly on Trade. They don’t take our cars, but we take MILLIONS "
114296933498836216,2025-04-07T13:33:18.797000+00:00,2025-04-07,13,truth_social,cnn_truth_archive,entity_mention,,1,2,Seeing the World Champion Los Angeles Dodgers at 11:00 A.M. Exciting!!! DJT
114297149364879462,2025-04-07T14:28:00+00:00,2025-04-07,14,truth_social,truth_social_dataset,sector_keywords|entity_mention|theme:tariffs_trade,tariffs_trade,19,20,"“I appreciate what the President is doing on tariffs...Australia has sold $29 billion worth of beef in the United States, and we haven't been able to sell one hamburger in Australia because of barriers…you look at these numbers, and the ranchers of Wyoming are saying thank you Mr"
114297166113853713,2025-04-07T14:32:00+00:00,2025-04-07,14,truth_social,truth_social_dataset,sector_keywords|entity_mention|theme:oil_energy_geopolitics,oil_energy_geopolitics,6,7,"“Rates are plummeting, oil prices are plummeting, deregulation is happening. President Trump is not going to bend..."""
114297331052690348,2025-04-07T15:14:24.983000+00:00,2025-04-07,15,truth_social,cnn_truth_archive,sector_keywords|entity_mention|theme:tariffs_trade|theme:china,tariffs_trade/china,19,20,"Yesterday, China issued Retaliatory Tariffs of 34%, on top of their already record setting Tariffs, Non-Monetary Tariffs, Illegal Subsidization of companies, and massive long term Currency Manipulation, despite my warning that any country that Retaliates against the U.S. by issui"
114298249002673077,2025-04-07T19:07:00+00:00,2025-04-07,19,truth_social,truth_social_dataset,sector_keywords|entity_mention,,6,7,"“What we're not talking about is, oil was $76, now it's $65. Gasoline prices are going to plummet…”"
114298964268045690,2025-04-07T22:09:00+00:00,2025-04-07,22,truth_social,truth_social_dataset,theme:taxes,taxes,0,1,"The Budget Plan just passed by the United States Senate has my Complete and Total Endorsement and Support. All of the elements we need to secure the Border, enact Historic Spending Cuts, and make Tax Cuts PERMANENT, and much more, are strongly covered and represented in the Bill."
114299054674051787,2025-04-07T22:32:45.314000+00:00,2025-04-07,22,truth_social,cnn_truth_archive,sector_keywords|entity_mention,,6,7,"I am pleased to report that my long scheduled Annual Physical Examination will be done at Walter Reed Army Medical Center on Friday of this week. I have never felt better, but nevertheless, these things must be done!"
114302499965852704,2025-04-08T13:08:00+00:00,2025-04-08,13,truth_social,truth_social_dataset,sector_keywords|theme:tariffs_trade|theme:china,tariffs_trade/china,24,25,"I just had a great call with the Acting President of South Korea. We talked about their tremendous and unsustainable Surplus, Tariffs, Shipbuilding, large scale purchase of U.S. LNG, their joint venture in an Alaska Pipeline, and payment for the big time Military Protection we pr"
114304476490205414,2025-04-08T21:31:35.665000+00:00,2025-04-08,21,truth_social,cnn_truth_archive,sector_keywords|entity_mention,,6,7,"RT: https://truthsocial.com/users/realDonaldTrump/statuses/114304424640936613Today, we took historic action to help American workers, miners, families and consumers. We're ending Joe Biden's war on beautiful, clean coal once and for all, and we're going to put the miners back to "
114305454562761253,2025-04-09T01:40:00+00:00,2025-04-09,1,truth_social,truth_social_dataset,sector_keywords|entity_mention|theme:stock_market_macro,stock_market_macro,6,7,"I’m proud to be the President for the workers, not the outsourcers; the President who stands up for Main Street, not Wall Street; who protects the middle class, not the political class; and who defends America, not trade cheaters all over the globe."
114307832213562859,2025-04-09T11:44:00+00:00,2025-04-09,11,truth_social,truth_social_dataset,sector_keywords|entity_mention|theme:tariffs_trade,tariffs_trade,26,27,"This is a GREAT time to move your COMPANY into the United States of America, like Apple, and so many others, in record numbers, are doing. ZERO TARIFFS, and almost immediate Electrical/Energy hook ups and approvals. No Environmental Delays. DON’T WAIT, DO IT NOW!"
114308121820846336,2025-04-09T12:58:38.995000+00:00,2025-04-09,12,truth_social,cnn_truth_archive,theme:taxes,taxes,0,1,"It is IMPERATIVE that Republicans in the House pass the Tax Cut Bill, NOW! Our Country Will Boom!!!"
114308228615083777,2025-04-09T13:25:00+00:00,2025-04-09,13,truth_social,truth_social_dataset,sector_keywords|entity_mention|theme:tariffs_trade,tariffs_trade,20,21,"“Fixing Trade and Tariffs is a good thing!” Jamie Dimon, JPMorgan Chase, Chairman & CEO, on Maria B Show!"
114308272725981913,2025-04-09T13:37:01.627000+00:00,2025-04-09,13,truth_social,cnn_truth_archive,entity_mention,,1,2,THIS IS A GREAT TIME TO BUY!!! DJT
114308898654506738,2025-04-09T16:16:00+00:00,2025-04-09,16,truth_social,truth_social_dataset,sector_keywords|entity_mention|theme:manufacturing_reshoring|theme:agriculture,manufacturing_reshoring/agriculture,11,12,"Jon Husted is doing an incredible job as Senator for the Great State of Ohio! He served as your Lieutenant Governor for seven years prior to becoming a very distinguished and well respected Senator.
Jon is a wonderful man, has ALWAYS delivered for Ohio, and will continue doing so"
114309144289505174,2025-04-09T17:18:00+00:00,2025-04-09,17,truth_social,truth_social_dataset,sector_keywords|entity_mention|theme:tariffs_trade|theme:china,tariffs_trade/china,19,20,"Based on the lack of respect that China has shown to the World’s Markets, I am hereby raising the Tariff charged to China by the United States of America to 125%, effective immediately. At some point, hopefully in the near future, China will realize that the days of ripping off t"
114310188132445566,2025-04-09T21:44:08.485000+00:00,2025-04-09,21,truth_social,cnn_truth_archive,sector_keywords|entity_mention,,6,7,"We are taking historic action to help American workers, miners, families, and consumers. We're ending Joe Biden's war on beautiful, clean coal once and for all, and we're gonna put the miners back to work!"
114313667304867320,2025-04-10T12:28:00+00:00,2025-04-10,12,truth_social,truth_social_dataset,entity_mention|theme:taxes,taxes,1,2,"Great News! “The Big, Beautiful Bill” is coming along really well. Republicans are working together nicely. Biggest Tax Cuts in USA History!!! Getting close. DJT"
114313939062499622,2025-04-10T13:38:00+00:00,2025-04-10,13,truth_social,truth_social_dataset,theme:fed_rates,fed_rates,6,7,Just out: “INFLATION IS DOWN!!!”
114315881639906095,2025-04-10T21:52:04.480000+00:00,2025-04-10,21,truth_social,cnn_truth_archive,sector_keywords,,12,13,"I am proud to once again endorse Texas Lieutenant Governor, Dan Patrick, for Re-Election.Â As Texas Chair of our Presidential Campaigns in 2016, 2020, and 2024, Dan has been an incredible friend to our Movement, helping us WIN BIG in the Primaries and General Elections. In his ne"
114315902995818386,2025-04-10T21:57:00+00:00,2025-04-10,21,truth_social,truth_social_dataset,sector_keywords|entity_mention|theme:agriculture,agriculture,6,7,"Senator Pete Ricketts is doing a terrific job for the People of Nebraska! Pete is working hard to Champion our Great Farmers and American Agriculture, Stop Illegal Immigration and Migrant Crime, Cut Taxes, Grow the Economy, Support our Military, Veterans, and Law Enforcement, and"
114316044643910190,2025-04-10T22:33:00+00:00,2025-04-10,22,truth_social,truth_social_dataset,sector_keywords|entity_mention,,6,7,"I am pleased to announce that former Congressman Mark Walker, of North Carolina, a place I love and won SIX times, will be the United States Ambassador-at-Large for International Religious Freedom.
A former pastor, Mark was elected unanimously to House Leadership, and did an incr"
114316141098255318,2025-04-10T22:58:00+00:00,2025-04-10,22,truth_social,truth_social_dataset,sector_keywords|entity_mention|theme:agriculture|theme:tariffs_trade,agriculture/tariffs_trade,19,20,"Mexico OWES Texas 1.3 million acre-feet of water under the 1944 Water Treaty, but Mexico is unfortunately violating their Treaty obligation. This is very unfair, and it is hurting South Texas Farmers very badly. Last year, the only Sugar Mill in Texas CLOSED, because Mexico has b"
114319533589155171,2025-04-11T13:20:48.760000+00:00,2025-04-11,13,truth_social,cnn_truth_archive,sector_keywords|entity_mention|theme:tariffs_trade,tariffs_trade,20,21,"We are doing really well on our TARIFF POLICY.  Very exciting for America, and the World!!! It is moving along quickly.  DJT"
114319659315817918,2025-04-11T13:52:47.196000+00:00,2025-04-11,13,truth_social,cnn_truth_archive,entity_mention,,1,2,"The House and Senate should push hard for more Daylight at the end of a day. Very popular and, most importantly, no more changing of the clocks, a big inconvenience and, for our government, A VERY COSTLY EVENT!!!  DJT"
114320237164839938,2025-04-11T16:19:00+00:00,2025-04-11,16,truth_social,truth_social_dataset,sector_keywords|entity_mention,,6,7,"Today, President Donald J. Trump and Cadwalader, Wickersham & Taft, LLP (“Cadwalader”) announce the following commitments regarding a series of actions to be taken by Cadwalader:
1. Cadwalader will provide a total of at least $100 Million Dollars in pro bono Legal Services, durin"
114320245355397433,2025-04-11T16:21:00+00:00,2025-04-11,16,truth_social,truth_social_dataset,sector_keywords|entity_mention,,6,7,"Today, President Donald J. Trump and Kirkland & Ellis LLP, Allen Overy Shearman Sterling US LLP, Simpson Thacher & Bartlett LLP, and Latham & Watkins LLP (the “Law Firms”) announce the following agreement regarding a series of actions to be taken by the Law Firms:
1. The Law Firm"
114320258692162203,2025-04-11T16:25:00+00:00,2025-04-11,16,truth_social,truth_social_dataset,theme:tariffs_trade,tariffs_trade,19,20,"Stuart Varney: “This week, President Trump dominated the world stage. He stamped his influence on markets and economies everywhere. I've been doing this for 50 years and I can't remember a week quite like this one...He is reversing America's direction. Trump does not accept massi"
114321989500112442,2025-04-11T23:45:00+00:00,2025-04-11,23,truth_social,truth_social_dataset,theme:agriculture,agriculture,0,1,"How could we be expected to go to South Africa for the very important G20 Meeting when Land Confiscation and Genocide is the primary topic of conversation? They are taking the land of white Farmers, and then killing them and their families. The Media refuses to report on this. Th"
114332337028519855,2025-04-13T19:36:00+00:00,2025-04-13,19,truth_social,truth_social_dataset,sector_keywords|theme:tariffs_trade|theme:china|theme:semis_tech_supplychain,tariffs_trade/china/semis_tech_supplychain,22,23,"NOBODY is getting “off the hook” for the unfair Trade Balances, and Non Monetary Tariff Barriers, that other Countries have used against us, especially not China which, by far, treats us the worst! There was no Tariff “exception” announced on Friday. These products are subject to"
114336879485867419,2025-04-14T14:52:00+00:00,2025-04-14,14,truth_social,truth_social_dataset,entity_mention|theme:manufacturing_reshoring,manufacturing_reshoring,8,9,“NVIDIA to Manufacture American-Made AI Supercomputers in US for First Time” https://blogs.nvidia.com/blog/nvidia-manufacture-american-made-ai-supercomputers-us/
114341773968885783,2025-04-15T11:36:50.023000+00:00,2025-04-15,11,truth_social,cnn_truth_archive,entity_mention,,1,2,"NVIDIA COMMITS 500 BILLION DOLLARS TO BUILD A.I. SUPERCOMPUTERS, PLUS, IN THE UNITED STATES, EXCLUSIVELY. This is very big and exciting news. All necessary permits will be expedited and quickly delivered to NVIDIA, as they will to all companies committing to be part of the Golden"
114342518862792060,2025-04-15T14:46:00+00:00,2025-04-15,14,truth_social,truth_social_dataset,sector_keywords|entity_mention|theme:agriculture|theme:china|theme:tariffs_trade,agriculture/china/tariffs_trade,19,20,"Our farmers are GREAT, but because of their GREATNESS, they are always put on the Front Line with our adversaries, such as China, whenever there is a Trade negotiation or, in this case, a Trade War. The same thing happened in my First Term. China was brutal to our Farmers, I thes"
114345526663892197,2025-04-16T03:31:11.605000+00:00,2025-04-16,3,truth_social,cnn_truth_archive,sector_keywords|theme:tariffs_trade|theme:fed_rates,tariffs_trade/fed_rates,32,33,"The United States is taking in RECORD NUMBERS in Tariffs, with the cost of almost all products going down, including gasoline, groceries, and just about everything else. Likewise, INFLATION is down. Promises Made, Promises Kept!"
114347128422370864,2025-04-16T10:18:00+00:00,2025-04-16,10,truth_social,truth_social_dataset,sector_keywords|theme:tariffs_trade,tariffs_trade,23,24,"Japan is coming in today to negotiate Tariffs, the cost of military support, and “TRADE FAIRNESS.” I will attend the meeting, along with Treasury & Commerce Secretaries. Hopefully something can be worked out which is good (GREAT!) for Japan and the USA!"
114348224335547565,2025-04-16T14:57:00+00:00,2025-04-16,14,truth_social,truth_social_dataset,sector_keywords|entity_mention,,6,7,"U.S. Border Patrol Chief Mike Banks: ""The Border Patrol morale is going through the roof. We've had the handcuffs taken off. We're allowed to actually do our job which is to go out and enforce the law...Recruiting is looking great. We're seeing some of our highest numbers ever…”"
114352766082542122,2025-04-17T10:12:00+00:00,2025-04-17,10,truth_social,truth_social_dataset,sector_keywords|theme:fed_rates|theme:oil_energy_geopolitics|theme:tariffs_trade,fed_rates/oil_energy_geopolitics/tariffs_trade,32,33,"The ECB is expected to cut interest rates for the 7th time, and yet, “Too Late” Jerome Powell of the Fed, who is always TOO LATE AND WRONG, yesterday issued a report which was another, and typical, complete “mess!” Oil prices are down, groceries (even eggs!) are down, and the USA"
114353130958010667,2025-04-17T11:45:00+00:00,2025-04-17,11,truth_social,truth_social_dataset,sector_keywords|entity_mention,,6,7,"American Samoa: Happy Flag Day! Today marks the 125th Anniversary of American Samoa becoming a treasured part of the United States, and our Great American Flag has flown over the Islands ever since.
The Chiefs who first chose to raise the Stars and Stripes over Samoa gave their d"
114353201227355474,2025-04-17T12:02:56.150000+00:00,2025-04-17,12,truth_social,cnn_truth_archive,theme:china,china,13,14,"Had a very productive call with the President of Mexico yesterday. Likewise, I met with the highest level Japanese Trade Representatives. It was a very productive meeting. Every Nation, including China, wants to meet! Today, Italy!"
114359040827344338,2025-04-18T12:48:01.374000+00:00,2025-04-18,12,truth_social,cnn_truth_archive,entity_mention,,1,2,"Prime Minister Georgia Meloni of Italy was great yesterday in her visit to the White House. She loves her country, and the impression she left on everyone was FANTASTIC!!!  DJT"
114370361342759621,2025-04-20T12:46:58.731000+00:00,2025-04-20,12,truth_social,cnn_truth_archive,sector_keywords|entity_mention,,6,7,"Happy Easter to all, including the Radical Left Lunatics who are fighting and scheming so hard to bring Murderers, Drug Lords, Dangerous Prisoners, the Mentally Insane, and well known MS-13 Gang Members and Wife Beaters, back into our Country. Happy Easter also to the WEAK and IN"
114372085732582216,2025-04-20T20:05:00+00:00,2025-04-20,20,truth_social,truth_social_dataset,sector_keywords|entity_mention|theme:tariffs_trade,tariffs_trade,19,20,"THE BUSINESSMEN WHO CRITICIZE TARIFFS ARE BAD AT BUSINESS, BUT REALLY BAD AT POLITICS. THEY DON’T UNDERSTAND OR REALIZE THAT I AM THE GREATEST FRIEND THAT AMERICAN CAPITALISM HAS EVER HAD!"
114372126396548824,2025-04-20T20:15:51.314000+00:00,2025-04-20,20,truth_social,cnn_truth_archive,entity_mention,,1,2,"HOPEFULLY RUSSIA AMD UKRAINE WILL MAKE A DEAL THIS WEEK. BOTH WILL THEN START TO DO BIG BUSINESS WITH THE UNITED STATES OF AMERICA, WHICH IS THRIVING, AND MAKE A FORTUNE!"
114372346621591852,2025-04-20T21:11:51.685000+00:00,2025-04-20,21,truth_social,cnn_truth_archive,theme:china,china,13,14,"""A Gift from China"" in the Pacific Ocean!"
114372350378942829,2025-04-20T21:12:00+00:00,2025-04-20,21,truth_social,truth_social_dataset,sector_keywords|entity_mention|theme:tariffs_trade,tariffs_trade,19,20,"Since our announcement of LIBERATION DAY, many World Leaders and Business Executives have come to me asking for relief from Tariffs. It’s good to see that the World knows we are serious, because WE ARE! They must right the wrongs of decades of abuse, but it won’t be easy for them"
114372351596556599,2025-04-20T21:13:00+00:00,2025-04-20,21,truth_social,truth_social_dataset,sector_keywords|entity_mention|theme:tariffs_trade|theme:agriculture,tariffs_trade/agriculture,19,20,"NON-TARIFF CHEATING:
1. Currency Manipulation
2. VATs which act as tariffs and export subsidies
3. Dumping Below Cost
4. Export Subsidies and Other Govt. Subsidies
5. Protective Agricultural Standards (e.g., no genetically engineered corn in EU)
6. Protective Technical Standards "
114376239725335883,2025-04-21T13:41:00+00:00,2025-04-21,13,truth_social,truth_social_dataset,sector_keywords|theme:fed_rates,fed_rates,8,9,"“Preemptive Cuts” in Interest Rates are being called for by many. With Energy Costs way down, food prices (including Biden’s egg disaster!) substantially lower, and most other “things” trending down, there is virtually No Inflation. With these costs trending so nicely downward, j"
114376655236734018,2025-04-21T15:27:35.932000+00:00,2025-04-21,15,truth_social,cnn_truth_archive,sector_keywords|entity_mention,,6,7,"As a mark of respect for the memory of His Holiness Pope Francis, by the authority vested in me as President of the United States by the Constitution and the laws of the United States of America, I hereby order that the flag of the United States shall be flown at half-staff at th"
114378035138845295,2025-04-21T21:18:00+00:00,2025-04-21,21,truth_social,truth_social_dataset,sector_keywords,,12,13,"Steve Daines is a Great Man, and TREMENDOUS Senator, representing the Fantastic People of Montana. I love Montana, won every one of my Races there by a landslide, and would only recommend the best to represent you in the Senate!
As Chairman of the National Republican Senatorial C"
114379314291410399,2025-04-22T02:43:49.886000+00:00,2025-04-22,2,truth_social,cnn_truth_archive,entity_mention,,1,2,"I have agreed to do the Commencement Address at two really GREAT places, the University of Alabama and, WEST POINT. Stay tuned for times and dates!!!  DJT"
114382248962521077,2025-04-22T15:10:00+00:00,2025-04-22,15,truth_social,truth_social_dataset,theme:defense_geopolitics,defense_geopolitics,6,7,"I’ve just spoken to Prime Minister of Israel, Bibi Netanyahu, relative to numerous subjects including Trade, Iran, etc. The call went very well—We are on the same side of every issue."
114388111141848447,2025-04-23T16:00:00+00:00,2025-04-23,16,truth_social,truth_social_dataset,sector_keywords|theme:stock_market_macro,stock_market_macro,12,13,"Ukrainian President, Volodymyr Zelenskyy, is boasting on the front page of The Wall Street Journal that, “Ukraine will not legally recognize the occupation of Crimea. There’s nothing to talk about here.” This statement is very harmful to the Peace Negotiations with Russia in that"
114392734082544469,2025-04-24T11:36:39.650000+00:00,2025-04-24,11,truth_social,cnn_truth_archive,sector_keywords|entity_mention,,1,2,"Gas and grocery prices are WAY DOWN, just like I said they would be. Eggs are plentiful, and down 87%. NICE!"
114392923237368367,2025-04-24T12:24:45.921000+00:00,2025-04-24,12,truth_social,cnn_truth_archive,sector_keywords|entity_mention,,6,7,"I am not happy with the Russian strikes on KYIV. Not necessary, and very bad timing. Vladimir, STOP! 5000 soldiers a week are dying. Lets get the Peace Deal DONE!"
114393194962253226,2025-04-24T13:33:00+00:00,2025-04-24,13,truth_social,truth_social_dataset,entity_mention,,1,2,"Harvard is an Anti-Semitic, Far Left Institution, as are numerous others, with students being accepted from all over the World that want to rip our Country apart. The place is a Liberal mess, allowing a certain group of crazed lunatics to enter and exit the classroom and spew fak"
114393275364471638,2025-04-24T13:54:00+00:00,2025-04-24,13,truth_social,truth_social_dataset,sector_keywords|entity_mention|theme:china|theme:stock_market_macro,china/stock_market_macro,19,20,"Rupert Murdoch has told me for years that he is going to get rid of his FoxNews, Trump Hating, Fake Pollster, but he has never done so. This “pollster” has gotten me, and MAGA, wrong for years. Also, and while he’s at it, he should start making changes at the China Loving Wall St"
114393469355437462,2025-04-24T14:43:00+00:00,2025-04-24,14,truth_social,truth_social_dataset,sector_keywords|entity_mention|theme:china,china,13,14,"Boeing should default China for not taking the beautifully finished planes that China committed to purchase. This is just a small example of what China has done to the USA, for years… And, by the way, Fentanyl continues to pour into our Country from China, through Mexico and Cana"
114399870830051429,2025-04-25T17:51:00+00:00,2025-04-25,17,truth_social,truth_social_dataset,sector_keywords|entity_mention|theme:tariffs_trade,tariffs_trade,19,20,"Charles Payne, of Fox, is truly fantastic at what he does. He understands Tariffs, and he understands Life but, most importantly, he has been supportive of “TRUMP” right from the beginning – and I’ll always be supportive of him. With that being said, go out and immediately buy hi"
114404524335638236,2025-04-26T13:35:00+00:00,2025-04-26,13,truth_social,truth_social_dataset,sector_keywords|entity_mention,,6,7,"No matter what deal I make with respect to Russia/Ukraine, no matter how good it is, even if it’s the greatest deal ever made, The Failing New York Times will speak BADLY of it. Liddle’ Peter Baker, the very biased and untalented writer for The Times, followed his Editor’s demand"
114406185820566958,2025-04-26T20:37:00+00:00,2025-04-26,20,truth_social,truth_social_dataset,sector_keywords|entity_mention,,6,7,"American Ships, both Military and Commercial, should be allowed to travel, free of charge, through the Panama and Suez Canals! Those Canals would not exist without the United States of America. I’ve asked Secretary of State Marco Rubio to immediately take care of, and memorialize"
114410073592204291,2025-04-27T13:06:00+00:00,2025-04-27,13,truth_social,truth_social_dataset,sector_keywords|entity_mention|theme:tariffs_trade|theme:manufacturing_reshoring,tariffs_trade/manufacturing_reshoring,19,20,"When Tariffs cut in, many people’s Income Taxes will be substantially reduced, maybe even completely eliminated. Focus will be on people making less than $200,000 a year. Also, massive numbers of jobs are already being created, with new plants and factories currently being built "
114411159111822314,2025-04-27T17:42:00+00:00,2025-04-27,17,truth_social,truth_social_dataset,sector_keywords|entity_mention|theme:taxes,taxes,6,7,"Thank you to my wonderful friends in Michigan’s Republican Delegation, and the many other incredible Republicans in Congress, who want to travel with me to celebrate our Historic First 100 Days on Tuesday. It is going be a TREMENDOUS day. I wish everyone could come with me, but t"
114411308844416576,2025-04-27T18:20:00+00:00,2025-04-27,18,truth_social,truth_social_dataset,sector_keywords|entity_mention,,6,7,"Hopefully ACTBLUE, the Democrats ILLEGAL SCAM used to raise money, including from not allowed “foreign contributions,” is being looked at by authorities. The Dems only know how to win by CHEATING, something which they do better than any group or party in history. But now, with th"
114414928875781139,2025-04-28T09:41:05.316000+00:00,2025-04-28,9,truth_social,cnn_truth_archive,entity_mention,,1,2,"Warren Zeiders is FANTASTIC. Go to his concerts, and ENJOY! DJT"
114415618596069518,2025-04-28T12:36:29.612000+00:00,2025-04-28,12,truth_social,cnn_truth_archive,sector_keywords|theme:tariffs_trade,tariffs_trade,20,21,"Good luck to the Great people of Canada. Elect the man who has the strength and wisdom to cut your taxes in half, increase your military power, for free, to the highest level in the World, have your Car, Steel, Aluminum, Lumber, Energy, and all other businesses, QUADRUPLE in size"
114417100472347708,2025-04-28T18:53:00+00:00,2025-04-28,18,truth_social,truth_social_dataset,sector_keywords|entity_mention|theme:agriculture,agriculture,6,7,"Congressman Derrick Van Orden is an America First Warrior for Wisconsin’s 3rd Congressional District.
A retired Navy SEAL, Derrick bravely served our Country in combat, and brings that same Fighting Spirit to Congress. Derrick is working hard to Champion our Great Farmers and Ame"
114417102068372350,2025-04-28T18:53:00+00:00,2025-04-28,18,truth_social,truth_social_dataset,sector_keywords,,12,13,"Congressman Gabe Evans is an America First Patriot who is doing a fantastic job representing Colorado’s 8th Congressional District!
A decorated Army Helicopter Pilot and former Police Officer, Gabe has served our Nation with Great Honor and Distinction. In Congress, he is fightin"
114417101345799325,2025-04-28T18:53:00+00:00,2025-04-28,18,truth_social,truth_social_dataset,sector_keywords|entity_mention,,6,7,"Congressman Juan Ciscomani is a Tremendous Champion for Arizona’s 6th Congressional District!
As a Member of the POWERFUL Appropriations Committee, Juan is fighting hard to Secure the Border, Stop Migrant Crime, Strengthen our Military/Vets, Support our Great Law Enforcement, and"
114417332210818903,2025-04-28T19:52:17.298000+00:00,2025-04-28,19,truth_social,cnn_truth_archive,sector_keywords|entity_mention,,6,7,"I am proud to announce the formation of the FEMA Review Council, comprised of Top Experts in their fields, who are Highly Respected by their peers. It is my Great Honor to appoint to the Council, Secretary of Defense Pete Hegseth, Secretary of Homeland Security Kristi Noem, Gover"
114417662551888762,2025-04-28T21:16:00+00:00,2025-04-28,21,truth_social,truth_social_dataset,sector_keywords|entity_mention,,6,7,"As we reach our Historic First 100 Days, I am proud to announce that the Presidential Personnel Office has surpassed 80% of all Political Hires across our largest Departments, including the United States Department of Justice, State, Defense, Treasury, Veterans Affairs, and Comme"
114417662061589259,2025-04-28T21:16:10.424000+00:00,2025-04-28,21,truth_social,cnn_truth_archive,sector_keywords|entity_mention,,6,7,"As we reach our Historic First 100 Days, I am proud to announce that the Presidential Personnel Office has surpassed 80% of all Political Hires across our largest Departments, including the United States Department of Justice, State, Defense, Treasury, Veterans Affairs, and Comme"
114421082367450202,2025-04-29T11:46:00+00:00,2025-04-29,11,truth_social,truth_social_dataset,entity_mention,,1,2,"100 VERY SPECIAL DAYS. MAKE AMERICA GREAT AGAIN!!!Danielle Alvarez of the RNC, and Paul Perez of Border Patrol, were GREAT on Fox & Friends (First). Thank you both! DJT"
114421712482899408,2025-04-29T14:26:00+00:00,2025-04-29,14,truth_social,truth_social_dataset,theme:fed_rates,fed_rates,6,7,"Maria Bartiromo: ""There's no other way to look at this first 100 days other than a huge success...Look at the President's two top issues: immigration and inflation. Border crossings are down 99%...”"
114421805011603196,2025-04-29T14:49:00+00:00,2025-04-29,14,truth_social,truth_social_dataset,sector_keywords|entity_mention|theme:evs_autos,evs_autos,6,7,"Auto Workers for Trump founder Brian Pannebecker: ""I've been telling people here in the Detroit area...be patient, have faith, and trust Trump. This guy wrote the book on negotiations…”"
114421883134626921,2025-04-29T15:09:00+00:00,2025-04-29,15,truth_social,truth_social_dataset,theme:tariffs_trade,tariffs_trade,19,20,“TRUMP NEGOTIATING TRADE DEALS TO REVAMP ECONOMY”
114421921447347549,2025-04-29T15:19:00+00:00,2025-04-29,15,truth_social,truth_social_dataset,sector_keywords,,12,13,"Secretary Burgum: ""POTUS has been incredibly focused on energy because he understands that energy's not just one industry; it's the foundation of all other industries. The food on your table, the gas in your car, the clothes on your back all have an energy component…”"
114423346072431156,2025-04-29T21:21:41.620000+00:00,2025-04-29,21,truth_social,cnn_truth_archive,sector_keywords|entity_mention,,6,7,"Secretary of Defense, Pete Hegseth: ""All I ever wanted when I was in combat was to know that my Commander had my back no matter what. Donald J. Trump, that Commander, has your back and that means something to the men and women of America. That's why we're seeing a record surge in"
114427089568235019,2025-04-30T13:13:00+00:00,2025-04-30,13,truth_social,truth_social_dataset,sector_keywords|entity_mention|theme:tariffs_trade|theme:stock_market_macro,tariffs_trade/stock_market_macro,19,20,"This is Biden’s Stock Market, not Trump’s. I didn’t take over until January 20th. Tariffs will soon start kicking in, and companies are starting to move into the USA in record numbers. Our Country will boom, but we have to get rid of the Biden “Overhang.” This will take a while, "
114432954072144063,2025-05-01T14:05:00+00:00,2025-05-01,14,truth_social,truth_social_dataset,sector_keywords|entity_mention|theme:manufacturing_reshoring,manufacturing_reshoring,13,14,"NVIDIA CEO Jensen Huang: ""We're going to build NVIDIA's technology, the next generation of that, all here in the United States. Without the President's leadership, his policies, his support, and very importantly his strong encouragement — manufacturing in the United States wouldn"
114432976140064253,2025-05-01T14:10:00+00:00,2025-05-01,14,truth_social,truth_social_dataset,entity_mention,,4,5,"It was my great honor to recognize some of the businesses making massive new investments right here in the United States of America—Hyundai, CMA CGM, Worldwide Amazon Stores, Venture Global LNG, Siemens, Pratt, Chobani, Bel, Schneider Electric, Johnson & Johnson, Eli Lilly, Novar"
114433959082847679,2025-05-01T18:20:43.279000+00:00,2025-05-01,18,truth_social,cnn_truth_archive,sector_keywords|entity_mention|theme:defense_geopolitics,defense_geopolitics,12,13,"ALERT: All purchases of Iranian Oil, or Petrochemical products, must stop, NOW! Any Country or person who buys ANY AMOUNT of OIL or PETROCHEMICALS from Iran will be subject to, immediately, Secondary Sanctions. They will not be allowed to do business with the United States of Ame"
114435902192931017,2025-05-02T02:34:00+00:00,2025-05-02,2,truth_social,truth_social_dataset,sector_keywords|entity_mention,,6,7,"Many of our allies and friends are celebrating May 8th as Victory Day, but we did more than any other Country, by far, in producing a victorious result on World War II. I am hereby renaming May 8th as Victory Day for World War II and November 11th as Victory Day for World War I. "
114436142904738936,2025-05-02T03:36:00+00:00,2025-05-02,3,truth_social,truth_social_dataset,sector_keywords|theme:defense_geopolitics|theme:fed_rates,defense_geopolitics/fed_rates,18,19,"The Democrats are really out of control. They have lost everything, especially their minds! These Radical Left Lunatics are into the “Impeachment thing” again. They have already got two “No Name,” little respected Congressmen, total Whackjobs both, throwing the “Impeachment” of D"
114438304481024140,2025-05-02T12:45:00+00:00,2025-05-02,12,truth_social,truth_social_dataset,sector_keywords|entity_mention|theme:fed_rates|theme:tariffs_trade,fed_rates/tariffs_trade,33,34,"Gasoline just broke $1.98 a Gallon, lowest in years, groceries (and eggs!) down, energy down, mortgage rates down, employment strong, and much more good news, as Billions of Dollars pour in from Tariffs. Just like I said, and we’re only in a TRANSITION STAGE, just getting started"
114450692045400819,2025-05-04T17:16:00+00:00,2025-05-04,17,truth_social,truth_social_dataset,sector_keywords|entity_mention,,6,7,"“The president has been very clear. He does not want to cut benefits for individuals on Medicaid, Medicare...he wants to make sure illegals are not receiving public assistance through these benefits…”"
114452117143235155,2025-05-04T23:18:33.245000+00:00,2025-05-04,23,truth_social,cnn_truth_archive,sector_keywords|entity_mention|theme:manufacturing_reshoring|theme:tariffs_trade,manufacturing_reshoring/tariffs_trade,19,20,"The Movie Industry in America is DYING a very fast death. Other Countries are offering all sorts of incentives to draw our filmmakers and studios away from the United States. Hollywood, and many other areas within the U.S.A., are being devastated. This is a concerted effort by ot"
114455608513522948,2025-05-05T14:06:00+00:00,2025-05-05,14,truth_social,truth_social_dataset,sector_keywords|entity_mention|theme:china|theme:manufacturing_reshoring,china/manufacturing_reshoring,13,14,"Senator Markwayne Mullin: “President Trump is the first President we've had that actually has a backbone strong enough to stand up and say we've got to right this wrong, start manufacturing goods here. China has got rich off our country. We have spent trillions of dollars buildin"
114455860282159313,2025-05-05T15:10:00+00:00,2025-05-05,15,truth_social,truth_social_dataset,theme:defense_geopolitics,defense_geopolitics,6,7,"I just had a very good and productive telephone conversation with the President of Turkey, Recep Erdoğan, concerning many subjects, including the War with Russia/Ukraine, all things Syria, Gaza, and more. The President invited me to go to Turkey at a future date and, likewise, he"
114458100604424846,2025-05-06T00:40:00+00:00,2025-05-06,0,truth_social,truth_social_dataset,sector_keywords|entity_mention,,6,7,"Secretary Robert F. Kennedy Jr: “What we're cutting is waste, fraud, and abuse. We're streamlining an agency that grew by 38% in the 4 years that President Biden was in the White House...we're not getting rid of ANY critical research and we're not getting rid of any of the progra"
114461327233567337,2025-05-06T14:20:48.076000+00:00,2025-05-06,14,truth_social,cnn_truth_archive,sector_keywords|theme:manufacturing_reshoring,manufacturing_reshoring,13,14,"Eli Lilly CEO Dave Ricks: ""We were at the White House last week to talk about, with other industries as well as many pharma companies, the expansion of manufacturing in the U.S. It was good to see yesterday the executive order streamlining that process."""
114461333871544277,2025-05-06T14:22:00+00:00,2025-05-06,14,truth_social,truth_social_dataset,theme:tariffs_trade,tariffs_trade,19,20,"Commerce Secretary, Howard Lutnick: “President Trump hasn’t just changed the way we think about trade; he’s also changed how our trading partners approach it. We’re about to see some amazing trade deals for America, negotiated in record time.”"
114461575736468146,2025-05-06T15:23:00+00:00,2025-05-06,15,truth_social,truth_social_dataset,sector_keywords,,18,19,"I look forward to meeting the new Prime Minister of Canada, Mark Carney. I very much want to work with him, but cannot understand one simple TRUTH — Why is America subsidizing Canada by $200 Billion Dollars a year, in addition to giving them FREE Military Protection, and many oth"
114462333132374383,2025-05-06T18:36:00+00:00,2025-05-06,18,truth_social,truth_social_dataset,sector_keywords|entity_mention,,6,7,"Charles Payne: ""I was in Louisiana this year—you have all this natural gas and guess what? You've got these large companies that are coming to Louisiana to build data centers... that's been the message from the market the last two weeks... the next page of American Exceptionalism"
114462406492811838,2025-05-06T18:55:00+00:00,2025-05-06,18,truth_social,truth_social_dataset,sector_keywords|entity_mention|theme:tariffs_trade|theme:china|theme:manufacturing_reshoring,tariffs_trade/china/manufacturing_reshoring,19,20,"“𝗔𝗺𝗲𝗿𝗶𝗰𝗮𝗻 𝗠𝗮𝗻𝘂𝗳𝗮𝗰𝘁𝘂𝗿𝗲𝗿𝘀 𝗢𝘃𝗲𝗿𝘄𝗵𝗲𝗹𝗺𝗲𝗱 𝗪𝗶𝘁𝗵 𝗢𝗿𝗱𝗲𝗿𝘀 𝗔𝗳𝘁𝗲𝗿 𝗧𝗿𝘂𝗺𝗽’𝘀 𝗧𝗮𝗿𝗶𝗳𝗳 𝗖𝗿𝗮𝗰𝗸𝗱𝗼𝘄𝗻 𝗢𝗻 𝗖𝗵𝗶𝗻𝗮”
“American manufacturers are seeing a surge in demand as President Donald Trump’s tariffs force companies to reconsider doing business in China…” https://dailycaller.com/2025/05/05/american-bu"
114462557388994627,2025-05-06T19:33:00+00:00,2025-05-06,19,truth_social,truth_social_dataset,sector_keywords|entity_mention,,6,7,“Supreme Court Lets Trump's Ban on Transgender Military Service Take Effect”
114463623151906341,2025-05-07T00:04:00+00:00,2025-05-07,0,truth_social,truth_social_dataset,sector_keywords|theme:jobs_economy,jobs_economy,12,13,"Congressman Mike Lawler is a Strong Champion, and Highly Effective Representative, for the Great People of New York’s 17th Congressional District!
A true America First Patriot, Mike is fighting hard to Secure our Border, Grow our Economy, Create Jobs, Lower Taxes, Promote America"
114468257803426979,2025-05-07T19:43:20.175000+00:00,2025-05-07,19,truth_social,cnn_truth_archive,theme:china,china,13,14,"Congratulations to our new Ambassador to China, David Perdue!"
114468755257430424,2025-05-07T21:49:00+00:00,2025-05-07,21,truth_social,truth_social_dataset,theme:taxes,taxes,0,1,"We are making great progress on “The One, Big, Beautiful Bill.” Our Economy is doing well, but it’s going to BOOM in a way never seen before. We are going to do NO TAX ON TIPS, NO TAX ON SENIORS’ SOCIAL SECURITY, NO TAX ON OVERTIME, and much more. It will be the biggest Tax Cut f"
114469488580251681,2025-05-08T00:56:20.339000+00:00,2025-05-08,0,truth_social,cnn_truth_archive,sector_keywords|entity_mention|theme:tariffs_trade,tariffs_trade,19,20,"Big News Conference tomorrow morning at 10:00 A.M., The Oval Office, concerning a MAJOR TRADE DEAL WITH REPRESENTATIVES OF A BIG, AND HIGHLY RESPECTED, COUNTRY. THE FIRST OF MANY!!!"
114471750357100883,2025-05-08T10:31:00+00:00,2025-05-08,10,truth_social,truth_social_dataset,sector_keywords|theme:fed_rates|theme:tariffs_trade,fed_rates/tariffs_trade,32,33,"“Too Late” Jerome Powell is a FOOL, who doesn’t have a clue. Other than that, I like him very much! Oil and Energy way down, almost all costs (groceries and “eggs”) down, virtually NO INFLATION, Tariff Money Pouring Into the U.S. — THE EXACT OPPOSITE OF “TOO LATE!” ENJOY!"
114472802068018414,2025-05-08T14:59:00+00:00,2025-05-08,14,truth_social,truth_social_dataset,sector_keywords|theme:tariffs_trade|theme:agriculture,tariffs_trade/agriculture,20,21,"Today is an incredible day for America as we deliver our first Fair, Open, and Reciprocal Trade Deal — Something our past Presidents never cared about. Together with our strong Ally, the United Kingdom, we have reached the first, historic Trade Deal since Liberation Day. As part "
114474136794655068,2025-05-08T20:38:00+00:00,2025-05-08,20,truth_social,truth_social_dataset,sector_keywords|entity_mention,,6,7,"Talks with Russia/Ukraine continue. The U.S. calls for, ideally, a 30-day unconditional ceasefire. Hopefully, an acceptable ceasefire will be observed, and both Countries will be held accountable for respecting the sanctity of these direct negotiations. If the ceasefire is not re"
114474417554010988,2025-05-08T21:49:00+00:00,2025-05-08,21,truth_social,truth_social_dataset,theme:agriculture,agriculture,0,1,"The Deal I made today with the United Kingdom is GREAT for our FARMERS and RANCHERS! It’s also wonderful for the United Kingdom. Everybody benefits, that’s the way it should be!"
114474465286880800,2025-05-08T22:01:00+00:00,2025-05-08,22,truth_social,truth_social_dataset,sector_keywords|entity_mention|theme:agriculture,agriculture,6,7,"Congressman Zach Nunn is a fantastic Representative for the Great People of Iowa’s 3rd Congressional District!
A Brave Combat Veteran, Zach is fighting hard to Grow our Economy, Cut Taxes, Support our Farmers, Secure the Border, Strengthen our Military, Deliver Quality Care to ou"
114474464809294039,2025-05-08T22:01:00+00:00,2025-05-08,22,truth_social,truth_social_dataset,sector_keywords,,12,13,"Congressman Mike Bost is a Tremendous Champion for Illinois’ 12th Congressional District!
A U.S. Marine Corps Veteran, and Chairman of the House Veterans' Affairs Committee, Mike is fighting tirelessly to Strengthen our Military, Care for our Veterans, Stop Crime, Stand with our "
114474468098464790,2025-05-08T22:02:00+00:00,2025-05-08,22,truth_social,truth_social_dataset,sector_keywords|entity_mention,,6,7,"Congressman Rob Bresnahan is a terrific Representative of Pennsylvania’s 8th Congressional District!
A Highly Successful Businessman, Rob is working hard to Create Jobs, Cut Taxes, Stop Wasteful Spending, and Unleash the American Dream. In his next term, Rob will help us Secure t"
114474466584246331,2025-05-08T22:02:00+00:00,2025-05-08,22,truth_social,truth_social_dataset,sector_keywords|theme:oil_energy_geopolitics,oil_energy_geopolitics,12,13,"Congresswoman Jen Kiggans is a Tremendous Advocate for the Great People of Virginia’s 2nd Congressional District!
A former Navy helicopter pilot, Jen knows how to Defend our Country, Support our Brave Military/Veterans, and Ensure PEACE THROUGH STRENGTH. In Congress, Jen is worki"
114474468725706522,2025-05-08T22:02:00+00:00,2025-05-08,22,truth_social,truth_social_dataset,sector_keywords|entity_mention,,6,7,"Congressman Tom Barrett is an incredible Representative for the Wonderful People of Michigan's 7th Congressional District!
Tom bravely served our Country as an Army Helicopter Pilot and, in Congress, he is fighting hard to Grow our Economy, Cut Taxes, Secure our Border, Support L"
114474467319531911,2025-05-08T22:02:00+00:00,2025-05-08,22,truth_social,truth_social_dataset,sector_keywords|theme:jobs_economy,jobs_economy,12,13,"Congressman Nick Begich is doing an incredible job representing the Great People of Alaska, a State I love, and WON BIG THREE TIMES, in 2016, 2020, and 2024!
A very successful Businessman, Nick knows the America First Policies required to Create Great Jobs, Cut Taxes, Strengthen "
114474470016240455,2025-05-08T22:03:00+00:00,2025-05-08,22,truth_social,truth_social_dataset,sector_keywords,,12,13,"Congressman Ryan Mackenzie is an America First Patriot, who is doing an incredible job representing the Great People of Pennsylvania’s 7th Congressional District!
In Congress, Ryan is fighting tirelessly to Create Jobs, Cut Taxes, Secure our Border, Support our Incredible Militar"
114474469364898946,2025-05-08T22:03:00+00:00,2025-05-08,22,truth_social,truth_social_dataset,sector_keywords,,12,13,"Congressman Tom Kean is a Great Representative for the People of New Jersey’s 7th Congressional District!
A Tremendous Advocate of our America First Agenda, Tom is working tirelessly to Secure the Border, Stop Crime, Grow our Economy, Cut Taxes, Champion Small Business, Unleash A"
114477610338144415,2025-05-09T11:21:00+00:00,2025-05-09,11,truth_social,truth_social_dataset,theme:china,china,13,14,CHINA SHOULD OPEN UP ITS MARKET TO USA — WOULD BE SO GOOD FOR THEM!!! CLOSED MARKETS DON’T WORK ANYMORE!!!
114477628854583525,2025-05-09T11:26:31.067000+00:00,2025-05-09,11,truth_social,cnn_truth_archive,sector_keywords|entity_mention|theme:tariffs_trade|theme:china,tariffs_trade/china,19,20,80% Tariff on China seems right! Up to Scott B.
114477930037382424,2025-05-09T12:43:06.752000+00:00,2025-05-09,12,truth_social,cnn_truth_archive,theme:tariffs_trade,tariffs_trade,19,20,"Many Trade Deals in the hopper, all good (GREAT!) ones!"
114478129470076553,2025-05-09T13:33:49.853000+00:00,2025-05-09,13,truth_social,cnn_truth_archive,sector_keywords|entity_mention|theme:fed_rates,fed_rates,6,7,"Costs down, NO INFLATION. Very different from what the Fed, and Fake News Media, were hoping for!"
114478160839858570,2025-05-09T13:41:00+00:00,2025-05-09,13,truth_social,truth_social_dataset,sector_keywords|entity_mention|theme:tariffs_trade,tariffs_trade,19,20,"MSNBC, the worst there is on Television misrepresentation, is so far knowingly off in their statements about me and Tariffs that it should be considered a Major Campaign Violation. They are nothing less than an arm of the Democrat National Committee, and their untruths are incred"
114478777761818193,2025-05-09T16:18:00+00:00,2025-05-09,16,truth_social,truth_social_dataset,sector_keywords|entity_mention|theme:china|theme:stock_market_macro,china/stock_market_macro,19,20,"I highly recommend Keith Poole, who is the very successful Editor-in-Chief of the New York Post, to take over the entire operation of the highly inaccurate, “China Centric,” Wall Street Journal. It’s an easy move for Rupert, and he’ll love the results. Such a change would be a GR"
114478780390671313,2025-05-09T16:19:00+00:00,2025-05-09,16,truth_social,truth_social_dataset,sector_keywords|entity_mention|theme:tariffs_trade,tariffs_trade,19,20,"I just watched an exhausted, highly neurotic Stephanie Ruhle spew LIES about Tariffs, as do many others, in order not to give me the Victory that they all see coming. Few people know Stephanie Ruhle, but I do, and she doesn’t have what it takes. Our Deal with the United Kingdom y"
114480037543029538,2025-05-09T21:39:00+00:00,2025-05-09,21,truth_social,truth_social_dataset,sector_keywords,,12,13,"Congresswoman Anna Paulina Luna is an incredible Advocate for the Great People of Florida's 13th Congressional District!
Anna is an America First Patriot, who fights tirelessly to Grow the Economy, Cut Taxes, Secure our Border, End Migrant Crime, Support our Great Military/Vets, "
114480045872688080,2025-05-09T21:41:00+00:00,2025-05-09,21,truth_social,truth_social_dataset,sector_keywords,,12,13,"Congressman John Joyce is a fantastic Champion for Pennsylvania’s 13th Congressional District!
An Original Member of my Pennsylvania Federal Leadership Team, John is fighting hard in Congress to Secure the Border, Unleash American Energy, Support our Military/Veterans, Defend our"
114480048117794658,2025-05-09T21:41:00+00:00,2025-05-09,21,truth_social,truth_social_dataset,sector_keywords|entity_mention,,6,7,"Congresswoman Virginia Foxx is doing a tremendous job fighting for the people of North Carolina’s 5th Congressional District!
As Chair of the House Rules Committee, Virginia is working hard to Advance our America First Values, Grow our Economy, Cut Taxes, Secure the Border, Suppo"
114480048504802354,2025-05-09T21:41:00+00:00,2025-05-09,21,truth_social,truth_social_dataset,sector_keywords|entity_mention,,6,7,"Congressman Riley Moore is a tremendous America First Representative for the Wonderful People of West Virginia’s 2nd Congressional District!
In Congress, Riley is working tirelessly to Grow the Economy, Cut Taxes, Strongly Uphold the Rule of Law, Stop Migrant Crime, Secure our Bo"
114480047403137321,2025-05-09T21:41:00+00:00,2025-05-09,21,truth_social,truth_social_dataset,sector_keywords,,12,13,"Congressman Tim Walberg is an incredible Representative of Michigan's 5th Congressional District!
As Chair of the House Education Committee, Tim is working hard to Advance School Choice, Deliver the Best Education Solutions for our Children, and Defend Parental Rights. Tim is als"
114480087342467417,2025-05-09T21:51:00+00:00,2025-05-09,21,truth_social,truth_social_dataset,sector_keywords,,12,13,"Congresswoman Carol Miller is an incredible Representative for the Great People of West Virginia’s 1st Congressional District!
Carol is a Fierce Advocate for our America First Agenda. In Congress, she is fighting tirelessly to Secure our Border, Grow the Economy, Cut Taxes and Re"
114484269924159482,2025-05-10T15:35:00+00:00,2025-05-10,15,truth_social,truth_social_dataset,theme:jobs_economy,jobs_economy,0,1,“Trump's Three Steps to Economic Growth”
114486066663976973,2025-05-10T23:12:21.866000+00:00,2025-05-10,23,truth_social,cnn_truth_archive,theme:china,china,13,14,"A very good meeting today with China, in Switzerland. Many things discussed, much agreed to. A total reset negotiated in a friendly, but constructive, manner. We want to see, for the good of both China and the U.S., an opening up of China to American business. GREAT PROGRESS MADE"
114490604608562822,2025-05-11T18:26:25.407000+00:00,2025-05-11,18,truth_social,cnn_truth_archive,sector_keywords|entity_mention|theme:tariffs_trade,tariffs_trade,19,20,"IN JUST THREE MONTHS, TRILLIONS OF DOLLARS (and therefore, record numbers of JOBS!) HAVE BEEN POURING INTO THE USA. THIS IS BECAUSE OF MY TARIFF POLICY, and our great November 5th Election WIN! The very STUPID Democrats are doing everything within their power to disparage what is"
114491534347862682,2025-05-11T22:22:00+00:00,2025-05-11,22,truth_social,truth_social_dataset,sector_keywords|entity_mention|theme:pharma_healthcare|theme:manufacturing_reshoring,pharma_healthcare/manufacturing_reshoring,13,14,"For many years the World has wondered why Prescription Drugs and Pharmaceuticals in the United States States of America were SO MUCH HIGHER IN PRICE THAN THEY WERE IN ANY OTHER NATION, SOMETIMES BEING FIVE TO TEN TIMES MORE EXPENSIVE THAN THE SAME DRUG, MANUFACTURED IN THE EXACT "
114492082555622686,2025-05-12T00:42:17.091000+00:00,2025-05-12,0,truth_social,cnn_truth_archive,sector_keywords|entity_mention|theme:aerospace_aviation,aerospace_aviation,6,7,"So the fact that the Defense Department is getting a GIFT, FREE OF CHARGE, of a 747 aircraft to replace the 40 year old Air Force One, temporarily, in a very public and transparent transaction, so bothers the Crooked Democrats that they insist we pay, TOP DOLLAR, for the plane. A"
114494372667836601,2025-05-12T10:24:41.426000+00:00,2025-05-12,10,truth_social,cnn_truth_archive,sector_keywords|entity_mention|theme:pharma_healthcare|theme:fed_rates,pharma_healthcare/fed_rates,20,21,"DRUG PRICES TO BE CUT BY 59%, PLUS! Gasoline, Energy, Groceries, and all other costs, DOWN. NO INFLATION!!! LOVE, DJT"
114495819579444373,2025-05-12T16:32:00+00:00,2025-05-12,16,truth_social,truth_social_dataset,sector_keywords|entity_mention|theme:pharma_healthcare,pharma_healthcare,6,7,"Starting today, the United States will no longer subsidize the healthcare of foreign countries—and we'll no longer tolerate profiteering and price gouging from Big Pharma. EXECUTIVE ORDER: https://www.whitehouse.gov/presidential-actions/2025/05/delivering-most-favored-nation-pres"
114495828046526222,2025-05-12T16:34:48.782000+00:00,2025-05-12,16,truth_social,cnn_truth_archive,sector_keywords|entity_mention|theme:pharma_healthcare,pharma_healthcare,6,7,"For the first time in many years, we'll slash the cost of prescription drugs, and we will bring fairness to America! EXECUTIVE ORDER: https://www.whitehouse.gov/presidential-actions/2025/05/delivering-most-favored-nation-prescription-drug-pricing-to-american-patients/"
114495946485549840,2025-05-12T17:04:00+00:00,2025-05-12,17,truth_social,truth_social_dataset,sector_keywords|theme:pharma_healthcare|theme:tariffs_trade|theme:agriculture,pharma_healthcare/tariffs_trade/agriculture,26,27,"This week the Republicans are meeting in the Tax, Energy, and Agriculture Committees on major pieces of “THE ONE, BIG, BEAUTIFUL BILL.” Republicans need to UNIFY behind their Highly Respected Chairmen, Jason Smith, Brett Guthrie, and Glenn “GT” Thompson. Remember, these are men t"
114496851630865496,2025-05-12T20:55:07.437000+00:00,2025-05-12,20,truth_social,cnn_truth_archive,sector_keywords|entity_mention|theme:pharma_healthcare,pharma_healthcare,6,7,"We are going to slash the cost of prescription drugs, and we will bring fairness to America. Drug prices will come downâWe're gonna cut out the middlemen and facilitate the direct sale of drugs at the most favored nation price directly to the American citizen!"
114497218878772156,2025-05-12T22:28:00+00:00,2025-05-12,22,truth_social,truth_social_dataset,sector_keywords,,12,13,"Jack Ciattarelli is a terrific America First Candidate running to be the next Governor of a State that I love, NEW JERSEY!
Jack, who after getting to know and understand MAGA, has gone ALL IN, and is now 100% (PLUS!). He is strongly supported by the most Highly Respected Leaders "
114499337476531986,2025-05-13T07:27:18.355000+00:00,2025-05-13,7,truth_social,cnn_truth_archive,theme:oil_energy_geopolitics,oil_energy_geopolitics,6,7,Just landed in Saudi Arabia!
114501759958997511,2025-05-13T17:43:22.547000+00:00,2025-05-13,17,truth_social,cnn_truth_archive,sector_keywords|theme:fed_rates|theme:china,fed_rates/china,26,27,"No Inflation, and Prices of Gasoline, Energy, Groceries, and practically everything else, are DOWN!!! THE FED must lower the RATE, like Europe and China have done. What is wrong with Too Late Powell? Not fair to America, which is ready to blossom? Just let it all happen, it will "
114502263160167723,2025-05-13T19:51:20.781000+00:00,2025-05-13,19,truth_social,cnn_truth_archive,theme:oil_energy_geopolitics,oil_energy_geopolitics,6,7,A great day in Saudi Arabia!!!
114503203859060399,2025-05-13T23:50:34.713000+00:00,2025-05-13,23,truth_social,cnn_truth_archive,sector_keywords|entity_mention|theme:aerospace_aviation,aerospace_aviation,7,8,"The Boeing 747 is being given to the United States Air Force/Department of Defense, NOT TO ME! It is a gift from a Nation, Qatar, that we have successfully defended for many years. It will be used by our Government as a temporary Air Force One, until such time as our new Boeings,"
114516603030095775,2025-05-16T08:38:00+00:00,2025-05-16,8,truth_social,truth_social_dataset,theme:oil_energy_geopolitics,oil_energy_geopolitics,6,7,"“The president has traveled to Saudi Arabia, Qatar, and the United Arab Emirates so far this week to sign agreements and receive commitments that will generate roughly $2 trillion in trade and investment. At the same time, major companies have announced plans to invest billions m"
114517897638237566,2025-05-16T14:07:00+00:00,2025-05-16,14,truth_social,truth_social_dataset,sector_keywords|entity_mention,,6,7,"Republicans MUST UNITE behind, “THE ONE, BIG BEAUTIFUL BILL!” Not only does it cut Taxes for ALL Americans, but it will kick millions of Illegal Aliens off of Medicaid to PROTECT it for those who are the ones in real need. The Country will suffer greatly without this Legislation,"
114518115625400272,2025-05-16T15:02:00+00:00,2025-05-16,15,truth_social,truth_social_dataset,sector_keywords,,12,13,"Senator Shelley Moore Capito is doing a tremendous job representing the Wonderful People of West Virginia, a State I love and WON BIG in 2016, 2020, and 2024!
As the Chair of the Senate Environment and Public Works Committee, Shelley is working to advance Pro Growth policies, unl"
114519155449905842,2025-05-16T19:27:00+00:00,2025-05-16,19,truth_social,truth_social_dataset,sector_keywords|theme:agriculture,agriculture,12,13,"Senator Markwayne Mullin is doing a tremendous job representing the wonderful People of the Great State of Oklahoma, where I was the only person to win all 77 out of 77 Counties (Ronald Reagan was second with 56 Counties) — I did it in 2016, 2020, and 2024!
A MAGA Warrior, and fo"
114519952063614449,2025-05-16T22:49:00+00:00,2025-05-16,22,truth_social,truth_social_dataset,theme:defense_geopolitics,defense_geopolitics,6,7,Ending the sanctions on Syria…
114519965289784767,2025-05-16T22:53:00+00:00,2025-05-16,22,truth_social,truth_social_dataset,sector_keywords|entity_mention|theme:aerospace_aviation,aerospace_aviation,6,7,"Air Force One is 42 years old—The plane is not for me, it goes to the United States Air Force, for whoever is president…"
114523638623110397,2025-05-17T14:27:00+00:00,2025-05-17,14,truth_social,truth_social_dataset,sector_keywords|entity_mention|theme:tariffs_trade|theme:china,tariffs_trade/china,19,20,"Walmart should STOP trying to blame Tariffs as the reason for raising prices throughout the chain. Walmart made BILLIONS OF DOLLARS last year, far more than expected. Between Walmart and China they should, as is said, “EAT THE TARIFFS,” and not charge valued customers ANYTHING. I"
114523762104941397,2025-05-17T14:58:00+00:00,2025-05-17,14,truth_social,truth_social_dataset,sector_keywords|entity_mention|theme:defense_geopolitics,defense_geopolitics,6,7,"I WILL BE SPEAKING, BY TELEPHONE, TO PRESIDENT VLADIMIR PUTIN OF RUSSIA ON MONDAY, AT 10:00 A.M. THE SUBJECTS OF THE CALL WILL BE, STOPPING THE “BLOODBATH” THAT IS KILLING, ON AVERAGE, MORE THAN 5000 RUSSIAN AND UKRAINIAN SOLDIERS A WEEK, AND TRADE. I WILL THEN BE SPEAKING TO PRE"
114523811882470999,2025-05-17T15:11:00+00:00,2025-05-17,15,truth_social,truth_social_dataset,sector_keywords|entity_mention|theme:fed_rates,fed_rates,6,7,"THE CONSENSUS OF ALMOST EVERYBODY IS THAT, “THE FED SHOULD CUT RATES SOONER, RATHER THAN LATER.” Too Late Powell, a man legendary for being Too Late, will probably blow it again - But who knows???"
114526479593964662,2025-05-18T02:29:00+00:00,2025-05-18,2,truth_social,truth_social_dataset,sector_keywords|entity_mention|theme:aerospace_aviation,aerospace_aviation,10,11,"Why doesn’t Chairman Bob Iger do something about ABC Fake News, especially since I just won $16,000,000 based on the Fake and Defamatory reporting of Liddle’ George Slopadopolus. He was given warnings, but just couldn’t be restrained by “management.” Now I see they are at it agai"
114541917095503331,2025-05-20T19:55:00+00:00,2025-05-20,19,truth_social,truth_social_dataset,theme:semis_tech_supplychain,semis_tech_supplychain,9,10,"We must maintain our status as the Worldwide Leader in WiFi, 5G, and 6G, connecting every American to the World’s BEST Networks, while also keeping everyone safe. We can do both at the same time. Bottom line, I am going to free up plenty of SPECTRUM for auction, so Congress must "
114542709133462503,2025-05-20T23:17:00+00:00,2025-05-20,23,truth_social,truth_social_dataset,sector_keywords|entity_mention,,6,7,"I am pleased to announce that Darryl Nirenberg will serve as the next United States Ambassador to Romania. Darryl has 40 years of Foreign Policy experience, including as Counsel to the Senate Foreign Relations Committee. A proud graduate of Colgate University, and the George Wash"
114548173601756486,2025-05-21T22:26:58.484000+00:00,2025-05-21,22,truth_social,cnn_truth_archive,sector_keywords|entity_mention,,6,7,The Golden Dome Missile Defense Shield!
114551462787614405,2025-05-22T12:23:00+00:00,2025-05-22,12,truth_social,truth_social_dataset,theme:taxes,taxes,0,1,"“THE ONE, BIG, BEAUTIFUL BILL” has PASSED the House of Representatives! This is arguably the most significant piece of Legislation that will ever be signed in the History of our Country! The Bill includes MASSIVE Tax CUTS, No Tax on Tips, No Tax on Overtime, Tax Deductions when y"
114556558074574515,2025-05-23T09:59:00+00:00,2025-05-23,9,truth_social,truth_social_dataset,sector_keywords|entity_mention,,6,7,"Our negotiated deal with the United Kingdom is working out well for all. I strongly recommend to them, however, that in order to get their Energy Costs down, they stop with the costly and unsightly windmills, and incentivize modernized drilling in the North Sea, where large amoun"
114556874484491575,2025-05-23T11:19:00+00:00,2025-05-23,11,truth_social,truth_social_dataset,sector_keywords|entity_mention|theme:tariffs_trade|theme:manufacturing_reshoring,tariffs_trade/manufacturing_reshoring,20,21,"I have long ago informed Tim Cook of Apple that I expect their iPhone’s that will be sold in the United States of America will be manufactured and built in the United States, not India, or anyplace else. If that is not the case, a Tariff of at least 25% must be paid by Apple to t"
114556968834547173,2025-05-23T11:43:43.085000+00:00,2025-05-23,11,truth_social,cnn_truth_archive,sector_keywords|entity_mention|theme:tariffs_trade|theme:manufacturing_reshoring,tariffs_trade/manufacturing_reshoring,19,20,"The European Union, which was formed for the primary purpose of taking advantage of the United States on TRADE, has been very difficult to deal with. Their powerful Trade Barriers, Vat Taxes, ridiculous Corporate Penalties, Non-Monetary Trade Barriers, Monetary Manipulations, unf"
114558786117625961,2025-05-23T19:25:00+00:00,2025-05-23,19,truth_social,truth_social_dataset,sector_keywords|entity_mention,,6,7,"I am proud to announce that we will be hosting a magnificent Parade to honor the United States Army’s 250th Birthday, on Saturday, June 14th, in Washington, D.C. For two and a half centuries, our brave soldiers have fought, bled, and died to keep us FREE, and now we will honor th"
114558783827880495,2025-05-23T19:25:00+00:00,2025-05-23,19,truth_social,truth_social_dataset,sector_keywords|theme:manufacturing_reshoring|theme:tariffs_trade|theme:jobs_economy,manufacturing_reshoring/tariffs_trade/jobs_economy,19,20,"I am proud to announce that, after much consideration and negotiation, US Steel will REMAIN in America, and keep its Headquarters in the Great City of Pittsburgh. For many years, the name, “United States Steel” was synonymous with Greatness, and now, it will be again. This will b"
114559436943598657,2025-05-23T22:11:00+00:00,2025-05-23,22,truth_social,truth_social_dataset,sector_keywords,,12,13,"REFORMING NUCLEAR REACTOR TESTING AT THE DEPARTMENT OF ENERGY: https://www.whitehouse.gov/presidential-actions/2025/05/reforming-nuclear-reactor-testing-at-the-department-of-energy/
ORDERING THE REFORM OF THE NUCLEAR REGULATORY COMMISSION: https://www.whitehouse.gov/presidential-"
114563539540146112,2025-05-24T15:34:00+00:00,2025-05-24,15,truth_social,truth_social_dataset,sector_keywords|entity_mention,,6,7,"As you receive your commissions as Second Lieutenants, each of you continues down the same hallowed path walked by the titans and legends of U.S. Military lore…"
114569972014269696,2025-05-25T18:50:00+00:00,2025-05-25,18,truth_social,truth_social_dataset,sector_keywords|entity_mention|theme:defense_geopolitics,defense_geopolitics,6,7,Drugs coming to America from Iran. Great job by the Royal Navy-UK🇬🇧THANK YOU!
114570775887793036,2025-05-25T22:15:00+00:00,2025-05-25,22,truth_social,truth_social_dataset,sector_keywords|entity_mention|theme:tariffs_trade,tariffs_trade,19,20,"I received a call today from Ursula von der Leyen, President of the European Commission, requesting an extension on the June 1st deadline on the 50% Tariff with respect to Trade and the European Union. I agreed to the extension — July 9, 2025 — It was my privilege to do so. The C"
114570967137329867,2025-05-25T23:03:00+00:00,2025-05-25,23,truth_social,truth_social_dataset,sector_keywords,,12,13,"Congressman Guy Reschenthaler is doing an incredible job representing Pennsylvania’s 14th Congressional District!
As the Chief Deputy Whip, Guy is working closely with me to Advance our America First Agenda. He is fighting hard to Help Secure our now VERY Secure (Record Setting!)"
114570968024837869,2025-05-25T23:03:00+00:00,2025-05-25,23,truth_social,truth_social_dataset,sector_keywords|theme:agriculture,agriculture,12,13,"Congressman Troy Downing is doing a truly fantastic job representing the Incredible People of Montana’s 2nd Congressional District!
Troy bravely served our Great Country in the U.S. Air Force as a Combat Veteran and, in Congress, he is fighting tirelessly to Support our Farmers a"
114570966776768541,2025-05-25T23:03:00+00:00,2025-05-25,23,truth_social,truth_social_dataset,sector_keywords|entity_mention|theme:agriculture,agriculture,6,7,"Congressman Bryan Steil is a Tremendous Advocate for the Wonderful People of Wisconsin’s 1st Congressional District!
As the Chair of the House Administration Committee, Bryan is an America First Fighter for Election Integrity. He is working tirelessly to Grow the Economy, Help Se"
114570969019320314,2025-05-25T23:04:00+00:00,2025-05-25,23,truth_social,truth_social_dataset,sector_keywords,,12,13,"Congressman Andrew Garbarino is a Fierce Advocate for Long Island, and the Great People of New York’s 2nd Congressional District!
Andrew has an incredible Record of Success, and strong support from his Community. In Congress, he is fighting tirelessly to Grow our Economy, Cut Tax"
114571147521146559,2025-05-25T23:49:00+00:00,2025-05-25,23,truth_social,truth_social_dataset,entity_mention,,1,2,"Clay Travis has a GREAT new book coming out November 4, 2025: “Balls: How Trump, Young Men, and Sports Saved America.” Clay is a highly talented commentator, who is tough, smart, and gifted with COMMON SENSE. He has studied our Historic Movement from the very beginning, truly “ge"
114571369956761390,2025-05-26T00:46:00+00:00,2025-05-26,0,truth_social,truth_social_dataset,sector_keywords|entity_mention,,6,7,"I’ve always had a very good relationship with Vladimir Putin of Russia, but something has happened to him. He has gone absolutely CRAZY! He is needlessly killing a lot of people, and I’m not just talking about soldiers. Missiles and drones are being shot into Cities in Ukraine, f"
114573960971600808,2025-05-26T11:45:00+00:00,2025-05-26,11,truth_social,truth_social_dataset,theme:tariffs_trade,tariffs_trade,19,20,"Countries from all over the World want to make TRADE DEALS with us. IT IS A BEAUTIFUL THING TO SEE. The Good Ol’ USA will soon have tremendous growth, and be stronger than ever before!!!"
114574087342675789,2025-05-26T12:17:10.791000+00:00,2025-05-26,12,truth_social,cnn_truth_archive,sector_keywords|entity_mention|theme:manufacturing_reshoring,manufacturing_reshoring,7,8,"Our Nation is staging one if the greatest and fastest comebacks in history. In just 4 short months, we are respected again, respected like never before, and just wait, with many Trillions of Dollars of Investment in Plants and Factories, until you see the numbers on GROWTH. This "
114580018376822663,2025-05-27T13:25:00+00:00,2025-05-27,13,truth_social,truth_social_dataset,sector_keywords|entity_mention|theme:tariffs_trade|theme:china,tariffs_trade/china,19,20,"I was extremely satisfied with the 50% Tariff allotment on the European Union, especially since they were “slow walking (to put it mildly!), our negotiations with them. Remember, I am empowered to “SET A DEAL” for Trade into the United States if we are unable to make a deal, or a"
114582141732207441,2025-05-27T22:25:00+00:00,2025-05-27,22,truth_social,truth_social_dataset,sector_keywords|entity_mention,,6,7,"Our great Mortgage Agencies, Fannie Mae and Freddie Mac, provide a vital service to our Nation by helping hardworking Americans reach the American Dream — Home Ownership. I am working on TAKING THESE AMAZING COMPANIES PUBLIC, but I want to be clear, the U.S. Government will keep "
114586960080176462,2025-05-28T18:50:53.180000+00:00,2025-05-28,18,truth_social,cnn_truth_archive,theme:defense_geopolitics,defense_geopolitics,6,7,"I am pleased to announce that our United States Ambassador to Turkey, Tom Barrack, will be serving as our Envoy to Syria. Tom understands there is great potential in working with Syria to stop Radicalism, improve Relations, and secure Peace in the Middle East. Together, we will M"
114588947311720532,2025-05-29T03:16:00+00:00,2025-05-29,3,truth_social,truth_social_dataset,sector_keywords|entity_mention|theme:fed_rates,fed_rates,6,7,“FHFA Director Pulte calls on Powell to lower interest rates” https://www.housingwire.com/articles/fhfa-director-pulte-calls-on-powell-to-lower-interest-rates/
114593880455063168,2025-05-30T00:10:00+00:00,2025-05-30,0,truth_social,truth_social_dataset,sector_keywords|entity_mention|theme:tariffs_trade,tariffs_trade,19,20,"The U.S. Court of International Trade incredibly ruled against the United States of America on desperately needed Tariffs but, fortunately, the full 11 Judge Panel on the U.S. Court of Appeals for the Federal Circuit Court has just stayed the order by the Manhattan-based Court of"
114593895018014960,2025-05-30T00:14:31.930000+00:00,2025-05-30,0,truth_social,cnn_truth_archive,entity_mention,,1,2,"I am having a Press Conference tomorrow at 1:30 P.M. EST, with Elon Musk, at the Oval Office. This will be his last day, but not really, because he will, always, be with us, helping all the way. Elon is terrific! See you tomorrow at the White House."
114596705340367716,2025-05-30T12:09:00+00:00,2025-05-30,12,truth_social,truth_social_dataset,sector_keywords|entity_mention|theme:china|theme:tariffs_trade|theme:manufacturing_reshoring,china/tariffs_trade/manufacturing_reshoring,19,20,"Two weeks ago China was in grave economic danger! The very high Tariffs I set made it virtually impossible for China to TRADE into the United States marketplace which is, by far, number one in the World. We went, in effect, COLD TURKEY with China, and it was devastating for them."
114597726905289988,2025-05-30T16:29:00+00:00,2025-05-30,16,truth_social,truth_social_dataset,theme:taxes,taxes,0,1,"The Democrat inspired and “controlled” Congressional Budget Office (CBO) purposefully gave us an EXTREMELY LOW level of Growth, 1.8% over 10 years. How ridiculous and unpatriotic is that! They did the same thing to us in 2017, and we DOUBLED their numbers. The information they re"
114597874618991073,2025-05-30T17:06:00+00:00,2025-05-30,17,truth_social,truth_social_dataset,sector_keywords|entity_mention|theme:manufacturing_reshoring,manufacturing_reshoring,13,14,"Secretary Wright: “President Trump got elected to lower energy prices, reindustrialize America, bring jobs and opportunity back to our country and peace abroad — and he is pursuing that agenda aggressively."""
114598281297498204,2025-05-30T18:50:00+00:00,2025-05-30,18,truth_social,truth_social_dataset,entity_mention,,1,2,"Elon Musk: “This is not the end of DOGE, but really the beginning...The DOGE team will only grow stronger overtime...It is permeating throughout the government, and I am confident that, over time, we will see—a trillion dollars of waste and fraud reduction."""
114598871073067083,2025-05-30T21:20:00+00:00,2025-05-30,21,truth_social,truth_social_dataset,sector_keywords|entity_mention,,1,2,Join me LIVE—at U.S. Steel in Pittsburgh! https://www.youtube.com/live/xqnyP6mUI7w?si=InXj22Kcvb_2TXIn
114599330494282325,2025-05-30T23:16:50.715000+00:00,2025-05-30,23,truth_social,cnn_truth_archive,sector_keywords|theme:tariffs_trade,tariffs_trade,19,20,"It is my great honor to raise the Tariffs on steel and aluminum from 25% to 50%, effective Wednesday, June 4th. Our steel and aluminum industries are coming back like never before. This will be yet another BIG jolt of great news for our wonderful steel and aluminum workers. MAKE "
114599557006933759,2025-05-31T00:14:00+00:00,2025-05-31,0,truth_social,truth_social_dataset,sector_keywords|entity_mention,,1,2,We don’t want America’s future to be built with shoddy steel from Shanghai—we want it built with the strength and the pride of Pittsburgh!
114599860448694296,2025-05-31T01:31:00+00:00,2025-05-31,1,truth_social,truth_social_dataset,sector_keywords|entity_mention|theme:fed_rates,fed_rates,6,7,“Housing market chief Pulte sends blunt message on Fed interest rate cuts” https://www.thestreet.com/fed/housing-market-chief-pulte-sends-blunt-message-on-fed-interest-rate-cuts
114602636801002520,2025-05-31T13:17:00+00:00,2025-05-31,13,truth_social,truth_social_dataset,sector_keywords|entity_mention,,6,7,"With One, Big, Beautiful Bill, we will protect over 7 million jobs, raise take-home pay for American families by up to $13,000 per household, and reduce taxes for working-class Americans by as much as 13%…The bill will also remove 1.4 million illegal aliens from Medicaid and prot"
114604190866906781,2025-05-31T19:52:00+00:00,2025-05-31,19,truth_social,truth_social_dataset,theme:stock_market_macro,stock_market_macro,0,1,"(1)Congratulations to Paul Ingrassia, Esq., on being named to head the Office of Special Counsel. (2)The Great Tom Homan just stated that “WE NOW HAVE THE MOST SECURE BORDER IN USA HISTORY.” (3)THE S&P just hit an All Time High! (4)If Senator Rand Paul votes against our Great, Bi"
114609088288599288,2025-06-01T16:38:22.843000+00:00,2025-06-01,16,truth_social,cnn_truth_archive,sector_keywords,,7,8,"With the help of Patriots like you, we're going to produce our own metal, unleash our own energy, secure our own future, build our Country, control our destiny and we are once again going to put Pennsylvania steel into the backbone of America like never before!"
114609401400916551,2025-06-01T17:58:00.605000+00:00,2025-06-01,17,truth_social,cnn_truth_archive,sector_keywords|entity_mention|theme:tariffs_trade,tariffs_trade,19,20,"If the Courts somehow rule against us on Tariffs, which is not expected, that would allow other Countries to hold our Nation hostage with their anti-American Tariffs that they would use against us. This would mean the Economic ruination of the United States of America!"
114616038217949758,2025-06-02T22:05:00+00:00,2025-06-02,22,truth_social,truth_social_dataset,theme:defense_geopolitics,defense_geopolitics,6,7,The AUTOPEN should have stopped Iran a long time ago from “enriching.” Under our potential Agreement — WE WILL NOT ALLOW ANY ENRICHMENT OF URANIUM!
114616063852488330,2025-06-02T22:12:21.544000+00:00,2025-06-02,22,truth_social,cnn_truth_archive,sector_keywords|entity_mention,,6,7,"Just had a great talk with our Military Leaders. It is the strongest Military we have ever had, including the fact that we are stockpiling weapons at a rate never seen before by our Country. Hopefully, however, we will never have to use them!"
114616192602509494,2025-06-02T22:45:00+00:00,2025-06-02,22,truth_social,truth_social_dataset,sector_keywords|theme:taxes|theme:evs_autos|theme:oil_energy_geopolitics,taxes/evs_autos/oil_energy_geopolitics,18,19,"Passing THE ONE, BIG, BEAUTIFUL BILL is a Historic Opportunity to turn our Country around after four disastrous years under Joe Biden. We will take a massive step to balancing our Budget by enacting the largest mandatory Spending Cut, EVER, and Americans will get to keep more of "
114616207227510153,2025-06-02T22:48:00+00:00,2025-06-02,22,truth_social,truth_social_dataset,sector_keywords|entity_mention,,6,7,"So many false statements are being made about “THE ONE, BIG, BEAUTIFUL BILL,” but what nobody understands is that it’s the single biggest Spending Cut in History, by far! But there will be NO CUTS to Social Security, Medicare, or Medicaid. In fact, they will be saved from the inc"
114616351910119498,2025-06-02T23:25:00+00:00,2025-06-02,23,truth_social,truth_social_dataset,sector_keywords|entity_mention|theme:tariffs_trade,tariffs_trade,19,20,"If other Countries are allowed to use Tariffs against us, and we’re not allowed to counter them, quickly and nimbly, with Tariffs against them, our Country doesn’t have, even a small chance, of Economic survival."
114617666432673584,2025-06-03T04:59:54.980000+00:00,2025-06-03,4,truth_social,cnn_truth_archive,sector_keywords|entity_mention|theme:tariffs_trade,tariffs_trade,19,20,"Because of Tariffs, our Economy is BOOMING!"
114623632387180206,2025-06-04T06:17:08.220000+00:00,2025-06-04,6,truth_social,cnn_truth_archive,theme:china,china,13,14,"I like President XI of China, always have, and always will, but he is VERY TOUGH, AND EXTREMELY HARD TO MAKE A DEAL WITH!!!"
114626083142393611,2025-06-04T16:40:00+00:00,2025-06-04,16,truth_social,truth_social_dataset,sector_keywords|entity_mention|theme:defense_geopolitics,defense_geopolitics,6,7,"I just finished speaking, by telephone, with President Vladimir Putin, of Russia. The call lasted approximately one hour and 15 minutes. We discussed the attack on Russia’s docked airplanes, by Ukraine, and also various other attacks that have been taking place by both sides. It "
114631295762726849,2025-06-05T14:46:02.049000+00:00,2025-06-05,14,truth_social,cnn_truth_archive,sector_keywords|entity_mention|theme:china|theme:tariffs_trade|theme:defense_geopolitics,china/tariffs_trade/defense_geopolitics,23,24,"I just concluded a very good phone call with President Xi, of China, discussing some of the intricacies of our recently made, and agreed to, Trade Deal. The call lasted approximately one and a half hours, and resulted in a very positive conclusion for both Countries. There should"
114631479329996984,2025-06-05T15:32:00+00:00,2025-06-05,15,truth_social,truth_social_dataset,sector_keywords|entity_mention|theme:tariffs_trade,tariffs_trade,19,20,"Shockingly, the Democrat controlled CBO just announced that the Tariffs will be reducing the Deficit by at least $2.8 Trillion Dollars. Too bad this information couldn’t have been released earlier, it would have kept people from knowingly saying untruths."
114631720913326891,2025-06-05T16:34:00+00:00,2025-06-05,16,truth_social,truth_social_dataset,theme:china,china,13,14,Below—Regarding my phone call this morning with President Xi…
114632205177163456,2025-06-05T18:37:00+00:00,2025-06-05,18,truth_social,truth_social_dataset,sector_keywords|entity_mention|theme:evs_autos,evs_autos,6,7,"Elon was “wearing thin,” I asked him to leave, I took away his EV Mandate that forced everyone to buy Electric Cars that nobody else wanted (that he knew for months I was going to do!), and he just went CRAZY!"
114632555927229642,2025-06-05T20:06:00+00:00,2025-06-05,20,truth_social,truth_social_dataset,theme:taxes,taxes,0,1,"I don’t mind Elon turning against me, but he should have done so months ago. This is one of the Greatest Bills ever presented to Congress. It’s a Record Cut in Expenses, $1.6 Trillion Dollars, and the Biggest Tax Cut ever given. If this Bill doesn’t pass, there will be a 68% Tax "
114636194279936863,2025-06-06T11:31:00+00:00,2025-06-06,11,truth_social,truth_social_dataset,sector_keywords,,7,8,"Groceries, gasoline, energy,"
114636249329541108,2025-06-06T11:45:00+00:00,2025-06-06,11,truth_social,truth_social_dataset,sector_keywords|entity_mention|theme:fed_rates,fed_rates,12,13,"Prices are down, income is up, our Border is closed, gasoline is CHEAP, inflation is DEAD — Our Country is BOOMING! Companies are pouring into America like never before!"
114636703372425608,2025-06-06T13:41:00+00:00,2025-06-06,13,truth_social,truth_social_dataset,sector_keywords|entity_mention|theme:fed_rates,fed_rates,6,7,"“Too Late” at the Fed is a disaster! Europe has had 10 rate cuts, we have had none. Despite him, our Country is doing great. Go for a full point, Rocket Fuel!"
114636734825372318,2025-06-06T13:49:00+00:00,2025-06-06,13,truth_social,truth_social_dataset,sector_keywords|entity_mention|theme:fed_rates,fed_rates,6,7,"If “Too Late” at the Fed would CUT, we would greatly reduce interest rates, long and short, on debt that is coming due. Biden went mostly short term. There is virtually no inflation (anymore), but if it should come back, RAISE “RATE” TO COUNTER. Very Simple!!! He is costing our C"
114636826069773755,2025-06-06T14:12:27.838000+00:00,2025-06-06,14,truth_social,cnn_truth_archive,sector_keywords|entity_mention|theme:jobs_economy|theme:stock_market_macro|theme:tariffs_trade,jobs_economy/stock_market_macro/tariffs_trade,19,20,"GREAT JOB NUMBERS, STOCK MARKET UP BIG! AT THE SAME TIME, BILLIONS POURING IN FROM TARIFFS!!!"
114637837347707659,2025-06-06T18:29:00+00:00,2025-06-06,18,truth_social,truth_social_dataset,theme:china,china,13,14,"Just inspected the site of the new Ballroom that will be built, compliments of a man known as Donald J. Trump, at the White House. For 150 years, Presidents, and many others, have wanted a beautiful Ballroom, but it never got built because nobody previously had any knowledge or e"
114637838750311907,2025-06-06T18:30:00.071000+00:00,2025-06-06,18,truth_social,cnn_truth_archive,sector_keywords|entity_mention|theme:tariffs_trade|theme:china,tariffs_trade/china,19,20,"I am pleased to announce that Secretary of the Treasury Scott Bessent, Secretary of Commerce Howard Lutnick, and United States Trade Representative, Ambassador Jamieson Greer, will be meeting in London on Monday, June 9, 2025, with Representatives of China, with reference to the "
114638762489499883,2025-06-06T22:24:00+00:00,2025-06-06,22,truth_social,truth_social_dataset,theme:tariffs_trade,tariffs_trade,19,20,“TRADE DEFICIT SHRINKS BY MORE THAN HALF”
114649780431129598,2025-06-08T21:06:00+00:00,2025-06-08,21,truth_social,truth_social_dataset,sector_keywords|entity_mention,,6,7,"A once great American City, Los Angeles, has been invaded and occupied by Illegal Aliens and Criminals.  Now violent, insurrectionist mobs are swarming and attacking our Federal Agents to try and stop our deportation operations — But these lawless riots only strengthen our resolv"
114651462358753429,2025-06-09T04:14:00+00:00,2025-06-09,4,truth_social,truth_social_dataset,sector_keywords|entity_mention,,6,7,"Jim McDonnell, the highly respected LAPD Chief, just stated that the protesters are getting very much more aggressive, and that he would “have to reassess the situation,” as it pertains to bringing in the troops. He should, RIGHT NOW!!! Don’t let these thugs get away with this. M"
114651470100085455,2025-06-09T04:16:37.962000+00:00,2025-06-09,4,truth_social,cnn_truth_archive,sector_keywords|entity_mention,,6,7,Looking really bad in L.A. BRING IN THE TROOPS!!!
114659061147166064,2025-06-10T12:27:00+00:00,2025-06-10,12,truth_social,truth_social_dataset,sector_keywords|entity_mention,,6,7,"If I didn’t “SEND IN THE TROOPS” to Los Angeles the last three nights, that once beautiful and great City would be burning to the ground right now, much like 25,000 houses burned to the ground in L.A. do to an incompetent Governor and Mayor - Incidentally, the much more difficult"
114659078711716972,2025-06-10T12:31:36.163000+00:00,2025-06-10,12,truth_social,cnn_truth_archive,entity_mention,,1,2,"Will be going to Fort Bragg today. Big speech, amazing crowd! See you later!!! DJT"
114659367372751138,2025-06-10T13:45:00+00:00,2025-06-10,13,truth_social,truth_social_dataset,sector_keywords|entity_mention,,6,7,"If I didn’t “SEND IN THE TROOPS” to Los Angeles the last three nights, that once beautiful and great City would be burning to the ground right now, much like 25,000 houses burned to the ground in L.A. due to an incompetent Governor and Mayor - Incidentally, the much more difficul"
114661266771433205,2025-06-10T21:48:00+00:00,2025-06-10,21,truth_social,truth_social_dataset,sector_keywords|entity_mention|theme:agriculture,agriculture,6,7,"Brad Little is the strong and highly popular Governor of Idaho, a State I love and WON BIG in 2016, 2020, and 2024!
As Governor, Brad is fighting tirelessly to Champion Idaho Values, Promote our Great Farmers and Ranchers, Grow the Economy, Cut Taxes and Regulations, Help Secure "
114661594047511147,2025-06-10T23:11:00+00:00,2025-06-10,23,truth_social,truth_social_dataset,sector_keywords|entity_mention,,6,7,"From June 1775 to June 2025, those foolish enough to challenge America’s Army have been met with unyielding strength, unbreakable spirit, and unstoppable, overwhelming force. Time and again, our enemies have learned that if you dare to threaten the American People, the American S"
114661602710951888,2025-06-10T23:13:00+00:00,2025-06-10,23,truth_social,truth_social_dataset,sector_keywords|entity_mention,,6,7,"For our adversaries, there is no greater fear than the United States Army. But for the American People, there is no greater pride—because YOU are the righteous sword of American Justice, and the ultimate shield of American Freedom!"
114661611675544476,2025-06-10T23:15:00+00:00,2025-06-10,23,truth_social,truth_social_dataset,sector_keywords|entity_mention,,6,7,"This week, we remember that we only have A COUNTRY because we first had an ARMY—and after 250 years, we still proudly declare that WE ARE FREE because YOU ARE STRONG. We are SAFE because you are BRAVE, and America’s Flag will never FALL because America’s Army will never, ever FAI"
114661616289278861,2025-06-10T23:16:56.523000+00:00,2025-06-10,23,truth_social,cnn_truth_archive,sector_keywords|entity_mention,,6,7,"Standing before you today, I am more confident than ever that in the days ahead and every generation to come, the U.S. Army will heap glory upon glory. You will summon inexhaustible courage. You will protect every inch of U.S. soil, and you will defend America to the ends of the "
114661875773869479,2025-06-11T00:22:00+00:00,2025-06-11,0,truth_social,truth_social_dataset,sector_keywords|entity_mention,,6,7,"Generations of Army heroes did not shed their blood on distant shores only to watch our Country be destroyed by invasion and Third World lawlessness here at home, like is happening in California. As Commander in Chief, I will not let that happen…"
114664317659540633,2025-06-11T10:43:56.212000+00:00,2025-06-11,10,truth_social,cnn_truth_archive,sector_keywords|entity_mention|theme:tariffs_trade,tariffs_trade,19,20,A Federal Appeals Court has just ruled that the United States can use TARIFFS to protect itself against other countries. A great and important win for the U.S.
114664632971715644,2025-06-11T12:04:07.488000+00:00,2025-06-11,12,truth_social,cnn_truth_archive,sector_keywords|entity_mention|theme:china|theme:tariffs_trade,china/tariffs_trade,19,20,"OUR DEAL WITH CHINA IS DONE, SUBJECT TO FINAL APPROVAL WITH PRESIDENT XI AND ME. FULL MAGNETS, AND ANY NECESSARY RARE EARTHS, WILL BE SUPPLIED, UP FRONT, BY CHINA. LIKEWISE, WE WILL PROVIDE TO CHINA WHAT WAS AGREED TO, INCLUDING CHINESE STUDENTS USING OUR COLLEGES AND UNIVERSITIE"
114664649560601881,2025-06-11T12:08:00+00:00,2025-06-11,12,truth_social,truth_social_dataset,sector_keywords|entity_mention,,6,7,"If our troops didn’t go into Los Angeles, it would be burning to the ground right now, just like so much of their housing burned to the ground. The great people of Los Angeles are very lucky that I made the decision to go in and help!!!"
114664867178522750,2025-06-11T13:03:41.202000+00:00,2025-06-11,13,truth_social,cnn_truth_archive,theme:china,china,13,14,"Adding to the China readout, President XI and I are going to work closely together to open up China to American Trade. This would be a great WIN for both countries!!!"
114665433616155445,2025-06-11T15:27:00+00:00,2025-06-11,15,truth_social,truth_social_dataset,sector_keywords|entity_mention,,6,7,WE HAVE A GREAT MILITARY…OUR COUNTRY IS BACK—WE’RE REALLY BACK!
114666915445156763,2025-06-11T21:44:00+00:00,2025-06-11,21,truth_social,truth_social_dataset,sector_keywords|entity_mention,,6,7,"I am more confident than ever that in the days ahead and every generation to come, the U.S. Army will heap glory upon glory. You will summon inexhaustible courage. You will protect every inch of U.S. soil—and you will defend America to the ends of the earth!"
114670085083632579,2025-06-12T11:10:00+00:00,2025-06-12,11,truth_social,truth_social_dataset,sector_keywords|entity_mention,,6,7,"Los Angeles was safe and sound for the last two nights. Our great National Guard, with a little help from the Marines, put the L.A. Police in a position to effectively do their job. They all worked well together, but without the Military, Los Angeles would be a crime scene like w"
114670272796747506,2025-06-12T11:58:24.393000+00:00,2025-06-12,11,truth_social,cnn_truth_archive,sector_keywords|entity_mention,,6,7,"Lee Greenwood was GREAT on Maria B this morning. He is a SPECTACULAR man, married to a great woman, Kim, and will be singing at the biggest ever Military Parade, IN HONOR OF THE ARMY, which is exactly one year older than our Nation, itself, on Saturday (FLAG DAY!), June 14th, in "
114670526015735789,2025-06-12T13:02:48.206000+00:00,2025-06-12,13,truth_social,cnn_truth_archive,theme:china,china,13,14,THE CHINA DEAL IS GREAT!
114670684664650262,2025-06-12T13:43:08.999000+00:00,2025-06-12,13,truth_social,cnn_truth_archive,theme:agriculture|theme:jobs_economy,agriculture/jobs_economy,0,1,"Our great Farmers and people in the Hotel and Leisure business have been stating that our very aggressive policy on immigration is taking very good, long time workers away from them, with those jobs being almost impossible to replace. In many cases the Criminals allowed into our "
114671982391481893,2025-06-12T19:13:00+00:00,2025-06-12,19,truth_social,truth_social_dataset,sector_keywords|entity_mention|theme:tariffs_trade,tariffs_trade,19,20,"The House of Representatives is NOW voting on my Administration’s first “Rescissions” Bill. It will OFFICALLY “claw back” $9.4 BILLION DOLLARS in funding for wasteful Foreign Aid, used for Radical “DEI” and the Green New SCAM, and the “Corporation for Public Broadcasting,” which "
114672438335170335,2025-06-12T21:09:07.838000+00:00,2025-06-12,21,truth_social,cnn_truth_archive,sector_keywords|entity_mention|theme:defense_geopolitics,defense_geopolitics,6,7,"We remain committed to a Diplomatic Resolution to the Iran Nuclear Issue! My entire Administration has been directed to negotiate with Iran. They could be a Great Country, but they first must completely give up hopes of obtaining a Nuclear Weapon. Thank you for your attention to "
114675456780398208,2025-06-13T09:56:00+00:00,2025-06-13,9,truth_social,truth_social_dataset,sector_keywords|entity_mention|theme:defense_geopolitics,defense_geopolitics,6,7,"I gave Iran chance after chance to make a deal. I told them, in the strongest of words, to “just do it,” but no matter how hard they tried, no matter how close they got, they just couldn’t get it done. I told them it would be much worse than anything they know, anticipated, or we"
114675518227311570,2025-06-13T10:12:00+00:00,2025-06-13,10,truth_social,truth_social_dataset,sector_keywords|entity_mention,,6,7,"The Appeals Court ruled last night that I can use the National Guard to keep our cities, in this case Los Angeles, safe. If I didn’t send the Military into Los Angeles, that city would be burning to the ground right now. We saved L.A. Thank you for the Decision!!!"
114675841423085927,2025-06-13T11:34:00+00:00,2025-06-13,11,truth_social,truth_social_dataset,theme:defense_geopolitics,defense_geopolitics,6,7,"Two months ago I gave Iran a 60 day ultimatum to “make a deal.” They should have done it! Today is day 61. I told them what to do, but they just couldn’t get there. Now they have, perhaps, a second chance!"
114682031038787625,2025-06-14T13:48:40.926000+00:00,2025-06-14,13,truth_social,cnn_truth_archive,entity_mention,,1,2,This is a big day for America!!! DJT
114682045152197224,2025-06-14T13:52:00+00:00,2025-06-14,13,truth_social,truth_social_dataset,sector_keywords|entity_mention,,6,7,"OUR GREAT MILITARY PARADE IS ON, RAIN OR SHINE. REMEMBER, A RAINY DAY PERADE BRINGS GOOD LUCK. I’LL SEE YOU ALL IN D.C."
114682186196359798,2025-06-14T14:28:00+00:00,2025-06-14,14,truth_social,truth_social_dataset,sector_keywords|entity_mention,,6,7,"OUR GREAT MILITARY PARADE IS ON, RAIN OR SHINE. REMEMBER, A RAINY DAY PARADE BRINGS GOOD LUCK. I’LL SEE YOU ALL IN D.C."
114683261634430212,2025-06-14T19:01:38.279000+00:00,2025-06-14,19,truth_social,cnn_truth_archive,theme:defense_geopolitics,defense_geopolitics,6,7,"President Putin called this morning to very nicely wish me a Happy Birthday, but to more importantly, talk about Iran, a country he knows very well. We talked at length. Much less time was spent talking about Russia/Ukraine, but that will be for next week. He is doing the planned"
114685424737399826,2025-06-15T04:11:44.661000+00:00,2025-06-15,4,truth_social,cnn_truth_archive,sector_keywords|entity_mention,,6,7,"What a GREAT Parade. THANK YOU, ARMY!"
114685507052179501,2025-06-15T04:32:40.686000+00:00,2025-06-15,4,truth_social,cnn_truth_archive,sector_keywords|entity_mention|theme:defense_geopolitics,defense_geopolitics,6,7,"The U.S. had nothing to do with the attack on Iran, tonight. If we are attacked in any way, shape or form by Iran, the full strength and might of the U.S. Armed Forces will come down on you at levels never seen before. However, we can easily get a deal done between Iran and Israe"
114687664442020232,2025-06-15T13:41:00+00:00,2025-06-15,13,truth_social,truth_social_dataset,theme:defense_geopolitics,defense_geopolitics,6,7,"Iran and Israel should make a deal, and will make a deal, just like I got India and Pakistan to make, in that case by using TRADE with the United States to bring reason, cohesion, and sanity into the talks with two excellent leaders who were able to quickly make a decision and ST"
114690267066155731,2025-06-16T00:43:00+00:00,2025-06-16,0,truth_social,truth_social_dataset,sector_keywords|entity_mention,,7,8,"Our Nation’s ICE Officers have shown incredible strength, determination, and courage as they facilitate a very important mission, the largest Mass Deportation Operation of Illegal Aliens in History. Every day, the Brave Men and Women of ICE are subjected to violence, harassment, "
114691752952220639,2025-06-16T07:01:00+00:00,2025-06-16,7,truth_social,truth_social_dataset,sector_keywords|entity_mention,,6,7,"Congressman Abe Hamadeh is an America First Patriot who is doing a fantastic job representing Arizona’s 8th Congressional District!
A Brave U.S. Army Veteran, and former Criminal Prosecutor, Abe is fighting tirelessly to Secure our now VERY Secure (Record Setting!) Southern Borde"
114695407357588413,2025-06-16T22:30:00+00:00,2025-06-16,22,truth_social,truth_social_dataset,sector_keywords|entity_mention|theme:defense_geopolitics,defense_geopolitics,6,7,"Iran should have signed the “deal” I told them to sign. What a shame, and waste of human life. Simply stated, IRAN CAN NOT HAVE A NUCLEAR WEAPON. I said it over and over again! Everyone should immediately evacuate Tehran!"
114695595047194931,2025-06-16T23:18:00+00:00,2025-06-16,23,truth_social,truth_social_dataset,sector_keywords|entity_mention|theme:defense_geopolitics,defense_geopolitics,6,7,"Somebody please explain to kooky Tucker Carlson that,” IRAN CAN NOT HAVE A NUCLEAR WEAPON!”"
114695621681197460,2025-06-16T23:24:57.625000+00:00,2025-06-16,23,truth_social,cnn_truth_archive,sector_keywords|entity_mention|theme:defense_geopolitics,defense_geopolitics,6,7,"AMERICA FIRST means many GREAT things, including the fact that, IRAN CAN NOT HAVE A NUCLEAR WEAPON. MAKE AMERICA GREAT AGAIN!!!"
114696999897040583,2025-06-17T05:15:00+00:00,2025-06-17,5,truth_social,truth_social_dataset,theme:defense_geopolitics,defense_geopolitics,6,7,"Publicity seeking President Emmanuel Macron, of France, mistakenly said that I left the G7 Summit, in Canada, to go back to D.C. to work on a “cease fire” between Israel and Iran. Wrong! He has no idea why I am now on my way to Washington, but it certainly has nothing to do with "
114697964891587065,2025-06-17T09:20:00+00:00,2025-06-17,9,truth_social,truth_social_dataset,theme:defense_geopolitics,defense_geopolitics,6,7,"I have not reached out to Iran for “Peace Talks” in any way, shape, or form. This is just more HIGHLY FABRICATED, FAKE NEWS! If they want to talk, they know how to reach me. They should have taken the deal that was on the table - Would have saved a lot of lives!!!"
114699514822488706,2025-06-17T15:55:00+00:00,2025-06-17,15,truth_social,truth_social_dataset,theme:defense_geopolitics|theme:manufacturing_reshoring,defense_geopolitics/manufacturing_reshoring,11,12,"We now have complete and total control of the skies over Iran. Iran had good sky trackers and other defensive equipment, and plenty of it, but it doesn’t compare to American made, conceived, and manufactured “stuff.” Nobody does it better than the good ol’ USA."
114699610769479275,2025-06-17T16:19:00+00:00,2025-06-17,16,truth_social,truth_social_dataset,sector_keywords|entity_mention,,6,7,"We know exactly where the so-called “Supreme Leader” is hiding. He is an easy target, but is safe there - We are not going to take him out (kill!), at least not for now. But we don’t want missiles shot at civilians, or American soldiers. Our patience is wearing thin. Thank you fo"
114700676310138971,2025-06-17T20:50:00+00:00,2025-06-17,20,truth_social,truth_social_dataset,entity_mention|theme:china,china,13,14,“FBI asked spy agencies to destroy intel on alleged China plot to aid Joe Biden in 2020 election” https://justthenews.com/government/security/fbi-asked-spy-agencies-destroy-intel-alleged-china-plot-aid-joe-biden-2020
114706428825072905,2025-06-18T21:13:00+00:00,2025-06-18,21,truth_social,truth_social_dataset,sector_keywords|entity_mention,,6,7,"Chief of U.S. Border Patrol, Michael Banks: “We are breaking record numbers in the right direction now….”
“CBP’S 0 RELEASES IN MAY DOWN FROM 62,000 UNDER BIDEN”"
114706478430915163,2025-06-18T21:25:00+00:00,2025-06-18,21,truth_social,truth_social_dataset,sector_keywords|entity_mention,,6,7,"EPA Administrator, Lee Zeldin: “Ramping up domestic energy production is better for our economy, our environment, and our national security. President Trump’s One, Big, Beautiful Bill will help make this happen.”"
114710171329291791,2025-06-19T13:05:07.681000+00:00,2025-06-19,13,truth_social,cnn_truth_archive,sector_keywords|entity_mention|theme:defense_geopolitics|theme:stock_market_macro,defense_geopolitics/stock_market_macro,12,13,The Wall Street Journal has No Idea what my thoughts are concerning Iran!
114710405985383754,2025-06-19T14:04:00+00:00,2025-06-19,14,truth_social,truth_social_dataset,sector_keywords|entity_mention|theme:fed_rates,fed_rates,6,7,"“Too Late” Jerome Powell is costing our Country Hundreds of Billions of Dollars. He is truly one of the dumbest, and most destructive, people in Government, and the Fed Board is complicit. Europe has had 10 cuts, we have had none. We should be 2.5 Points lower, and save $BILLIONS"
114710716146853661,2025-06-19T15:23:00+00:00,2025-06-19,15,truth_social,truth_social_dataset,theme:semis_tech_supplychain,semis_tech_supplychain,9,10,"I’ve just signed the Executive Order extending the Deadline for the TikTok closing for 90 days (September 17, 2025). Thank you for your attention to this matter!"
114711899645287088,2025-06-19T20:24:00+00:00,2025-06-19,20,truth_social,truth_social_dataset,sector_keywords|entity_mention,,6,7,"“NAVY RECRUITMENT ‘SKYROCKETS’ UNDER TRUMP’S LEADERSHIP”
“The U.S. Navy has achieved its fiscal year 2025 recruiting goal three months ahead of schedule, positioning the maritime service branch to send more than 40,000 future Sailors to basic training by the end of the summer…” h"
114711949674671760,2025-06-19T20:37:00+00:00,2025-06-19,20,truth_social,truth_social_dataset,sector_keywords|entity_mention,,1,2,“Trump Admin Moves To Bulldoze Biden-Era Mining Rule” https://dailycaller.com/2025/06/13/trump-admin-moves-to-bulldoze-biden-era-mining-rule/
114712424314242751,2025-06-19T22:38:05.506000+00:00,2025-06-19,22,truth_social,cnn_truth_archive,entity_mention,,1,2,"Just approved storm damage money for the Great State of Tennessee. Alabama, Arkansas, and North Carolina among the other states that were previously approved. My honor to do so! DJT"
114712560416441760,2025-06-19T23:12:00+00:00,2025-06-19,23,truth_social,truth_social_dataset,entity_mention,,1,2,https://truthsocial.com/@IStandWithTrump47/114712550508860920Thank you!!! DJT
114712741765922456,2025-06-19T23:58:00+00:00,2025-06-19,23,truth_social,truth_social_dataset,theme:fed_rates,fed_rates,6,7,“Lowest Inflation In 4 Years.” Kevin Hassett
114716806959439316,2025-06-20T17:12:00+00:00,2025-06-20,17,truth_social,truth_social_dataset,sector_keywords|entity_mention,,6,7,"“Hourly workers in the service, hospitality, and retail industries overwhelmingly back President Donald J. Trump’s bold NO TAX ON TIPS plan in the One Big Beautiful Bill, according to a new survey — saying tax-free tips would bring them needed financial stability and relief…” htt"
114717616770198206,2025-06-20T20:38:00+00:00,2025-06-20,20,truth_social,truth_social_dataset,sector_keywords|entity_mention,,6,7,"We had a big victory last night against Gavin Newscum in the Court of Appeals, with respect to Los Angeles—We saved Los Angeles by having the military go in…"
114717932061341718,2025-06-20T21:58:00+00:00,2025-06-20,21,truth_social,truth_social_dataset,theme:defense_geopolitics,defense_geopolitics,6,7,"I am very happy to report that I have arranged, along with Secretary of State Marco Rubio, a wonderful Treaty between the Democratic Republic of the Congo, and the Republic of Rwanda, in their War, which was known for violent bloodshed and death, more so even than most other Wars"
114717929371967424,2025-06-20T21:58:00+00:00,2025-06-20,21,truth_social,truth_social_dataset,sector_keywords|theme:fed_rates|theme:tariffs_trade|theme:manufacturing_reshoring,fed_rates/tariffs_trade/manufacturing_reshoring,25,26,"“Too Late” Powell complains about costs, much of which were produced by the Biden Fake “Government,” but he could do the biggest and best job for our Country by helping to lower Interest Rates and, if he reduced them to the number they should be, 1% to 2%, that “numbskull” would "
114718072561660622,2025-06-20T22:34:00+00:00,2025-06-20,22,truth_social,truth_social_dataset,sector_keywords|entity_mention,,6,7,"Why does Fox News allow failed TV personality Jessica Tarlov to “soil” The Five? Her voice, her manner, and above all else, what she says, are a disgrace to television broadcasting. I’ve had the best poll numbers that I’ve ever had, and she is constantly saying the exact opposite"
114722976310902061,2025-06-21T19:21:00+00:00,2025-06-21,19,truth_social,truth_social_dataset,sector_keywords|entity_mention|theme:china,china,19,20,"I HATE “GREEN TAX CREDITS” IN THE GREAT, BIG, BEAUTIFUL BILL. They are largely a giant SCAM. I would much prefer that this money be used somewhere else, including reductions. “Anywhere” would be preferable! Windmills, and the rest of this “JUNK,” are the most expensive and ineffi"
114724016661152553,2025-06-21T23:46:00+00:00,2025-06-21,23,truth_social,truth_social_dataset,sector_keywords|entity_mention|theme:defense_geopolitics,defense_geopolitics,6,7,"We have completed our very successful attack on the three Nuclear sites in Iran, including Fordow, Natanz, and Esfahan. All planes are now outside of Iran air space. A full payload of BOMBS was dropped on the primary site, Fordow. All planes are safely on their way home. Congratu"
114724035571020048,2025-06-21T23:50:59.225000+00:00,2025-06-21,23,truth_social,cnn_truth_archive,sector_keywords|entity_mention|theme:defense_geopolitics,defense_geopolitics,6,7,"We have completed our very successful attack on the three Nuclear sites in Iran, including Fordow, Natanz, and Esfahan. All planes are now outside of Iran air space. A full payload of BOMBS was dropped on the primary site, Fordow. All planes are safely on their way home. Congratu"
114724124909451419,2025-06-22T00:13:42.420000+00:00,2025-06-22,0,truth_social,cnn_truth_archive,sector_keywords|entity_mention|theme:defense_geopolitics,defense_geopolitics,6,7,"I will be giving an Address to the Nation at 10:00 P.M., at the White House, regarding our very successful military operation in Iran. This is an HISTORIC MOMENT FOR THE UNITED STATES OF AMERICA, ISRAEL, AND THE WORLD. IRAN MUST NOW AGREE TO END THIS WAR. THANK YOU!"
114724683855260695,2025-06-22T02:35:51.254000+00:00,2025-06-22,2,truth_social,cnn_truth_archive,theme:defense_geopolitics,defense_geopolitics,6,7,"ANY RETALIATION BY IRAN AGAINST THE UNITED STATES OF AMERICA WILL BE MET WITH FORCE FAR GREATER THAN WHAT WAS WITNESSED TONIGHT. THANK YOU! DONALD J. TRUMP, PRESIDENT OF THE UNITED STATES"
114728311939211877,2025-06-22T17:58:00+00:00,2025-06-22,17,truth_social,truth_social_dataset,sector_keywords|entity_mention|theme:defense_geopolitics,defense_geopolitics,6,7,"Congressman Thomas Massie of Kentucky is not MAGA, even though he likes to say he is. Actually, MAGA doesn’t want him, doesn’t know him, and doesn’t respect him. He is a negative force who almost always Votes “NO,” no matter how good something may be. He’s a simple minded “grands"
114728970221252806,2025-06-22T20:45:00+00:00,2025-06-22,20,truth_social,truth_social_dataset,sector_keywords|entity_mention|theme:defense_geopolitics,defense_geopolitics,6,7,The damage to the Nuclear sites in Iran is said to be “monumental.” The hits were hard and accurate. Great skill was shown by our military. Thank you!
114729009239087163,2025-06-22T20:55:00+00:00,2025-06-22,20,truth_social,truth_social_dataset,theme:defense_geopolitics,defense_geopolitics,6,7,"It’s not politically correct to use the term, “Regime Change,” but if the current Iranian Regime is unable to MAKE IRAN GREAT AGAIN, why wouldn’t there be a Regime change??? MIGA!!!"
114730186433008075,2025-06-23T01:55:13.882000+00:00,2025-06-23,1,truth_social,cnn_truth_archive,theme:defense_geopolitics,defense_geopolitics,6,7,"Monumental Damage was done to all Nuclear sites in Iran, as shown by satellite images. Obliteration is an accurate term! The white structure shown is deeply imbedded into the rock, with even its roof well below ground level, and completely shielded from flame. The biggest damage "
114732938285152785,2025-06-23T13:35:00+00:00,2025-06-23,13,truth_social,truth_social_dataset,sector_keywords|entity_mention|theme:oil_energy_geopolitics,oil_energy_geopolitics,6,7,"EVERYONE, KEEP OIL PRICES DOWN. I’M WATCHING! YOU’RE PLAYING RIGHT INTO THE HANDS OF THE ENEMY. DON’T DO IT!"
114732948019406900,2025-06-23T13:37:32.346000+00:00,2025-06-23,13,truth_social,cnn_truth_archive,sector_keywords|entity_mention,,6,7,"To The Department of Energy: DRILL, BABY, DRILL!!!  And I mean NOW!!!"
114733380709403439,2025-06-23T15:27:00+00:00,2025-06-23,15,truth_social,truth_social_dataset,sector_keywords|entity_mention|theme:defense_geopolitics,defense_geopolitics,6,7,"Did I hear Former President Medvedev, from Russia, casually throwing around the “N word” (Nuclear!), and saying that he and other Countries would supply Nuclear Warheads to Iran? Did he really say that or, is it just a figment of my imagination? If he did say that, and, if confir"
114734021412822365,2025-06-23T18:10:00+00:00,2025-06-23,18,truth_social,truth_social_dataset,theme:defense_geopolitics,defense_geopolitics,6,7,"The sites that we hit in Iran were totally destroyed, and everyone knows it. Only the Fake News would say anything different in order to try and demean, as much as possible — And even they say they were “pretty well destroyed!” Working especially hard on this falsehood is Allison"
114734424268466099,2025-06-23T19:52:00+00:00,2025-06-23,19,truth_social,truth_social_dataset,sector_keywords|entity_mention|theme:defense_geopolitics,defense_geopolitics,6,7,"Iran has officially responded to our Obliteration of their Nuclear Facilities with a very weak response, which we expected, and have very effectively countered. There have been 14 missiles fired — 13 were knocked down, and 1 was “set free,” because it was headed in a nonthreateni"
114734934153569653,2025-06-23T22:02:00+00:00,2025-06-23,22,truth_social,truth_social_dataset,theme:defense_geopolitics,defense_geopolitics,6,7,"CONGRATULATIONS TO EVERYONE! It has been fully agreed by and between Israel and Iran that there will be a Complete and Total CEASEFIRE (in approximately 6 hours from now, when Israel and Iran have wound down and completed their in progress, final missions!), for 12 hours, at whic"
114735940283355339,2025-06-24T02:18:00+00:00,2025-06-24,2,truth_social,truth_social_dataset,theme:defense_geopolitics,defense_geopolitics,6,7,"Israel & Iran came to me, almost simultaneously, and said, “PEACE!” I knew the time was NOW. The World, and the Middle East, are the real WINNERS! Both Nations will see tremendous LOVE, PEACE, AND PROSPERITY in their futures. They have so much to gain, and yet, so much to lose if"
114736040152592105,2025-06-24T02:43:00+00:00,2025-06-24,2,truth_social,truth_social_dataset,theme:taxes,taxes,0,1,“Tell Your Senators: Stop the Largest Tax Hike in History. Vote YES on the Working Family Tax Cuts.” https://www.onenationamerica.org/working-family-taxcuts/
114736702510423652,2025-06-24T05:32:00+00:00,2025-06-24,5,truth_social,truth_social_dataset,sector_keywords|entity_mention|theme:fed_rates,fed_rates,6,7,"“Too Late” Jerome Powell, of the Fed, will be in Congress today in order to explain, among other things, why he is refusing to lower the Rate. Europe has had 10 cuts, we have had ZERO. No inflation, great economy - We should be at least two to three points lower. Would save the U"
114738104789842114,2025-06-24T11:28:00+00:00,2025-06-24,11,truth_social,truth_social_dataset,theme:defense_geopolitics,defense_geopolitics,6,7,"ISRAEL is not going to attack Iran. All planes will turn around and head home, while doing a friendly “Plane Wave” to Iran. Nobody will be hurt, the Ceasefire is in effect! Thank you for your attention to this matter! DONALD J. TRUMP, PRESIDENT OF THE UNITED STATES"
114738128058193093,2025-06-24T11:34:53.465000+00:00,2025-06-24,11,truth_social,cnn_truth_archive,theme:defense_geopolitics,defense_geopolitics,6,7,IRAN WILL NEVER REBUILD THEIR NUCLEAR FACILITIES!
114738519652958827,2025-06-24T13:14:28.728000+00:00,2025-06-24,13,truth_social,cnn_truth_archive,theme:defense_geopolitics,defense_geopolitics,6,7,"Heading to NATO where, at worst, it will be a much calmer period than what I just went through with Israel and Iran. I look forward to seeing all of my very good European friends, and others. Hopefully, much will be accomplished!"
114738521695017472,2025-06-24T13:14:59.887000+00:00,2025-06-24,13,truth_social,cnn_truth_archive,sector_keywords|entity_mention|theme:china|theme:defense_geopolitics,china/defense_geopolitics,23,24,"China can now continue to purchase Oil from Iran. Hopefully, they will be purchasing plenty from the U.S., also. It was my Great Honor to make this happen!"
114738530800440064,2025-06-24T13:17:00+00:00,2025-06-24,13,truth_social,truth_social_dataset,sector_keywords|entity_mention|theme:taxes,taxes,6,7,"Third Rate Congressman Thomas Massie, of the Great Commonwealth of Kentucky, a phenomenal State that I won all three times (by a lot!), keeps talking about how he is going to protect the Constitution, but he is actually very bad for the Constitution, and will probably vote agains"
114739003459183372,2025-06-24T15:17:00+00:00,2025-06-24,15,truth_social,truth_social_dataset,theme:defense_geopolitics,defense_geopolitics,6,7,"Both Israel and Iran wanted to stop the War, equally! It was my great honor to Destroy All Nuclear facilities & capability, and then, STOP THE WAR!"
114739026668148625,2025-06-24T15:23:00+00:00,2025-06-24,15,truth_social,truth_social_dataset,theme:defense_geopolitics,defense_geopolitics,6,7,The United States is at almost $1 Trillion Dollars — This is incredible! Will be discussing it soon with the Members of NATO.
114741415042752014,2025-06-25T01:30:00+00:00,2025-06-25,1,truth_social,truth_social_dataset,sector_keywords|entity_mention|theme:defense_geopolitics,defense_geopolitics,6,7,"FAKE NEWS CNN, TOGETHER WITH THE FAILING NEW YORK TIMES, HAVE TEAMED UP IN AN ATTEMPT TO DEMEAN ONE OF THE MOST SUCCESSFUL MILITARY STRIKES IN HISTORY. THE NUCLEAR SITES IN IRAN ARE COMPLETELY DESTROYED! BOTH THE TIIMES AND CNN ARE GETTING SLAMMED BY THE PUBLIC!"
114741478150368433,2025-06-25T01:46:51.815000+00:00,2025-06-25,1,truth_social,cnn_truth_archive,sector_keywords|entity_mention|theme:defense_geopolitics,defense_geopolitics,6,7,"FAKE NEWS CNN, TOGETHER WITH THE FAILING NEW YORK TIMES, HAVE TEAMED UP IN AN ATTEMPT TO DEMEAN ONE OF THE MOST SUCCESSFUL MILITARY STRIKES IN HISTORY. THE NUCLEAR SITES IN IRAN ARE COMPLETELY DESTROYED! BOTH THE TIMES AND CNN ARE GETTING SLAMMED BY THE PUBLIC!"
114742858969719244,2025-06-25T07:38:00+00:00,2025-06-25,7,truth_social,truth_social_dataset,theme:defense_geopolitics,defense_geopolitics,6,7,The day begins in the beautiful Netherlands. The King and Queen are beautiful and spectacular people. Our breakfast meeting was great! Now it’s off to the very important NATO Meetings. The USA will be very well represented!
114744008368646986,2025-06-25T12:30:00+00:00,2025-06-25,12,truth_social,truth_social_dataset,sector_keywords|entity_mention|theme:defense_geopolitics,defense_geopolitics,6,7,This was an unbelievable hit in Iran by genius pilots and genius people in the military…
114744029649091554,2025-06-25T12:35:00+00:00,2025-06-25,12,truth_social,truth_social_dataset,theme:defense_geopolitics,defense_geopolitics,6,7,"Secretary Marco Rubio: “There’s no way Iran comes to the table if somehow nothing had happened—this was COMPLETE & TOTAL OBLITERATION, they’re in bad shape…”"
114744712068575344,2025-06-25T15:29:17.492000+00:00,2025-06-25,15,truth_social,cnn_truth_archive,sector_keywords,,12,13,"A letter from the Atomic Energy Commission of Israel states that ""the devastating U.S. strike on Fordow destroyed the site's critical infrastructure and rendered the enrichment facility totally inoperable."""
114744772916804667,2025-06-25T15:44:00+00:00,2025-06-25,15,truth_social,truth_social_dataset,theme:defense_geopolitics,defense_geopolitics,6,7,"Last weekend, the United States successfully carried out a massive precision strike on Iran's nuclear enrichment facilities, and it was very, very successful—It was called OBLITERATION. This incredible exercise of American strength has paved the way for peace, with a historic cea"
114746066225069169,2025-06-25T21:13:40.324000+00:00,2025-06-25,21,truth_social,cnn_truth_archive,sector_keywords|entity_mention,,6,7,"Secretary of Defense (War!) Pete Hegseth, together with Military Representatives, will be holding a Major News Conference tomorrow morning at 8 A.M. EST at The Pentagon, in order to fight for the Dignity of our Great American Pilots. These Patriots were very upset! After 36 hours"
114746355912265245,2025-06-25T22:27:00+00:00,2025-06-25,22,truth_social,truth_social_dataset,sector_keywords|entity_mention|theme:defense_geopolitics,defense_geopolitics,6,7,"BREAKING NEWS…I was shocked to hear that the State of Israel, which has just had one of its Greatest Moments in History, and is strongly led by Bibi Netanyahu, is continuing its ridiculous Witch Hunt against their Great War Time Prime Minister! Bibi and I just went through HELL t"
114749580476669594,2025-06-26T12:07:23.550000+00:00,2025-06-26,12,truth_social,cnn_truth_archive,theme:defense_geopolitics,defense_geopolitics,6,7,Rumor is that the Failing New York Times and Fake News CNN will be firing the reporters who made up the FAKE stories on the Iran Nuclear sites because they got it so wrong. Lets see what happens?
114749839848044904,2025-06-26T13:13:21.246000+00:00,2025-06-26,13,truth_social,cnn_truth_archive,sector_keywords|entity_mention,,6,7,"The cars and small trucks at the site were those of concrete workers trying to cover up the top of the shafts. Nothing was taken out of facility. Would take too long, too dangerous, and very heavy and hard to move!"
114749872416313793,2025-06-26T13:21:38.194000+00:00,2025-06-26,13,truth_social,cnn_truth_archive,theme:defense_geopolitics,defense_geopolitics,6,7,"The NATO Summit yesterday was GREAT, the most unified and productive in history. A wonderful day with incredible and caring Leaders. The Agreed to 5% gives NATO real power!"
114751173173020083,2025-06-26T18:52:26.168000+00:00,2025-06-26,18,truth_social,cnn_truth_archive,theme:defense_geopolitics,defense_geopolitics,6,7,The Democrats are the ones who leaked the information on the PERFECT FLIGHT to the Nuclear Sites in Iran. They should be prosecuted!
114751873580495326,2025-06-26T21:50:00+00:00,2025-06-26,21,truth_social,truth_social_dataset,theme:agriculture,agriculture,0,1,The One Big Beautiful Bill is also an incredible victory for America's Great Farmers…
114756430889057942,2025-06-27T17:09:32.549000+00:00,2025-06-27,17,truth_social,cnn_truth_archive,sector_keywords|entity_mention|theme:defense_geopolitics,defense_geopolitics,6,7,"Why would the so-called âSupreme Leader,â Ayatollah Ali Khamenei, of the war torn Country of Iran, say so blatantly and foolishly that he won the War with Israel, when he knows his statement is a lie, it is not so. As a man of great faith, he is not supposed to lie. His Count"
114756567645919781,2025-06-27T17:44:19.289000+00:00,2025-06-27,17,truth_social,cnn_truth_archive,sector_keywords|theme:tariffs_trade|theme:agriculture,tariffs_trade/agriculture,22,23,"We have just been informed that Canada, a very difficult Country to TRADE with, including the fact that they have charged our Farmers as much as 400% Tariffs, for years, on Dairy Products, has just announced that they are putting a Digital Services Tax on our American Technology "
114756635237936002,2025-06-27T18:01:00+00:00,2025-06-27,18,truth_social,truth_social_dataset,sector_keywords|theme:taxes|theme:jobs_economy,taxes/jobs_economy,12,13,"The Great Republicans in the U.S. Senate are working all weekend to finish our “ONE, BIG, BEAUTIFUL BILL.” We are on the precipice of delivering Massive General Tax Cuts, NO TAX ON TIPS, NO TAX ON OVERTIME, NO TAX ON SOCIAL SECURITY FOR OUR SENIORS, Permanently Securing our Borde"
114758683463390427,2025-06-28T02:42:00+00:00,2025-06-28,2,truth_social,truth_social_dataset,sector_keywords|entity_mention|theme:defense_geopolitics,defense_geopolitics,6,7,Who in the Fake News Media is the SleazeBag saying that “President Trump wants to give Iran $30 Billion to build non-military Nuclear facilities.” Never heard of this ridiculous idea. It’s just another HOAX put out by the Fake News in order to demean. These people are SICK!!!
114758739525947038,2025-06-28T02:56:00+00:00,2025-06-28,2,truth_social,truth_social_dataset,sector_keywords|entity_mention|theme:tariffs_trade,tariffs_trade,19,20,"Where does CNN get its “talent?” Just watched someone named Abby Phillip lecture her audience on Tariffs and the economy (which is doing record business!). She has absolutely no idea what she is talking about, strictly 3rd rate. Fortunately, the audience has long ago left CNN, an"
114761144946167016,2025-06-28T13:08:00+00:00,2025-06-28,13,truth_social,truth_social_dataset,theme:defense_geopolitics,defense_geopolitics,6,7,"WHAT GREAT PEOPLE I MET AT NATO, INCLUDING SOME OF THE WORLD’S MOST INCREDIBLE LEADERS!"
114762472242144135,2025-06-28T18:45:00+00:00,2025-06-28,18,truth_social,truth_social_dataset,sector_keywords|entity_mention|theme:defense_geopolitics,defense_geopolitics,7,8,"“In the past 12 days, some of the most consequential decisions in American history, those that will affect generations and leave a substantial impact on our culture, economy, and political alignment, have been made either by President Donald Trump or because of him…” https://www."
114763460580044614,2025-06-28T22:57:00+00:00,2025-06-28,22,truth_social,truth_social_dataset,theme:defense_geopolitics,defense_geopolitics,6,7,"It is terrible what they are doing in Israel to Bibi Netanyahu. He is a War Hero, and a Prime Minister who did a fabulous job working with the United States to bring Great Success in getting rid of the dangerous Nuclear threat in Iran. Importantly, he is right now in the process "
114763873373477102,2025-06-29T00:42:00+00:00,2025-06-29,0,truth_social,truth_social_dataset,entity_mention,,1,2,"Jamie: You do such a GREAT job! So tough, so insightful, and so incredible! I watch you all the time, and you just never miss. Jamie, as President, I just wanted to tell you this, and THANK YOU for the incredible work you are doing! DJT
DONALD J. TRUMP, PRESIDENT OF THE UNITED ST"
114764131885531801,2025-06-29T01:48:00+00:00,2025-06-29,1,truth_social,truth_social_dataset,sector_keywords|theme:taxes|theme:agriculture|theme:china|theme:manufacturing_reshoring,taxes/agriculture/china/manufacturing_reshoring,29,30,"Looks like Senator Thom Tillis, as usual, wants to tell the Nation that he’s giving them a 68% Tax Increase, as opposed to the Biggest Tax Cut in American History! At the same time, he is unable to understand the importance of a Debt Extension, which Republicans gave to the Democ"
114764221948518343,2025-06-29T02:10:00+00:00,2025-06-29,2,truth_social,truth_social_dataset,sector_keywords|entity_mention|theme:defense_geopolitics,defense_geopolitics,6,7,"Republicans must remember that they are fighting against a very evil, corrupt and, in many ways, incompetent (Policywise!) group of people, who would rather see our Country “go down in flames” than do the right thing and, MAKE AMERICA GREAT AGAIN! The Democrats would LOVE to see "
114764629478113280,2025-06-29T03:54:00+00:00,2025-06-29,3,truth_social,truth_social_dataset,entity_mention,,1,2,Did Rand Paul Vote “NO” again tonight? What’s wrong with this guy??? DJT
114764751535867998,2025-06-29T04:25:00+00:00,2025-06-29,4,truth_social,truth_social_dataset,sector_keywords,,12,13,"Tonight we saw a GREAT VICTORY in the Senate with the “GREAT, BIG, BEAUTIFUL BILL,” but, it wouldn’t have happened without the Fantastic Work of Senator Rick Scott, Senator Mike Lee, Senator Ron Johnson, and Senator Cynthia Lummis. They, along with all of the other Republican Pat"
114764965108272159,2025-06-29T05:19:54.397000+00:00,2025-06-29,5,truth_social,cnn_truth_archive,entity_mention,,1,2,MAKE THE DEAL IN GAZA. GET THE HOSTAGES BACK!!! DJT
114767768162238035,2025-06-29T17:12:00+00:00,2025-06-29,17,truth_social,truth_social_dataset,sector_keywords|entity_mention,,6,7,"Sen. Markwayne Mullin on the One Big Beautiful Bill: ""What we're doing is cutting the waste, fraud, and abuse out of the Medicaid system—and make sure it's for the people that it was originally intended for…”"
114767776118163077,2025-06-29T17:14:00+00:00,2025-06-29,17,truth_social,truth_social_dataset,sector_keywords|entity_mention,,6,7,"Sen. Jim Banks on the One Big Beautiful Bill: ""Democrats are focused on screwing the working class with higher taxes…President Trump and Republicans are serious about cutting taxes on the people who need it the most…”"
114767794156725396,2025-06-29T17:19:00+00:00,2025-06-29,17,truth_social,truth_social_dataset,theme:defense_geopolitics,defense_geopolitics,6,7,"Regarding Iran's Fordow nuclear facility—They didn't move anything...they didn't think it was going to be actually doable, what we did…"
114767851616311700,2025-06-29T17:33:00+00:00,2025-06-29,17,truth_social,truth_social_dataset,theme:jobs_economy,jobs_economy,0,1,"Sen. John Barrasso on the Big Beautiful Bill: “Lower prices, lower taxes, more jobs, better paying jobs, more money in people’s pockets…safety and prosperity…that’s what this is all about…”"
114767872591873497,2025-06-29T17:39:00+00:00,2025-06-29,17,truth_social,truth_social_dataset,sector_keywords|entity_mention,,6,7,"Secretary Chris Wright: “The One Big Beautiful Bill gets rid of over a half of trillion dollars in subsidies that are paid for by American taxpayers, while at the same time reducing energy prices for all Americans…”"
114768617892207090,2025-06-29T20:48:51.458000+00:00,2025-06-29,20,truth_social,cnn_truth_archive,entity_mention,,1,2,"Great Congressman Greg Steube is 100% correct. An unelected Senate Staffer (Parliamentarian), should not be allowed to hurt the Republicans Bill. Wants many fantastic things out. NO! DJT"
114770877118105998,2025-06-30T06:23:24.512000+00:00,2025-06-30,6,truth_social,cnn_truth_archive,sector_keywords|entity_mention,,6,7,"The Trump Administration has gotten costs down, very substantially, for the American Consumer. There has never been anything like this!"
114770956840780267,2025-06-30T06:43:00+00:00,2025-06-30,6,truth_social,truth_social_dataset,sector_keywords|entity_mention|theme:defense_geopolitics,defense_geopolitics,6,7,"Tell phony Democrat Senator Chris Coons that I am not offering Iran ANYTHING, unlike Obama, who paid them $Billions under the stupid “road to a Nuclear Weapon JCPOA (which would now be expired!), nor am I even talking to them since we totally OBLITERATED their Nuclear Facilities."
114774593071456633,2025-06-30T22:08:00+00:00,2025-06-30,22,truth_social,truth_social_dataset,sector_keywords|entity_mention|theme:tariffs_trade,tariffs_trade,19,20,“U.S. TARIFF REVENUE”
114775981239886599,2025-07-01T04:01:27.229000+00:00,2025-07-01,4,truth_social,cnn_truth_archive,sector_keywords|entity_mention|theme:taxes,taxes,6,7,"Republicans, the One Big Beautiful Bill, perhaps the greatest and most important of its kind in history, gives the largest Tax Cuts and Border Security ever, Jobs by the Millions, Military/Vets increases, and so much more. The failure to pass means a whopping 68% Tax increase, th"
114776149269773065,2025-07-01T04:44:11.162000+00:00,2025-07-01,4,truth_social,cnn_truth_archive,sector_keywords|entity_mention|theme:evs_autos,evs_autos,6,7,"Elon Musk knew, long before he so strongly Endorsed me for President, that I was strongly against the EV Mandate. It is ridiculous, and was always a major part of my campaign. Electric cars are fine, but not everyone should be forced to own one. Elon may get more subsidy than any"
114777786069997459,2025-07-01T11:40:00+00:00,2025-07-01,11,truth_social,truth_social_dataset,theme:jobs_economy,jobs_economy,0,1,"“The One Big Beautiful Bill Slashes Deficits, National Debt While Unleashing Economic Growth” https://www.whitehouse.gov/fact-sheets/2025/06/fact-sheet-president-trump-is-delivering-historic-permitting-wins-across-the-federal-government/"
114779394158777330,2025-07-01T18:29:00+00:00,2025-07-01,18,truth_social,truth_social_dataset,sector_keywords|theme:tariffs_trade,tariffs_trade,29,30,"Almost all of our Great Republicans in the United States Senate have passed our “ONE, BIG, BEAUTIFUL BILL.” It is no longer a “House Bill” or a “Senate Bill”. It is everyone’s Bill. There is so much to be proud of, and EVERYONE got a major Policy WIN — But, the Biggest Winner of "
114779396905472324,2025-07-01T18:30:00+00:00,2025-07-01,18,truth_social,truth_social_dataset,theme:agriculture,agriculture,0,1,"I am thrilled to announce that I will be traveling to one of my favorite places in the World, beautiful Iowa, on Thursday, July 3rd, to kick off the very beginning of our exciting Celebration of America’s 250th Anniversary! Iowa voted for me THREE TIMES, because they love my Poli"
114783440783668830,2025-07-02T11:38:00+00:00,2025-07-02,11,truth_social,truth_social_dataset,sector_keywords|entity_mention|theme:tariffs_trade,tariffs_trade,19,20,"Nobody wants to talk about GROWTH, which will be the primary reason that the Big, Beautiful Bill will be one of the most successful pieces of legislation ever passed. THIS GROWTH has already begun at levels never seen before. Trillions of Dollars are now being invested into the U"
114783671713858592,2025-07-02T12:37:00+00:00,2025-07-02,12,truth_social,truth_social_dataset,sector_keywords|entity_mention|theme:defense_geopolitics,defense_geopolitics,6,7,“Air Force and Space Force Hit 2025 Recruiting Goals 3 Months Early”
114783684148640192,2025-07-02T12:40:00+00:00,2025-07-02,12,truth_social,truth_social_dataset,theme:china,china,13,14,"“FBI blocked probe into alleged 2020 election plot by China because it would ‘contradict Director Wray’s testimony’ to Congress, docs show” https://nypost.com/2025/07/01/us-news/fbi-blocked-probe-into-alleged-2020-election-plot-by-china-because-it-would-contradict-director-wrays-"
114783756690101088,2025-07-02T12:58:00+00:00,2025-07-02,12,truth_social,truth_social_dataset,sector_keywords|entity_mention,,6,7,"EPA Administrator, Lee Zeldin: “Don't you love the fact we have this President who wants to unleash American energy dominance? He wants America to be the AI capital of the world, he wants to advance permitting reform, he wants to advance cooperative federalism and he's consistent"
114784075251415328,2025-07-02T14:19:00+00:00,2025-07-02,14,truth_social,truth_social_dataset,sector_keywords|entity_mention|theme:manufacturing_reshoring,manufacturing_reshoring,7,8,"THE ONE BIG BEAUTIFUL DEAL IS ALL ABOUT GTOWTH. IF PASSED, AMERICA WILL HAVE AN ECONOMIC RENAISSANCE LIKE NEVER BEFORE. IT IS ALREADY HAPPENING, JUST IN ANTICIPATION OF THE BEAUTIFUL BILL. DEFICIT CUT IN HALF, RECORD INVESTMENT — CASH, FACTORIES, JOBS POURING INTO THE USA. MAGA!!"
114784098546698642,2025-07-02T14:25:47.453000+00:00,2025-07-02,14,truth_social,cnn_truth_archive,sector_keywords|entity_mention|theme:tariffs_trade,tariffs_trade,19,20,I just made a Trade Deal with Vietnam. Details to follow!
114784170652465525,2025-07-02T14:44:00+00:00,2025-07-02,14,truth_social,truth_social_dataset,sector_keywords|entity_mention|theme:tariffs_trade,tariffs_trade,19,20,"It is my Great Honor to announce that I have just made a Trade Deal with the Socialist Republic of Vietnam after speaking with To Lam, the Highly Respected General Secretary of the Communist Party of Vietnam. It will be a Great Deal of Cooperation between our two Countries. The T"
114784201810637218,2025-07-02T14:52:00+00:00,2025-07-02,14,truth_social,truth_social_dataset,sector_keywords|entity_mention|theme:manufacturing_reshoring,manufacturing_reshoring,7,8,"THE ONE BIG BEAUTIFUL DEAL IS ALL ABOUT GROWTH. IF PASSED, AMERICA WILL HAVE AN ECONOMIC RENAISSANCE LIKE NEVER BEFORE. IT IS ALREADY HAPPENING, JUST IN ANTICIPATION OF THE BEAUTIFUL BILL. DEFICIT CUT IN HALF, RECORD INVESTMENT — CASH, FACTORIES, JOBS POURING INTO THE USA. MAGA!!"
114784315952739682,2025-07-02T15:21:00+00:00,2025-07-02,15,truth_social,truth_social_dataset,theme:taxes|theme:agriculture,taxes/agriculture,0,1,"Congressman Jason Smith: “We are gonna get the One, Big, Beautiful Bill passed and to your desk! This will be for the people who don't have lobbyists in this town. The farmers, the welders, the waitresses, the nurses pulling double shifts, the truck drivers hauling goods across t"
114786643420185373,2025-07-03T01:12:00+00:00,2025-07-03,1,truth_social,truth_social_dataset,theme:taxes,taxes,0,1,"It looks like the House is ready to vote tonight. We had GREAT conversations all day, and the Republican House Majority is UNITED, for the Good of our Country, delivering the Biggest Tax Cuts in History and MASSIVE Growth. Let’s go Republicans, and everyone else - MAKE AMERICA GR"
114786681954008167,2025-07-03T01:22:00+00:00,2025-07-03,1,truth_social,truth_social_dataset,theme:taxes,taxes,0,1,"Rep. Jamie Raskin, a third rate Democrat politician, has no idea what is in our fantastic Tax Cut Bill, nor would he understand it if he did. This DOPE has been consistently losing to me for YEARS, and I love watching his ugly face as he is forced to consistently concede DEFEAT T"
114786727426991370,2025-07-03T01:34:20.983000+00:00,2025-07-03,1,truth_social,cnn_truth_archive,theme:taxes,taxes,0,1,"The USA is on track to break every record on GROWTH. Go Republicans, beat the Crooked Democrats tonight! PRO-GROWTH Tax Cuts never fail. MAKE AMERICA GREAT AGAIN!"
114787348610777027,2025-07-03T04:12:00+00:00,2025-07-03,4,truth_social,truth_social_dataset,theme:taxes|theme:jobs_economy,taxes/jobs_economy,0,1,"Largest Tax Cuts in History and a Booming Economy vs. Biggest Tax Increase in History, and a Failed Economy. What are the Republicans waiting for??? What are you trying to prove??? MAGA IS NOT HAPPY, AND IT’S COSTING YOU VOTES!!!"
114789557961047863,2025-07-03T13:34:11.506000+00:00,2025-07-03,13,truth_social,cnn_truth_archive,theme:jobs_economy,jobs_economy,0,1,"Job Creators Network CEO Alfredo Ortiz: ""Hats off to President Trump because this three-legged stool of his has really been powerful: The trade, taxes, and regulations together. It's all about Jobs! Jobs! Jobs!"""
114789565281988967,2025-07-03T13:36:00+00:00,2025-07-03,13,truth_social,truth_social_dataset,theme:jobs_economy,jobs_economy,0,1,"“This is good news; much better than expected.""
""In our survey, economists were looking for [the unemployment rate] to climb up to 4.3 — It comes in at 4.1.""
""Jobless claims — Much lower than expected."""
114792925370595712,2025-07-04T03:50:00+00:00,2025-07-04,3,truth_social,truth_social_dataset,sector_keywords|entity_mention|theme:aerospace_aviation|theme:defense_geopolitics,aerospace_aviation/defense_geopolitics,6,7,"I’m on Air Force One, traveling back to Washington from the Great State of Iowa, with many of our wonderful and talented Cabinet Secretaries, including Kristi Noem, Doug Burgum, Brooke Rollins, Lee Zeldin, Matt Whitaker of NATO fame, and others in the Administration like Steve Mi"
114802591195240494,2025-07-05T20:48:00+00:00,2025-07-05,20,truth_social,truth_social_dataset,sector_keywords|entity_mention,,6,7,"The One Big Beautiful Bill will deliver the strongest border on Earth, the strongest economy on Earth, the strongest military on Earth, & ensure the United States of America will remain the strongest country anywhere on this beautiful planet of ours…"
114808616176041421,2025-07-06T22:20:00+00:00,2025-07-06,22,truth_social,truth_social_dataset,sector_keywords|entity_mention|theme:evs_autos,evs_autos,12,13,"I am saddened to watch Elon Musk go completely “off the rails,” essentially becoming a TRAIN WRECK over the past five weeks. He even wants to start a Third Political Party, despite the fact that they have never succeeded in the United States - The System seems not designed for th"
114809528606729733,2025-07-07T02:12:59.423000+00:00,2025-07-07,2,truth_social,cnn_truth_archive,sector_keywords|entity_mention|theme:tariffs_trade,tariffs_trade,19,20,"I am pleased to announce that the UNITED STATES TARIFF Letters, and/or Deals, with various Countries from around the World, will be delivered starting 12:00 P.M. (Eastern), Monday, July 7th. Thank you for your attention to this matter! DONALD J. TRUMP, President of The United Sta"
114818149310161097,2025-07-08T14:45:20.916000+00:00,2025-07-08,14,truth_social,cnn_truth_archive,sector_keywords|entity_mention|theme:tariffs_trade,tariffs_trade,19,20,"As per letters sent to various countries yesterday, in addition to letters that will be sent today, tomorrow, and for the next short period of time, TARIFFS WILL START BEING PAID ON AUGUST 1, 2025. There has been no change to this date, and there will be no change. In other words"
114819184205071380,2025-07-08T19:08:00+00:00,2025-07-08,19,truth_social,truth_social_dataset,sector_keywords|theme:fed_rates|theme:tariffs_trade|theme:manufacturing_reshoring,fed_rates/tariffs_trade/manufacturing_reshoring,25,26,"A new Study by the Council of Economic Advisers (CEA), led by Highly Respected Chair, Dr. Stephen Miran, has found that Tariffs have had ZERO IMPACT on Inflation. In fact, the Study shows that Import Prices are actually DROPPING, just like I always said they would. The Fake News "
114819199532902807,2025-07-08T19:12:00+00:00,2025-07-08,19,truth_social,truth_social_dataset,sector_keywords|entity_mention,,6,7,"Secretary Wright: “The whole Administration—led by President Trump, is all-in on keeping gasoline prices down, diesel prices down...”"
114823635614745836,2025-07-09T14:00:00+00:00,2025-07-09,14,truth_social,truth_social_dataset,theme:fed_rates,fed_rates,6,7,"Our Fed Rate is AT LEAST 3 Points too high. “Too Late” is costing the U.S. 360 Billion Dollars a Point, PER YEAR, in refinancing costs. No Inflation, COMPANIES POURING INTO AMERICA. “The hottest Country in the World!” LOWER THE RATE!!!"
114823753748748089,2025-07-09T14:30:00+00:00,2025-07-09,14,truth_social,truth_social_dataset,sector_keywords|entity_mention|theme:defense_geopolitics,defense_geopolitics,6,7,"“Marco Rubio: Trump defense deal with NATO is a big, beautiful win for America” https://www.usatoday.com/story/opinion/2025/07/09/trump-nato-defense-spending-rubio/84503719007/"
114824012434844395,2025-07-09T15:36:00+00:00,2025-07-09,15,truth_social,truth_social_dataset,entity_mention,,1,2,"Nevada: On Saturday, July 12th, GET OUT AND VOTE for Michael J. McDonald for Chair of the Republican Party, and the entire Executive Board: Jim Hindle, Barbara Hawn, Kathy Njus, Bruce Parks, and Jesse Law. We had a Historic WIN in Nevada in November, and these Great American Patr"
114825046600516465,2025-07-09T19:59:00+00:00,2025-07-09,19,truth_social,truth_social_dataset,sector_keywords|theme:tariffs_trade,tariffs_trade,19,20,"""High Hopes for Local Aluminum Plant""
""Since its expansion, Rosemount business is adding needed domestic aluminum supply in face of tariffs."""
114825064535529179,2025-07-09T20:03:00+00:00,2025-07-09,20,truth_social,truth_social_dataset,theme:jobs_economy,jobs_economy,0,1,"Secretary Lori Chavez-DeRemer: “The promises made by President Trump was that he was going to pay attention to the American worker, and that's why you're seeing American-born jobs be increased...under President Biden, 50% of those jobs went to foreign-born workers…”"
114826039777950636,2025-07-10T00:11:59.853000+00:00,2025-07-10,0,truth_social,cnn_truth_archive,sector_keywords|theme:agriculture,agriculture,12,13,"Senator Roger Marshall is an incredibly strong advocate for the wonderful people of Kansas, a State I love, and WON BIG, in 2016, 2020, and 2024!Â A distinguished Medical Doctor and U.S. Army Veteran, Roger knows how to Defend our Country, Support our Brave Military/Veterans, and"
114826040324238044,2025-07-10T00:12:00+00:00,2025-07-10,0,truth_social,truth_social_dataset,sector_keywords,,12,13,"Senator Tom Cotton is working incredibly hard for the Great State of Arkansas, which I love and WON BIG in 2016, 2020, and 2024. He loves the U.S.A., and is truly an American Patriot!
A former U.S. Army Ranger, Tom bravely served our Nation in combat, and brings that same Fightin"
114826107762484260,2025-07-10T00:29:00+00:00,2025-07-10,0,truth_social,truth_social_dataset,sector_keywords|theme:tariffs_trade|theme:semis_tech_supplychain,tariffs_trade/semis_tech_supplychain,26,27,"I am announcing a 50% TARIFF on Copper, effective August 1, 2025, after receiving a robust NATIONAL SECURITY ASSESSMENT. Copper is necessary for Semiconductors, Aircraft, Ships, Ammunition, Data Centers, Lithium-ion Batteries, Radar Systems, Missile Defense Systems, and even, Hyp"
114829408208555940,2025-07-10T14:28:00+00:00,2025-07-10,14,truth_social,truth_social_dataset,sector_keywords|entity_mention|theme:tariffs_trade|theme:stock_market_macro|theme:fed_rates,tariffs_trade/stock_market_macro/fed_rates,25,26,"Tech Stocks, Industrial Stocks, & NASDAQ, HIT ALL-TIME, RECORD HIGHS! CRYPTO, “Through the Roof.” NVIDIA IS UP 47% SINCE TRUMP TARIFFS. USA is taking in Hundreds of Billions of Dollars in Tariffs. COUNTRY IS NOW “BACK.” A GREAT CREDIT! FED SHOULD RAPIDLY LOWER RATE TO REFLECT THI"
114829442018326447,2025-07-10T14:37:00+00:00,2025-07-10,14,truth_social,truth_social_dataset,sector_keywords|entity_mention|theme:fed_rates,fed_rates,6,7,"“Too Late” DEMEANS THE GREAT CREDIT OF THE USA. We are now, again, the Number One Credit in the World! “Gigantic Comeback.” The Fed Rate should be reflective of this. We should be at the top of the list!!! LOWER THE RATE!!!"
114832570720111172,2025-07-11T03:52:54.174000+00:00,2025-07-11,3,truth_social,cnn_truth_archive,entity_mention|theme:aerospace_aviation,aerospace_aviation,2,3,"Congratulations to Bryan Bedford, who was just confirmed to head the FAA. A very talented guy!!!  DJT"
114832587355133963,2025-07-11T03:57:00+00:00,2025-07-11,3,truth_social,truth_social_dataset,theme:defense_geopolitics,defense_geopolitics,6,7,"Thank you USA TODAY. So nice!
“Trump deserves Nobel Peace Prize. He's achieved more than those who've won before” https://www.usatoday.com/story/opinion/columnist/2025/07/10/trump-netanyahu-nobel-prize-israel-iran/84505423007/"
114835102167904861,2025-07-11T14:36:00+00:00,2025-07-11,14,truth_social,truth_social_dataset,sector_keywords|entity_mention,,6,7,"Secretary of War Pete Hegseth was great on FoxNews this morning. Talking about modern weapons and warfare. Thank you also to Brett Velicovich, who really knows his “stuff.” We are really on our way. MAGA!"
114835146294645750,2025-07-11T14:47:54.320000+00:00,2025-07-11,14,truth_social,cnn_truth_archive,entity_mention,,1,2,Tom Homan and Kristi Noem are doing a FANTASTIC job. Thank you both! DJT
114837208737137477,2025-07-11T23:32:24.691000+00:00,2025-07-11,23,truth_social,cnn_truth_archive,sector_keywords|entity_mention,,6,7,"I am on my way back from Texas, and watched in disbelief as THUGS were violently throwing rocks and bricks at ICE Officers while they were moving down a roadway in their car and/or official vehicle. Tremendous damage was done to these brand new vehicles. I know for a fact that th"
114837597286883732,2025-07-12T01:11:00+00:00,2025-07-12,1,truth_social,truth_social_dataset,theme:agriculture,agriculture,0,1,"Just spoke to Great Combat Veteran Zach Nunn, and he is committed to the mission of, HOLDING THE MAJORITY. He is a team player, with a tremendous future — And 100% MAGA. Zach needs our full support to win Iowa-03. He is fighting for the Farmer, and everything else that Iowa stand"
114841565274628116,2025-07-12T18:00:00+00:00,2025-07-12,18,truth_social,truth_social_dataset,sector_keywords|entity_mention|theme:tariffs_trade,tariffs_trade,19,20,“US customs duties top $100 billion for first time in a fiscal year” https://www.reuters.com/business/trumps-tariff-collections-expected-grow-june-us-budget-data-2025-07-11/
114841568204031318,2025-07-12T18:01:00+00:00,2025-07-12,18,truth_social,truth_social_dataset,sector_keywords|entity_mention|theme:tariffs_trade,tariffs_trade,19,20,“Treasury posts unexpected surplus in June as tariff receipts surge” https://www.cnbc.com/2025/07/11/treasury-posts-unexpected-surplus-in-june-as-tariff-receipts-surge.html
114842356238631061,2025-07-12T21:21:00+00:00,2025-07-12,21,truth_social,truth_social_dataset,sector_keywords|theme:defense_geopolitics,defense_geopolitics,12,13,"What’s going on with my “boys” and, in some cases, “gals?” They’re all going after Attorney General Pam Bondi, who is doing a FANTASTIC JOB! We’re on one Team, MAGA, and I don’t like what’s happening. We have a PERFECT Administration, THE TALK OF THE WORLD, and “selfish people” a"
114851420581462592,2025-07-14T11:46:00+00:00,2025-07-14,11,truth_social,truth_social_dataset,sector_keywords|entity_mention,,6,7,"The United States of America has been ripped off on TRADE (and MILITARY!), by friend and foe, alike, for DECADES. It has come at a cost of TRILLIONS OF DOLLARS, and it is just not sustainable any longer - And never was! Countries should sit back and say, “Thank you for the many y"
114857384454528789,2025-07-15T13:03:00+00:00,2025-07-15,13,truth_social,truth_social_dataset,sector_keywords|entity_mention,,6,7,I have always suspected Shifty Adam Shiff was a scam artist. And now I learn that Fannie Mae’s Financial Crimes Division have concluded that Adam Schiff has engaged in a sustained pattern of possible Mortgage Fraud. Adam Schiff said that his primary residence was in MARYLAND to g
114857617089281818,2025-07-15T14:02:31.387000+00:00,2025-07-15,14,truth_social,cnn_truth_archive,sector_keywords|theme:fed_rates,fed_rates,12,13,"Consumer Prices LOW. Bring down the Fed Rate, NOW!!!"
114857639804190832,2025-07-15T14:08:17.989000+00:00,2025-07-15,14,truth_social,cnn_truth_archive,theme:fed_rates,fed_rates,6,7,Fed should cut Rates by 3 Points. Very Low Inflation. One Trillion Dollars a year would be saved!!!
114857687712359546,2025-07-15T14:20:00+00:00,2025-07-15,14,truth_social,truth_social_dataset,sector_keywords|entity_mention,,6,7,I have always suspected Shifty Adam Schiff was a scam artist. And now I learn that Fannie Mae’s Financial Crimes Division have concluded that Adam Schiff has engaged in a sustained pattern of possible Mortgage Fraud. Adam Schiff said that his primary residence was in MARYLAND to 
114857835698390465,2025-07-15T14:58:00+00:00,2025-07-15,14,truth_social,truth_social_dataset,theme:fed_rates,fed_rates,6,7,"Maria Bartiromo on today's inflation report: ""You've got to look at this report as another victory for President Trump, who has focused on reining in inflation — and that’s what we're seeing from this report again."""
114857842089554705,2025-07-15T14:59:00+00:00,2025-07-15,14,truth_social,truth_social_dataset,sector_keywords|entity_mention,,6,7,“America has the power to lead the AI revolution and the leadership to make it happen—President brings industry leaders to Pittsburgh to leverage natural gas for powering the next tech revolution” https://www.foxnews.com/opinion/america-has-power-lead-ai-revolution-leadership-mak
114857957325423668,2025-07-15T15:29:00+00:00,2025-07-15,15,truth_social,truth_social_dataset,theme:china,china,13,14,"HAPPY CRYPTO WEEK! The House will soon VOTE on a tremendous Bill to Make America the UNDISPUTED, NUMBER ONE LEADER in Digital Assets - Nobody does it better! The GENIUS Act is going to put our Great Nation lightyears ahead of China, Europe, and all others, who are trying endlessl"
114858589029028619,2025-07-15T18:09:00+00:00,2025-07-15,18,truth_social,truth_social_dataset,sector_keywords|entity_mention|theme:tariffs_trade|theme:agriculture,tariffs_trade/agriculture,19,20,"This morning I finalized an important Deal with the Republic of Indonesia after speaking with their Highly Respected President Prabowo Subianto. This landmark Deal opens up Indonesia’s ENTIRE MARKET to the United States for the first time in History. As part of the Agreement, Ind"
114859554812594090,2025-07-15T22:15:00+00:00,2025-07-15,22,truth_social,truth_social_dataset,entity_mention,,1,2,"BIG WIN today in Florida State Court for powerhouse TRUTH Social! Fake claims against the Company, and your favorite President, ME, were dismissed in a thoughtful and smart opinion. TRUTH is “hotter” than ever, and only getting bigger and better all over the World. TRUTH is my Vo"
114863179955821383,2025-07-16T13:37:00+00:00,2025-07-16,13,truth_social,truth_social_dataset,sector_keywords|entity_mention,,1,2,"The Radical Left Democrats have hit pay dirt, again! Just like with the FAKE and fully discredited Steel Dossier, the lying 51 “Intelligence” Agents, the Laptop from Hell, which the Dems swore had come from Russia (No, it came from Hunter Biden’s bathroom!), and even the Russia, "
114863410012919913,2025-07-16T14:35:00+00:00,2025-07-16,14,truth_social,truth_social_dataset,sector_keywords|entity_mention|theme:tariffs_trade,tariffs_trade,19,20,Fox Business: “Tariff revenues topped a record $113 billion for the first time during the fiscal year — a revelation that comes as President Donald Trump imposes near-weekly duties on some of the world’s largest economies…The U.S. received more than $27 billion in customs duties 
114863423197999192,2025-07-16T14:39:00+00:00,2025-07-16,14,truth_social,truth_social_dataset,sector_keywords|entity_mention,,6,7,"Secretary of Energy, Chris Wright: “President Trump has TRANSFORMED the American energy landscape. You're going to see a lot more of big, beautiful, clean coal!”"
114865507306954051,2025-07-16T23:29:00+00:00,2025-07-16,23,truth_social,truth_social_dataset,sector_keywords|entity_mention,,6,7,"Americans know we need a better Healthcare System to properly serve our Great Communities that were abandoned by the Radical Left Democrats. That is why Republicans included $50 Billion Dollars in the “ONE BIG BEAUTIFUL BILL” — to strengthen our most vulnerable Hospitals, includi"
114868979061610454,2025-07-17T14:12:00+00:00,2025-07-17,14,truth_social,truth_social_dataset,entity_mention,,1,2,“Too Late:” Great numbers just out. LOWER THE RATE!!! DJT
114871422727186590,2025-07-18T00:33:00+00:00,2025-07-18,0,truth_social,truth_social_dataset,sector_keywords|entity_mention|theme:stock_market_macro,stock_market_macro,6,7,"The Wall Street Journal, and Rupert Murdoch, personally, were warned directly by President Donald J. Trump that the supposed letter they printed by President Trump to Epstein was a FAKE and, if they print it, they will be sued. Mr. Murdoch stated that he would take care of it but"
114871752316281496,2025-07-18T01:57:00+00:00,2025-07-18,1,truth_social,truth_social_dataset,sector_keywords|entity_mention|theme:stock_market_macro,stock_market_macro,7,8,"The Wall Street Journal printed a FAKE letter, supposedly to Epstein. These are not my words, not the way I talk. Also, I don’t draw pictures. I told Rupert Murdoch it was a Scam, that he shouldn’t print this Fake Story. But he did, and now I’m going to sue his ass off, and that "
114873827864802531,2025-07-18T10:45:00+00:00,2025-07-18,10,truth_social,truth_social_dataset,sector_keywords|entity_mention|theme:fed_rates,fed_rates,6,7,"“Too Late,” and the Fed, are choking out the housing market with their high rate, making it difficult for people, especially the young, to buy a house. He is truly one of my worst appointments. Sleepy Joe saw how bad he was and reappointed him anyway - And the Fed Board has done "
114876632160599681,2025-07-18T22:38:00+00:00,2025-07-18,22,truth_social,truth_social_dataset,sector_keywords,,12,13,"Congressman Brandon Gill is a “MAGA” Warrior for the wonderful people of Texas’ 26th Congressional District! I have known Brandon’s family for many years. He has an incredible wife, Danielle, two beautiful children, and a truly great father-in-law, Dinesh D’Souza.
As the Freshman"
114876632946481372,2025-07-18T22:38:00+00:00,2025-07-18,22,truth_social,truth_social_dataset,sector_keywords|theme:agriculture,agriculture,12,13,"Congressman Max Miller is a fantastic Champion for the Great People of Ohio’s 1st Congressional District!
Max bravely served our Country in the U.S. Marine Corps and, during my First Administration, worked hard to advance our AMERICA FIRST Agenda. In Congress, Max continues to fi"
114876634662612316,2025-07-18T22:38:00+00:00,2025-07-18,22,truth_social,truth_social_dataset,sector_keywords|theme:agriculture,agriculture,12,13,"Congresswoman Stephanie Bice is doing a truly fantastic job representing the incredible people of Oklahoma’s 5th Congressional District!
Stephanie has a strong Record of Success, and resounding support from her Community. In Congress, she is fighting tirelessly to Support our Ama"
114876633650538046,2025-07-18T22:38:00+00:00,2025-07-18,22,truth_social,truth_social_dataset,sector_keywords,,12,13,"Congresswoman Lauren Boebert is an America First Patriot, who is doing an incredible job representing Colorado’s 4th Congressional District!
A MAGA Warrior, who has been with us from the very beginning, Lauren is working hard to Grow our Economy, Cut Taxes and Regulations, Advanc"
114876636266908918,2025-07-18T22:39:00+00:00,2025-07-18,22,truth_social,truth_social_dataset,sector_keywords|theme:agriculture,agriculture,12,13,"Congressman Kevin Hern is a Tremendous Champion for Oklahoma’s 1st Congressional District!
As the Chair of the House Republican Policy Committee, Kevin is doing a fantastic job advancing our AMERICA FIRST Agenda. He is fighting tirelessly to Grow our Economy, Cut Taxes and Regula"
114876635509809217,2025-07-18T22:39:00+00:00,2025-07-18,22,truth_social,truth_social_dataset,sector_keywords,,12,13,"Congresswoman Ann Wagner is doing an incredible job representing the amazing people of Missouri’s 2nd Congressional District!
As the Chair of the Financial Services Subcommittee on Capital Markets, Ann knows the AMERICA FIRST Policies required to Create GREAT Jobs, Cut Taxes and "
114876638674610838,2025-07-18T22:39:00+00:00,2025-07-18,22,truth_social,truth_social_dataset,sector_keywords,,7,8,"Congressman Barry Loudermilk is a Tremendous Advocate for the Great People of Georgia’s 11th Congressional District!
A Brave U.S. Air Force Veteran, Barry knows what is required to Defend our Country, Support our Incredible Military/Veterans, and Ensure PEACE THROUGH STRENGTH. In"
114876637907797002,2025-07-18T22:39:00+00:00,2025-07-18,22,truth_social,truth_social_dataset,sector_keywords|theme:agriculture,agriculture,12,13,"Congressman Tracey Mann is an incredible Representative for the wonderful people of Kansas’
“Big First” Congressional District!
A fifth generation Farmer, Tracey is a strong and effective Voice for American Agriculture. In Congress, he is fighting tirelessly to Cut Taxes and Regu"
114876636997078377,2025-07-18T22:39:00+00:00,2025-07-18,22,truth_social,truth_social_dataset,sector_keywords|theme:agriculture,agriculture,12,13,"Congressman Mark Messmer is a Fantastic Representative for the Great People of Indiana’s 8th Congressional District!
Mark has an incredible Record of Success, and strong support from his Community. In Congress, he is working tirelessly to Protect “Hoosier” Values, Support our Ama"
114876640511652135,2025-07-18T22:40:00+00:00,2025-07-18,22,truth_social,truth_social_dataset,sector_keywords|theme:agriculture,agriculture,12,13,"Congressman Derek Schmidt is an incredible Representative of Kansas’ 2nd Congressional District!
A fifth generation Kansan, Derek served as State Attorney General for 12 years prior to becoming a distinguished and Highly Respected Congressman. In Congress, he is fighting tireless"
114876653599100275,2025-07-18T22:43:00+00:00,2025-07-18,22,truth_social,truth_social_dataset,sector_keywords|theme:agriculture,agriculture,12,13,"Congressman Mark Harris is a terrific Representative for the incredible people of North Carolina’s 8th Congressional District!
Mark has a strong Record of SUCCESS, and compelling support from his Community. In Congress, he is working tirelessly to Champion our Amazing Farmers and"
114876671293627236,2025-07-18T22:48:00+00:00,2025-07-18,22,truth_social,truth_social_dataset,sector_keywords|theme:agriculture,agriculture,12,13,"Congresswoman Monica De La Cruz is doing an incredible job representing the wonderful people of Texas’ 15th Congressional District!
A very successful Small Businesswoman, Monica knows the AMERICA FIRST Policies necessary to Create GREAT Jobs, Unleash Innovation, and Restore Ameri"
114876683513144253,2025-07-18T22:51:00+00:00,2025-07-18,22,truth_social,truth_social_dataset,sector_keywords|entity_mention|theme:stock_market_macro,stock_market_macro,6,7,"BREAKING NEWS: We have just filed a POWERHOUSE Lawsuit against everyone involved in publishing the false, malicious, defamatory, FAKE NEWS “article” in the useless “rag” that is, The Wall Street Journal. This historic legal action is being brought against the so-called authors of"
114880031264786538,2025-07-19T13:02:44.605000+00:00,2025-07-19,13,truth_social,cnn_truth_archive,theme:defense_geopolitics,defense_geopolitics,6,7,"All three nuclear sites in Iran were completely destroyed and/or OBLITERATED. It would take years to bring them back into service and, if Iran wanted to do so, they would be much better off starting anew, in three different locations, prior to those sites being obliterated, shoul"
114882283904953607,2025-07-19T22:35:37.172000+00:00,2025-07-19,22,truth_social,cnn_truth_archive,entity_mention,,1,2,"Hopefully the very talented John Thune, fresh off our many victories over the past two weeks and, indeed, 6 months, will cancel August recess (and long weekends!), in order to get my incredible nominees confirmed. We need them badly!!! DJT"
114886122800161990,2025-07-20T14:51:00+00:00,2025-07-20,14,truth_social,truth_social_dataset,theme:manufacturing_reshoring,manufacturing_reshoring,7,8,"“It's worse than even politicization of intelligence; it was manufactured intelligence that sought to achieve President Obama's and his team's objective, which was undermining President Trump."""
114887244433511273,2025-07-20T19:37:00+00:00,2025-07-20,19,truth_social,truth_social_dataset,sector_keywords|entity_mention|theme:fed_rates|theme:stock_market_macro,fed_rates/stock_market_macro,6,7,"The Wall Street Journal ran a typically untruthful story today by saying that Secretary of the Treasury, Scott Bessent, explained to me that firing Jerome “Too Late” Powell, the Worst Federal Reserve Chairman in History, would be bad for the Market. Nobody had to explain that to "
114888305041609390,2025-07-21T00:06:00+00:00,2025-07-21,0,truth_social,truth_social_dataset,entity_mention,,1,2,"Go get the GREAT NEW BOOK by Mark Levin. It’s entitled “ON POWER,” and it’s the talk of the town. Read it, digest it, and enjoy it. He is truly, ONE OF A KIND!!! DJT"
114888488677783141,2025-07-21T00:53:00+00:00,2025-07-21,0,truth_social,truth_social_dataset,theme:manufacturing_reshoring,manufacturing_reshoring,7,8,"Adam “Shifty” Schiff is in BIG TROUBLE! He falsified Loan Documents. He once said my son would go to prison on a SCAM that Schiff, along with other Crooked Dems, illegally “manufactured” in order to stage an actual coup. My son did nothing wrong, knew nothing about the fictional "
114892270098322352,2025-07-21T16:55:00+00:00,2025-07-21,16,truth_social,truth_social_dataset,sector_keywords,,12,13,"Senator Dan Sullivan is doing a fantastic job representing the Great People of Alaska! Prior to becoming a very distinguished and Highly Respected Senator, Dan served as State Attorney General and the Commissioner of the Alaska Department of Natural Resources.
Dan is a GREAT man,"
114892476183296427,2025-07-21T17:47:00+00:00,2025-07-21,17,truth_social,truth_social_dataset,theme:jobs_economy,jobs_economy,0,1,“Data Shows U.S. Economy Is Back on Track Under President Trump” https://www.whitehouse.gov/articles/2025/07/data-shows-u-s-economy-is-back-on-track-under-president-trump/
114892486666754017,2025-07-21T17:50:00+00:00,2025-07-21,17,truth_social,truth_social_dataset,sector_keywords|entity_mention,,6,7,"The Harvard case was just tried in Massachusetts before an Obama appointed Judge. She is a TOTAL DISASTER, which I say even before hearing her Ruling. She has systematically taken over the various Harvard cases, and is an automatic “loss” for the People of our Country! Harvard ha"
114892689845138877,2025-07-21T18:41:00+00:00,2025-07-21,18,truth_social,truth_social_dataset,sector_keywords|theme:agriculture,agriculture,12,13,"Senator Mike Rounds is an incredibly strong advocate for the wonderful people of South Dakota, a State I love, and WON BIG, in 2016, 2020, and 2024!
An America First Patriot, Mike is fighting tirelessly to Advance the Great Values of the Mount Rushmore State, Champion our Farmers"
114893947519507520,2025-07-22T00:01:00+00:00,2025-07-22,0,truth_social,truth_social_dataset,theme:defense_geopolitics,defense_geopolitics,6,7,"Iran’s Foreign Minister, Abbas Araghchi, on the Iran Nuclear Sites: “Damages are very severe, they are destroyed.” Of course they are, just like I said, and we will do it again, if necessary! As interviewed by Bret Baier. Fake News CNN should immediately fire their phony “reporte"
114893984552850709,2025-07-22T00:11:14.891000+00:00,2025-07-22,0,truth_social,cnn_truth_archive,theme:manufacturing_reshoring,manufacturing_reshoring,7,8,"Obama himself manufactured the Russia, Russia, Russia HOAX. Crooked Hillary, Sleepy Joe, and numerous others participated in this, THE CRIME OF THE CENTURY!. Irrefutable EVIDENCE. A major threat to our Country!!!"
114898069194751986,2025-07-22T17:30:01.581000+00:00,2025-07-22,17,truth_social,cnn_truth_archive,sector_keywords|entity_mention|theme:tariffs_trade,tariffs_trade,19,20,"President Ferdinand Marcos, of the Philippines, is just leaving the White House, with all of his many Representatives. It was a beautiful visit, and we concluded our Trade Deal, whereby The Philippines is going OPEN MARKET with the United States, and ZERO Tariffs. The Philippines"
114898229237459086,2025-07-22T18:10:43.638000+00:00,2025-07-22,18,truth_social,cnn_truth_archive,sector_keywords|entity_mention|theme:stock_market_macro,stock_market_macro,6,7,"BREAKING NEWS! We have just achieved a BIG AND IMPORTANT WIN in our Historic Lawsuit against 60 Minutes, CBS, and Paramount. Just like ABC and George Slopadopoulos, CBS and its Corporate Owners knew that they defrauded the American People, and were desperate to settle. Paramount/"
114898507608732258,2025-07-22T19:21:00+00:00,2025-07-22,19,truth_social,truth_social_dataset,sector_keywords|entity_mention|theme:tariffs_trade|theme:agriculture|theme:evs_autos|theme:manufacturing_reshoring,tariffs_trade/agriculture/evs_autos/manufacturing_reshoring,22,23,"It is my Great Honor to announce our Trade Agreement with the Republic of Indonesia, as represented by their Highly Respected President, Prabowo Subianto. It is agreed that Indonesia will be Open Market to American Industrial and Tech Products, and Agricultural Goods, by eliminat"
114899417740854572,2025-07-22T23:12:00+00:00,2025-07-22,23,truth_social,truth_social_dataset,sector_keywords|theme:tariffs_trade|theme:agriculture,tariffs_trade/agriculture,19,20,"We just completed a massive Deal with Japan, perhaps the largest Deal ever made. Japan will invest, at my direction, $550 Billion Dollars into the United States, which will receive 90% of the Profits. This Deal will create Hundreds of Thousands of Jobs — There has never been anyt"
114899729133530180,2025-07-23T00:32:10.188000+00:00,2025-07-23,0,truth_social,cnn_truth_archive,sector_keywords|entity_mention|theme:tariffs_trade,tariffs_trade,19,20,RT: https://truthsocial.com/users/realDonaldTrump/statuses/114899417740854572I just signed the largest TRADE DEAL in history with Japan. We worked on it long and hardâItâs a great deal for everybodyâ¦
114902704048179740,2025-07-23T13:08:00+00:00,2025-07-23,13,truth_social,truth_social_dataset,sector_keywords|entity_mention|theme:fed_rates,fed_rates,6,7,"Housing in our Country is lagging because Jerome “Too Late” Powell refuses to lower Interest Rates. Families are being hurt because Interest Rates are too high, and even our Country is having to pay a higher Rate than it should be because of “Too Late.” Our Rate should be three p"
114902743574618008,2025-07-23T13:18:00+00:00,2025-07-23,13,truth_social,truth_social_dataset,sector_keywords|theme:tariffs_trade|theme:agriculture,tariffs_trade/agriculture,23,24,"Remember, Japan is, for the first time ever, OPENING ITS MAKET TO THE USA, even to cars, SUV’s, Trucks, -and everything else, even agriculture and RICE, which was always a complete NO, NO. The Open Market Japan may be as big a profit factor as the Tariffs themselves, but was only"
114902777792812157,2025-07-23T13:27:29.085000+00:00,2025-07-23,13,truth_social,cnn_truth_archive,sector_keywords|entity_mention|theme:tariffs_trade,tariffs_trade,19,20,"I will always give up Tariff points if I can get major countries to OPEN THEIR MARKETS TO THE USA. Another great power of Tariffs. Without them, it would be impossible to get countries to OPEN UP!!! ALWAYS, ZERO TARIFFS TO AMERICA!!!"
114902814296069974,2025-07-23T13:36:00+00:00,2025-07-23,13,truth_social,truth_social_dataset,sector_keywords|entity_mention|theme:tariffs_trade,tariffs_trade,19,20,"I WILL ONLY LOWER TARIFFS IF A COUNTRY AGREES TO OPEN ITS MARKET. IF NOT, MUCH HIGHER TARIFFS! Japan’s Markets are now OPEN (for first time ever!). USA BUSINESSES WILL BOOM!"
114905849389326140,2025-07-24T02:28:37.881000+00:00,2025-07-24,2,truth_social,cnn_truth_archive,entity_mention,,1,2,"Nvidia CEO Jensen Huang on winning the AI race: ""America's unique advantage that no country could possibly have is President Trump."""
114909322030343605,2025-07-24T17:11:00+00:00,2025-07-24,17,truth_social,truth_social_dataset,sector_keywords,,12,13,"“PRESIDENT TRUMP SIGNS EXECUTIVE ORDERS ON ARTIFICIAL INTELLIGENCE”
EXECUTIVE ORDER—PROMOTING THE EXPORT OF THE AMERICAN AI TECHNOLOGY STACK: https://www.whitehouse.gov/presidential-actions/2025/07/promoting-the-export-of-the-american-ai-technology-stack/
EXECUTIVE ORDER—ACCELERA"
114909909285967834,2025-07-24T19:41:07.029000+00:00,2025-07-24,19,truth_social,cnn_truth_archive,sector_keywords|entity_mention|theme:fed_rates,fed_rates,6,7,"Getting ready to head over to the Fed to look at their, now, $3.1 Billion Dollar (PLUS!) construction project. Also present will be Fed Chair Jerome Powell, Senator Tim Scott, Senator Thom Tillis, OMB Director Russ Vought, Chairman of Fannie Mae and Freddie Mac, Bill Pulte, my Ap"
114910307760776254,2025-07-24T21:22:00+00:00,2025-07-24,21,truth_social,truth_social_dataset,sector_keywords|entity_mention|theme:fed_rates,fed_rates,6,7,"It was a Great Honor to tour the Renovation (and some new Construction!) of the Federal Reserve Building with Chairman Jerome Powell, Senator Tim Scott, and others. It’s got a long way to go, would have been much better if it were never started, but it is what it is and, hopefull"
114910907779613104,2025-07-24T23:55:00+00:00,2025-07-24,23,truth_social,truth_social_dataset,sector_keywords,,12,13,"Senator Ashley Moody is doing a tremendous job representing the incredible people of Florida, a State I love, and WON BIG, in 2016, 2020, and 2024!
A fifth generation Floridian, Ashley served as State Attorney General for six years prior to becoming a very distinguished and well "
114910911648955433,2025-07-24T23:56:00+00:00,2025-07-24,23,truth_social,truth_social_dataset,sector_keywords,,12,13,"America First Patriot Mike Rogers is running for U.S. Senate in the Great State of Michigan, a State I love and WON BIG!
From the U.S. Army to Congress, Mike has served our Nation with distinction, and will bring that same Fighting Spirit to the U.S. Senate. As your next Senator,"
114910985530072276,2025-07-25T00:14:00+00:00,2025-07-25,0,truth_social,truth_social_dataset,sector_keywords|theme:agriculture|theme:jobs_economy,agriculture/jobs_economy,12,13,"Congressman Bill Huizenga is a Tremendous Champion, and Highly Effective Representative, for the incredible people of Michigan's 4th Congressional District!
As a very successful Small Businessman, and Vice Chair of the House Financial Services Committee, Bill knows the America Fi"
114911072057863888,2025-07-25T00:36:49.526000+00:00,2025-07-25,0,truth_social,cnn_truth_archive,sector_keywords|entity_mention,,6,7,"To the Great People of North Carolina, one of the most capable executives in our Country successfully ran, along with Lara Trump, the Republican National Committee. He happens to live in your incredible State, which I love, and won, including Primaries, six times in a row! My rel"
114914339003272307,2025-07-25T14:27:39.150000+00:00,2025-07-25,14,truth_social,cnn_truth_archive,theme:agriculture,agriculture,0,1,Australia to take U.S. BEEF for first time. A very BIG market. I hope our GREAT FARMERS ARE HAPPY. MAKE AMERICA GREAT AGAIN!!!
114926827953437897,2025-07-27T19:23:00+00:00,2025-07-27,19,truth_social,truth_social_dataset,sector_keywords|entity_mention|theme:tariffs_trade,tariffs_trade,19,20,President Trump announces a Landmark Trade Deal with the European Union…
114932385332182862,2025-07-28T18:57:04.309000+00:00,2025-07-28,18,truth_social,cnn_truth_archive,entity_mention,,1,2,"Go get the GREAT NEW BOOK by Mark Levin. It's entitled ""ON POWER,"" and it's the talk of the town. Read it, digest it, and enjoy it. He is truly, ONE OF A KIND!!! DJT https://a.co/d/jev5nAm"
114934232969144109,2025-07-29T02:46:00+00:00,2025-07-29,2,truth_social,truth_social_dataset,theme:china,china,13,14,"The Fake News is reporting that I am SEEKING a “Summit” with President Xi of China. This is not correct, I am not SEEKING anything! I may go to China, but it would only be at the invitation of President Xi, which has been extended. Otherwise, no interest! Thank you for your atten"
114935401735258022,2025-07-29T07:44:00+00:00,2025-07-29,7,truth_social,truth_social_dataset,sector_keywords|entity_mention,,6,7,"North Sea Oil is a TREASURE CHEST for the United Kingdom. The taxes are so high, however, that it makes no sense. They have essentially told drillers and oil companies that, “we don’t want you.” Incentivize the drillers, FAST. A VAST FORTUNE TO BE MADE for the UK, and far lower e"
114936955015376533,2025-07-29T14:19:00+00:00,2025-07-29,14,truth_social,truth_social_dataset,theme:defense_geopolitics,defense_geopolitics,6,7,"“From Iran to the border, Trump takes on America’s toughest fights” https://www.washingtontimes.com/news/2025/jul/3/iran-border-trump-takes-americas-toughest-fights/"
114938582774670397,2025-07-29T21:13:00+00:00,2025-07-29,21,truth_social,truth_social_dataset,entity_mention,,1,2,I can’t stand Jessica Tarlov of THE FIVE. A real loser!!! DJT
114942106248731470,2025-07-30T12:09:00+00:00,2025-07-30,12,truth_social,truth_social_dataset,sector_keywords|theme:tariffs_trade|theme:china,tariffs_trade/china,24,25,"Remember, while India is our friend, we have, over the years, done relatively little business with them because their Tariffs are far too high, among the highest in the World, and they have the most strenuous and obnoxious non-monetary Trade Barriers of any Country. Also, they ha"
114942113260599578,2025-07-30T12:11:00.678000+00:00,2025-07-30,12,truth_social,cnn_truth_archive,theme:tariffs_trade,tariffs_trade,19,20,WE HAVE A MASSIVE TRADE DEFICIT WITH INDIA!!!
114942222209732295,2025-07-30T12:38:00+00:00,2025-07-30,12,truth_social,truth_social_dataset,theme:jobs_economy|theme:fed_rates,jobs_economy/fed_rates,6,7,"2Q GDP JUST OUT: 3%, WAY BETTER THAN EXPECTED! “Too Late” MUST NOW LOWER THE RATE. No Inflation! Let people buy, and refinance, their homes!"
114943927434273211,2025-07-30T19:52:00+00:00,2025-07-30,19,truth_social,truth_social_dataset,sector_keywords|theme:tariffs_trade,tariffs_trade,25,26,"We are very busy in the White House today working on Trade Deals. I have spoken to the Leaders of many Countries, all of whom want to make the United States “extremely happy.” I will be meeting with the South Korean Trade Delegation this afternoon. South Korea is right now at a 2"
114944494894008041,2025-07-30T22:16:41.475000+00:00,2025-07-30,22,truth_social,cnn_truth_archive,sector_keywords|theme:tariffs_trade|theme:agriculture,tariffs_trade/agriculture,19,20,"I am pleased to announce that the United States of America has agreed to a Full and Complete Trade Deal with the Republic of Korea. The Deal is that South Korea will give to the United States $350 Billion Dollars for Investments owned and controlled by the United States, and sele"
114945847973193713,2025-07-31T04:00:00+00:00,2025-07-31,4,truth_social,truth_social_dataset,sector_keywords|entity_mention|theme:tariffs_trade,tariffs_trade,19,20,"I don’t care what India does with Russia. They can take their dead economies down together, for all I care. We have done very little business with India, their Tariffs are too high, among the highest in the World. Likewise, Russia and the USA do almost no business together. Let’s"
114945962278773358,2025-07-31T04:29:00+00:00,2025-07-31,4,truth_social,truth_social_dataset,sector_keywords|entity_mention|theme:tariffs_trade,tariffs_trade,19,20,Wow! Canada has just announced that it is backing statehood for Palestine. That will make it very hard for us to make a Trade Deal with them. Oh’ Canada!!!
114947373855664074,2025-07-31T10:28:00+00:00,2025-07-31,10,truth_social,truth_social_dataset,sector_keywords|entity_mention|theme:tariffs_trade,tariffs_trade,19,20,"Tariffs are making America GREAT & RICH Again. They were successfully used against the USA for decades and, coupled with really dumb, pathetic, and crooked politicians, we’re having a devastating impact on the future, and even the survival, of our country. Now the tide has comple"
114947427321891876,2025-07-31T10:42:00+00:00,2025-07-31,10,truth_social,truth_social_dataset,sector_keywords|entity_mention|theme:tariffs_trade,tariffs_trade,19,20,"To all of my great lawyers who have fought so hard to save our Country, good luck in America’s big case today. If our Country was not able to protect itself by using TARIFFS AGAINST TARIFFS, WE WOULD BE “DEAD,” WITH NO CHANCE OF SURVIVAL OR SUCCESS. Thank you for your attention t"
114948452793702817,2025-07-31T15:03:14.284000+00:00,2025-07-31,15,truth_social,cnn_truth_archive,sector_keywords|theme:tariffs_trade,tariffs_trade,19,20,"I have just concluded a telephone conversation with the President of Mexico, Claudia Sheinbaum, which was very successful in that, more and more, we are getting to know and understand each other. The complexities of a Deal with Mexico are somewhat different than other Nations bec"
114953049546233760,2025-08-01T10:32:00+00:00,2025-08-01,10,truth_social,truth_social_dataset,sector_keywords|entity_mention|theme:fed_rates,fed_rates,6,7,"Jerome “Too Late” Powell, a stubborn MORON, must substantially lower interest rates, NOW. IF HE CONTINUES TO REFUSE, THE BOARD SHOULD ASSUME CONTROL, AND DO WHAT EVERYONE KNOWS HAS TO BE DONE!"
114953595203270237,2025-08-01T12:51:00+00:00,2025-08-01,12,truth_social,truth_social_dataset,sector_keywords|entity_mention|theme:tariffs_trade,tariffs_trade,19,20,"Too Little, Too Late. Jerome “Too Late” Powell is a disaster. DROP THE RATE! The good news is that Tariffs are bringing Billions of Dollars into the USA!"
114953962646647794,2025-08-01T14:24:27.961000+00:00,2025-08-01,14,truth_social,cnn_truth_archive,sector_keywords,,12,13,"Great news for North Carolina! Michael Whatley, one of the most capable executives in our Country, who successfully ran, along with Lara Trump, the Republican National Committee, has launched his run for the United States Senate! Michael is fantastic at everything he does, and wa"
114954267210702518,2025-08-01T15:41:00+00:00,2025-08-01,15,truth_social,truth_social_dataset,sector_keywords|entity_mention,,6,7,"I have just been informed that almost 20,000 Russian soldiers died this month in the ridiculous War with Ukraine. Russia has lost 112,500 soldiers since the beginning of the year. That is a lot of unnecessary DEATH! Ukraine, however, has also suffered greatly. They have lost appr"
114954846612623858,2025-08-01T18:09:00+00:00,2025-08-01,18,truth_social,truth_social_dataset,sector_keywords|entity_mention|theme:jobs_economy|theme:fed_rates,jobs_economy/fed_rates,6,7,"I was just informed that our Country’s “Jobs Numbers” are being produced by a Biden Appointee, Dr. Erika McEntarfer, the Commissioner of Labor Statistics, who faked the Jobs Numbers before the Election to try and boost Kamala’s chances of Victory. This is the same Bureau of Labor"
114955222046259464,2025-08-01T19:44:00+00:00,2025-08-01,19,truth_social,truth_social_dataset,theme:jobs_economy,jobs_economy,0,1,"In my opinion, today’s Jobs Numbers were RIGGED in order to make the Republicans, and ME, look bad — Just like when they had three great days around the 2024 Presidential Election, and then, those numbers were “taken away” on November 15, 2024, right after the Election, when the "
114955773655328634,2025-08-01T22:05:00+00:00,2025-08-01,22,truth_social,truth_social_dataset,sector_keywords|entity_mention|theme:fed_rates,fed_rates,6,7,"“Too Late” Powell should resign, just like Adriana Kugler, a Biden Appointee, resigned. She knew he was doing the wrong thing on Interest Rates. He should resign, also!"
114961147474079611,2025-08-02T20:51:39.727000+00:00,2025-08-02,20,truth_social,cnn_truth_archive,entity_mention,,1,2,"Very proud of our great  Republican Senators for fighting, over the Weekend and far beyond, if necessary, in order to get my great Appointments approved, and on their way to helping us MAKE AMERICA GREAT AGAIN! The Radical Left Democrat Senators are doing everything possible to D"
114963263700328714,2025-08-03T05:49:00+00:00,2025-08-03,5,truth_social,truth_social_dataset,theme:defense_geopolitics|theme:fed_rates,defense_geopolitics/fed_rates,12,13,"The very wonderful and talented Lara Trump, whose show is a big ratings success, put racist sleazebag Charlamagne “The God” (Why is he allowed to use the word “GOD” when describing himself? Can anyone imagine the uproar there would be if I used that nickname?). He’s a Low IQ indi"
114966671063911029,2025-08-03T20:16:00+00:00,2025-08-03,20,truth_social,truth_social_dataset,theme:jobs_economy|theme:stock_market_macro,jobs_economy/stock_market_macro,0,1,"Head of the Bureau of of Labor Statistics did the same thing just before the Presidential Election, when she lifted the numbers for jobs to an all time high. I then won the Election, anyway, and she readjusted the numbers downward, calling it a mistake, of almost one million jobs"
114966707076456802,2025-08-03T20:25:32.526000+00:00,2025-08-03,20,truth_social,cnn_truth_archive,sector_keywords|entity_mention,,6,7,Thank you to Congressman Tom Emmer of Minnesota for his great defense of everything Republican. His television appearances are GOLD! The Dems are in a state of collapse!!!
114970970276629752,2025-08-04T14:29:00+00:00,2025-08-04,14,truth_social,truth_social_dataset,sector_keywords|entity_mention,,6,7,"In just 6 months, I cut costs, especially Energy and Taxes, Tremendously. Elizabeth “Pocahontas” Warren, on CNBC, said costs have gone up. She is just angry that I blew up her terrible Presidential Campaign. Call her out!!!"
114971053091282290,2025-08-04T14:50:00+00:00,2025-08-04,14,truth_social,truth_social_dataset,sector_keywords|entity_mention|theme:tariffs_trade,tariffs_trade,26,27,"India is not only buying massive amounts of Russian Oil, they are then, for much of the Oil purchased, selling it on the Open Market for big profits. They don’t care how many people in Ukraine are being killed by the Russian War Machine. Because of this, I will be substantially r"
114973044056093260,2025-08-04T23:17:07.126000+00:00,2025-08-04,23,truth_social,cnn_truth_archive,theme:stock_market_macro,stock_market_macro,0,1,"Good day in the Stock Market (Dow + 585.06, 1.34%, S&P 500 + 91.93, 1.47%, NASDAQ + 403.45, 1.95%), but there will be many more days like this. America is very rich again, and stronger than ever before. Thank you for your attention to this matter!"
114973670406612532,2025-08-05T01:56:24.475000+00:00,2025-08-05,1,truth_social,cnn_truth_archive,entity_mention,,1,2,The TRUTH always wins out. This is great news. God Bless America! President DJT https://nypost.com/2025/08/04/us-news/ex-obama-officials-face-federal-grand-jury-probe-into-whether-they-promoted-false-trump-russia-ties/
114974282191317621,2025-08-05T04:31:00+00:00,2025-08-05,4,truth_social,truth_social_dataset,entity_mention,,1,2,"Our GREAT Senator, Tim Scott, one of the finest men I know, wrote a fantastic new book entitled, “ONE NATION ALWAYS UNDER GOD.” Get it now!!! President DJT"
114974461343997782,2025-08-05T05:17:00+00:00,2025-08-05,5,truth_social,truth_social_dataset,entity_mention,,1,2,"THIS IS GREAT NEWS!!! Should be Nationwide!!! President DJT
“Appeals court upholds Texas law requiring ID numbers to cast mail-in ballots” https://www.politico.com/news/2025/08/04/appeals-court-upholds-texas-law-requiring-id-numbers-to-cast-mail-in-ballots-00493514"
114984083092546777,2025-08-06T22:04:29.450000+00:00,2025-08-06,22,truth_social,cnn_truth_archive,sector_keywords|entity_mention,,6,7,The shooter at Fort Stewart in Georgia is now in custody—and the Army Criminal Investigation Division is on site to ensure that the perpetrator of this atrocity…
114985420201139599,2025-08-07T03:44:00+00:00,2025-08-07,3,truth_social,truth_social_dataset,sector_keywords|entity_mention|theme:tariffs_trade,tariffs_trade,19,20,"RECIPROCAL TARIFFS TAKE EFFECT AT MIDNIGHT TONIGHT! BILLIONS OF DOLLARS, LARGELY FROM COUNTRIES THAT HAVE TAKEN ADVANTAGE OF THE UNITED STATES FOR MANY YEARS, LAUGHING ALL THE WAY, WILL START FLOWING INTO THE USA. THE ONLY THING THAT CAN STOP AMERICA’S GREATNESS WOULD BE A RADICA"
114985474632707201,2025-08-07T03:58:00+00:00,2025-08-07,3,truth_social,truth_social_dataset,sector_keywords|entity_mention|theme:tariffs_trade,tariffs_trade,19,20,IT’S MIDNIGHT!!! BILLIONS OF DOLLARS IN TARIFFS ARE NOW FLOWING INTO THE UNITED STATES OF AMERICA!
114987257158661963,2025-08-07T11:31:00+00:00,2025-08-07,11,truth_social,truth_social_dataset,theme:defense_geopolitics,defense_geopolitics,6,7,"Now that the nuclear arsenal being “created” by Iran has been totally OBLITERATED, it is very important to me that all Middle Eastern Countries join the Abraham Accords. This will insure PEACE IN THE MIDDLE EAST. Thank you for your attention to this matter!"
114987271488966063,2025-08-07T11:35:20.523000+00:00,2025-08-07,11,truth_social,cnn_truth_archive,sector_keywords|entity_mention|theme:tariffs_trade,tariffs_trade,19,20,Tariffs are flowing into the USA at levels not thought even possible!
114987288040725570,2025-08-07T11:39:33.083000+00:00,2025-08-07,11,truth_social,cnn_truth_archive,entity_mention,,1,2,"The CEO of INTEL is highly CONFLICTED and must resign, immediately. There is no other solution to this problem. Thank you for your attention to this problem!"
114987769694082982,2025-08-07T13:42:02.533000+00:00,2025-08-07,13,truth_social,cnn_truth_archive,entity_mention,,1,2,Should be number ONE. New York Times RIGGED IT??? Selena is great! President DJT
114989195031706823,2025-08-07T19:44:31.534000+00:00,2025-08-07,19,truth_social,cnn_truth_archive,sector_keywords|entity_mention|theme:fed_rates,fed_rates,6,7,"It is my Great Honor to announce that I have chosen Dr. Stephen Miran, current Chairman of the Council of Economic Advisors, to serve in the just vacated seat on the Federal Reserve Board until January 31, 2026. In the meantime, we will continue to search for a permanent replacem"
114989330714602000,2025-08-07T20:19:00+00:00,2025-08-07,20,truth_social,truth_social_dataset,sector_keywords|theme:tariffs_trade|theme:china|theme:stock_market_macro,tariffs_trade/china/stock_market_macro,25,26,"The reason that The Wall Street Journal Editorial Board is always negative on “TRUMP,” and the Hundreds of Billions of Dollars we’re bringing into our Country through Tariffs, numbers that the U.S.A. has never seen before, is because they are China centric or, at a minimum, Globa"
114989897956103830,2025-08-07T22:43:00+00:00,2025-08-07,22,truth_social,truth_social_dataset,entity_mention,,1,2,"I look forward to hosting the President of Azerbaijan, Ilham Aliyev, and the Prime Minister of Armenia, Nikol Pashinyan, at the White House tomorrow for a Historic Peace Summit. These two Nations have been at War for many years, resulting in the deaths of thousands of people. Man"
114993635488352041,2025-08-08T14:33:00+00:00,2025-08-08,14,truth_social,truth_social_dataset,sector_keywords|entity_mention|theme:stock_market_macro|theme:tariffs_trade,stock_market_macro/tariffs_trade,19,20,"Tariffs are having a huge positive impact on the Stock Market. Almost every day, new records are set. In addition, Hundreds of Billions of Dollars are pouring into our Country’s coffers. If a Radical Left Court ruled against us at this late date, in an attempt to bring down or di"
114993652992825116,2025-08-08T14:38:00+00:00,2025-08-08,14,truth_social,truth_social_dataset,sector_keywords|entity_mention|theme:stock_market_macro|theme:tariffs_trade,stock_market_macro/tariffs_trade,19,20,"Tariffs are having a huge positive impact on the Stock Market. Almost every day, new records are set. In addition, Hundreds of Billions of Dollars are pouring into our Country’s coffers. If a Radical Left Court ruled against us at this late date, in an attempt to bring down or di"
114995779410398631,2025-08-08T23:39:00+00:00,2025-08-08,23,truth_social,truth_social_dataset,sector_keywords|entity_mention|theme:tariffs_trade,tariffs_trade,19,20,“President Trump’s tariffs are WORKING — $152 BILLION collected since January!”
114996095625446183,2025-08-09T00:59:26.234000+00:00,2025-08-09,0,truth_social,cnn_truth_archive,sector_keywords|entity_mention,,6,7,"Every Purple Heart tells a story of courage, sacrifice, and purpose. It speaks of a price paid for the soldier beside you, the country behind you, and the generations of Americans yet to come…"
114999087271735961,2025-08-09T13:40:15.052000+00:00,2025-08-09,13,truth_social,cnn_truth_archive,entity_mention,,1,2,"On Monday a Press Conference will be held at the White House which will, essentially, stop violent crime in Washington, D.C. It has become one of the most dangerous cities anywhere in the World. It will soon be one of the safest!!! Thank you for your attention to this matter. Pre"
115001174697386967,2025-08-09T22:31:00+00:00,2025-08-09,22,truth_social,truth_social_dataset,sector_keywords|entity_mention|theme:stock_market_macro,stock_market_macro,6,7,"Crooked Nancy Pelosi, and her very “interesting” husband, beat ever Hedge Fund in 2024. In other words, these two very average “minds” beat ALL of the Super Geniuses on Wall Street, thousands of them. It’s all INSIDE iNFORMATION! Is anybody looking into this??? She is a disgustin"
115001339487533426,2025-08-09T23:13:00+00:00,2025-08-09,23,truth_social,truth_social_dataset,sector_keywords|entity_mention|theme:stock_market_macro,stock_market_macro,6,7,"Crooked Nancy Pelosi, and her very “interesting” husband, beat every Hedge Fund in 2024. In other words, these two very average “minds” beat ALL of the Super Geniuses on Wall Street, thousands of them. It’s all INSIDE iNFORMATION! Is anybody looking into this??? She is a disgusti"
115005692562794802,2025-08-10T17:40:00+00:00,2025-08-10,17,truth_social,truth_social_dataset,sector_keywords|entity_mention|theme:fed_rates,fed_rates,6,7,"The Press Conference on Crime and “Beautification” will be held tomorrow, at 10:00 A.M. EST, in the Press Briefing Room, and it will not only involve ending the Crime, Murder, and Death in our Nation’s Capital, but will also be about Cleanliness and the General Physical Renovatio"
115006296068419815,2025-08-10T20:13:32.605000+00:00,2025-08-10,20,truth_social,cnn_truth_archive,entity_mention,,1,2,THIS IS GREAT NEWS!!! President DJT https://justthenews.com/accountability/political-ethics/house-oversight-wants-gather-evidence-could-overturn-bidens-pardons
115007977998503665,2025-08-11T03:21:00+00:00,2025-08-11,3,truth_social,truth_social_dataset,theme:agriculture|theme:china|theme:tariffs_trade,agriculture/china/tariffs_trade,19,20,China is worried about its shortage of soybeans. Our great farmers produce the most robust soybeans. I hope China will quickly quadruple its soybean orders. This is also a way of substantially reducing China’s Trade Deficit with the USA. Rapid service will be provided. Thank you 
115009924991505341,2025-08-11T11:36:00+00:00,2025-08-11,11,truth_social,truth_social_dataset,sector_keywords|entity_mention,,6,7,"“Congresswoman” Jasmine Crockett is a Low (Very!!!) I.Q. Individual, much in the mold of the AOC Plus Three Gang of Country Destroying Morons - Only slightly dumber. Each of these political hacks should be forced to take a Cognitive Exam, much like the one I recently took while g"
115010049469121326,2025-08-11T12:08:04.955000+00:00,2025-08-11,12,truth_social,cnn_truth_archive,sector_keywords|entity_mention|theme:tariffs_trade,tariffs_trade,19,20,Tariffs are making our Country Strong and Rich!!!
115010061198729847,2025-08-11T12:11:03.934000+00:00,2025-08-11,12,truth_social,cnn_truth_archive,entity_mention,,1,2,"Washington, D.C. will be LIBERATED today! Crime, Savagery, Filth, and Scum will DISAPPEAR. I will, MAKE OUR CAPITAL GREAT AGAIN! The days of ruthlessly killing, or hurting, innocent people, are OVER! I quickly fixed the Border (ZERO ILLEGALS in last 3 months!), D.C. is next!!! Th"
115012131343690532,2025-08-11T20:57:31.839000+00:00,2025-08-11,20,truth_social,cnn_truth_archive,entity_mention,,1,2,"I met with Mr. Lip-Bu Tan, of Intel, along with Secretary of Commerce, Howard Lutnick, and Secretary of the Treasury, Scott Bessent. The meeting was a very interesting one. His success and rise is an amazing story. Mr. Tan and my Cabinet members are going to spend time together, "
115012717750060479,2025-08-11T23:26:00+00:00,2025-08-11,23,truth_social,truth_social_dataset,sector_keywords,,12,13,"Highly Respected and very popular Lieutenant Governor, Burt Jones, is running to be the next Governor of the Great State of Georgia, a very special place to me in that we had a BIG Presidential Election Win just eight short months ago, November 5, 2024.
As the first member of the"
115012849265805680,2025-08-12T00:00:06.468000+00:00,2025-08-12,0,truth_social,cnn_truth_archive,sector_keywords|entity_mention|theme:tariffs_trade|theme:china,tariffs_trade/china,19,20,"I have just signed an Executive Order that will extend the Tariff Suspension on China for another 90 days. All other elements of the Agreement will remain the same. Thank you for your attention to this matter! DONALD J. TRUMP, PRESIDENT OF THE UNITED STATES OF AMERICA"
115015798555807745,2025-08-12T12:30:09.012000+00:00,2025-08-12,12,truth_social,cnn_truth_archive,entity_mention,,1,2,"GREAT Nominees for the TRUMP/KENNEDY CENTER, whoops, I mean, KENNEDY CENTER, AWARDS. They will be announced Wednesday. Tremendous work is being done, and money being spent, on bringing it back to the absolute TOP LEVEL of luxury, glamour, and entertainment. It had fallen on hard "
115016089386029482,2025-08-12T13:44:00+00:00,2025-08-12,13,truth_social,truth_social_dataset,sector_keywords|entity_mention|theme:fed_rates,fed_rates,6,7,"Jerome “Too Late” Powell must NOW lower the rate. Steve “Manouychin” really gave me a “beauty”when he pushed this loser. The damage he has done by always being Too Late is incalculable. Fortunately, the economy is sooo good that we’ve blown through Powell and the complacent Board"
115016216005489412,2025-08-12T14:16:00+00:00,2025-08-12,14,truth_social,truth_social_dataset,sector_keywords|entity_mention|theme:tariffs_trade|theme:stock_market_macro|theme:fed_rates,tariffs_trade/stock_market_macro/fed_rates,25,26,"Trillions of Dollars are being taken in on Tariffs, which has been incredible for our Country, its Stock Market, its General Wealth, and just about everything else. It has been proven, that even at this late stage, Tariffs have not caused Inflation, or any other problems for Coun"
115016246479417087,2025-08-12T14:24:00+00:00,2025-08-12,14,truth_social,truth_social_dataset,sector_keywords|entity_mention|theme:tariffs_trade|theme:stock_market_macro|theme:fed_rates,tariffs_trade/stock_market_macro/fed_rates,25,26,"Trillions of Dollars are being taken in on Tariffs, which has been incredible for our Country, its Stock Market, its General Wealth, and just about everything else. It has been proven, that even at this late stage, Tariffs have not caused Inflation, or any other problems for Amer"
115021559223615445,2025-08-13T12:55:09.870000+00:00,2025-08-13,12,truth_social,cnn_truth_archive,theme:china|theme:defense_geopolitics,china/defense_geopolitics,17,18,She is a disgrace. https://www.thegatewaypundit.com/2025/07/her-biggest-scandal-yet-iran-china-are-circumventing/
115024069066734919,2025-08-13T23:33:00+00:00,2025-08-13,23,truth_social,truth_social_dataset,sector_keywords|entity_mention,,6,7,"Washington, D.C., has one of the Highest Rates of Crime in the World, more than many of the most violent Third World Countries. The City’s Homicide Rate is higher than places notorious for their violence, such as Mexico City, Bogota, Islamabad, and Addis Ababa — Almost ten times "
115026776769476976,2025-08-14T11:02:00+00:00,2025-08-14,11,truth_social,truth_social_dataset,entity_mention,,1,2,"“Comey's media mole told FBI he shaped Russia narrative, needed ‘discount’ to deny leaking intel” https://justthenews.com/government/federal-agencies/comey-media-mole-admitted-fbi-he-shaped-russia-narrative-needed"
115026837372200506,2025-08-14T11:17:00+00:00,2025-08-14,11,truth_social,truth_social_dataset,theme:manufacturing_reshoring,manufacturing_reshoring,7,8,"Director of National Intelligence, Tulsi Gabbard: “Newly declassified Top Secret emails sent on December 22, 2016 complying with President Obama's order to create the manufactured January 2017 ICA about Russia expose how DNI James Clapper demanded the IC fall in line behind the R"
115026874005799261,2025-08-14T11:26:00+00:00,2025-08-14,11,truth_social,truth_social_dataset,entity_mention,,1,2,“Obama Intel Chief James Clapper Told NSA Head To Get On Board With ‘Our Story’ On Russiagate Intel” https://dailycaller.com/2025/08/13/james-clapper-nsa-evidence-russia-hoax-declassified-emails/
115027044434535539,2025-08-14T12:10:00+00:00,2025-08-14,12,truth_social,truth_social_dataset,sector_keywords|entity_mention|theme:manufacturing_reshoring,manufacturing_reshoring,7,8,“Made in America Agenda Delivers Manufacturing Boom” https://www.whitehouse.gov/articles/2025/08/made-in-america-agenda-delivers-manufacturing-boom/
115037569702889410,2025-08-16T08:46:00+00:00,2025-08-16,8,truth_social,truth_social_dataset,theme:defense_geopolitics,defense_geopolitics,6,7,"A great and very successful day in Alaska! The meeting with President Vladimir Putin of Russia went very well, as did a late night phone call with President Zelenskyy of Ukraine, and various European Leaders, including the highly respected Secretary General of NATO. It was determ"
115044290751337518,2025-08-17T13:16:05.461000+00:00,2025-08-17,13,truth_social,cnn_truth_archive,entity_mention,,1,2,BIG PROGRESS ON RUSSIA. STAY TUNED! President DJT
115044479755763458,2025-08-17T14:04:09.392000+00:00,2025-08-17,14,truth_social,cnn_truth_archive,entity_mention,,1,2,https://truthsocial.com/users/Imaluckyangel/statuses/115044361815197151 It is happening before your very eyes!!! President DJT
115047128460078066,2025-08-18T01:17:45.411000+00:00,2025-08-18,1,truth_social,cnn_truth_archive,theme:defense_geopolitics,defense_geopolitics,6,7,"President Zelenskyy of Ukraine can end the war with Russia almost immediately, if he wants to, or he can continue to fight. Remember how it started. No getting back Obama given Crimea (12 years ago, without a shot being fired!), and NO GOING INTO NATO BY UKRAINE. Some things neve"
115047141648054993,2025-08-18T01:21:06.644000+00:00,2025-08-18,1,truth_social,cnn_truth_archive,entity_mention,,1,2,Big day at the White House tomorrow. Never had so many European Leaders at one time. My great honor to host them!!! President DJT
115047166895807142,2025-08-18T01:27:31.895000+00:00,2025-08-18,1,truth_social,cnn_truth_archive,entity_mention,,1,2,"The Fake News will say that it is a big loss for President Trump to host so many great European Leaders at our beautiful White House. Actually, it is a great honor for America!!! President DJT"
115047211271212413,2025-08-18T01:38:49.011000+00:00,2025-08-18,1,truth_social,cnn_truth_archive,entity_mention,,1,2,"Do the great American Flags I put up in front of both entrances of the White House look FANTASTIC, or what??? WOW, what a difference!!! President DJT"
115049902258471066,2025-08-18T13:03:00+00:00,2025-08-18,13,truth_social,truth_social_dataset,entity_mention|theme:defense_geopolitics,defense_geopolitics,7,8,"We will only see the return of the remaining hostages when Hamas is confronted and destroyed!!! The sooner this takes place, the better the chances of success will be. Remember, I was the one who negotiated and got hundreds of hostages freed and released into Israel (and America!"
115049921290485283,2025-08-18T13:08:00.620000+00:00,2025-08-18,13,truth_social,cnn_truth_archive,entity_mention,,1,2,A big day at the White House. We have never had so many European Leaders here at one time. A great honor for America!!! Lets see what the results will be??? President DJT
115050161923440039,2025-08-18T14:09:00+00:00,2025-08-18,14,truth_social,truth_social_dataset,sector_keywords|entity_mention|theme:stock_market_macro,stock_market_macro,7,8,"I’ve settled 6 Wars in 6 months, one of them a possible Nuclear disaster, and yet I have to read & listen to the Wall Street Journal, and many other who truly don’t have a clue, tell me everything that I am doing wrong on the Russia/Ukraine MESS, that is Sleepy Joe Biden’s war, n"
115052030103944534,2025-08-18T22:04:18.561000+00:00,2025-08-18,22,truth_social,cnn_truth_archive,theme:defense_geopolitics,defense_geopolitics,6,7,"I had a very good meeting with distinguished guests, President Volodymyr Zelenskyy, of Ukraine, President Emmanuel Macron, of France, President Alexander Stubb, of Finland, Prime Minister Giorgia Meloni, of Italy, Prime Minister Keir Starmer, of the United Kingdom, Chancellor of "
115055190585472069,2025-08-19T11:28:03.682000+00:00,2025-08-19,11,truth_social,cnn_truth_archive,sector_keywords|entity_mention,,6,7,"STUPID AND UGLY WINDMILLS ARE KILLING NEW JERSEY. Energy prices up 28% this year, and not enough electricity to take care of state. STOP THE WINDMILLS!"
115055649201137901,2025-08-19T13:24:00+00:00,2025-08-19,13,truth_social,truth_social_dataset,sector_keywords|entity_mention|theme:tariffs_trade|theme:taxes|theme:jobs_economy,tariffs_trade/taxes/jobs_economy,19,20,"“US economy maintains its high S&P credit rating, analysts find Trump tariffs offset his tax cuts” https://justthenews.com/nation/economy/sp-affirms-credit-rating-approves-trumps-tariffs-balance-tax-cuts"
115056962817663370,2025-08-19T18:58:00+00:00,2025-08-19,18,truth_social,truth_social_dataset,sector_keywords|entity_mention,,1,2,"A Copper Mine in Arizona, “Resolution,” was just delayed by a Radical Left Court for two months — 3,800 Jobs are affected, and our Country, quite simply, needs Copper — AND NOW! They are looking to do an Expedited Appeal before the Ninth Circuit, but it is so sad that Radical Lef"
115057222950737259,2025-08-19T20:04:00+00:00,2025-08-19,20,truth_social,truth_social_dataset,sector_keywords,,12,13,"Pat Harrigan is a tremendous Representative for the Great People of North Carolina’s 10th Congressional District!
A West Point Graduate and a Combat Decorated Green Beret, Pat knows the Wisdom and Courage that is required to Defend our Country, Support our Incredible Military/Vet"
115057221353307566,2025-08-19T20:04:30.790000+00:00,2025-08-19,20,truth_social,cnn_truth_archive,sector_keywords,,12,13,"Highly Respected State Representative David Cook is running to represent the wonderful people of Texas Senate District 22. David has a strong Record of Success, and incredible support from his Community. In the State Senate, David will work hard to Grow the Economy, Cut Taxes and"
115057221778612718,2025-08-19T20:04:37.278000+00:00,2025-08-19,20,truth_social,cnn_truth_archive,sector_keywords,,12,13,"Leigh Wambsganss is an incredible Candidate who will be a fantastic State Senator for Texas Senate District 9! An America First Patriot, Leigh will work tirelessly to Champion School Choice, Advance the American Dream, Grow the Economy, Cut Taxes and Regulations, Ensure U.S. Ener"
115057224448370906,2025-08-19T20:05:00+00:00,2025-08-19,20,truth_social,truth_social_dataset,sector_keywords|theme:agriculture,agriculture,12,13,"Congressman Dave Taylor is doing an incredible job representing the wonderful people of Ohio’s 2nd Congressional District!
A very successful Small Businessman, Dave knows the America First Policies necessary to Create GREAT Jobs, Unleash Innovation, and Restore American Energy DO"
115057226006495872,2025-08-19T20:05:00+00:00,2025-08-19,20,truth_social,truth_social_dataset,sector_keywords,,12,13,"Congresswoman Sheri Biggs is a terrific Representative for the incredible people of South Carolina’s 3rd Congressional District!
A distinguished Nurse and Lieutenant Colonel in the Air National Guard, Sheri knows the Wisdom and Courage that is necessary to Defend our Country, Sup"
115057226416192109,2025-08-19T20:05:00+00:00,2025-08-19,20,truth_social,truth_social_dataset,sector_keywords|theme:agriculture,agriculture,12,13,"Congressman Frank Lucas is an incredible Representative for the wonderful people of Oklahoma’s 3rd Congressional District!
A Fifth Generation Oklahoman, and lifelong Farmer and Rancher, Frank is a strong and effective Voice for American Agriculture, and our amazing Farmers and Ra"
115057223325978530,2025-08-19T20:05:00+00:00,2025-08-19,20,truth_social,truth_social_dataset,sector_keywords|theme:agriculture,agriculture,12,13,"Congresswoman Mary Miller is a fantastic Representative of Illinois’ 15th Congressional District!
A Third Generation Family Farmer, Mary is a strong and effective Voice for American Agriculture. In Congress, she is fighting tirelessly to Grow our Economy, Cut Taxes, Promote MADE "
115057224848483899,2025-08-19T20:05:24.122000+00:00,2025-08-19,20,truth_social,cnn_truth_archive,sector_keywords|theme:agriculture,agriculture,12,13,"Congresswoman Julie Fedorchak is doing a fantastic job representing the Great People of North Dakota, a State I love, and WON BIG THREE TIMES, in 2016, 2020, and 2024! Julie has an incredible Record of Success, and strong support from her Community. In Congress, she is working ti"
115057229339116421,2025-08-19T20:06:00+00:00,2025-08-19,20,truth_social,truth_social_dataset,sector_keywords,,12,13,"Congressman Mark Alford is an America First Patriot, who is doing a fantastic job representing Missouri’s 4th Congressional District!
Mark worked for 35 years as a local News Anchor, and his coverage was Honest and Fair, unlike the Corrupt Fake News, which continues to divide and"
115057228167480219,2025-08-19T20:06:00+00:00,2025-08-19,20,truth_social,truth_social_dataset,sector_keywords,,12,13,"Congressman Ron Estes is a Tremendous Champion for Kansas’ 4th Congressional District!
A Fifth Generation Kansan, Ron served as State Treasurer for six years prior to becoming a very distinguished and respected U.S. Congressman. He is working tirelessly to Grow our Economy, Cut T"
115057227758129383,2025-08-19T20:06:00+00:00,2025-08-19,20,truth_social,truth_social_dataset,sector_keywords,,12,13,"Congressman Jeff Crank is doing a truly fantastic job representing the Great People of Colorado’s 5th Congressional District!
Jeff is a Fierce Advocate for our America First Agenda. In Congress, he is fighting hard to Grow our Economy, Lower Taxes, Cut Regulations, Promote MADE I"
115057235181892448,2025-08-19T20:08:00+00:00,2025-08-19,20,truth_social,truth_social_dataset,sector_keywords|entity_mention,,6,7,"My good friend, Eric Schmitt, former Attorney General, and now Senator, from the GREAT State of Missouri, has a wonderful new Book just out, entitled, “THE LAST LINE OF DEFENSE: HOW TO BEAT THE LEFT IN COURT.” Eric is a FIGHTER, who beat back Biden’s disastrous Policies as A.G. a"
115057827631877948,2025-08-19T22:38:00+00:00,2025-08-19,22,truth_social,truth_social_dataset,sector_keywords|entity_mention|theme:fed_rates,fed_rates,6,7,"Could somebody please inform Jerome “Too Late” Powell that he is hurting the Housing Industry, very badly? People can’t get a Mortgage because of him. There is no Inflation, and every sign is pointing to a major Rate Cut. “Too Late” is a disaster!"
115061104213677946,2025-08-20T12:31:58.487000+00:00,2025-08-20,12,truth_social,cnn_truth_archive,sector_keywords|entity_mention,,6,7,"Cook must resign, now!!! https://www.bloomberg.com/news/articles/2025-08-20/trump-ally-calls-on-bondi-to-probe-fed-s-cook-over-mortgages"
115061417084982814,2025-08-20T13:51:32.525000+00:00,2025-08-20,13,truth_social,cnn_truth_archive,sector_keywords|entity_mention|theme:agriculture,agriculture,6,7,Any State that has built and relied on WINDMILLS and SOLAR for power are seeing RECORD BREAKING INCREASES IN ELECTRICITY AND ENERGY COSTS. THE SCAM OF THE CENTURY! We will not approve wind or farmer destroying Solar. The days of stupidity are over in the USA!!! MAGA
115061523871381886,2025-08-20T14:18:00+00:00,2025-08-20,14,truth_social,truth_social_dataset,sector_keywords,,12,13,"Environmental Protection Agency Administrator, Lee Zeldin: “We want to power the great American comeback, which means clean air, land, and water for all Americans — but we can also help unleash energy dominance… permitting reform, bringing back American auto jobs. These are also "
115064763272706560,2025-08-21T04:02:31.304000+00:00,2025-08-21,4,truth_social,cnn_truth_archive,entity_mention,,1,2,Gavin Newscum is way down in the polls. He is viewed as the man who is destroying the once Great State of California. I will save California!!! President DJT
115067017601499775,2025-08-21T13:35:00+00:00,2025-08-21,13,truth_social,truth_social_dataset,sector_keywords|entity_mention,,7,8,"It is very hard, if not impossible, to win a war without attacking an invaders country. It’s like a great team in sports that has a fantastic defense, but is not allowed to play offense. There is no chance of winning! It is like that with Ukraine and Russia. Crooked and grossly i"
115068606930305176,2025-08-21T20:20:00+00:00,2025-08-21,20,truth_social,truth_social_dataset,sector_keywords,,12,13,"Dustin Burrows is a True Warrior for Republicans, and is doing a fantastic job as Speaker of the Texas House of Representatives!
Thanks to Dustin’s strong and effective Leadership of the Texas House, the incredible people of Texas will have the opportunity to elect five more Repu"
115068968882877150,2025-08-21T21:52:03.901000+00:00,2025-08-21,21,truth_social,cnn_truth_archive,sector_keywords|entity_mention,,6,7,"A Great Honor to visit some of the federal agents and National Guard troops working to Make Washington, D.C. Safe!"
115074268844516691,2025-08-22T20:19:00+00:00,2025-08-22,20,truth_social,truth_social_dataset,sector_keywords|theme:tariffs_trade|theme:stock_market_macro,tariffs_trade/stock_market_macro,20,21,"I am pleased to announce that the Radical Left Representatives working at the Congressional Budget Office (CBO) have now admitted how incredible my Tariff strategy has been, saying that, “Trump’s Tariffs reduce the deficit by $4 Trillion Dollars.” When I began my Tariff policy su"
115074267817502694,2025-08-22T20:19:39.198000+00:00,2025-08-22,20,truth_social,cnn_truth_archive,sector_keywords|entity_mention|theme:tariffs_trade,tariffs_trade,19,20,"I am pleased to announce that we are doing a major Tariff Investigation on Furniture coming into the United States. Within the next 50 days, that Investigation will be completed, and Furniture coming from other Countries into the United States will be Tariffed at a Rate yet to be"
115074444617901812,2025-08-22T21:04:36.953000+00:00,2025-08-22,21,truth_social,cnn_truth_archive,sector_keywords|entity_mention|theme:semis_tech_supplychain,semis_tech_supplychain,9,10,"It is my Great Honor to report that the United States of America now fully owns and controls 10% of INTEL, a Great American Company that has an even more incredible future. I negotiated this Deal with Lip-Bu Tan, the Highly Respected Chief Executive Officer of the Company. The Un"
115078969663814221,2025-08-23T16:15:00+00:00,2025-08-23,16,truth_social,truth_social_dataset,sector_keywords,,12,13,"Dan Patrick is a terrific and powerful Lieutenant Governor for the Great State of Texas, a place I truly love. I WON BIG in 2016, 2020, and 2024 (Getting the Highest Number of Votes for any Office in the History of Texas — Such an Honor!). As Texas Chair of our Historic President"
115081430531030440,2025-08-24T02:41:13.520000+00:00,2025-08-24,2,truth_social,cnn_truth_archive,entity_mention,,1,2,"Keegan Bradley should DEFINITELY be on the American Ryder Cup Team - As Captain!!! He is an AMAZING guy. It will be a great Ryder Cup. At the invite of the PGA Tour, I will be there on Tournament Friday!!! President DJT"
115081441604745953,2025-08-24T02:44:02.449000+00:00,2025-08-24,2,truth_social,cnn_truth_archive,sector_keywords|entity_mention,,6,7,The greatest and most beautiful fighter jet ever made —— F-22 Raptor!
115084149454997135,2025-08-24T14:12:00+00:00,2025-08-24,14,truth_social,truth_social_dataset,sector_keywords|entity_mention,,7,8,"Governor Wes Moore of Maryland has asked, in a rather nasty and provocative tone, that I “walk the streets of Maryland” with him. I assume he is talking about out of control, crime ridden, Baltimore? As President, I would much prefer that he clean up this Crime disaster before I "
115085538447688269,2025-08-24T20:05:00+00:00,2025-08-24,20,truth_social,truth_social_dataset,entity_mention,,1,2,"The Appellate Court removed incompetent Judge Engoron, but he refused to go, or even to acknowledge them. He’s a highly overturned, CROOKED Judge, who is retiring into a life of lawsuits, along with his Chief Clerk, soon! He is almost as Corrupt as Leticia James, but not quite! P"
115086563627159779,2025-08-25T00:26:00+00:00,2025-08-25,0,truth_social,truth_social_dataset,entity_mention,,1,2,"I just watched Sloppy Chris Christie be interviewed on a ratings challenged “News” Show, “This Week With George Slopadopolus,” on ABC Fake News (By the way, what the “hell” happened to Jonathan Karl’s hair? He looks absolutely terrible! It’s amazing what bad ratings, on a failed "
115089582863713336,2025-08-25T13:14:00+00:00,2025-08-25,13,truth_social,truth_social_dataset,entity_mention,,1,2,"I PAID ZERO FOR INTEL, IT IS WORTH APPROXIMATELY 11 BILLION DOLLARS. All goes to the USA. Why are “stupid” people unhappy with that? I will make deals like that for our Country all day long. I will also help those companies that make such lucrative deals with the United States St"
115092243259973570,2025-08-26T00:31:00+00:00,2025-08-26,0,truth_social,truth_social_dataset,sector_keywords|theme:tariffs_trade|theme:china,tariffs_trade/china,22,23,"As the President of the United States, I will stand up to Countries that attack our incredible American Tech Companies. Digital Taxes, Digital Services Legislation, and Digital Markets Regulations are all designed to harm, or discriminate against, American Technology. They also, "
115098660302858709,2025-08-27T03:42:00+00:00,2025-08-27,3,truth_social,truth_social_dataset,entity_mention,,1,2,"Number One New York Times Bestselling Author, Trey Gowdy, has just written a GREAT new novel, “THE COLOR OF DEATH,” an in-depth study of justice and grief. Trey is also a Political Pro, and a very good and talented guy. Get his new book TODAY!!! Thank you for your attention to th"
115098837339559726,2025-08-27T04:28:00.341000+00:00,2025-08-27,4,truth_social,cnn_truth_archive,entity_mention,,1,2,"I am pleased to report that I have raised, since the Great Presidential Election of 2024, in various forms and political entities, in excess of 1.5 Billion Dollars. MAKE AMERICA GREAT AGAIN!!! President DJT"
115098861391135351,2025-08-27T04:34:07.340000+00:00,2025-08-27,4,truth_social,cnn_truth_archive,entity_mention,,1,2,CRIME NUMBERS ARE WAY DOWN IN DC! AMAZING PROGRESS BEING MADE! Thank you for your attention to this matter. President DJT
115098905035838387,2025-08-27T04:45:13.307000+00:00,2025-08-27,4,truth_social,cnn_truth_archive,entity_mention,,1,2,Republicans: BAN MAIL-IN VOTING!!! President DJT
115102880953568178,2025-08-27T21:36:20.950000+00:00,2025-08-27,21,truth_social,cnn_truth_archive,sector_keywords|entity_mention|theme:defense_geopolitics,defense_geopolitics,6,7,"We honor the extraordinary life and service of Retired U.S. Army Sergeant Michael Verardo, a true American Hero, who gave everything for our Nation. After suffering catastrophic injuries from an IED in Afghanistan on April 24, 2010, Michael endured 120 surgeries with unwavering C"
115103943282239129,2025-08-28T02:06:00+00:00,2025-08-28,2,truth_social,truth_social_dataset,entity_mention,,1,2,"“The Color of Death,” by Trey Gowdy, is a fantastic new book. People love it!!! Get it NOW! President DJT"
115106855887002067,2025-08-28T14:27:00+00:00,2025-08-28,14,truth_social,truth_social_dataset,entity_mention,,1,2,"Governor Pritzker had 6 murders in Chicago this weekend. 20 people were shot. But he doesn’t want to ask me for help. Can this be possible? The people are desperate for me to STOP THE CRIME, something the Democrats aren’t capable of doing. STAY TUNED!!! President DJT"
115109725372043595,2025-08-29T02:36:00+00:00,2025-08-29,2,truth_social,truth_social_dataset,sector_keywords|entity_mention,,6,7,“Pulte Ups Cook Scrutiny With Criminal Referral on Third Mortgage” https://www.bloomberg.com/news/articles/2025-08-29/pulte-ups-cook-scrutiny-with-criminal-referral-on-third-mortgage
115114339832960282,2025-08-29T22:10:29.620000+00:00,2025-08-29,22,truth_social,cnn_truth_archive,sector_keywords|entity_mention|theme:tariffs_trade|theme:manufacturing_reshoring|theme:agriculture,tariffs_trade/manufacturing_reshoring/agriculture,19,20,"ALL TARIFFS ARE STILL IN EFFECT! Today a Highly Partisan Appeals Court incorrectly said that our Tariffs should be removed, but they know the United States of America will win in the end. If these Tariffs ever went away, it would be a total disaster for the Country. It would make"
115118817792640786,2025-08-30T17:09:00+00:00,2025-08-30,17,truth_social,truth_social_dataset,sector_keywords|entity_mention,,6,7,"Secretary of Veterans Affairs, Doug Collins: “An average of 17 Veterans die by suicide each day, and that is 17 too many. If you’re a Veteran in crisis or concerned about one, contact the Veterans Crisis Line to receive 24/7 confidential support. To reach responders, dial 988 the"
115119151783895076,2025-08-30T18:34:00+00:00,2025-08-30,18,truth_social,truth_social_dataset,sector_keywords|entity_mention,,1,2,"I used, at the White House, the most beautiful marble and stone available anywhere. Surfaces are very important to me as a Builder. As everyone knows, I built many GREAT Buildings, and other things, over the years. At the White House, I am very proud of the beautiful stonework we"
115119936158265299,2025-08-30T21:53:42.721000+00:00,2025-08-30,21,truth_social,cnn_truth_archive,entity_mention,,1,2,https://x.com/patriot6962/status/1903400696717701378?s=12.  THIS IS RATHER INCREDIBLE. WHO DID IT??? PRESIDENT DJT
115120036321239638,2025-08-30T22:19:00+00:00,2025-08-30,22,truth_social,truth_social_dataset,entity_mention,,1,2,"Six people were killed, and 24 people were shot, in Chicago last weekend, and JB Pritzker, the weak and pathetic Governor of Illinois, just said that he doesn’t need help in preventing CRIME. He is CRAZY!!! He better straighten it out, FAST, or we’re coming! MAGA. President DJT"
115120067667186412,2025-08-30T22:27:09.391000+00:00,2025-08-30,22,truth_social,cnn_truth_archive,entity_mention,,1,2,"DC is virtually, in just 14 days, a CRIME FREE ZONE. The people living and working there are ecstatic!!! President DJT"
115120863399877029,2025-08-31T01:49:31.303000+00:00,2025-08-31,1,truth_social,cnn_truth_archive,sector_keywords|entity_mention,,7,8,"Voter I.D. Must Be Part of Every Single Vote. NO EXCEPTIONS! I Will Be Doing An Executive Order To That End!!! Also, No Mail-In Voting, Except For Those That Are Very Ill, And The Far Away Military. USE PAPER BALLOTS ONLY!!! President DJT"
115120881794624188,2025-08-31T01:54:11.988000+00:00,2025-08-31,1,truth_social,cnn_truth_archive,sector_keywords|entity_mention|theme:tariffs_trade,tariffs_trade,20,21,"Enjoy your Labor Day weekend. A big year ahead for the USA, maybe the BEST EVER, if the Tariffs are finally approved by the Courts!!! President DJT"
115123673064341664,2025-08-31T13:44:00+00:00,2025-08-31,13,truth_social,truth_social_dataset,entity_mention,,1,2,Just watched Hilary Fordwich on the Armstrong Williams Show. She was FANTASTIC -- Really gets “IT.” Thank you to Hilary and Armstrong for a great interview on AMERICA & STRENGTH!!! President DJT
115123713005977554,2025-08-31T13:54:00+00:00,2025-08-31,13,truth_social,truth_social_dataset,entity_mention,,1,2,"Miranda Devine and Katie Pavlich were terrific on FoxNews yesterday. Smart, exciting, and really know their “stuff.” Two great professionals. Thank you!!! President DJT"
115124685956430001,2025-08-31T18:01:00+00:00,2025-08-31,18,truth_social,truth_social_dataset,sector_keywords|theme:tariffs_trade,tariffs_trade,23,24,"Without Tariffs, and all of the TRILLIONS OF DOLLARS we have already taken in, our Country would be completely destroyed, and our military power would be instantly obliterated. In a 7 to 4 Opinion, a Radical Left group of judges didn’t care, but one Democrat, Obama appointed, act"
115125318282199234,2025-08-31T20:42:27.414000+00:00,2025-08-31,20,truth_social,cnn_truth_archive,entity_mention,,1,2,"https://truthsocial.com/@DC_Draino/115118089050516091. NEVER FELT BETTER IN MY LIFE. Also, DC IS A CRIME FREE ZONE! President DJT"
115125330212310166,2025-08-31T20:45:29.455000+00:00,2025-08-31,20,truth_social,cnn_truth_archive,entity_mention,,1,2,"DC IS NOW A CRIME FREE ZONE, IN JUST 12 DAYS!!!  President DJT"
115126310071570564,2025-09-01T00:54:00+00:00,2025-09-01,0,truth_social,truth_social_dataset,entity_mention,,1,2,Why does Fake News ABC’S This Week With George Slopadopolus have Low IQ “commentator” Donna Brazile on the show? Wasn’t she totally discredited when she gave Crooked Hillary Clinton the questions to a Debate??? Wasn’t she FIRED by Fake News CNN for so doing??? Why would ABC “News
115126384708348116,2025-09-01T01:13:00+00:00,2025-09-01,1,truth_social,truth_social_dataset,sector_keywords|theme:tariffs_trade|theme:fed_rates,tariffs_trade/fed_rates,31,32,"Prices are “WAY DOWN” in the USA, with virtually no inflation. With the exception of ridiculous, corrupt politician approved “Windmills,” which are killing every State and Country that uses them, Energy prices are falling,“big time.” Gasoline is at many year lows. All of this des"
115126421567567735,2025-09-01T01:23:02.292000+00:00,2025-09-01,1,truth_social,cnn_truth_archive,entity_mention,,1,2,"This is a total Conflict of Interest. The Judge must RECUSE, IMMEDIATELY!!! President DJT"
115126426327367030,2025-09-01T01:24:00+00:00,2025-09-01,1,truth_social,truth_social_dataset,entity_mention,,1,2,"Same Judge as on Fed Case. I wonder how that happened??? Must recuse!!! President DJT
“Federal judge blocks Trump effort to expand fast-track deportations” https://www.politico.com/news/2025/08/29/trump-deportation-expedited-judge-00538077"
115126499944858986,2025-09-01T01:42:58.202000+00:00,2025-09-01,1,truth_social,cnn_truth_archive,sector_keywords|entity_mention|theme:tariffs_trade,tariffs_trade,20,21,"More than 15 Trillion Dollars will be invested in the USA, a RECORD. Much of this investment is because of Tariffs. If a Radical Left Court is allowed to terminate these Tariffs, almost all of this investment, and much more, will be immediately cancelled! In many ways, we would b"
115128853265372429,2025-09-01T11:41:00+00:00,2025-09-01,11,truth_social,truth_social_dataset,sector_keywords|entity_mention,,6,7,"Wow! Mayor Muriel Bowser of D.C. has become very popular because she worked with me and my great people in bringing CRIME down to virtually NOTHING in D.C. Her statements and actions were positive, instead of others like Pritzker, Wes Moore, Newscum, and the 5% approval rated May"
115128985245605660,2025-09-01T12:15:00+00:00,2025-09-01,12,truth_social,truth_social_dataset,entity_mention,,2,3,"It is very important that the Drug Companies justify the success of their various Covid Drugs. Many people think they are a miracle that saved Millions of lives. Others disagree! With CDC being ripped apart over this question, I want the answer, and I want it NOW. I have been sho"
115129261076571259,2025-09-01T13:25:00+00:00,2025-09-01,13,truth_social,truth_social_dataset,sector_keywords|theme:tariffs_trade,tariffs_trade,29,30,"What few people understand is that we do very little business with India, but they do a tremendous amount of business with us. In other words, they sell us massive amounts of goods, their biggest “client,” but we sell them very little - Until now a totally one sided relationship,"
115136798909755892,2025-09-02T21:22:07.969000+00:00,2025-09-02,21,truth_social,cnn_truth_archive,sector_keywords|entity_mention,,6,7,"Earlier this morning, on my Orders, U.S. Military Forces conducted a kinetic strike against positively identified Tren de Aragua Narcoterrorists in the SOUTHCOM area of responsibility. TDA is a designated Foreign Terrorist Organization, operating under the control of Nicolas Madu"
115137717177283585,2025-09-03T01:15:00+00:00,2025-09-03,1,truth_social,truth_social_dataset,theme:china|theme:defense_geopolitics,china/defense_geopolitics,17,18,The big question to be answered is whether or not President Xi of China will mention the massive amount of support and “blood” that The United States of America gave to China in order to help it to secure its FREEDOM from a very unfriendly foreign invader. Many Americans died in 
115144078281517668,2025-09-04T04:13:22.288000+00:00,2025-09-04,4,truth_social,cnn_truth_archive,sector_keywords|entity_mention,,7,8,"The Mayor and Governor should be begging me for help. Crime is out of control in Chicago, potentially one of the greatest cities in the World (Again!). I could fix it in one month! President DJT https://nypost.com/2025/09/02/us-news/chicagos-labor-day-weekend-bloodbath-sees-8-kil"
115144139539095661,2025-09-04T04:28:00+00:00,2025-09-04,4,truth_social,truth_social_dataset,theme:china|theme:manufacturing_reshoring,china/manufacturing_reshoring,13,14,"United States Attorney for the District of Columbia, Jeanine Pirro: “You are looking at the largest seizure of precursor chemicals used to manufacture methamphetamine in U.S. history. China was sending over 700,000 lbs on the high seas to the Sinaloa Cartel before my office seize"
115151159839778614,2025-09-05T10:14:00+00:00,2025-09-05,10,truth_social,truth_social_dataset,theme:china,china,13,14,"Looks like we’ve lost India and Russia to deepest, darkest, China. May they have a long and prosperous future together! President Donald J. Trump"
115151165397446776,2025-09-05T10:15:00+00:00,2025-09-05,10,truth_social,truth_social_dataset,entity_mention,,1,2,"Jerry Nadler, one of the most disgusting Congressmen in USA History is, at long last, calling it “quits” - He’s finally leaving Congress! I’ve been beating this bum for 40 years, first as a New York City developer, where he opposed me, for no reason, at every corner, but could NE"
115153232183118149,2025-09-05T19:01:00+00:00,2025-09-05,19,truth_social,truth_social_dataset,sector_keywords|entity_mention,,6,7,"Europe today “hit” another great American company, Google, with a $3.5 Billion Dollar fine, effectively taking money that would otherwise go to American Investments and Jobs. This is on top of the many other Fines and Taxes that have been issued against Google and other American "
115154159518653872,2025-09-05T22:57:09.802000+00:00,2025-09-05,22,truth_social,cnn_truth_archive,sector_keywords|entity_mention|theme:agriculture|theme:manufacturing_reshoring,agriculture/manufacturing_reshoring,11,12,"Congresswoman Ashley Hinson is running for the United States Senate in Iowa, a State I love and WON BIG, THREE TIMES, in 2016, 2020, and 2024. I know Ashley well, and she is a WINNER! A Loving Wife and Proud Mother of two sons, Ashley is a wonderful person, has ALWAYS delivered f"
115164113502668318,2025-09-07T17:08:00+00:00,2025-09-07,17,truth_social,truth_social_dataset,sector_keywords|entity_mention,,6,7,"Amazing phenomenon — Any Country that relies on Windmills is DEAD. Their Energy Costs have gone through the roof, and their populations are angry. Windmills aren’t only killing the birds, they’re “killing” lots of bad politicians who are losing their jobs because of them!"
115168933967621443,2025-09-08T13:34:00+00:00,2025-09-08,13,truth_social,truth_social_dataset,entity_mention,,1,2,"6 people were murdered in Chicago this weekend, 12 others were shot, and in serious condition. This would mean that over the past number of weeks, approximately 50 people were killed, and hundreds were shot, many expected to die. Governor Pritzker just stated that he doesn’t want"
115169843962994945,2025-09-08T17:25:00+00:00,2025-09-08,17,truth_social,truth_social_dataset,entity_mention,,1,2,"Gianno Caldwell has written a powerful Book, “The Day My Brother Was Murdered: My Journey Through America's Violent Crime Crisis.” Gianno unfortunately understands the true Horror of the Crime Epidemic ravaging our once Great Cities. Gianno: Your brother is looking down on you, a"
115171248213293804,2025-09-08T23:23:00+00:00,2025-09-08,23,truth_social,truth_social_dataset,entity_mention,,1,2,Congratulations to Nick Bosa on an unbelievable play in the San Francisco 49ers’ Win over Seattle. He was born to be a STAR! President DJT
115174504752942494,2025-09-09T13:11:00+00:00,2025-09-09,13,truth_social,truth_social_dataset,sector_keywords|theme:fed_rates,fed_rates,12,13,"“If the Fed had followed what we published, they would have raised rates in early 2021. The entire Organization is broken. It needs to be fixed. They need to use modern sources of information.We strongly disagree with Ken Griffin. We think Incompetence is more important than to d"
115176193823019593,2025-09-09T20:20:00+00:00,2025-09-09,20,truth_social,truth_social_dataset,sector_keywords|entity_mention,,6,7,"This morning, the Trump Administration was notified by the United States Military that Israel was attacking Hamas which, very unfortunately, was located in a section of Doha, the Capital of Qatar. This was a decision made by Prime Minister Netanyahu, it was not a decision made by"
115176472700835865,2025-09-09T21:31:41.946000+00:00,2025-09-09,21,truth_social,cnn_truth_archive,theme:tariffs_trade,tariffs_trade,19,20,"I am pleased to announce that India, and the United States of America, are continuing negotiations to address the Trade Barriers between our two Nations. I look forward to speaking with my very good friend, Prime Minister Modi, in the upcoming weeks. I feel certain that there wil"
115177916289896131,2025-09-10T03:38:49.321000+00:00,2025-09-10,3,truth_social,cnn_truth_archive,entity_mention,,1,2,"Thank you Lenny. Great to be a WINNER, and that is you, a WINNER and a CHAMPION!!! MAKE AMERICA GREAT AGAIN! President DJT https://www.newsmax.com/newsfront/croton-on-hudson-resident-veteran/2025/09/09/id/1225781/"
115180154793561569,2025-09-10T13:08:00+00:00,2025-09-10,13,truth_social,truth_social_dataset,entity_mention|theme:fed_rates,fed_rates,7,8,"Just out: No Inflation!!! “Too Late” must lower the RATE, BIG, right now. Powell is a total disaster, who doesn’t have a clue!!! President DJT"
115183827069786801,2025-09-11T04:42:00.670000+00:00,2025-09-11,4,truth_social,cnn_truth_archive,entity_mention,,1,2,"Great interview by Congressman Mark Harris of North Carolina, on FoxNews. Thank you Mark!!! President DJT"
115186230726893391,2025-09-11T14:53:17.637000+00:00,2025-09-11,14,truth_social,cnn_truth_archive,sector_keywords,,12,13,"84 years ago this morning, the banks of the Potomac were filled with the clamor of construction workers who broke ground on the building now known as the Pentagon, on September 11th, 1941..."
115186868794986559,2025-09-11T17:35:33.709000+00:00,2025-09-11,17,truth_social,cnn_truth_archive,sector_keywords|theme:agriculture,agriculture,12,13,"Senator Roger Marshall is an incredibly strong advocate for the wonderful people of Kansas, a State I love, and WON BIG, in 2016, 2020, and 2024! A distinguished Medical Doctor and U.S. Army Veteran, Roger knows how to Defend our Country, Support our Brave Military/Veterans, and "
115196697263809382,2025-09-13T11:15:00+00:00,2025-09-13,11,truth_social,truth_social_dataset,sector_keywords|theme:defense_geopolitics|theme:tariffs_trade|theme:china,defense_geopolitics/tariffs_trade/china,29,30,"A LETTER SENT BY PRESIDENT DONALD J. TRUMP TO ALL NATO NATIONS AND, THE WORLD: “I am ready to do major Sanctions on Russia when all NATO Nations have agreed, and started, to do the same thing, and when all NATO Nations STOP BUYING OIL FROM RUSSIA. As you know, NATO’S commitment t"
115199460946450022,2025-09-13T22:57:54.738000+00:00,2025-09-13,22,truth_social,cnn_truth_archive,entity_mention,,1,2,"The only reason crime is somewhat down in Memphis is because the FBI, and others in the Federal Government, at my direction, have been working there for 5 months - on the absolutely terrible Crime numbers. Likewise, in Chicago and Los Angeles! But the real work by us has barely b"
115204049358078594,2025-09-14T18:24:48.332000+00:00,2025-09-14,18,truth_social,cnn_truth_archive,sector_keywords|entity_mention|theme:semis_tech_supplychain,semis_tech_supplychain,9,10,"When Foreign Companies who are building extremely complex products, machines, and various other ""things,"" come into the United States with massive Investments, I want them to bring their people of expertise for a period of time to teach and train our people how to make these very"
115205520510774944,2025-09-15T00:38:56.350000+00:00,2025-09-15,0,truth_social,cnn_truth_archive,sector_keywords|entity_mention,,6,7,"I am aware of the terrible reports regarding the murder of Chandra Nagamallaiah, a well respected person in Dallas, Texas, who was brutally beheaded, in front of his wife and son, by an ILLEGAL ALIEN from Cuba who should have never been in our Country. This individual was previou"
115206527064725917,2025-09-15T04:54:00+00:00,2025-09-15,4,truth_social,truth_social_dataset,entity_mention,,1,2,"The Federal Government, under my auspices as President of the United States of America, has stepped into the complete criminal mess that was Washington, D.C., our Nation’s Capital. Because of this, D.C. has gone from one of the most dangerous and murder ridden cities in the U.S.A"
115206570863756188,2025-09-15T05:06:00+00:00,2025-09-15,5,truth_social,truth_social_dataset,entity_mention,,1,2,"The Federal Government, under my auspices as President of the United States of America, has stepped into the complete criminal mess that was Washington, D.C., our Nation’s Capital. Because of this, D.C. has gone from one of the most dangerous and murder ridden cities in the U.S.A"
115207991871277413,2025-09-15T11:07:00+00:00,2025-09-15,11,truth_social,truth_social_dataset,entity_mention,,1,2,"Governor Kathy Hochul of New York has Endorsed the “Liddle’ Communist,” Zohran Mamdani, running for Mayor of New York. This is a rather shocking development, and a very bad one for New York City. How can such a thing happen? Washington will be watching this situation very closely"
115208193218518172,2025-09-15T11:58:00+00:00,2025-09-15,11,truth_social,truth_social_dataset,theme:china,china,13,14,"Subject to SEC Approval, Companies and Corporations should no longer be forced to “Report” on a quarterly basis (Quarterly Reporting!), but rather to Report on a “Six (6) Month Basis.” This will save money, and allow managers to focus on properly running their companies. Did you "
115208219886830624,2025-09-15T12:05:00+00:00,2025-09-15,12,truth_social,truth_social_dataset,theme:china,china,13,14,"Subject to SEC Approval, Companies and Corporations should no longer be forced to “Report” on a quarterly basis (Quarterly Reporting!), but rather to Report on a “Six (6) Month Basis.” This will save money, and allow managers to focus on properly running their companies. Did you "
115208260926006345,2025-09-15T12:15:00+00:00,2025-09-15,12,truth_social,truth_social_dataset,entity_mention|theme:china,china,14,15,"The big Trade Meeting in Europe between The United States of America, and China, has gone VERY WELL! It will be concluding shortly. A deal was also reached on a “certain” company that young people in our Country very much wanted to save. They will be very happy! I will be speakin"
115208353139528932,2025-09-15T12:39:00+00:00,2025-09-15,12,truth_social,truth_social_dataset,sector_keywords|entity_mention|theme:fed_rates,fed_rates,7,8,"“Too Late” MUST CUT INTEREST RATES, NOW, AND BIGGER THAN HE HAD IN MIND. HOUSING WILL SOAR!!! President DJT"
115209308362990527,2025-09-15T16:42:00+00:00,2025-09-15,16,truth_social,truth_social_dataset,entity_mention,,1,2,"MY son Eric’s just out book, “UNDER SIEGE,” immediately went to NUMBER ONE on Amazon. Great going Eric, you deserve it!!! https://a.co/d/7oPyLF5"
115209549037822166,2025-09-15T17:43:00+00:00,2025-09-15,17,truth_social,truth_social_dataset,entity_mention,,1,2,"Congressional Republicans, including Leader John Thune and Speaker Mike Johnson, are working on a short term “CLEAN” extension of Government Funding to stop Cryin’ Chuck Schumer from shutting down the Government. In times like these, Republicans have to stick TOGETHER to fight ba"
115210075167747572,2025-09-15T19:57:14.856000+00:00,2025-09-15,19,truth_social,cnn_truth_archive,sector_keywords|entity_mention,,6,7,"This morning, on my Orders, U.S. Military Forces conducted a SECOND Kinetic Strike against positively identified, extraordinarily violent drug trafficking cartels and narcoterrorists in the SOUTHCOM area of responsibility. The Strike occurred while these confirmed narcoterrorists"
115215261916717696,2025-09-16T17:56:18.404000+00:00,2025-09-16,17,truth_social,cnn_truth_archive,entity_mention,,1,2,"The Republicans are going to do a Midterm Convention in order to show the great things we have done since the Presidential Election of 2024. Time and place to be determined. Stay tuned, it will be quite the Event, and very exciting! President DJT"
115215278610415981,2025-09-16T18:00:33.127000+00:00,2025-09-16,18,truth_social,cnn_truth_archive,entity_mention,,1,2,"Just had a wonderful phone call with my friend, Prime Minister Narendra Modi. I wished him a very Happy Birthday! He is doing a tremendous job. Narendra: Thank you for your support on ending the War between Russia and Ukraine! President DJT"
115215588649960500,2025-09-16T19:19:00+00:00,2025-09-16,19,truth_social,truth_social_dataset,entity_mention,,1,2,"BREAKING NEWS! In a Big WIN for Justice and Law in Georgia, the Georgia Supreme Court just ruled that District Attorney Fani Willis and her “team” of Weaponized Prosecutors are DISQUALIFIED, once and for all, from the Fake Witch Hunt against me, and many other Great American Patr"
115216434940272027,2025-09-16T22:54:00+00:00,2025-09-16,22,truth_social,truth_social_dataset,entity_mention,,1,2,"I am getting amazing feedback on my Lawsuit against The New York Times. The predominant feeling and sentiment is, “IT’S ABOUT TIME!” The case was filed in the Great State of Florida! The Radical Left Media is working hard to destroy the U.S.A. We are going to stop them at each an"
115222372625104790,2025-09-18T00:04:00+00:00,2025-09-18,0,truth_social,truth_social_dataset,entity_mention,,1,2,"Great News for America: The ratings challenged Jimmy Kimmel Show is CANCELLED. Congratulations to ABC for finally having the courage to do what had to be done. Kimmel has ZERO talent, and worse ratings than even Colbert, if that’s possible. That leaves Jimmy and Seth, two total l"
115227872322760999,2025-09-18T23:23:17.891000+00:00,2025-09-18,23,truth_social,cnn_truth_archive,sector_keywords|entity_mention,,6,7,"""On 27 August, the U.S. Military Academy at West Point reinstalled the nearly 20ft canvas portrait of Confederate General Robert E. Lee at the West Point Library on campus. The painting hung in the library for 70 years before it was ordered to be removed, as part of the Naming Co"
115231649861246548,2025-09-19T15:23:58.553000+00:00,2025-09-19,15,truth_social,cnn_truth_archive,theme:china|theme:semis_tech_supplychain,china/semis_tech_supplychain,16,17,"I just completed a very productive call with President Xi of China. We made progress on many very important issues including Trade, Fentanyl, the need to bring the War between Russia and Ukraine to an end, and the approval of the TikTok Deal. I also agreed with President Xi that "
115232256964155055,2025-09-19T17:58:22.211000+00:00,2025-09-19,17,truth_social,cnn_truth_archive,sector_keywords|entity_mention,,10,11,"I am pleased to host President Recep Tayyip Erdoğan, of Turkey, at the White House on September 25th. We are working on many Trade and Military Deals with the President, including the large scale purchase of Boeing aircraft, a major F-16 Deal, and a continuation of the F-35 talks"
115234681538876098,2025-09-20T04:14:00+00:00,2025-09-20,4,truth_social,truth_social_dataset,entity_mention,,1,2,"Today I withdrew the Nomination of Erik Siebert as U.S. Attorney for the Eastern District of Virginia, when I was informed that he received the UNUSUALLY STRONG support of the two absolutely terrible, sleazebag Democrat Senators, from the Great State of Virginia. He didn’t quit, "
115238637490866159,2025-09-20T21:01:01.320000+00:00,2025-09-20,21,truth_social,cnn_truth_archive,entity_mention,,1,2,"Nicole Parker, former FBI, was great today on FoxNews. Thank you Nicole!!!  President DJT"
115238732896636210,2025-09-20T21:25:17.096000+00:00,2025-09-20,21,truth_social,cnn_truth_archive,entity_mention,,1,2,"Just toured Washington, D.C., and it is a totally different place than it was last year. No tents, manicured grass and parks, cleans streets, no gangs or vicious criminals — THE PLACE IS BEAUTIFUL AND SAFE, and it is going to remain that way! What a difference good government mak"
115238745589536576,2025-09-20T21:28:00+00:00,2025-09-20,21,truth_social,truth_social_dataset,entity_mention|theme:defense_geopolitics,defense_geopolitics,7,8,"If Afghanistan doesn’t give Bagram Airbase back to those that built it, the United States of America, BAD THINGS ARE GOING TO HAPPEN!!! President DJT"
115238993505561388,2025-09-20T22:31:00+00:00,2025-09-20,22,truth_social,truth_social_dataset,entity_mention,,1,2,"Pam: I have reviewed over 30 statements and posts saying that, essentially, “same old story as last time, all talk, no action. Nothing is being done. What about Comey, Adam “Shifty” Schiff, Leticia??? They’re all guilty as hell, but nothing is going to be done.” Then we almost pu"
115239012437859070,2025-09-20T22:36:22.555000+00:00,2025-09-20,22,truth_social,cnn_truth_archive,entity_mention,,1,2,"Just toured Washington, D.C., and it is a totally different place than it was last year. No tents, manicured grass and parks, clean streets, no gangs or vicious criminals — THE PLACE IS BEAUTIFUL AND SAFE, and it is going to remain that way! What a difference good government make"
115239044548033727,2025-09-20T22:44:00+00:00,2025-09-20,22,truth_social,truth_social_dataset,entity_mention,,1,2,"Pam: I have reviewed over 30 statements and posts saying that, essentially, “same old story as last time, all talk, no action. Nothing is being done. What about Comey, Adam “Shifty” Schiff, Leticia??? They’re all guilty as hell, but nothing is going to be done.” Then we almost pu"
115250311291343080,2025-09-22T22:29:49.377000+00:00,2025-09-22,22,truth_social,cnn_truth_archive,sector_keywords|entity_mention,,6,7,"Earlier this month I spoke with the Highly Respected President of Uzbekistan, Shavkat Mirziyoyev. Today I want to congratulate President Mirziyoyev on signing a GREAT Deal with Boeing! Worth over $8 Billion Dollars, Uzbekistan Airways is purchasing 22,787 Dreamliners. This will c"
115253901757845391,2025-09-23T13:42:00+00:00,2025-09-23,13,truth_social,truth_social_dataset,sector_keywords|entity_mention,,6,7,"After reviewing the details of the unserious and ridiculous demands being made by the Minority Radical Left Democrats in return for their Votes to keep our thriving Country open, I have decided that no meeting with their Congressional Leaders could possibly be productive. They ar"
115254363337739989,2025-09-23T15:40:18.702000+00:00,2025-09-23,15,truth_social,cnn_truth_archive,sector_keywords|entity_mention,,6,7,"It was a great honor to speak before the United Nations. I believe the speech was very well received. It focused very much on energy and migration/immigration. I have been talking about this for a long period of time and this Forum, was the absolute best from the standpoint of ma"
115254544745193117,2025-09-23T16:26:00+00:00,2025-09-23,16,truth_social,truth_social_dataset,theme:fed_rates,fed_rates,6,7,"Highly Respected President of Argentina, Javier Milei, has proven to be a truly fantastic and powerful Leader for the Great People of Argentina, advancing on all levels at record speed. He inherited a “total mess” with horrible Inflation caused by the previous Radical Left Presid"
115255115250137156,2025-09-23T18:51:00+00:00,2025-09-23,18,truth_social,truth_social_dataset,sector_keywords|entity_mention,,6,7,"Congratulations to Attorney General Pam Bondi, Deputy Attorney General Todd Blanche, and the entire DOJ team on the conviction, in Florida, of the person who attempted an assassination on my life. The trial was meticulously handled, and I would like to thank the Judge and Jury fo"
115255130298104593,2025-09-23T18:55:00+00:00,2025-09-23,18,truth_social,truth_social_dataset,sector_keywords|theme:defense_geopolitics,defense_geopolitics,12,13,"After getting to know and fully understand the Ukraine/Russia Military and Economic situation and, after seeing the Economic trouble it is causing Russia, I think Ukraine, with the support of the European Union, is in a position to fight and WIN all of Ukraine back in its origina"
115260643704742189,2025-09-24T18:17:00+00:00,2025-09-24,18,truth_social,truth_social_dataset,sector_keywords|entity_mention,,6,7,"The Democrats want Illegal Aliens, many of them VIOLENT CRIMINALS, to receive FREE Healthcare. The Democrats want $500 Million Dollars to help Radical Left News Outfits. The Democrats want to leave DEAD PEOPLE on Medicaid and Social Security rolls, so that Criminals can continue "
115261466629181518,2025-09-24T21:46:00+00:00,2025-09-24,21,truth_social,truth_social_dataset,sector_keywords|entity_mention,,1,2,"A REAL DISGRACE took place at the United Nations yesterday — Not one, not two, but three very sinister events! First, the escalator going up to the Main Speaking Floor came to a screeching halt. It stopped on a dime. It’s amazing that Melania and I didn’t fall forward onto the sh"
115264848871452989,2025-09-25T12:06:00+00:00,2025-09-25,12,truth_social,truth_social_dataset,entity_mention,,1,2,"Wow!!! A just out poll has Jack Ciattarelli essentially beating close to incompetent Mike Sherrill in the race for Governor of New Jersey. Jack is tough on crime and cutting taxes, two things that people really demand today. He will be a GREAT Governor, and Sherrill wants Open Bo"
115265260242945334,2025-09-25T13:51:32.282000+00:00,2025-09-25,13,truth_social,cnn_truth_archive,entity_mention,,1,2,What a great couple—Congratulations! President DJT
115267382531822964,2025-09-25T22:51:00+00:00,2025-09-25,22,truth_social,truth_social_dataset,sector_keywords|entity_mention|theme:manufacturing_reshoring|theme:tariffs_trade,manufacturing_reshoring/tariffs_trade,19,20,"In order to protect our Great Heavy Truck Manufacturers from unfair outside competition, I will be imposing, as of October 1st, 2025, a 25% Tariff on all “Heavy (Big!) Trucks” made in other parts of the World. Therefore, our Great Large Truck Company Manufacturers, such as Peterb"
115267459188661048,2025-09-25T23:10:00+00:00,2025-09-25,23,truth_social,truth_social_dataset,sector_keywords|entity_mention|theme:tariffs_trade|theme:manufacturing_reshoring,tariffs_trade/manufacturing_reshoring,19,20,"We will be imposing a 50% Tariff on all Kitchen Cabinets, Bathroom Vanities, and associated products, starting October 1st, 2025. Additionally, we will be charging a 30% Tariff on Upholstered Furniture. The reason for this is the large scale “FLOODING” of these products into the "
115267512131958759,2025-09-25T23:24:00+00:00,2025-09-25,23,truth_social,truth_social_dataset,sector_keywords|theme:tariffs_trade|theme:manufacturing_reshoring,tariffs_trade/manufacturing_reshoring,25,26,"Starting October 1st, 2025, we will be imposing a 100% Tariff on any branded or patented Pharmaceutical Product, unless a Company IS BUILDING their Pharmaceutical Manufacturing Plant in America. “IS BUILDING” will be defined as, “breaking ground” and/or “under construction.” Ther"
115267566687091858,2025-09-25T23:38:00+00:00,2025-09-25,23,truth_social,truth_social_dataset,sector_keywords|entity_mention|theme:fed_rates,fed_rates,6,7,"Great Numbers came out today on the Economy (3.8%!), and the SUCCESS we are having, but our Interest Rates are too high! If it weren’t for Jerome “Too Late” Powell, we would be at 2% right now, and in the process of balancing our budget. The good news is that we’re powering throu"
115270236987768479,2025-09-26T10:57:00+00:00,2025-09-26,10,truth_social,truth_social_dataset,entity_mention,,1,2,"Whether you like Corrupt James Comey or not, and I can’t imagine too many people liking him, HE LIED! It is not a complex lie, it’s a very simple, but IMPORTANT one. There is no way he can explain his way out of it. He is a Dirty Cop, and always has been, but he was just assigned"
115271135823530018,2025-09-26T14:45:46.528000+00:00,2025-09-26,14,truth_social,cnn_truth_archive,entity_mention|theme:pharma_healthcare,pharma_healthcare,7,8,"Pregnant Women, DON'T USE TYLENOL UNLESS ABSOLUTELY NECESSARY, DON'T GIVE TYLENOL TO YOUR YOUNG CHILD FOR VIRTUALLY ANY REASON, BREAK UP THE MMR SHOT INTO THREE TOTALLY SEPARATE SHOTS (NOT MIXED!), TAKE CHICKEN P SHOT SEPARATELY, TAKE HEPATITAS B SHOT AT 12 YEARS OLD, OR OLDER, A"
115271189838263038,2025-09-26T14:59:30.726000+00:00,2025-09-26,14,truth_social,cnn_truth_archive,entity_mention,,1,2,"Flying over Ryder Cup, now! DJT"
115272665190921190,2025-09-26T21:14:00+00:00,2025-09-26,21,truth_social,truth_social_dataset,entity_mention,,2,3,"Corrupt and Totally Trump Deranged Lisa Monaco (A purported pawn of Legal Lightweight Andrew Weissmann), was a senior National Security aide under Barrack Hussein Obama, and a Lawfare and Weaponization obsessed Deputy Attorney General under Crooked Joe Biden and Lisa’s Puppet “Bo"
115272758814629814,2025-09-26T21:38:00+00:00,2025-09-26,21,truth_social,truth_social_dataset,entity_mention,,2,3,"Corrupt and Totally Trump Deranged Lisa Monaco (A purported pawn of Legal Lightweight Andrew Weissmann), was a senior National Security aide under Barack Hussein Obama, and a Lawfare and Weaponization obsessed Deputy Attorney General under Crooked Joe Biden and Lisa’s Puppet “Bos"
115272791741064606,2025-09-26T21:46:53.823000+00:00,2025-09-26,21,truth_social,cnn_truth_archive,entity_mention,,1,2,"Brendan Carr, Chairman of the Federal Communications Commission (FCC), is Smart, Tough, and a True American Patriot. He is supported by MAGA, like few others. Keep up the GREAT work, Brendan. MAKE AMERICA GREAT AGAIN! President DJT"
115273002921064922,2025-09-26T22:40:00+00:00,2025-09-26,22,truth_social,truth_social_dataset,entity_mention,,1,2,"I’d like to thank Kash Patel, and the outstanding members of the FBI, for their brilliant work on the recent Indictment of the Worst FBI Director in the History of our Country, James “Dirty Cop” Comey. The level of enthusiasm by the FBI was incredible, but only caused by the fact"
115276694936263266,2025-09-27T14:19:31.851000+00:00,2025-09-27,14,truth_social,cnn_truth_archive,sector_keywords|entity_mention,,6,7,"At the request of Secretary of Homeland Security, Kristi Noem, I am directing Secretary of War, Pete Hegseth, to provide all necessary Troops to protect War ravaged Portland, and any of our ICE Facilities under siege from attack by Antifa, and other domestic terrorists. I am also"
115279734861052153,2025-09-28T03:12:00+00:00,2025-09-28,3,truth_social,truth_social_dataset,entity_mention,,1,2,"A really great and impactful book, just out, “ON DEMOCRACIES AND DEATH CULTS,” by New York Times Bestselling Author, Douglas Murray. Get it NOW!!! President DJT"
115282009590636281,2025-09-28T12:51:07.044000+00:00,2025-09-28,12,truth_social,cnn_truth_archive,entity_mention,,1,2,"We have a real chance for GREATNESS IN THE MIDDLE EAST. ALL ARE ON BOARD FOR SOMETHING SPECIAL, FIRST TIME EVER. WE WILL GET IT DONE!!! President DJT"
115283825662825835,2025-09-28T20:32:00+00:00,2025-09-28,20,truth_social,truth_social_dataset,entity_mention,,1,2,"Some of the highest quality 24 Karat Gold used in the Oval Office and Cabinet Room of the White House. Foreign Leaders, and everyone else, “freak out” when they see the quality and beauty. Best Oval Office ever, in terms of success and look!!! President DJT"
115285407847623317,2025-09-29T03:15:00+00:00,2025-09-29,3,truth_social,truth_social_dataset,entity_mention,,1,2,"Hard to watch the new NFL kickoff. It’s wrong on every level. They should end it, immediately. Bad for the game of football! President DJT"
115287641147640374,2025-09-29T12:43:00+00:00,2025-09-29,12,truth_social,truth_social_dataset,entity_mention,,1,2,"Self proclaimed New York City Communist, Zohran Mamdani, who is running for Mayor, will prove to be one of the best things to ever happen to our great Republican Party. He is going to have problems with Washington like no Mayor in the history of our once great City. Remember, he "
115287691323395767,2025-09-29T12:56:00+00:00,2025-09-29,12,truth_social,truth_social_dataset,sector_keywords|entity_mention|theme:tariffs_trade,tariffs_trade,20,21,"Our movie making business has been stolen from the United States of America, by other Countries, just like stealing “candy from a baby.” California, with its weak and incompetent Governor, has been particularly hard hit! Therefore, in order to solve this long time, never ending p"
115287723938349086,2025-09-29T13:04:21.071000+00:00,2025-09-29,13,truth_social,cnn_truth_archive,sector_keywords|entity_mention|theme:tariffs_trade|theme:china,tariffs_trade/china,20,21,"In order to make North Carolina, which has completely lost its furniture business to China, and other Countries, GREAT again, I will be imposing substantial Tariffs on any Country that does not make its furniture in the United States. Details to follow!!! President DJT"
115299125682668163,2025-10-01T13:23:57.880000+00:00,2025-10-01,13,truth_social,cnn_truth_archive,entity_mention,,1,2,I was there to see it all. Total Scum!!! President DJT https://nypost.com/2025/09/30/us-news/fbi-surveilled-rep-scott-perry-before-seizing-his-cell-phone-as-part-of-arctic-frost-probe-into-2020-election/
115300118756896774,2025-10-01T17:36:31.029000+00:00,2025-10-01,17,truth_social,cnn_truth_archive,entity_mention,,1,2,"As I determined on September 27th, when I activated and called into service the National Guard in Oregon, conditions continue to deteriorate into lawless mayhem. Our GREAT Federal Law Enforcement Officers have not been able to enforce the Laws in Oregon. ANTIFA and the Radical Le"
115300187189696754,2025-10-01T17:53:00+00:00,2025-10-01,17,truth_social,truth_social_dataset,sector_keywords|entity_mention|theme:agriculture|theme:china|theme:tariffs_trade,agriculture/china/tariffs_trade,19,20,"The Soybean Farmers of our Country are being hurt because China is, for “negotiating” reasons only, not buying. We’ve made so much money on Tariffs, that we are going to take a small portion of that money, and help our Farmers. I WILL NEVER LET OUR FARMERS DOWN! Sleepy Joe Biden "
115300785090391636,2025-10-01T20:25:00+00:00,2025-10-01,20,truth_social,truth_social_dataset,sector_keywords|entity_mention,,6,7,"Maxine Waters admitted that she is demanding Healthcare for Illegal Aliens, and it’s going to be Top of the Line, taking American Taxpayers’ Healthcare away from them!"
115304401783234720,2025-10-02T11:45:44.828000+00:00,2025-10-02,11,truth_social,cnn_truth_archive,sector_keywords|entity_mention,,6,7,"THE DEMOCRATS WANT TO GIVE YOUR HEALTHCARE MONEY TO ILLEGAL ALIENS AND OPEN OUR BORDERS TO THE CRIMINALS OF THE WORLD, A DEADLY COMBINATION BECAUSE EVERYBODY WILL COME!"
115304455138824245,2025-10-02T11:59:00+00:00,2025-10-02,11,truth_social,truth_social_dataset,entity_mention,,1,2,"I have a meeting today with Russ Vought, he of PROJECT 2025 Fame, to determine which of the many Democrat Agencies, most of which are a political SCAM, he recommends to be cut, and whether or not those cuts will be temporary or permanent. I can’t believe the Radical Left Democrat"
115304536210429622,2025-10-02T12:19:55.983000+00:00,2025-10-02,12,truth_social,cnn_truth_archive,entity_mention,,1,2,Best thing that could happen to the Republican Party? A Communist Mayor in NYC. The Dems have gone stone cold  CRAZY!  President DJT https://www.foxbusiness.com/video/6380535163112
115307871751959358,2025-10-03T02:28:00+00:00,2025-10-03,2,truth_social,truth_social_dataset,entity_mention,,1,2,WOW!!! Such an! honor. Record “stuff” for a Republican. President DJT
115310630808491399,2025-10-03T14:09:00+00:00,2025-10-03,14,truth_social,truth_social_dataset,sector_keywords|entity_mention,,6,7,"Hamas has been a ruthless and violent threat, for many years, in the Middle East! They have killed (and made lives unbearably miserable), culminating with the October 7th MASSACRE, in Israel, babies, woman, children, old people, and many young men and women, boys and girls, getti"
115311232842528048,2025-10-03T16:42:58.481000+00:00,2025-10-03,16,truth_social,cnn_truth_archive,entity_mention,,1,2,I am pleased to advise that I reversed the cuts made to Homeland Security and Counterterrorism for New York City and State. It was my Honor to do so. Thank you for your attention to this matter! President DJT
115311560762123348,2025-10-03T18:06:00+00:00,2025-10-03,18,truth_social,truth_social_dataset,sector_keywords,,12,13,"It is my Great Honor to endorse America First Patriot Matt Van Epps, who is running to represent the Great People of Tennessee’s 7th Congressional District.
A West Point Graduate, and Combat Decorated Army Helicopter Pilot, Matt knows the WISDOM and COURAGE required to Defend our"
115312550655380642,2025-10-03T22:18:00+00:00,2025-10-03,22,truth_social,truth_social_dataset,sector_keywords|entity_mention,,6,7,"I am proud to announce that on Sunday, October 5th, I will be hosting a Salute to the Fleet in Norfolk, Virginia, to honor our brave men and women of the United States Navy. Our wonderful First Lady, as well as our great Secretary of War, Pete Hegseth, and Secretary of the Navy, "
115312821068691123,2025-10-03T23:26:52.888000+00:00,2025-10-03,23,truth_social,cnn_truth_archive,sector_keywords|entity_mention,,6,7,"To ICE, Border Patrol, Law Enforcement, and all U.S. Military: As per my August 25, 2025 Executive Order, please be advised that, from this point forward, anybody burning the American Flag will be subject to one year in prison. You will be immediately arrested. Thank you for your"
115317676598981431,2025-10-04T20:01:00+00:00,2025-10-04,20,truth_social,truth_social_dataset,theme:stock_market_macro,stock_market_macro,0,1,"Corrupt Letitia James is costing New York State Hundreds of Billions of Dollars in lost business. No company or individual wants to be there, knowing that she’s the “Attorney General.” She is a Complete and Total Disaster, who tried running against Kathy Hochul for Governor, and "
115318223084524890,2025-10-04T22:20:41.112000+00:00,2025-10-04,22,truth_social,cnn_truth_archive,entity_mention,,1,2,"I hope Univision, a great and very popular Hispanic Network, can get BACK onto the very amazing Google/YouTube. It has been taken out of their package, which is VERY BAD for Republicans in the upcoming Midterms. They were so good to me with their highest rated ever political Spec"
115321994845181490,2025-10-05T14:19:53.652000+00:00,2025-10-05,14,truth_social,cnn_truth_archive,sector_keywords|entity_mention,,7,8,"It will be a big day with the Navy. Leaving now. The United States has the greatest military, by far, in the World. This will be a show of Naval aptitude and strength. ENJOY WATCHING! It will be broadcast everywhere. President DJT"
115322333732211990,2025-10-05T15:46:00+00:00,2025-10-05,15,truth_social,truth_social_dataset,sector_keywords|entity_mention,,6,7,"Why is FoxNews and Peter Doocy putting on Democrat Senator Mark Kelly to talk about, totally unabated or challenged, Healthcare? The FAKE SPIN is so bad for Republicans that it is hard to believe that we WIN. It will be very unfair, in the future, when they don’t have “TRUMP” to "
115324114715261770,2025-10-05T23:19:00+00:00,2025-10-05,23,truth_social,truth_social_dataset,sector_keywords|entity_mention|theme:oil_energy_geopolitics,oil_energy_geopolitics,6,7,"Before I became President, “OPEC” kept Oil prices high. It wasn’t right for them to do that but, in a different form, is being done again — This time by the Big Homebuilders of our Nation. They’re my friends, and they’re very important to the SUCCESS of our Country, but now, they"
115327091437197645,2025-10-06T11:56:01.431000+00:00,2025-10-06,11,truth_social,cnn_truth_archive,sector_keywords|entity_mention|theme:stock_market_macro|theme:tariffs_trade|theme:fed_rates,stock_market_macro/tariffs_trade/fed_rates,25,26,"JUST OUT: Good news for the Holiday Season. EARLY PRICES ARE DOWN, WHILE TARIFFS ARE MAKING OUR COUNTRY AN ECONOMIC POWER AGAIN. Also, virtually NO INFLATION, AS STOCK MARKETS CONTINUALLY HIT RECORD HIGHS. THE BEST OF ALL WORLDS FOR THE U.S.A."
115328023446331082,2025-10-06T15:53:02.766000+00:00,2025-10-06,15,truth_social,cnn_truth_archive,sector_keywords|entity_mention,,6,7,GOD BLESS THE UNITED STATES NAVY!
115329671584864920,2025-10-06T22:52:11.360000+00:00,2025-10-06,22,truth_social,cnn_truth_archive,sector_keywords|entity_mention|theme:stock_market_macro,stock_market_macro,6,7,"Democrats have SHUT DOWN the United States Government right in the midst of one of the most successful Economies, including a Record Stock Market, that our Country has ever had. This has sadly affected so many programs, services, and other elements of Society that Americans rely "
115332793655857227,2025-10-07T12:06:00+00:00,2025-10-07,12,truth_social,truth_social_dataset,entity_mention,,1,2,"Great interview by highly respected Congressman Michael Baumgartner, Republican of the Great State of Washington, on Maria Bartiromo’s (Who is, by the way, also FANTASTIC!) Show. He really gets it. Thank you Michael! President DJT"
115332976894666371,2025-10-07T12:52:00+00:00,2025-10-07,12,truth_social,truth_social_dataset,sector_keywords,,12,13,"VOTE TODAY! It is my Great Honor to endorse America First Patriot Matt Van Epps, who is running to represent the Great People of Tennessee’s 7th Congressional District.
A West Point Graduate, and Combat Decorated Army Helicopter Pilot, Matt knows the WISDOM and COURAGE required t"
115335941705023271,2025-10-08T01:26:00+00:00,2025-10-08,1,truth_social,truth_social_dataset,sector_keywords|entity_mention,,6,7,"Sanctimonious Richard “Da Nang Dick” Blumenthal, perhaps the biggest “joke” in the United States Senate, is at it again! “Dick” lied until the midpoint of his political career, convincing everyone, in particular the Fake News Media, that he was a great “War Hero” who lived on the"
115335985411793079,2025-10-08T01:37:52.712000+00:00,2025-10-08,1,truth_social,cnn_truth_archive,entity_mention,,1,2,Congratulations to Matt Van Epps on his great victory in Tennessee. He will be a GREAT Congressman!!! President DJT
115336547657622506,2025-10-08T04:00:51.903000+00:00,2025-10-08,4,truth_social,cnn_truth_archive,sector_keywords|entity_mention,,6,7,My goal is very simple. STOP CRIME IN AMERICA! https://www.history.com/articles/national-guard-federal-troops-deployments
115339108942948542,2025-10-08T14:52:00+00:00,2025-10-08,14,truth_social,truth_social_dataset,sector_keywords|entity_mention,,6,7,"Florida Attorney General James Uthmeier is doing a GREAT job for the Sunshine State, which I won BIG in 2016, 2020, and 2024.
James is an America First Warrior, who is a true champion for “MAGA.” He is THE MAN behind ALLIGATOR ALCATRAZ, and argued strongly at the United States Su"
115339130014906858,2025-10-08T14:57:00+00:00,2025-10-08,14,truth_social,truth_social_dataset,sector_keywords|theme:jobs_economy,jobs_economy,12,13,"Congressman Chris Smith is a fantastic Representative for the wonderful people of New Jersey’s 4th Congressional District!
As a Senior Member of the House Committee on Foreign Affairs, Chris is fighting tirelessly to advance our America First Agenda. He is working hard to Grow ou"
115339214405326306,2025-10-08T15:19:00+00:00,2025-10-08,15,truth_social,truth_social_dataset,sector_keywords,,12,13,"Congressman Jeff Van Drew is a “MAGA” Warrior for the incredible people of New Jersey’s 2nd Congressional District!
As the Chairman of the House Judiciary Subcommittee on Oversight, Jeff is doing a tremendous job advancing our America First Agenda. He is working tirelessly to Gro"
115340993884364431,2025-10-08T22:51:35.938000+00:00,2025-10-08,22,truth_social,cnn_truth_archive,sector_keywords|entity_mention,,6,7,"I am very proud to announce that Israel and Hamas have both signed off on the first Phase of our Peace Plan. This means that ALL of the Hostages will be released very soon, and Israel will withdraw their Troops to an agreed upon line as the first steps toward a Strong, Durable, a"
115344000556414178,2025-10-09T11:36:14.116000+00:00,2025-10-09,11,truth_social,cnn_truth_archive,entity_mention,,1,2,"I would like to thank Republican Congressman Brian Mast, of Florida, for his brilliant words and analysis on the return of the Hostages, and Peace in the Middle East, this morning on Fox & Friends. Thank you Brian!!! President DJT"
115344969648448054,2025-10-09T15:42:41.289000+00:00,2025-10-09,15,truth_social,cnn_truth_archive,theme:agriculture,agriculture,0,1,"Dr. Ben Carson will be an incredible National Nutrition Advisor for the United States Department of Agriculture. I will soon be awarding Dr. Carson the Presidential Medal of Freedom. He is a true American Patriot who cares deeply for the people of our Country, and never stops wor"
115345041705180674,2025-10-09T16:01:00.781000+00:00,2025-10-09,16,truth_social,cnn_truth_archive,sector_keywords|entity_mention|theme:tariffs_trade,tariffs_trade,19,20,"Tariffs are only good if you want your Country to be Rich, Influential, and Powerful. If you want your Country to be a Third World Country, you should Vote against Tariffs!"
115350455734003647,2025-10-10T14:57:00+00:00,2025-10-10,14,truth_social,truth_social_dataset,sector_keywords|entity_mention|theme:china|theme:semis_tech_supplychain|theme:tariffs_trade|theme:manufacturing_reshoring,china/semis_tech_supplychain/tariffs_trade/manufacturing_reshoring,22,23,"Some very strange things are happening in China! They are becoming very hostile, and sending letters to Countries throughout the World, that they want to impose Export Controls on each and every element of production having to do with Rare Earths, and virtually anything else they"
115351840469973590,2025-10-10T20:50:00+00:00,2025-10-10,20,truth_social,truth_social_dataset,sector_keywords|theme:china|theme:semis_tech_supplychain|theme:tariffs_trade,china/semis_tech_supplychain/tariffs_trade,22,23,"It has just been learned that China has taken an extraordinarily aggressive position on Trade in sending an extremely hostile letter to the World, stating that they were going to, effective November 1st, 2025, impose large scale Export Controls on virtually every product they mak"
115356736998906023,2025-10-11T17:35:00+00:00,2025-10-11,17,truth_social,truth_social_dataset,sector_keywords,,12,13,"Chuck Schumer recently said, “Every day gets better” during their Radical Left Shutdown. I DISAGREE! If nothing is done, because of “Leader” Chuck Schumer and the Democrats, our Brave Troops will miss the paychecks they are rightfully due on October 15th. That is why I am using m"
115359345947837427,2025-10-12T04:38:46.206000+00:00,2025-10-12,4,truth_social,cnn_truth_archive,entity_mention,,1,2,"THE BIDEN FBI PLACED 274 AGENTS INTO THE CROWD ON JANUARY 6. If this is so, which it is, a lot of very good people will be owed big apologies. What a SCAM - DO SOMETHING!!! President DJT"
115361806192142146,2025-10-12T15:04:00+00:00,2025-10-12,15,truth_social,truth_social_dataset,entity_mention,,1,2,"The Ukraine Impeachment (of me!) Scam was a far bigger Illegal Hoax than Watergate. I sincerely hope the necessary authorities, including CONGRESS, are looking into this! Adam “Schiffty” Schiff was sooo dishonest and corrupt. So many laws, and protocols, were violated, and just p"
115362196088273474,2025-10-12T16:43:00+00:00,2025-10-12,16,truth_social,truth_social_dataset,entity_mention|theme:china,china,14,15,"Don’t worry about China, it will all be fine! Highly respected President Xi just had a bad moment. He doesn’t want Depression for his country, and neither do I. The U.S.A. wants to help China, not hurt it!!! President DJT"
115367574318732455,2025-10-13T15:31:21.185000+00:00,2025-10-13,15,truth_social,cnn_truth_archive,sector_keywords|entity_mention,,6,7,Happy 250th Birthday to the United States Navy!
115373569028997850,2025-10-14T16:55:53.201000+00:00,2025-10-14,16,truth_social,cnn_truth_archive,entity_mention,,1,2,"ALL TWENTY HOSTAGES ARE BACK AND FEELING AS GOOD AS CAN BE EXPECTED. A big burden has been lifted, but the job IS NOT DONE. THE DEAD HAVE NOT BEEN RETURNED, AS PROMISED! Phase Two begins right NOW!!! President DJT"
115374202790006886,2025-10-14T19:37:00+00:00,2025-10-14,19,truth_social,truth_social_dataset,sector_keywords|entity_mention|theme:agriculture|theme:china,agriculture/china,19,20,"I believe that China purposefully not buying our Soybeans, and causing difficulty for our Soybean Farmers, is an Economically Hostile Act. We are considering terminating business with China having to do with Cooking Oil, and other elements of Trade, as retribution. As an example,"
115375105881550079,2025-10-14T23:26:00+00:00,2025-10-14,23,truth_social,truth_social_dataset,sector_keywords,,12,13,"Congressman Bob Onder is a MAGA Warrior who is doing a fantastic job representing Missouri’s 3rd Congressional District!
A Proven Leader, Bob has served his Community as a Physician, Attorney, and Highly Respected State Legislator, prior to becoming a distinguished Congressman. I"
115375106561964982,2025-10-14T23:26:00+00:00,2025-10-14,23,truth_social,truth_social_dataset,sector_keywords,,12,13,"Congressman Neal Dunn is a tremendous Representative for the Great People of Florida’s 2nd Congressional District!
An accomplished surgeon, and retired Major in the U.S. Army, Neal knows the Wisdom and Courage necessary to Defend our Country, Support our Brave Military/Veterans, "
115375110148150196,2025-10-14T23:27:00+00:00,2025-10-14,23,truth_social,truth_social_dataset,sector_keywords,,12,13,"Congressman Russell Fry is an America First Patriot, who is doing an incredible job representing South Carolina’s 7th Congressional District!
A MAGA Warrior, who has been with us from the very beginning, Russell is working hard to Grow our Economy, Cut Taxes and Regulations, Adva"
115375109495548501,2025-10-14T23:27:00+00:00,2025-10-14,23,truth_social,truth_social_dataset,sector_keywords,,12,13,"Congressman William Timmons is doing a truly fantastic job representing the wonderful people of South Carolina’s 4th Congressional District!
A Captain in the South Carolina Air National Guard, and former Criminal Prosecutor, William knows what it takes to ensure LAW AND ORDER, an"
115375108572896191,2025-10-14T23:27:00+00:00,2025-10-14,23,truth_social,truth_social_dataset,sector_keywords,,12,13,"Congressman Tim Moore is a Tremendous Champion for North Carolina’s 14th Congressional District!
Tim served as the Highly Respected Speaker of the North Carolina House of Representatives for a decade, prior to becoming a very distinguished U.S. Congressman. In Congress, he is fig"
115375108797044323,2025-10-14T23:27:00+00:00,2025-10-14,23,truth_social,truth_social_dataset,sector_keywords|entity_mention|theme:agriculture,agriculture,6,7,"Congressman Vince Fong is a terrific Representative for the incredible people of California’s 20th Congressional District!
Vince has a strong Record of SUCCESS, and compelling support from his Community. In Congress, he is fighting tirelessly to Deliver Sustainable Water Solution"
115375107555771159,2025-10-14T23:27:00+00:00,2025-10-14,23,truth_social,truth_social_dataset,sector_keywords,,12,13,"Congresswoman Laurel Lee is an incredible Representative of Florida’s 15th Congressional District!
Laurel served as Florida’s Secretary of State for three years, and delivered strong results for families, and businesses. In Congress, Laurel is fighting tirelessly to Grow our Econ"
115375107170577916,2025-10-14T23:27:00+00:00,2025-10-14,23,truth_social,truth_social_dataset,sector_keywords|theme:agriculture,agriculture,12,13,"Congresswoman Kat Cammack is doing a fantastic job representing the wonderful people of Florida’s 3rd Congressional District!
In Congress, Kat is working tirelessly to Grow our Economy, Cut Taxes, Promote MADE IN THE U.S.A., Support our Amazing Farmers and Ranchers, Advance Ameri"
115375110884191581,2025-10-14T23:28:00+00:00,2025-10-14,23,truth_social,truth_social_dataset,sector_keywords,,12,13,"Congressman Tom Cole is a Tremendous Champion for Oklahoma’s 4th Congressional District!
As the Chairman of the POWERFUL House Appropriations Committee, Tom knows the America First Policies required to Create GREAT Jobs, Cut Taxes and Regulations, and Champion our Nation’s Golden"
115375111830070922,2025-10-14T23:28:00+00:00,2025-10-14,23,truth_social,truth_social_dataset,sector_keywords,,12,13,"Congressman John Moolenaar is an incredible Representative for the fantastic people of Michigan’s 2nd Congressional District!
As the Chairman of the Select Committee on the CCP, John is fighting tirelessly to put our Country’s Interests, FIRST! He is working hard to Grow our Econ"
115385308751129485,2025-10-16T18:41:27.147000+00:00,2025-10-16,18,truth_social,cnn_truth_archive,sector_keywords|entity_mention,,6,7,"I am outraged that the International Maritime Organization is voting in London this week to pass a global Carbon Tax. The United States will NOT stand for this Global Green New Scam Tax on Shipping, and will not adhere to it in any way, shape, or form. We will not tolerate increa"
115386862652518090,2025-10-17T01:16:37.838000+00:00,2025-10-17,1,truth_social,cnn_truth_archive,sector_keywords|entity_mention,,6,7,"The United States Air Force Academy Cadet Chapel has been a CONSTRUCTION DISASTER from the time it was built in 1962. The earlier stories are that it leaked on Day One, and that was the good part. Hundreds of Millions of Dollars have been spent. The renovation, which essentially "
115387504970821391,2025-10-17T03:59:58.840000+00:00,2025-10-17,3,truth_social,cnn_truth_archive,entity_mention,,1,2,"A ""Blue Slip"" means that if you're a Republican President, and there happens to be just one Democrat Senator in a state where you are appointing a U.S. Attorney or District Court Judge, you will never be successful in getting a Republican confirmed. In other words, ""Blue Slips"" a"
115391767709119144,2025-10-17T22:04:00+00:00,2025-10-17,22,truth_social,truth_social_dataset,sector_keywords|entity_mention,,6,7,"George Santos was somewhat of a “rogue,” but there are many rogues throughout our Country that aren’t forced to serve seven years in prison. I started to think about George when the subject of Democrat Senator Richard “Da Nang Dick” Blumenthal came up again. As everyone remembers"
115391855540856433,2025-10-17T22:26:00+00:00,2025-10-17,22,truth_social,truth_social_dataset,sector_keywords|theme:agriculture,agriculture,7,8,"Third Rate Congressman Thomas Massie, a Weak and Pathetic RINO from the Great Commonwealth of Kentucky, a place I love, and won big SIX TIMES, must be thrown out of office, ASAP! The incredible people of Kentucky’s 4th Congressional District gave us a mandate to, MAKE AMERICA GRE"
115408594704490513,2025-10-20T21:23:22.637000+00:00,2025-10-20,21,truth_social,cnn_truth_archive,entity_mention,,1,2,"I am pleased to announce that ground has been broken on the White House grounds to build the new, big, beautiful White House Ballroom. Completely separate from the White House itself, the East Wing is being fully modernized as part of this process, and will be more beautiful than"
115408916651989676,2025-10-20T22:45:00+00:00,2025-10-20,22,truth_social,truth_social_dataset,sector_keywords|entity_mention,,6,7,"Jack Ciattarelli, the wonderful New Jersey Gubernatorial Candidate that is doing very well in the Polls against a very Fake and Corrupt Mikie Sherrill, will bring Energy prices down in New Jersey by record amounts. He calls me constantly, wanting assurances that I will use the Po"
115408922697857899,2025-10-20T22:46:47.415000+00:00,2025-10-20,22,truth_social,cnn_truth_archive,sector_keywords|entity_mention,,6,7,"JACK CIATTARELLI IS A WINNER FOR NEW JERSEY! Mikie Sherrill is the exact opposite, a stone cold loser, who will drive your Energy costs through the roof, just like the Democrats are doing all over the Country but, even more so, because she has no understanding of what she is doin"
115408925114284473,2025-10-20T22:47:24.287000+00:00,2025-10-20,22,truth_social,cnn_truth_archive,sector_keywords|entity_mention,,6,7,"The FBI, under my Administration, is doing an incredible job. Since January 20th, more than 28,000 Violent Criminals have been arrested (RECORD BREAKING!), with over 6,000 illegal weapons seized, more than 1,700 child predators and 300 human traffickers taken off the streets, 5,0"
115414670134103540,2025-10-21T23:08:26.336000+00:00,2025-10-21,23,truth_social,cnn_truth_archive,sector_keywords,,12,13,"Congressman Paul Gosar, D.D.S., is an America First Patriot, who is doing a fantastic job representing Arizona's 9th Congressional District! A MAGA Warrior, who has been with us from the very beginning, Paul is working hard to Grow our Economy, Cut Taxes and Regulations, Promote "
115418813519600271,2025-10-22T16:42:00+00:00,2025-10-22,16,truth_social,truth_social_dataset,sector_keywords|theme:tariffs_trade,tariffs_trade,19,20,"The Cattle Ranchers, who I love, don’t understand that the only reason they are doing so well, for the first time in decades, is because I put Tariffs on cattle coming into the United States, including a 50% Tariff on Brazil. If it weren’t for me, they would be doing just as they"
115418834028774105,2025-10-22T16:47:22.325000+00:00,2025-10-22,16,truth_social,cnn_truth_archive,sector_keywords|entity_mention|theme:tariffs_trade,tariffs_trade,19,20,"In addition to everything else, Tariffs on other Countries SAVED our Cattle Ranchers!"
115418866635313882,2025-10-22T16:55:00+00:00,2025-10-22,16,truth_social,truth_social_dataset,sector_keywords|theme:tariffs_trade|theme:manufacturing_reshoring,tariffs_trade/manufacturing_reshoring,19,20,"Mary Barra of General Motors, and Bill Ford of Ford Motor Company, just called to thank me for putting Tariffs on Mid Size and Large Size Trucks. Their Stock has gone through the roof! They told me that, without Tariffs, it would be a very hard, long “slog” for Truck and Car Manu"
115419510654451460,2025-10-22T19:39:00+00:00,2025-10-22,19,truth_social,truth_social_dataset,sector_keywords|entity_mention,,6,7,"For all of those people voting in New Jersey and Virginia for Governor, Attorney General, or any other position, please remember this: A REPUBLICAN VOTE MEANS A DRASTIC DROP IN ENERGY PRICES AND ENERGY COSTS, A DROP LIKE YOU’VE NEVER SEEN BEFORE! — A DEMOCRAT VOTE MEANS A DOUBLIN"
115419589580674458,2025-10-22T19:59:00+00:00,2025-10-22,19,truth_social,truth_social_dataset,sector_keywords|entity_mention|theme:agriculture,agriculture,6,7,"Wilton Simpson is the strong and highly popular Agriculture Commissioner for Florida, my “Home” State, which I love and won SIX times, including with 6.1 Million Votes in 2024, the most in History (BY FAR)!
Wilton is a Fifth Generation Floridian, lifelong Egg Farmer, successful B"
115419686256202789,2025-10-22T20:24:00+00:00,2025-10-22,20,truth_social,truth_social_dataset,sector_keywords|theme:stock_market_macro,stock_market_macro,12,13,"The Wall Street Journal story on the U.S.A.’s approval of Ukraine being allowed to use long range missiles deep into Russia is FAKE NEWS! The U.S. has nothing to do with those missiles, wherever they may come from, or what Ukraine does with them!"
115419815673188246,2025-10-22T20:57:00+00:00,2025-10-22,20,truth_social,truth_social_dataset,sector_keywords|entity_mention,,6,7,"“Treasury Sanctions Major Russian Oil Companies, Calls on Moscow to Immediately Agree to Ceasefire”"
115426823727952497,2025-10-24T02:39:15.467000+00:00,2025-10-24,2,truth_social,cnn_truth_archive,sector_keywords|entity_mention|theme:tariffs_trade,tariffs_trade,20,21,"The Ronald Reagan Foundation has just announced that Canada has fraudulently used an advertisement, which is FAKE, featuring Ronald Reagan speaking negatively about Tariffs. The ad was for $75,000. They only did this to interfere with the decision of the U.S. Supreme Court, and o"
115426967566430347,2025-10-24T03:15:50.222000+00:00,2025-10-24,3,truth_social,cnn_truth_archive,sector_keywords|entity_mention|theme:tariffs_trade,tariffs_trade,20,21,"The Ronald Reagan Foundation has just announced that Canada has fraudulently used an advertisement, which is FAKE, featuring Ronald Reagan speaking negatively about Tariffs. The ad was for $75,000,000. They only did this to interfere with the decision of the U.S. Supreme Court, a"
115428798659352209,2025-10-24T11:01:30.545000+00:00,2025-10-24,11,truth_social,cnn_truth_archive,sector_keywords|entity_mention|theme:tariffs_trade,tariffs_trade,19,20,Ford and General Motors UP BIG on Tariffs placed on Big and Midsized Trucks coming from other countries. Thank you President Trump!
115428874684902595,2025-10-24T11:20:00+00:00,2025-10-24,11,truth_social,truth_social_dataset,sector_keywords|entity_mention|theme:tariffs_trade|theme:agriculture,tariffs_trade/agriculture,19,20,"CANADA CHEATED AND GOT CAUGHT!!!They fraudulently took a big buy ad saying that Ronald Reagan did not like Tariffs, when actually he LOVED TARIFFS FOR OUR COUNTRY, AND ITS NATIONAL SECURITY. Canada is trying to illegally influence the United States Supreme Court in one of the mos"
115428907096790566,2025-10-24T11:29:05.167000+00:00,2025-10-24,11,truth_social,cnn_truth_archive,sector_keywords|entity_mention|theme:tariffs_trade,tariffs_trade,19,20,"THE UNITED STATES IS WEALTHY, POWERFUL, AND NATIONALLY SECURE AGAIN, ALL BECAUSE OF TARIFFS! THE MOST IMPORTANT CASE EVER IS IN THE UNITED STATES SUPREME COURT. GOD BLESS AMERICA!!!"
115428915165145135,2025-10-24T11:31:08.298000+00:00,2025-10-24,11,truth_social,cnn_truth_archive,sector_keywords|entity_mention|theme:stock_market_macro|theme:tariffs_trade,stock_market_macro/tariffs_trade,19,20,THE STOCK MARKET IS STRONGER THAN EVER BEFORE BECAUSE OF TARIFFS!
115431695569678615,2025-10-24T23:18:00+00:00,2025-10-24,23,truth_social,truth_social_dataset,sector_keywords|theme:jobs_economy,jobs_economy,12,13,"Congressman Andrew Clyde is doing a truly fantastic job representing the Great People of Georgia’s 9th Congressional District!
A Brave U.S. Navy Veteran, Andrew knows the Wisdom and Courage required to Defend our Country, Support our incredible Military/Veterans, and Ensure PEACE"
115433007140347848,2025-10-25T04:51:00+00:00,2025-10-25,4,truth_social,truth_social_dataset,sector_keywords,,12,13,"Congresswoman Nicole Malliotakis is a Tremendous Champion for New York’s 11th Congressional District!
As a Member of the POWERFUL House Appropriations Committee, Nicole knows the America First Policies required to Create GREAT Jobs, Cut Taxes and Regulations, and Champion our Nat"
115433006793180195,2025-10-25T04:51:00+00:00,2025-10-25,4,truth_social,truth_social_dataset,sector_keywords,,12,13,"Congressman Eli Crane is an America First Patriot who is doing an incredible job representing Arizona’s 2nd Congressional District!
A retired Navy SEAL, Eli bravely served our Nation in combat, and is doing a fantastic job in Congress. Eli is fighting tirelessly to Grow our Econo"
115433008069468996,2025-10-25T04:52:00+00:00,2025-10-25,4,truth_social,truth_social_dataset,sector_keywords,,12,13,"Congressman Nick Langworthy is an America First Patriot, who is doing a fantastic job representing New York’s 23rd Congressional District!
Nick served as the powerful Chairman of the New York Republican State Committee, prior to becoming a very distinguished and respected U.S. Co"
115433011374281959,2025-10-25T04:52:00+00:00,2025-10-25,4,truth_social,truth_social_dataset,sector_keywords,,12,13,"Congressman Jake Ellzey is an America First Patriot who is doing an incredible job representing Texas’ 6th Congressional District!
A former Navy fighter pilot and Combat Veteran, Jake knows the Wisdom and Courage required to Defend our Country, Support our Brave Military/Veterans"
115433010735171759,2025-10-25T04:52:00+00:00,2025-10-25,4,truth_social,truth_social_dataset,sector_keywords,,12,13,"Congressman Lance Gooden is an America First Patriot, who is doing a fantastic job representing Texas’ 5th Congressional District!
A MAGA Warrior, who has been with us from the very beginning, Lance is working hard to Grow our Economy, Cut Taxes and Regulations, Advance American "
115433009519508016,2025-10-25T04:52:00+00:00,2025-10-25,4,truth_social,truth_social_dataset,sector_keywords,,12,13,"Congressman Keith Self is a Tremendous Advocate for the Great People of Texas’ 3rd Congressional District!
A West Point Graduate and retired Army Ranger, Keith knows the Wisdom and Courage required to Defend our Country, Support our Incredible Military/Veterans, and Ensure PEACE "
115433010108866479,2025-10-25T04:52:00+00:00,2025-10-25,4,truth_social,truth_social_dataset,sector_keywords,,12,13,"Congressman Troy Nehls is doing a truly fantastic job representing the incredible People of Texas’ 22nd Congressional District!
As former Sheriff of Fort Bend County, and brave U.S. Army Veteran, Troy strongly supports our incredible Law Enforcement, Military, and Veterans, and k"
115433008735462318,2025-10-25T04:52:00+00:00,2025-10-25,4,truth_social,truth_social_dataset,sector_keywords,,12,13,"Congressman Claudia Tenney is a Fantastic Advocate for the Wonderful People of New York’s 24th Congressional District!
As the Chairwoman of the House Election Integrity Caucus, Claudia is an America First Fighter for Safeguarding our Cherished Right to Free and Fair Elections. Sh"
115433013824981623,2025-10-25T04:53:00+00:00,2025-10-25,4,truth_social,truth_social_dataset,sector_keywords,,12,13,"Congressman Brian Babin, D.D.S, is an incredible Representative of Texas’ 36th Congressional District!
As the Highly Respected Chairman of the House Science Committee, Brian is fighting hard to Grow our Economy, Cut Taxes and Regulations, Champion American Energy DOMINANCE, Promo"
115433013192840304,2025-10-25T04:53:00+00:00,2025-10-25,4,truth_social,truth_social_dataset,sector_keywords,,12,13,"Congressman “Doc” Ronny Jackson is an America First Patriot, who is doing a fantastic job representing Texas’ 13th Congressional District!
A distinguished Medical Doctor and U.S. Navy Veteran, “Doc” Ronny knows the Wisdom and Courage that is necessary to Defend our Country, Suppo"
115433011980643529,2025-10-25T04:53:00+00:00,2025-10-25,4,truth_social,truth_social_dataset,sector_keywords|theme:agriculture,agriculture,12,13,"Congressman August Pfluger is a Tremendous Champion for Texas’ 11th Congressional District!
As the Chairman of the Republican Study Committee, August is doing an incredible job advancing our America First Agenda. He is working hard to Grow our Economy, Cut Taxes and Regulations, "
115434861975122052,2025-10-25T12:43:00+00:00,2025-10-25,12,truth_social,truth_social_dataset,sector_keywords,,12,13,"Congressman Greg Murphy, M.D., is a Tremendous Champion for the incredible people of North Carolina’s 3rd Congressional District!
A distinguished Surgeon and Member of the House Veterans' Affairs Committee, Greg knows the Wisdom and Courage required to Defend our Country, Support"
115434862488071211,2025-10-25T12:43:00+00:00,2025-10-25,12,truth_social,truth_social_dataset,sector_keywords,,12,13,"Congressman Chuck Edwards is a MAGA Warrior who is doing a fantastic job representing North Carolina’s 11th Congressional District!
A proud Businessman, Civic Leader, and Highly Respected State Senator, prior to becoming a very distinguished U.S. Congressman, Chuck has dedicated "
115434864384907731,2025-10-25T12:44:00+00:00,2025-10-25,12,truth_social,truth_social_dataset,sector_keywords,,12,13,"Congressman Brad Knott is a terrific Representative for the incredible people of North Carolina’s 13th Congressional District!
As a former Criminal Prosecutor, Brad knows the Wisdom and Courage necessary to uphold our Constitution, and ensure LAW AND ORDER. A true America First P"
115434867478490056,2025-10-25T12:44:00+00:00,2025-10-25,12,truth_social,truth_social_dataset,sector_keywords|theme:agriculture,agriculture,12,13,"Congressman Marlin Stutzman is an America First Patriot, who is doing an incredible job representing the wonderful people of Indiana’s 3rd Congressional District!
A Fourth Generation Farmer, Marlin is a strong and effective Voice for American Agriculture. In Congress, he is fight"
115434866506983325,2025-10-25T12:44:00+00:00,2025-10-25,12,truth_social,truth_social_dataset,sector_keywords,,12,13,"Congressman Darin LaHood is a Tremendous Champion for Illinois’ 16th Congressional District!
As a Member of the POWERFUL House Ways & Means Committee, Darin understands the America First Policies required to Create GREAT Jobs, Cut Taxes and Regulations, Advance American Energy DO"
115434864876564194,2025-10-25T12:44:00+00:00,2025-10-25,12,truth_social,truth_social_dataset,sector_keywords,,12,13,"Congressman Mike Ezell is a fantastic Representative for the wonderful People of Mississippi’s 4th Congressional District!
As the former Sheriff of Jackson County, and now, Highly Respected U.S. Congressman, Mike strongly supports our incredible Law Enforcement, Military, and Vet"
115434868395866889,2025-10-25T12:45:00+00:00,2025-10-25,12,truth_social,truth_social_dataset,sector_keywords,,12,13,"Congressman Andy Ogles is doing a fantastic job representing the incredible people of Tennessee’s 5th Congressional District!
Andy is a Conservative Warrior who has strong support from his Community. In Congress, he is fighting tirelessly to Grow our Economy, Cut Taxes and Regula"
115434869707731740,2025-10-25T12:45:00+00:00,2025-10-25,12,truth_social,truth_social_dataset,sector_keywords,,12,13,"Congressman Jeff Hurd is an incredible Representative for the Great People of Colorado’s 3rd Congressional District!
Jeff has a strong Record of SUCCESS, and resounding support from his Community. In Congress, he is fighting tirelessly to Keep our now very Secure Border, SECURE, "
115434870750784024,2025-10-25T12:45:43.282000+00:00,2025-10-25,12,truth_social,cnn_truth_archive,sector_keywords|theme:agriculture,agriculture,12,13,"Congressman Jack Bergman is a Tremendous Champion for the Great People of Michigan's 1st Congressional District! A retired Lieutenant General of the U.S. Marine Corps, Jack bravely served our Nation in combat, and continues to make our Country proud in Congress. Jack is fighting "
115434875694997684,2025-10-25T12:46:00+00:00,2025-10-25,12,truth_social,truth_social_dataset,sector_keywords,,12,13,"Greg Steube is a tremendous Representative for the Great People of Florida’s 17th Congressional District!
A Former Captain of the U.S. Army JAG Corps, Greg knows the Wisdom and Courage that is required to Defend our Country, Support our Incredible Military/Veterans, and Champion "
115434874266267478,2025-10-25T12:46:00+00:00,2025-10-25,12,truth_social,truth_social_dataset,sector_keywords,,12,13,"Congressman Mike Haridopolos is an America First Patriot who is doing a fantastic job representing Florida’s 8th Congressional District!
A former Teacher, successful Businessman, and now, as U.S. Congressman, Mike has strongly served his Community with a career “loaded up” with a"
115434873038322093,2025-10-25T12:46:00+00:00,2025-10-25,12,truth_social,truth_social_dataset,sector_keywords,,12,13,"Congressman Randy Fine is a MAGA Warrior who is doing a fantastic job representing Florida’s 6th Congressional District!
A Harvard Educated and Successful Businessman, Randy was a Highly Respected State Legislator, prior to becoming a distinguished U.S. Congressman. He loves the "
115434871867209348,2025-10-25T12:46:00.320000+00:00,2025-10-25,12,truth_social,cnn_truth_archive,sector_keywords,,12,13,"Congressman Randy Fine is a MAGA Warrior who is doing a fantastic job representing Florida's 6th Congressional District! A Harvard Educated and Successful Businessman, Randy was a Highly Respected State Legislator, prior to becoming a distinguished U.S. Congressman. He loves the "
115434876884564053,2025-10-25T12:47:00+00:00,2025-10-25,12,truth_social,truth_social_dataset,sector_keywords|theme:agriculture,agriculture,12,13,"Congresswoman Lisa McClain is a Fantastic Advocate for the Great People of Michigan’s 9th Congressional District!
As the Chair of the House Republican Conference, Lisa is doing a truly fantastic job advancing our America First Agenda. She is working tirelessly to Grow our Economy"
115435125397678740,2025-10-25T13:50:00+00:00,2025-10-25,13,truth_social,truth_social_dataset,sector_keywords,,12,13,"Congresswoman Nicole Malliotakis is a Tremendous Champion for New York’s 11th Congressional District!
As a Member of the POWERFUL Ways & Means Committee, Nicole knows the America First Policies required to Create GREAT Jobs, Cut Taxes and Regulations, and Champion our Nation’s Go"
115435567269756205,2025-10-25T15:42:00+00:00,2025-10-25,15,truth_social,truth_social_dataset,sector_keywords,,12,13,"Richard Hudson is a Great Man, and TREMENDOUS Congressman, who is doing an outstanding job representing the wonderful people of North Carolina’s 9th Congressional District.
As Chairman of the National Republican Congressional Committee (NRCC), Richard is working tirelessly with m"
115435565492870939,2025-10-25T15:42:00+00:00,2025-10-25,15,truth_social,truth_social_dataset,sector_keywords|theme:agriculture,agriculture,12,13,"Congressman Addison McDowell is an America First Patriot, who is doing a fantastic job representing North Carolina’s 6th Congressional District!
A MAGA Warrior, Addison previously worked for Senator Ted Budd and Congressman Richard Hudson (Two outstanding leaders from the Great S"
115435565975811522,2025-10-25T15:42:00+00:00,2025-10-25,15,truth_social,truth_social_dataset,sector_keywords|theme:agriculture,agriculture,12,13,"Congressman David Rouzer is a terrific Representative for the incredible people of North Carolina’s 7th Congressional District!
A Proven Leader, David served as a Highly Respected State Senator and Small Businessman, prior to becoming a very distinguished U.S. Congressman. In Con"
115436151669143136,2025-10-25T18:11:00+00:00,2025-10-25,18,truth_social,truth_social_dataset,sector_keywords,,12,13,"Congressman Jimmy Patronis is a MAGA Warrior who is doing a fantastic job representing Florida’s 1st Congressional District!
A Fourth Generation Floridian from the beautiful Panhandle, and owner of an iconic seafood restaurant, Jimmy served as the Chief Financial Officer for the "
115436697060819133,2025-10-25T20:30:10.525000+00:00,2025-10-25,20,truth_social,cnn_truth_archive,sector_keywords|entity_mention|theme:tariffs_trade,tariffs_trade,19,20,"Canada was caught, red handed, putting up a fraudulent advertisement on Ronald Reagan's Speech on Tariffs. The Reagan Foundation said that they, ""created an ad campaign using selective audio and video of President Ronald Reagan. The ad misrepresents the Presidential Radio Address"
115437112529618205,2025-10-25T22:15:50.076000+00:00,2025-10-25,22,truth_social,cnn_truth_archive,entity_mention,,1,2,"I am on my way to Malaysia, where I will sign the great Peace Deal, which I proudly brokered between Cambodia and Thailand. Sadly, the Queen Mother of Thailand has just passed away. I send my condolences to the Great People of Thailand. I will be seeing their wonderful Prime Mini"
115444830915442121,2025-10-27T06:58:00+00:00,2025-10-27,6,truth_social,truth_social_dataset,sector_keywords|entity_mention|theme:taxes,taxes,6,7,"Why would anyone vote for New Jersey and Virginia Gubernatorial Candidates, Mikie Sherrill and Abigail Spanberger, when they want transgender for everybody, men playing in women’s sports, High Crime, and the most expensive Energy prices almost anywhere in the World? VOTE REPUBLIC"
115445047857168881,2025-10-27T07:53:53.562000+00:00,2025-10-27,7,truth_social,cnn_truth_archive,entity_mention,,1,2,Landing in Japan now. Looking forward to seeing the Emperor! President DJT
115445084269284249,2025-10-27T08:03:00+00:00,2025-10-27,8,truth_social,truth_social_dataset,sector_keywords|entity_mention,,6,7,"After winning THREE Elections, BY A LOT, I am now getting the best Polling Numbers that I have ever received. People see how strong the Economy is, the Trillions of Dollars of Investment pouring into our Country, the Record Setting Strong Border (After years of millions of crimin"
115456708839350276,2025-10-29T09:19:26.031000+00:00,2025-10-29,9,truth_social,cnn_truth_archive,entity_mention|theme:china,china,14,15,"Bringing back Trillions of Dollars to USA! A great trip. Dealing with very smart, talented, and wonderful Leaders. Tomorrow, President Xi of China. It will be a great meeting for both!!! President DJT"
115459538588191547,2025-10-29T21:19:00+00:00,2025-10-29,21,truth_social,truth_social_dataset,sector_keywords|theme:tariffs_trade,tariffs_trade,29,30,"South Korea has agreed to pay the USA 350 Billion Dollars for a lowering of the Tariff’s charged against them by the United States. Additionally, they have agreed to buy our Oil and Gas in vast quantities, and investments into our Country by wealthy South Korean Companies and Bus"
115459554252660428,2025-10-29T21:23:03.591000+00:00,2025-10-29,21,truth_social,cnn_truth_archive,entity_mention|theme:china,china,14,15,Very much looking forward to my meeting with President Xi of China. It will take place in a few hours! President DJT
115459612900259962,2025-10-29T21:37:58.483000+00:00,2025-10-29,21,truth_social,cnn_truth_archive,sector_keywords|entity_mention,,6,7,"Virginia and New Jersey, VOTE REPUBLICAN IF YOU WANT MASSIVE ENERGY COST AND CRIME REDUCTIONS. The Democrats will double and even triple your Energy Costs, and CRIME will be rampant. A vote for the Democrats is a DEATH WISH! VOTE REPUBLICAN!!!"
115459650821125830,2025-10-29T21:47:00+00:00,2025-10-29,21,truth_social,truth_social_dataset,sector_keywords|theme:tariffs_trade,tariffs_trade,29,30,"South Korea has agreed to pay the USA 350 Billion Dollars for a lowering of the Tariff’s charged against them by the United States. Additionally, they have agreed to buy our Oil and Gas in vast quantities, and investments into our Country by wealthy South Korean Companies and Bus"
115459712836946359,2025-10-29T22:03:00+00:00,2025-10-29,22,truth_social,truth_social_dataset,entity_mention,,1,2,"South Korea will be building its Nuclear Powered Submarine in the Philadelphia Shipyards, right here in the good ol’ U.S.A. Shipbuilding in our Country will soon be making a BIG COMEBACK. Stay tuned!!! President DJT"
115459721816394295,2025-10-29T22:05:40.411000+00:00,2025-10-29,22,truth_social,cnn_truth_archive,entity_mention,,1,2,https://truthsocial.com/users/joemccuiston/statuses/115459655502285032Thank you! President DJT
115459747028353384,2025-10-29T22:12:05.115000+00:00,2025-10-29,22,truth_social,cnn_truth_archive,entity_mention,,1,2,https://truthsocial.com/users/traleecan/statuses/115459728361788892Such an honor. Millions of lives saved. Thank you! President DJT
115460423936412555,2025-10-30T01:04:13.913000+00:00,2025-10-30,1,truth_social,cnn_truth_archive,sector_keywords|entity_mention|theme:defense_geopolitics|theme:china,defense_geopolitics/china,17,18,"The United States has more Nuclear Weapons than any other country. This was accomplished, including a complete update and renovation of existing weapons, during my First Term in office. Because of the tremendous destructive power, I HATED to do it, but had no choice! Russia is se"
115462098072054944,2025-10-30T08:09:59.238000+00:00,2025-10-30,8,truth_social,cnn_truth_archive,sector_keywords|entity_mention|theme:china|theme:agriculture,china/agriculture,19,20,"I had a truly great meeting with President Xi of China. There is enormous respect between our two Countries, and that will only be enhanced with what just took place. We agreed on many things, with others, even of high importance, being very close to resolved. I was extremely hon"
115466017324489749,2025-10-31T00:46:42.243000+00:00,2025-10-31,0,truth_social,cnn_truth_archive,sector_keywords|entity_mention|theme:pharma_healthcare,pharma_healthcare,6,7,"As I have said for years, OBAMACARE IS A DISASTER! Rates are going through the roof for really bad healthcare!!! Do something Democrats!!!"
115466450476422202,2025-10-31T02:36:00+00:00,2025-10-31,2,truth_social,truth_social_dataset,sector_keywords|theme:tariffs_trade|theme:china,tariffs_trade/china,25,26,"I just got back from Asia where I met the Leaders of many Countries, including China, Japan, South Korea, Malaysia, Australia, Canada, New Zealand, Singapore, Thailand, Cambodia, Vietnam, and others. It was a Great Honor to meet them but, more particularly, to see that America is"
115471065919157533,2025-10-31T22:10:00+00:00,2025-10-31,22,truth_social,truth_social_dataset,sector_keywords|entity_mention,,6,7,"Our Government lawyers do not think we have the legal authority to pay SNAP with certain monies we have available, and now two Courts have issued conflicting opinions on what we can and cannot do. I do NOT want Americans to go hungry just because the Radical Democrats refuse to d"
115476218592581611,2025-11-01T20:01:00+00:00,2025-11-01,20,truth_social,truth_social_dataset,sector_keywords|entity_mention,,6,7,"Seth Meyers of NBC may be the least talented person to “perform” live in the history of television. In fact, he may be the WORST to perform, live or otherwise. I watched his show the other night for the first time in years. In it he talked endlessly about electric catapults on ai"
115476261248208645,2025-11-01T20:11:52.110000+00:00,2025-11-01,20,truth_social,cnn_truth_archive,theme:china,china,13,14,My G2 meeting with President Xi of China was a great one for both of our countries. This meeting will lead to everlasting peace and success. God bless both China and the USA!
115481621608702748,2025-11-02T18:55:04.722000+00:00,2025-11-02,18,truth_social,cnn_truth_archive,entity_mention,,1,2,Jay Clayton is GREAT!!! President DJT https://wabcradio.com/episode/us-attorney-jay-clayton-sdny-nypd-is-essential-as-state-sponsored-drug-rings-hit-nyc-10-min/
115482790527492824,2025-11-02T23:52:00+00:00,2025-11-02,23,truth_social,truth_social_dataset,sector_keywords|entity_mention,,6,7,"America First Patriot Bruce Blakeman is doing a fantastic job as Nassau County Executive!
Bruce has been with us from the very beginning, and is 100% MAGA. He is working tirelessly with the Brave Heroes of Law Enforcement, ICE, and Border Patrol to Safeguard our Communities, Ensu"
115482797655964985,2025-11-02T23:54:00+00:00,2025-11-02,23,truth_social,truth_social_dataset,sector_keywords|entity_mention|theme:tariffs_trade|theme:stock_market_macro|theme:china|theme:fed_rates,tariffs_trade/stock_market_macro/china/fed_rates,25,26,"Next week’s Case on Tariffs is one of the most important in the History of the Country. If a President is not allowed to use Tariffs, we will be at a major disadvantage against all other Countries throughout the World, especially the “Majors.” In a true sense, we would be defense"
115482817545218922,2025-11-02T23:59:13.304000+00:00,2025-11-02,23,truth_social,cnn_truth_archive,sector_keywords|entity_mention,,6,7,"The Orthodox Jewish communities all across America voted in very big numbers for me in our Historic 2024 Presidential Campaign. Lakewood, New Jersey, was one of our biggest Wins anywhere in the Country with more than 90% of the Vote. On November 4th, the eyes of the Country are o"
115482993389104673,2025-11-03T00:43:00+00:00,2025-11-03,0,truth_social,truth_social_dataset,sector_keywords,,12,13,"Congressman Michael Guest is a fantastic Representative for the Great People of Mississippi’s 3rd Congressional District!
As Chairman of the House Ethics Committee, Michael is fighting tirelessly to Protect our Country against the Marxists, Socialists, and Communists on the Radic"
115482992338432058,2025-11-03T00:43:00+00:00,2025-11-03,0,truth_social,truth_social_dataset,sector_keywords,,12,13,"Congressman Mike Kelly, who has been with us from the very beginning, is a Tremendous Champion of Pennsylvania’s 16th Congressional District!
As a Senior Member of the POWERFUL House Ways & Means Committee, Mike understands the America First Policies required to Create GREAT Jobs"
115482990032900099,2025-11-03T00:43:05.260000+00:00,2025-11-03,0,truth_social,cnn_truth_archive,sector_keywords|theme:agriculture,agriculture,12,13,"Sarah Huckabee Sanders is doing an incredible job as Governor of Arkansas, a State I love and WON BIG in 2016, 2020, and 2024! In my First Administration, Sarah strongly advocated for our America First Agenda as White House Press Secretary. Now, Sarah is a very distinguished and "
115482994992396118,2025-11-03T00:44:00+00:00,2025-11-03,0,truth_social,truth_social_dataset,sector_keywords,,7,8,"Congressman Pat Fallon is a fantastic Representative for the wonderful People of Texas’ 4th Congressional District!
An Air Force Veteran, successful Businessman, former National Championship Winning Notre Dame football player under the LEGENDARY Coach Lou Holtz, and now, as Congr"
115482994183924113,2025-11-03T00:44:00+00:00,2025-11-03,0,truth_social,truth_social_dataset,sector_keywords|theme:agriculture,agriculture,12,13,"Congresswoman Mariannette Miller-Meeks is an incredibly strong advocate for the Great People of Iowa’s 1st Congressional District!
A distinguished Medical Doctor and U.S. Army Veteran, Mariannette knows the America First Policies required to Defend our Country, Support our Brave "
115483335025617789,2025-11-03T02:10:00+00:00,2025-11-03,2,truth_social,truth_social_dataset,sector_keywords,,12,13,"Congressman Blake Moore is a Tremendous Champion for Utah’s 1st Congressional District!
As the Vice Chairman of the House Republican Conference, Blake is doing an incredible job advancing our America First Agenda. He is working hard to Grow our Economy, Cut Taxes and Regulations,"
115483334603209840,2025-11-03T02:10:00+00:00,2025-11-03,2,truth_social,truth_social_dataset,sector_keywords,,12,13,"Congressman Trent Kelly is doing a truly fantastic job representing the incredible people of Mississippi’s 1st Congressional District!
A Brave U.S. Army Veteran, and former Criminal Prosecutor, Trent knows the Wisdom and Courage it takes to ensure LAW AND ORDER, strongly support "
115483337042625634,2025-11-03T02:11:00+00:00,2025-11-03,2,truth_social,truth_social_dataset,sector_keywords,,12,13,"Congressman Mike Kennedy, M.D., is a Fantastic Advocate for Utah’s 3rd Congressional District!
A Proven Leader, Mike has served his Community well as a Family Physician, Lawyer, and Highly Respected State Legislator, prior to becoming a distinguished Congressman. In Congress, he "
115483335781073046,2025-11-03T02:11:00+00:00,2025-11-03,2,truth_social,truth_social_dataset,sector_keywords,,12,13,"Congresswoman Celeste Maloy is an incredible Representative for the Great People of Utah’s 2nd Congressional District!
Celeste has a strong Record of Success, and resounding support from her Community. In Congress, she is working hard to Keep our now very Secure Border, SECURE, S"
115483339842449904,2025-11-03T02:12:00+00:00,2025-11-03,2,truth_social,truth_social_dataset,sector_keywords,,12,13,"Congressman Burgess Owens is an America First Patriot who is doing an incredible job representing Utah’s 4th Congressional District!
A former Super Bowl Champion who knows how to WIN, Burgess is doing a fantastic job in Congress. He is working hard to Grow our Economy, Cut Taxes "
115483345591728067,2025-11-03T02:13:00+00:00,2025-11-03,2,truth_social,truth_social_dataset,sector_keywords,,12,13,"Congressman Brett Guthrie is a Tremendous Champion for Kentucky’s 2nd Congressional District!
As the Chairman of the House Energy and Commerce Committee, Brett is working tirelessly to Advance American Energy DOMINANCE, Create GREAT Jobs, Cut Taxes and Regulations, Promote MADE I"
115483346572613945,2025-11-03T02:13:00+00:00,2025-11-03,2,truth_social,truth_social_dataset,sector_keywords,,12,13,"Congressman Hal Rogers is an incredibly strong advocate for the wonderful people of Kentucky’s 5th Congressional District!
The Dean of the U.S. House, Hal has never stopped fighting for the Working Men and Women of Kentucky’s Appalachian region. In Congress, Hal is working tirele"
115483347669595966,2025-11-03T02:14:00+00:00,2025-11-03,2,truth_social,truth_social_dataset,sector_keywords,,12,13,"Congressman James Comer is a fantastic Representative for the Great People of Kentucky’s 1st Congressional District!
As the Chairman of the House Oversight Committee, James is fighting tirelessly to hold the Radical Left Accountable for their Blatant Corruption, and the Death and"
115483376777280289,2025-11-03T02:21:00+00:00,2025-11-03,2,truth_social,truth_social_dataset,sector_keywords|theme:agriculture,agriculture,12,13,"Congressman Rick Crawford is an America First Patriot, who is doing an incredible job representing Arkansas’ 1st Congressional District!
A Brave U.S. Army Veteran, and former News Anchor and Agriculture Reporter, Rick knows the Wisdom and Courage required to confront the Corrupt "
115483375767326344,2025-11-03T02:21:00+00:00,2025-11-03,2,truth_social,truth_social_dataset,sector_keywords,,12,13,"Congressman Steve Womack is doing a truly fantastic job representing the Great People of Arkansas’ 3rd Congressional District!
A Brave U.S. Army Veteran, Steve knows the Wisdom and Courage required to Defend our Country, Support our Brave Military/Veterans, and Ensure PEACE THROU"
115483382708030237,2025-11-03T02:22:00+00:00,2025-11-03,2,truth_social,truth_social_dataset,sector_keywords,,12,13,"Congressman French Hill is doing an incredible job representing the amazing people of Arkansas’ 2nd Congressional District!
As the Chairman of the House Financial Services Committee, French knows the America First Policies required to Create GREAT Jobs, Cut Taxes and Regulations,"
115483381794647329,2025-11-03T02:22:00+00:00,2025-11-03,2,truth_social,truth_social_dataset,sector_keywords,,12,13,"Congressman Bruce Westerman is a Tremendous Champion for Arkansas’ 4th Congressional District!
A former Arkansas Razorback football player, Bruce knows how to WIN. As the Chairman of the House Natural Resources Committee, Bruce is working hard to Advance Pro Growth Policies, Cham"
115483398591251199,2025-11-03T02:26:00+00:00,2025-11-03,2,truth_social,truth_social_dataset,sector_keywords|theme:agriculture,agriculture,12,13,"Congressman Robert Aderholt is a Tremendous Champion for Alabama’s 4th Congressional District!
As a Member of the POWERFUL House Appropriations Committee, Robert knows the America First Policies required to Create GREAT Jobs, Cut Taxes and Regulations, Promote MADE IN THE U.S.A.,"
115483397195615826,2025-11-03T02:26:00+00:00,2025-11-03,2,truth_social,truth_social_dataset,sector_keywords,,12,13,"Congressman Mike Rogers is doing a truly fantastic job representing the Great People of Alabama’s 3rd Congressional District!
As the first Chairman of the House Armed Services Committee from Alabama, Mike is working tirelessly to advance our AMERICA FIRST Agenda. He knows the Wis"
115483401027909719,2025-11-03T02:27:00+00:00,2025-11-03,2,truth_social,truth_social_dataset,sector_keywords,,12,13,"Congressman Gary Palmer is doing a fantastic job representing the incredible people of Alabama’s 6th Congressional District!
Gary is a Conservative Warrior who has strong support from his Community. In Congress, he is working hard to Grow our Economy, Cut Taxes and Regulations, P"
115483400223477879,2025-11-03T02:27:00+00:00,2025-11-03,2,truth_social,truth_social_dataset,sector_keywords|theme:agriculture,agriculture,12,13,"Congressman Dale Strong is a terrific Representative for the incredible people of Alabama’s 5th Congressional District!
Dale has a Strong Record of SUCCESS, and compelling support from his Community. In Congress, he is fighting tirelessly to Champion our Amazing Farmers and Ranch"
115483437897423013,2025-11-03T02:36:00+00:00,2025-11-03,2,truth_social,truth_social_dataset,sector_keywords|theme:jobs_economy,jobs_economy,12,13,"Congressman Roger Williams is a Tremendous Champion for the incredible people of Texas’ 25th Congressional District!
As a very successful Businessman, and Chairman of the House Small Business Committee, Roger knows the America First Policies required to Grow our Economy, Create G"
115483436982762122,2025-11-03T02:36:00+00:00,2025-11-03,2,truth_social,truth_social_dataset,sector_keywords,,12,13,"Congresswoman Beth Van Duyne is a fantastic Champion for the Great People of Texas’ 24th Congressional District!
A former appointee in my First Administration, where she worked hard to advance our America First Agenda, Beth is now a very distinguished and highly respected Congres"
115483435191255103,2025-11-03T02:36:00+00:00,2025-11-03,2,truth_social,truth_social_dataset,sector_keywords|theme:agriculture,agriculture,12,13,"Congressman Pete Sessions is a Tremendous Champion for Texas’ 17th Congressional District!
As former Chairman of the House Rules Committee and the National Republican Congressional Committee, Pete has served in Congress during a career “loaded up” with accolades and WINS, always "
115483434354278744,2025-11-03T02:36:00+00:00,2025-11-03,2,truth_social,truth_social_dataset,sector_keywords,,12,13,"Congressman Jodey Arrington is doing an incredible job representing the amazing people of Texas’ 19th Congressional District!
As the Chairman of the House Budget Committee, Jodey knows the America First Policies required to Create GREAT Jobs, Cut Taxes and Regulations, Promote MA"
115483488236956361,2025-11-03T02:49:47.249000+00:00,2025-11-03,2,truth_social,cnn_truth_archive,sector_keywords|theme:agriculture,agriculture,12,13,"Congresswoman Monica De La Cruz is doing an incredible job representing the wonderful people of Texas' 15th Congressional District!
 
A very successful Small Businesswoman, Monica knows the AMERICA FIRST Policies necessary to Create GREAT Jobs, Unleash Innovation, and Restore Ame"
115483489851598217,2025-11-03T02:50:11.884000+00:00,2025-11-03,2,truth_social,cnn_truth_archive,sector_keywords,,12,13,"Congressman Brandon Gill is a ""MAGA"" Warrior for the wonderful people of Texas' 26th Congressional District! I have known Brandon's family for many years. He has an incredible wife, Danielle, two beautiful children, and a truly great father-in-law, Dinesh D'Souza.
 
As the Freshm"
115483491309251871,2025-11-03T02:50:34.127000+00:00,2025-11-03,2,truth_social,cnn_truth_archive,sector_keywords,,12,13,"Congressman Ryan Mackenzie is an America First Patriot, who is doing an incredible job representing the Great People of Pennsylvania's 7th Congressional District!
 
In Congress, Ryan is fighting tirelessly to Create Jobs, Cut Taxes, Secure our Border, Support our Incredible Milit"
115483492025820257,2025-11-03T02:50:45.060000+00:00,2025-11-03,2,truth_social,cnn_truth_archive,sector_keywords|entity_mention,,6,7,"Congressman Rob Bresnahan is a terrific Representative of Pennsylvania's 8th Congressional District!
 
A Highly Successful Businessman, Rob is working hard to Create Jobs, Cut Taxes, Stop Wasteful Spending, and Unleash the American Dream. In his next term, Rob will help us Secure"
115483496366694822,2025-11-03T02:51:00+00:00,2025-11-03,2,truth_social,truth_social_dataset,sector_keywords|theme:agriculture,agriculture,12,13,"Congressman Lloyd Smucker is a terrific Representative for the wonderful people of Pennsylvania’s 11th Congressional District!
A Proven Leader, Lloyd served as a Highly Respected State Senator and Businessman, prior to becoming a very distinguished U.S. Congressman. In Congress, "
115483495393568211,2025-11-03T02:51:00+00:00,2025-11-03,2,truth_social,truth_social_dataset,sector_keywords,,12,13,"Congressman Dan Meuser is an America First Patriot who is doing an incredible job representing Pennsylvania’s 9th Congressional District!
A very successful Businessman, former Secretary of Revenue of Pennsylvania, and now, as U.S. Congressman, Dan has strongly served his Communit"
115483493122773638,2025-11-03T02:51:01.801000+00:00,2025-11-03,2,truth_social,cnn_truth_archive,sector_keywords|entity_mention,,6,7,"Congressman Scott Perry is a tremendous Representative for the Great People of Pennsylvania's 10th Congressional District!
 
A retired Army Brigadier General, Scott is a MAGA Warrior, who always puts AMERICA FIRST. Scott is working tirelessly with me to Secure the Border, Stop Mi"
115483493833786784,2025-11-03T02:51:12.650000+00:00,2025-11-03,2,truth_social,cnn_truth_archive,sector_keywords,,12,13,"Congressman John Joyce is a fantastic Champion for Pennsylvania's 13th Congressional District!
 
An Original Member of my Pennsylvania Federal Leadership Team, John is fighting hard in Congress to Secure the Border, Unleash American Energy, Support our Military/Veterans, Defend o"
115483494581672791,2025-11-03T02:51:24.061000+00:00,2025-11-03,2,truth_social,cnn_truth_archive,sector_keywords,,12,13,"Congressman Guy Reschenthaler is doing an incredible job representing Pennsylvania's 14th Congressional District!
 
As the Chief Deputy Whip, Guy is working closely with me to Advance our America First Agenda. He is fighting hard to Help Secure our now VERY Secure (Record Setting"
115483497131354385,2025-11-03T02:52:00+00:00,2025-11-03,2,truth_social,truth_social_dataset,sector_keywords|theme:agriculture,agriculture,12,13,"Congressman Glenn “GT” Thompson is a Tremendous Champion for Pennsylvania’s 15th Congressional District!
As Chairman of the House Agriculture Committee, GT is a strong and effective voice for American Agriculture, and our amazing Farmers and Ranchers. In Congress, he is fighting "
115483506187792362,2025-11-03T02:54:21.156000+00:00,2025-11-03,2,truth_social,cnn_truth_archive,sector_keywords|theme:agriculture,agriculture,12,13,"Congressman Max Miller is a fantastic Champion for the Great People of Ohio's 1st Congressional District!
 
Max bravely served our Country in the U.S. Marine Corps and, during my First Administration, worked hard to advance our AMERICA FIRST Agenda. In Congress, Max continues to "
115483583008573608,2025-11-03T03:13:00+00:00,2025-11-03,3,truth_social,truth_social_dataset,sector_keywords,,12,13,"Congressman Bob Latta is a Tremendous Champion for Ohio’s 5th Congressional District!
A Proven Leader, Bob has served his Community well as a Highly Respected State Legislator, Wood County Commissioner, and Attorney, prior to becoming a distinguished Congressman. In Congress, he "
115483585666476879,2025-11-03T03:14:00+00:00,2025-11-03,3,truth_social,truth_social_dataset,sector_keywords|entity_mention,,6,7,"Congressman Jim Jordan is an America First Patriot who is doing an incredible job representing Ohio’s 4th Congressional District!
As Chairman of the House Judiciary Committee, Jim is fighting tirelessly to Protect our Country against the Marxists, Socialists, and Communists on th"
115483588957385542,2025-11-03T03:15:00+00:00,2025-11-03,3,truth_social,truth_social_dataset,sector_keywords,,12,13,"Congressman Mike Rulli is an America First Patriot who is doing a fantastic job representing Ohio’s 6th Congressional District!
A successful Businessman, Civic Leader, and State Senator, prior to becoming a respected Congressman, Mike has dedicated his life to serving his Communi"
115483597298904555,2025-11-03T03:17:00+00:00,2025-11-03,3,truth_social,truth_social_dataset,sector_keywords,,12,13,"Congressman Mike Turner is doing a truly fantastic job representing the wonderful people of Ohio’s 10th Congressional District!
As a Senior Member of the POWERFUL House Armed Services Committee, Mike understands the Wisdom and Courage required to Defend our Country, Support our i"
115483600717795173,2025-11-03T03:18:00+00:00,2025-11-03,3,truth_social,truth_social_dataset,sector_keywords,,12,13,"Warren Davidson is a fantastic Representative for the Great People of Ohio’s 8th Congressional District!
A West Point Graduate and U.S. Army Ranger, Warren knows the Wisdom and Courage that is required to Defend our Country, Support our incredible Military/Veterans, and Ensure PE"
115483604966976923,2025-11-03T03:19:00+00:00,2025-11-03,3,truth_social,truth_social_dataset,sector_keywords,,12,13,"Congressman Troy Balderson is a terrific Representative for the incredible people of Ohio’s 12th Congressional District!
A Proven Leader, Troy served as a Highly Respected State Legislator and Businessman, prior to becoming a very distinguished U.S. Congressman. He is fighting ti"
115483612584051928,2025-11-03T03:21:00+00:00,2025-11-03,3,truth_social,truth_social_dataset,sector_keywords,,12,13,"Congressman Mike Carey is a Fantastic Advocate for Ohio’s 15th Congressional District!
As a Member of the POWERFUL House Ways & Means Committee, Mike understands the America First Policies required to Create GREAT Jobs, Cut Taxes and Regulations, Unleash American Energy DOMINANCE"
115483611124274810,2025-11-03T03:21:00+00:00,2025-11-03,3,truth_social,truth_social_dataset,sector_keywords,,12,13,"Congressman Dave Joyce is doing an incredible job representing the wonderful people of Ohio’s 14th Congressional District!
A former Criminal Prosecutor, Dave strongly supports our incredible Law Enforcement, Military, and Veterans. He knows the Wisdom and Courage required to ensu"
115487408895007566,2025-11-03T19:26:00+00:00,2025-11-03,19,truth_social,truth_social_dataset,sector_keywords,,12,13,"Scott Franklin is a fantastic Representative for the Great People of Florida’s 18th Congressional District!
A U.S. Naval Academy Graduate and retired Navy Commander, Scott knows the Wisdom and Courage that is required to Defend our Country, Support our incredible Military/Veteran"
115487407766645489,2025-11-03T19:26:00+00:00,2025-11-03,19,truth_social,truth_social_dataset,sector_keywords,,12,13,"Congressman Vern Buchanan, who has been with us from the very beginning, is a Fantastic Advocate of Florida’s 16th Congressional District!
As a very successful Businessman, and the Vice Chairman of the POWERFUL House Ways & Means Committee, Vern understands the America First Poli"
115487407342367814,2025-11-03T19:26:00+00:00,2025-11-03,19,truth_social,truth_social_dataset,sector_keywords,,12,13,"Congressman Gus Bilirakis is a Tremendous Champion for Florida’s 12th Congressional District!
As a Senior Member of the POWERFUL House Energy and Commerce Committee, Gus is working tirelessly to Advance American Energy DOMINANCE, Create GREAT Jobs, Cut Taxes and Regulations, Prom"
115487413163865371,2025-11-03T19:27:00+00:00,2025-11-03,19,truth_social,truth_social_dataset,sector_keywords|theme:agriculture,agriculture,12,13,"Congressman Scott Fitzgerald is doing a truly fantastic job representing the Great People of Wisconsin’s 5th Congressional District!
A retired Lieutenant Colonel in the U.S. Army Reserve, Scott knows the Wisdom and Courage required to Defend our Country, Support our incredible Mi"
115487409928245363,2025-11-03T19:27:00+00:00,2025-11-03,19,truth_social,truth_social_dataset,sector_keywords,,12,13,"Congressman Mario Diaz-Balart is doing an incredible job representing Florida’s 26th Congressional District!
A Proven Leader, Mario served his Community as a Highly Respected State Legislator and Civic Leader, prior to becoming a very distinguished Congressman. In Congress, he is"
115487416652012147,2025-11-03T19:28:00+00:00,2025-11-03,19,truth_social,truth_social_dataset,sector_keywords,,12,13,"Congressman Mike Flood is doing a fantastic job representing Nebraska’s 1st Congressional District!
A very successful Businessman, Civic Leader, and Highly Respected Speaker of the Nebraska Legislature, prior to becoming a very distinguished U.S. Congressman, Mike has dedicated h"
115487417269482211,2025-11-03T19:28:00+00:00,2025-11-03,19,truth_social,truth_social_dataset,sector_keywords|theme:agriculture,agriculture,12,13,"Congressman Adrian Smith is a Tremendous Champion for Nebraska’s 3rd Congressional District!
As a Member of the POWERFUL Ways & Means Committee, Adrian knows the America First Policies required to Promote our Amazing Farmers and Ranchers, Create GREAT Jobs, Cut Taxes and Regulati"
115487414487226114,2025-11-03T19:28:00+00:00,2025-11-03,19,truth_social,truth_social_dataset,sector_keywords|theme:jobs_economy,jobs_economy,12,13,"Congressman Tony Wied is an America First Patriot and Tremendous Champion for the incredible people of Wisconsin’s 8th Congressional District!
As a very successful Businessman, Tony knows the America First Policies required to Grow our Economy, Create GREAT Jobs, Cut Taxes and Re"
115487413806174322,2025-11-03T19:28:00+00:00,2025-11-03,19,truth_social,truth_social_dataset,sector_keywords|theme:agriculture,agriculture,12,13,"Congressman Glenn Grothman is doing an incredible job representing Wisconsin’s 6th Congressional District!
Glenn is a MAGA Warrior with a Strong Record of Success, and resounding support from his Community. In Congress, he is working tirelessly to Keep our now very Secure Border,"
115487415350975092,2025-11-03T19:28:30.214000+00:00,2025-11-03,19,truth_social,cnn_truth_archive,sector_keywords|entity_mention|theme:agriculture,agriculture,6,7,"Congressman Bryan Steil is a Tremendous Advocate for the Wonderful People of Wisconsin's 1st Congressional District!
 
As the Chair of the House Administration Committee, Bryan is an America First Fighter for Election Integrity. He is working tirelessly to Grow the Economy, Help "
115487416040700648,2025-11-03T19:28:40.737000+00:00,2025-11-03,19,truth_social,cnn_truth_archive,sector_keywords|entity_mention|theme:agriculture,agriculture,6,7,"Congressman Derrick Van Orden is an America First Warrior for Wisconsin's 3rd Congressional District.
 
A retired Navy SEAL, Derrick bravely served our Country in combat, and brings that same Fighting Spirit to Congress. Derrick is working hard to Champion our Great Farmers and A"
115487419101245893,2025-11-03T19:29:00+00:00,2025-11-03,19,truth_social,truth_social_dataset,sector_keywords|theme:jobs_economy,jobs_economy,12,13,"Congressman Jason Smith is an America First Patriot, who is doing a fantastic job representing Missouri’s 8th Congressional District!
As the Chairman of the POWERFUL House Ways & Means Committee, Jason knows the America First Policies required to Create GREAT Jobs, Cut Taxes and "
115487418490322231,2025-11-03T19:29:00+00:00,2025-11-03,19,truth_social,truth_social_dataset,sector_keywords,,12,13,"Congressman Eric Burlison is a MAGA Warrior who is doing an incredible job representing Missouri’s 7th Congressional District!
A successful Businessman, Civic Leader, and State Legislator, prior to becoming a Highly Respected Congressman, Eric has dedicated his life to serving hi"
115487417887119597,2025-11-03T19:29:00+00:00,2025-11-03,19,truth_social,truth_social_dataset,sector_keywords|theme:agriculture,agriculture,12,13,"Congressman Sam Graves is an incredible Representative for the wonderful people of Missouri’s 6th Congressional District!
A Sixth Generation Farmer, Sam is a strong and effective voice for American Agriculture. In Congress, he is fighting tirelessly to Cut Taxes and Regulations, "
115487420258581068,2025-11-03T19:29:45.098000+00:00,2025-11-03,19,truth_social,cnn_truth_archive,sector_keywords,,12,13,"Congresswoman Ann Wagner is doing an incredible job representing the amazing people of Missouri's 2nd Congressional District!
 
As the Chair of the Financial Services Subcommittee on Capital Markets, Ann knows the AMERICA FIRST Policies required to Create GREAT Jobs, Cut Taxes an"
115487423618581189,2025-11-03T19:30:00+00:00,2025-11-03,19,truth_social,truth_social_dataset,sector_keywords,,12,13,"Congresswoman Michelle Fischbach is a terrific Representative for the incredible people of Minnesota’s 7th Congressional District!
A Proven Leader, Michelle served as the Highly Respected President of the Minnesota Senate, and Lieutenant Governor, prior to becoming a very disting"
115487424416949967,2025-11-03T19:30:00+00:00,2025-11-03,19,truth_social,truth_social_dataset,sector_keywords,,12,13,"Congressman Pete Stauber is doing a fantastic job representing the wonderful people of Minnesota’s 8th Congressional District!
A Former Police Officer and Professional Hockey Player, Pete is a WINNER who strongly supports our incredible Law Enforcement, Military, and Veterans, an"
115487422134481211,2025-11-03T19:30:00+00:00,2025-11-03,19,truth_social,truth_social_dataset,sector_keywords|theme:agriculture,agriculture,12,13,"Congresswoman Brad Finstad is a fantastic Representative of Minnesota’s 1st Congressional District!
A Fourth Generation Family Farmer, and Member of the House Agriculture Committee, Brad is a strong and effective voice for our amazing Farmers and Ranchers. In Congress, Brad is wo"
115487423040942295,2025-11-03T19:30:27.551000+00:00,2025-11-03,19,truth_social,cnn_truth_archive,sector_keywords,,12,13,"Congressman Tom Emmer is an America First Patriot who is a fantastic Champion for Minnesota's 6th Congressional District! As the Majority Whip of the U.S. House of Representatives, Tom is doing a tremendous job advancing our America First Agenda. He is fighting tirelessly to Grow"
115487452294166543,2025-11-03T19:37:00+00:00,2025-11-03,19,truth_social,truth_social_dataset,sector_keywords,,12,13,"Congressman Rob Wittman is doing a truly fantastic job representing the wonderful people of Virginia’s 1st Congressional District!
As the Vice Chairman of the House Armed Services Committee, Mike is working tirelessly to advance our America First Agenda. He understands the Wisdom"
115487451656777132,2025-11-03T19:37:00+00:00,2025-11-03,19,truth_social,truth_social_dataset,sector_keywords|theme:agriculture,agriculture,12,13,"Congressman Mike Simpson is a Fantastic Advocate for Idaho’s 2nd Congressional District!
Mike served as the Highly Respected Speaker of the Idaho House of Representatives, prior to becoming a very distinguished U.S. Congressman. In Congress, he is fighting tirelessly to Grow our "
115487451093103232,2025-11-03T19:37:00+00:00,2025-11-03,19,truth_social,truth_social_dataset,sector_keywords|theme:agriculture,agriculture,12,13,"Congressman Russ Fulcher is a Tremendous Champion for Idaho’s 1st Congressional District!
A Fourth Generation Idahoan, Russ served as a State Senator for 10 years prior to becoming a very distinguished and respected U.S. Congressman. He is fighting tirelessly to Grow our Economy,"
115487456380926200,2025-11-03T19:38:00+00:00,2025-11-03,19,truth_social,truth_social_dataset,sector_keywords,,12,13,"Congressman Tim Burchett is an America First Patriot who is doing a fantastic job representing Tennessee’s 2nd Congressional District!
A former Mayor of Knox County, State Legislator, and now, as U.S. Congressman, Tim has strongly served his Community with a career “loaded up” wi"
115487455722792140,2025-11-03T19:38:00+00:00,2025-11-03,19,truth_social,truth_social_dataset,sector_keywords|theme:agriculture,agriculture,12,13,"Congresswoman Diana Harshbarger is doing an incredible job representing the wonderful people of Tennessee’s 1st Congressional District!
A very successful Pharmacist and Businesswoman, Diana knows the America First Policies required to Create GREAT Jobs, Unleash Innovation, and Ad"
115487453441228308,2025-11-03T19:38:00+00:00,2025-11-03,19,truth_social,truth_social_dataset,sector_keywords,,12,13,"Congressman Morgan Griffith is a Fantastic Advocate for Virginia’s 9th Congressional District!
As a Member of the POWERFUL House Energy and Commerce Committee, Morgan is working tirelessly to Advance American Energy DOMINANCE, Create GREAT Jobs, Cut Taxes and Regulations, Promote"
115487452865254311,2025-11-03T19:38:00+00:00,2025-11-03,19,truth_social,truth_social_dataset,sector_keywords,,12,13,"Congressman Ben Cline is a Tremendous Champion for Virginia’s 6th Congressional District!
A former State Legislator and Criminal Prosecutor, Ben knows the Wisdom and Courage it takes to ensure LAW AND ORDER, strongly support our Great Heroes in Law Enforcement, and champion our w"
115487454024721017,2025-11-03T19:38:20.332000+00:00,2025-11-03,19,truth_social,cnn_truth_archive,sector_keywords|theme:oil_energy_geopolitics,oil_energy_geopolitics,12,13,"Congresswoman Jen Kiggans is a Tremendous Advocate for the Great People of Virginia's 2nd Congressional District!
 
A former Navy helicopter pilot, Jen knows how to Defend our Country, Support our Brave Military/Veterans, and Ensure PEACE THROUGH STRENGTH. In Congress, Jen is wor"
115487454603803196,2025-11-03T19:38:29.168000+00:00,2025-11-03,19,truth_social,cnn_truth_archive,sector_keywords|theme:jobs_economy,jobs_economy,12,13,"Congressman John McGuire is an America First Warrior for Virginia's 5th Congressional District. John bravely served our Great Country as a U.S. Navy SEAL, and is doing an incredible job fighting for the people of Rural Virginia. He is working hard to Grow our Economy, Create GREA"
115487458723482669,2025-11-03T19:39:00+00:00,2025-11-03,19,truth_social,truth_social_dataset,sector_keywords,,12,13,"Congresswoman David Kustoff is a Tremendous Champion for Tennessee’s 8th Congressional District!
As a former Criminal Prosecutor, David knows the Wisdom and Courage required to uphold our Constitution, and ensure LAW AND ORDER. A true America First Patriot, David is fighting tire"
115487457628694653,2025-11-03T19:39:00+00:00,2025-11-03,19,truth_social,truth_social_dataset,sector_keywords|theme:agriculture,agriculture,12,13,"Congresswoman Scott DesJarlais is a Fantastic Advocate for Tennessee’s 4th Congressional District!
As a Member of the House Agriculture Committee, Scott is a strong and effective voice for American Agriculture, and our amazing Farmers and Ranchers. In Congress, he is working hard"
115487456971332644,2025-11-03T19:39:00+00:00,2025-11-03,19,truth_social,truth_social_dataset,sector_keywords|theme:agriculture,agriculture,12,13,"Congressman Chuck Fleischmann is a terrific Representative for the incredible people of Tennessee’s 3rd Congressional District!
Chuck is a MAGA Warrior with a Strong Record of Success, and compelling support from his Community. In Congress, he is working hard to Promote our Amazi"
115487509118195615,2025-11-03T19:52:00+00:00,2025-11-03,19,truth_social,truth_social_dataset,sector_keywords|theme:agriculture,agriculture,12,13,"Congressman Scott DesJarlais is a Fantastic Advocate for Tennessee’s 4th Congressional District!
As a Member of the House Agriculture Committee, Scott is a strong and effective voice for American Agriculture, and our amazing Farmers and Ranchers. In Congress, he is working hard t"
115487507787596823,2025-11-03T19:52:00+00:00,2025-11-03,19,truth_social,truth_social_dataset,sector_keywords,,12,13,"Congressman David Kustoff is a Tremendous Champion for Tennessee’s 8th Congressional District!
As a former Criminal Prosecutor, David knows the Wisdom and Courage required to uphold our Constitution, and ensure LAW AND ORDER. A true America First Patriot, David is fighting tirele"
115487516919335021,2025-11-03T19:54:00+00:00,2025-11-03,19,truth_social,truth_social_dataset,sector_keywords|theme:agriculture,agriculture,12,13,"Congressman Brad Finstad is a fantastic Representative of Minnesota’s 1st Congressional District!
A Fourth Generation Family Farmer, and Member of the House Agriculture Committee, Brad is a strong and effective voice for our amazing Farmers and Ranchers. In Congress, Brad is work"
115487523238345065,2025-11-03T19:55:00+00:00,2025-11-03,19,truth_social,truth_social_dataset,sector_keywords,,12,13,"Congressman Mark Amodei is doing a fantastic job representing Nevada’s 2nd Congressional District!
Mark honorably served his Community and Nation as a Brave U.S. Army JAG Officer, Highly Respected State Legislator, and Chairman of the Nevada Republican Party, prior to becoming a "
115487522476295727,2025-11-03T19:55:00+00:00,2025-11-03,19,truth_social,truth_social_dataset,sector_keywords|theme:agriculture,agriculture,12,13,"Congressman Michael Baumgartner is an incredible Representative of Washington’s 5th Congressional District!
Michael served as the Treasurer of Spokane County for six years prior to becoming a distinguished and Highly Respected Congressman. In Congress, he is working hard to Champ"
115487520305552246,2025-11-03T19:55:00+00:00,2025-11-03,19,truth_social,truth_social_dataset,sector_keywords,,12,13,"Congressman Ryan Zinke is a fantastic Representative for the Great People of Montana’s 1st Congressional District!
A former Secretary of the Interior in my First Administration, where he worked to advance our America First Agenda, Ryan continues to fight hard in Congress to Keep "
115487521272358814,2025-11-03T19:55:26.488000+00:00,2025-11-03,19,truth_social,cnn_truth_archive,sector_keywords|theme:agriculture,agriculture,12,13,"Congressman Troy Downing is doing a truly fantastic job representing the Incredible People of Montana's 2nd Congressional District!
 
Troy bravely served our Great Country in the U.S. Air Force as a Combat Veteran and, in Congress, he is fighting tirelessly to Support our Farmers"
115487524223496553,2025-11-03T19:56:00+00:00,2025-11-03,19,truth_social,truth_social_dataset,sector_keywords,,12,13,"Congressman Josh Brecheen is doing a fantastic job representing the wonderful people of Oklahoma’s 2nd Congressional District!
Josh is a Conservative Warrior who has strong support from his Community. In Congress, he is fighting tirelessly to Grow our Economy, Cut Taxes and Regul"
115487525182720756,2025-11-03T19:56:26.154000+00:00,2025-11-03,19,truth_social,cnn_truth_archive,sector_keywords|theme:agriculture,agriculture,12,13,"Congressman Kevin Hern is a Tremendous Champion for Oklahoma's 1st Congressional District!
 
As the Chair of the House Republican Policy Committee, Kevin is doing a fantastic job advancing our AMERICA FIRST Agenda. He is fighting tirelessly to Grow our Economy, Cut Taxes and Regu"
115487528401379340,2025-11-03T19:57:00+00:00,2025-11-03,19,truth_social,truth_social_dataset,sector_keywords,,12,13,"Congressman Joe Wilson, who has been with us from the very beginning, is a Tremendous Champion of South Carolina’s 2nd Congressional District!
A retired Colonel from the South Carolina Army National Guard, and Member of the House Armed Services Committee, Joe knows the Wisdom and"
115487527449007567,2025-11-03T19:57:00.735000+00:00,2025-11-03,19,truth_social,cnn_truth_archive,sector_keywords|theme:agriculture,agriculture,12,13,"Congresswoman Stephanie Bice is doing a truly fantastic job representing the incredible people of Oklahoma's 5th Congressional District!
 
Stephanie has a strong Record of Success, and resounding support from her Community. In Congress, she is fighting tirelessly to Support our A"
115487534126970172,2025-11-03T19:58:00+00:00,2025-11-03,19,truth_social,truth_social_dataset,sector_keywords,,12,13,"Congressman Cliff Bentz is a Tremendous Champion for Oregon’s 2nd Congressional District!
A Proven Leader, Cliff has served his Community well as a Highly Respected State Legislator, Chair of the Oregon Water Resources Commission, and Attorney, prior to becoming a very distinguis"
115487538389910575,2025-11-03T19:59:00+00:00,2025-11-03,19,truth_social,truth_social_dataset,sector_keywords|theme:agriculture,agriculture,7,8,"Third Rate Congressman Thomas Massie, a Weak and Pathetic RINO from the Great Commonwealth of Kentucky, a place I love, and won big SIX TIMES, must be thrown out of office, ASAP! The incredible people of Kentucky’s 4th Congressional District gave us a mandate to, MAKE AMERICA GRE"
115487542470944967,2025-11-03T20:00:49.953000+00:00,2025-11-03,20,truth_social,cnn_truth_archive,sector_keywords,,12,13,"America First Patriot Michael Whatley will be an amazing United States Senator for the Great State of North Carolina, which I love and WON BIG, six times, including Primaries, in 2016, 2020, and 2024! Michael is fantastic at everything he does, and was certainly a STAR as Co-Chai"
115487637340888017,2025-11-03T20:24:00+00:00,2025-11-03,20,truth_social,truth_social_dataset,sector_keywords,,12,13,"Congressman Andy Ogles is doing a fantastic job representing the incredible people of Tennessee’s 5th Congressional District!
Andy is a Conservative Warrior who has strong support from his Community. In Congress, he is fighting tirelessly to Grow our Economy, Cut Taxes and Regula"
115487657312854919,2025-11-03T20:30:00+00:00,2025-11-03,20,truth_social,truth_social_dataset,sector_keywords,,12,13,"Congressman Nick LaLota is doing a truly fantastic job representing the incredible people of New York’s 1st Congressional District!
A Brave U.S. Navy Veteran, Nick knows the Wisdom and Courage required to Defend our Country, Support our Brave Military/Veterans, and Ensure PEACE T"
115487670248355008,2025-11-03T20:33:19.677000+00:00,2025-11-03,20,truth_social,cnn_truth_archive,sector_keywords,,12,13,"Congressman Andrew Garbarino is a Fierce Advocate for Long Island, and the Great People of New York's 2nd Congressional District!
 
Andrew has an incredible Record of Success, and strong support from his Community. In Congress, he is fighting tirelessly to Grow our Economy, Cut T"
115487671846603737,2025-11-03T20:33:44.064000+00:00,2025-11-03,20,truth_social,cnn_truth_archive,sector_keywords|theme:jobs_economy,jobs_economy,12,13,"Congressman Mike Lawler is a Strong Champion, and Highly Effective Representative, for the Great People of New York's 17th Congressional District!
 
A true America First Patriot, Mike is fighting hard to Secure our Border, Grow our Economy, Create Jobs, Lower Taxes, Promote Ameri"
115488065843902022,2025-11-03T22:13:00+00:00,2025-11-03,22,truth_social,truth_social_dataset,sector_keywords|entity_mention,,6,7,"Governor Kathy Hochul of New York State is killing the entire region with Energy Prices that are OUT OF CONTROL, and expected to TRIPLE because she can’t get an Upstate and, separately, Long Island, PIPELINE built. All of Connecticut, including its Governor, and New England, are "
115488069736938548,2025-11-03T22:14:00+00:00,2025-11-03,22,truth_social,truth_social_dataset,theme:fed_rates,fed_rates,6,7,"So many Fake Polls are being shown by the Radical Left Media, all slanted heavily toward Democrats and Far Left Wingers. In the Fair Polls, and even the Reasonable Polls, I have the Best Numbers I have ever had and, why shouldn’t I? I ended eight Wars, created the Greatest Econom"
115488108743015746,2025-11-03T22:24:50.539000+00:00,2025-11-03,22,truth_social,cnn_truth_archive,sector_keywords|entity_mention,,6,7,"VIRGINIA AND NEW JERSEY, REMEMBER THIS: A VOTE FOR A REPUBLICAN MEANS SUBSTANTIALLY LOWER ENERGY PRICES, A VOTE FOR A DEMOCRAT, ESPECIALLY THESE TWO LOSERS WHO ARE RUNNING, MEANS A DOUBLING, TRIPLING, AND EVEN QUADRUPLING OF YOUR ENERGY COSTS. IT WILL NOT BE SUSTAINABLE, AND YOU "
115488447377350651,2025-11-03T23:50:00+00:00,2025-11-03,23,truth_social,truth_social_dataset,sector_keywords,,12,13,"It is my Great Honor to endorse MAGA Warrior Mark Lamb, who is running to represent the Great People of Arizona’s 5th Congressional District.
As the former Sheriff of Pinal County, Mark strongly supports our incredible Law Enforcement, Military, and Veterans, and knows the Wisdom"
115491634358714159,2025-11-04T13:21:00+00:00,2025-11-04,13,truth_social,truth_social_dataset,sector_keywords|entity_mention,,6,7,"The Democrats are far more likely to win the Midterms, and the next Presidential Election, if we don’t do the Termination of the Filibuster (The Nuclear Option!), because it will be impossible for Republicans to get Common Sense Policies done with these Crazed Democrat Lunatics b"
115491996994152487,2025-11-04T14:53:40.538000+00:00,2025-11-04,14,truth_social,cnn_truth_archive,sector_keywords|entity_mention,,7,8,"If affordability is you issue, VOTE REPUBLICAN! Energy costs, as and example, are plummeting - Getting close to 2 Dollar a gallon gasoline. When energy goes down, everything else follows, and it has!!! President DJT"
115492078911838554,2025-11-04T15:14:00+00:00,2025-11-04,15,truth_social,truth_social_dataset,entity_mention,,1,2,"Wow! Joe Scarborough’s Television Ratings are really bad. They have gone, as they say, “down the tubes,” as has the rest of MSNBC. It’s a beautiful thing to watch! President DJT"
115492285081397189,2025-11-04T16:06:00+00:00,2025-11-04,16,truth_social,truth_social_dataset,entity_mention,,1,2,"SNAP BENEFITS, which increased by Billions and Billions of Dollars (MANY FOLD!) during Crooked Joe Biden’s disastrous term in office (Due to the fact that they were haphazardly “handed” to anyone for the asking, as opposed to just those in need, which is the purpose of SNAP!), wi"
115492832612668287,2025-11-04T18:26:00+00:00,2025-11-04,18,truth_social,truth_social_dataset,sector_keywords,,12,13,"Congresswoman Claudia Tenney is a Fantastic Advocate for the Wonderful People of New York’s 24th Congressional District!
As the Chairwoman of the House Election Integrity Caucus, Claudia is an America First Fighter for Safeguarding our Cherished Right to Free and Fair Elections. "
115492840195051630,2025-11-04T18:28:00+00:00,2025-11-04,18,truth_social,truth_social_dataset,sector_keywords,,12,13,"Congressman Rob Wittman is doing a truly fantastic job representing the wonderful people of Virginia’s 1st Congressional District!
As the Vice Chairman of the House Armed Services Committee, Rob is working tirelessly to advance our America First Agenda. He understands the Wisdom "
115493671705492320,2025-11-04T21:59:00+00:00,2025-11-04,21,truth_social,truth_social_dataset,sector_keywords|entity_mention|theme:stock_market_macro|theme:tariffs_trade,stock_market_macro/tariffs_trade,19,20,"Tomorrow’s United States Supreme Court case is, literally, LIFE OR DEATH for our Country. With a Victory, we have tremendous, but fair, Financial and National Security. Without it, we are virtually defenseless against other Countries who have, for years, taken advantage of us. Ou"
115493839582779089,2025-11-04T22:42:00+00:00,2025-11-04,22,truth_social,truth_social_dataset,entity_mention,,1,2,"Sean Duffy has done an incredible job as Interim Administrator of the National Aeronautics and Space Administration (NASA). This evening, I am pleased to nominate Jared Isaacman, an accomplished business leader, philanthropist, pilot, and astronaut, as Administrator of NASA. Jare"
115495015896453646,2025-11-05T03:41:25.337000+00:00,2025-11-05,3,truth_social,cnn_truth_archive,entity_mention,,1,2,"REPUBLICANS, TERMINATE THE FILIBUSTER! GET BACK TO PASSING LEGISLATION AND VOTER REFORM! President DJT"
115499177304548955,2025-11-05T21:19:43.454000+00:00,2025-11-05,21,truth_social,cnn_truth_archive,sector_keywords|entity_mention,,6,7,"With the reckless Democrat Shutdown, virtually every Democrat in Congress has voted to hold the American People hostage in an effort to extort hundreds of billions of dollars in new spending. They're demanding free healthcare for illegal aliens..."
115499196526115634,2025-11-05T21:24:36.747000+00:00,2025-11-05,21,truth_social,cnn_truth_archive,sector_keywords|entity_mention,,6,7,"I am pleased to report that today, the United States has the STRONGEST ECONOMY, the STRONGEST BORDER, the STRONGEST MILITARY, the STRONGEST FRIENDSHIPS, and the STRONGEST SPIRIT of any nation anywhere—This is the Golden Age of America! https://rumble.com/v719kki-president-trump-d"
115499324245510580,2025-11-05T21:57:05.594000+00:00,2025-11-05,21,truth_social,cnn_truth_archive,sector_keywords|entity_mention|theme:defense_geopolitics,defense_geopolitics,6,7,"The United States has more Nuclear Weapons than any other country. This was accomplished, including a complete update and renovation of existing weapons, during my First Term. Because of other countries testing programs, I have instructed the Department of War to start testing ou"
115499540273989970,2025-11-05T22:52:01.924000+00:00,2025-11-05,22,truth_social,cnn_truth_archive,theme:china,china,13,14,"My G2 Meeting with President Xi, of China, was a great one for both of our Countries!"
115499601111135687,2025-11-05T23:07:00+00:00,2025-11-05,23,truth_social,truth_social_dataset,sector_keywords|entity_mention|theme:manufacturing_reshoring,manufacturing_reshoring,7,8,"Peter Navarro, who is doing an incredible job as Senior Counselor for Trade and Manufacturing, has written a powerful new Book, “I Went to Prison So You Won't Have To: A Love and Lawfare Story in Trump Land.” Like too many Great American Patriots, Peter experienced the vicious We"
115499661270945292,2025-11-05T23:22:48.193000+00:00,2025-11-05,23,truth_social,cnn_truth_archive,theme:pharma_healthcare,pharma_healthcare,6,7,OBAMACARE IS A TOTAL DISASTER!
115503140217634129,2025-11-06T14:07:00+00:00,2025-11-06,14,truth_social,truth_social_dataset,sector_keywords|entity_mention,,6,7,"2025 Thanksgiving dinner under Trump is 25% lower than 2024 Thanksgiving dinner under Biden, according to Walmart. My cost are lower than the Democrats on everything, especially oil and gas! So the Democrats “affordability” issue is DEAD! STOP LYING!!!"
115504973020459337,2025-11-06T21:53:38.990000+00:00,2025-11-06,21,truth_social,cnn_truth_archive,sector_keywords,,13,14,"Joe Lombardo is the strong and very popular Governor of Nevada, a very special place to me in that we had a BIG Presidential Election Win just one year ago, November 5, 2024! As the former Sheriff of Clark County, and brave U.S. Army Veteran, Joe strongly supports our incredible "
115506045885898474,2025-11-07T02:26:00+00:00,2025-11-07,2,truth_social,truth_social_dataset,sector_keywords|theme:agriculture,agriculture,19,20,"I am thrilled to announce an incredible Trade and Economic Deal between the United States and Uzbekistan. Over the next three years, Uzbekistan will be purchasing and investing almost $35 Billion Dollars and, in the next 10 years, over $100 Billion Dollars, in key American Sector"
115508680705242553,2025-11-07T13:36:00+00:00,2025-11-07,13,truth_social,truth_social_dataset,theme:stock_market_macro,stock_market_macro,0,1,"Nancy Pelosi, the old and broken political hack who Impeached me twice and lost, is finally calling it “quits.” She illegally made a fortune in the Stock Market, ripped off the American Public, and was a disaster for America. I’m glad to see the stench of Nancy Pelosi go!!!"
115508699750416036,2025-11-07T13:41:00+00:00,2025-11-07,13,truth_social,truth_social_dataset,entity_mention,,1,2,"Republicans, Terminate the Filibuster and bring back the American Dream. If you don’t do it, the Dems will, and you’ll never see office again! President DJT"
115510343852481018,2025-11-07T20:39:00+00:00,2025-11-07,20,truth_social,truth_social_dataset,sector_keywords|entity_mention,,6,7,"I have asked the DOJ to immediately begin an investigation into the Meat Packing Companies who are driving up the price of Beef through Illicit Collusion, Price Fixing, and Price Manipulation. We will always protect our American Ranchers, and they are being blamed for what is bei"
115511090849508843,2025-11-07T23:49:00+00:00,2025-11-07,23,truth_social,truth_social_dataset,sector_keywords|entity_mention|theme:china|theme:agriculture|theme:tariffs_trade,china/agriculture/tariffs_trade,19,20,"The Failing New York Times and its Third Rate Reporters, Lily Kuo and David Pierson, did everything possible to make my very successful meeting with President Xi, of China, look as bad as possible when, in fact, it was a spectacular SUCCESS. The Times totally misrepresented the f"
115511412965888296,2025-11-08T01:11:24.757000+00:00,2025-11-08,1,truth_social,cnn_truth_archive,sector_keywords|theme:agriculture,agriculture,12,13,"Yesterday, it was my Great Honor to host a Summit at the White House with the Presidents of five incredible Countries, Kassym-Jomart Tokayev, of Kazakhstan, Shavkat Mirziyoyev, of Uzbekistan, Emomali Rahmon, of Tajikistan, Sadyr Japarov, of the Kyrgyz Republic, and Serdar Berdimu"
115511452695728702,2025-11-08T01:21:30.988000+00:00,2025-11-08,1,truth_social,cnn_truth_archive,sector_keywords,,12,13,"Vivek Ramaswamy is running for Governor of the Great State of Ohio, a place I love and WON BIG, THREE TIMES, in 2016, 2020, and 2024! I know Vivek well, competed against him, and he is something SPECIAL. He is Young, Strong, and Smart! Vivek is also a very good person, who truly "
115515978292380146,2025-11-08T20:32:00+00:00,2025-11-08,20,truth_social,truth_social_dataset,sector_keywords|entity_mention,,6,7,"Watch the All New “ABOVE, BELOW & BEYOND: A PRESIDENTIAL SPECIAL” airing tomorrow on FOX Nation, celebrating 250 years of the United States Navy and Marine Corps!"
115516453396913877,2025-11-08T22:33:00+00:00,2025-11-08,22,truth_social,truth_social_dataset,sector_keywords|entity_mention|theme:pharma_healthcare,pharma_healthcare,7,8,"NO MORE MONEY, HUNDREDS OF BILLIONS OF DOLLARS, TO THE DEMOCRAT SUPPORTED INSURANCE COMPANIES FOR REALLY BAD OBAMACARE. THE MONEY MUST NOW GO DIRECTLY TO THE PEOPLE, TAKING THE “FAT CAT” INSURANCE COMPANIES OUT OF THE CORRUPT SYSTEM OF HEALTHCARE. THE PEOPLE CAN BUY THEIR OWN, MU"
115519669621468424,2025-11-09T12:11:00+00:00,2025-11-09,12,truth_social,truth_social_dataset,sector_keywords|entity_mention|theme:pharma_healthcare,pharma_healthcare,6,7,OBAMACARE “SUCKS.” THE WORST HEALTHCARE FOR THE HIGHEST PRICE.
115519726463094783,2025-11-09T12:25:00+00:00,2025-11-09,12,truth_social,truth_social_dataset,sector_keywords|entity_mention|theme:stock_market_macro|theme:tariffs_trade|theme:fed_rates|theme:manufacturing_reshoring,stock_market_macro/tariffs_trade/fed_rates/manufacturing_reshoring,25,26,"People that are against Tariffs are FOOLS! We are now the Richest, Most Respected Country In the World, With Almost No Inflation, and A Record Stock Market Price. 401k’s are Highest EVER. We are taking in Trillions of Dollars and will soon begin paying down our ENORMOUS DEBT, $37"
115519740341195886,2025-11-09T12:29:10.422000+00:00,2025-11-09,12,truth_social,cnn_truth_archive,sector_keywords|entity_mention|theme:tariffs_trade,tariffs_trade,20,21,"WITHOUT TARIFFS, WE HAVE NONE OF THE FOLLOWING (JUST POSTED) TRUTH!!! President DJT"
115519951705472870,2025-11-09T13:22:00+00:00,2025-11-09,13,truth_social,truth_social_dataset,sector_keywords|entity_mention|theme:tariffs_trade,tariffs_trade,20,21,"So, let’s get this straight??? The President of the United States is allowed (and fully approved by Congress!) to stop ALL TRADE with a Foreign Country (Which is far more onerous than a Tariff!), and LICENSE a Foreign Country, but is not allowed to put a simple Tariff on a Foreig"
115520387746375038,2025-11-09T15:13:00+00:00,2025-11-09,15,truth_social,truth_social_dataset,sector_keywords|entity_mention|theme:pharma_healthcare,pharma_healthcare,6,7,"I am sorry that the American People are being terrorized by Democrats who have decided to shut the Government down to make me and other Republicans continue ObamaCare subsidies, which have been a windfall for Health Insurance Companies, and a DISASTER for the American People. The"
115520395997089111,2025-11-09T15:15:00+00:00,2025-11-09,15,truth_social,truth_social_dataset,theme:pharma_healthcare,pharma_healthcare,6,7,"Democrats claim to be working for “the little guy,” and driving down your Health Insurance, but the OBAMACARE SCAM goes STRAIGHT TO THEIR BEST FRIENDS IN THE INSURANCE INDUSTRY. THEY ARE MAKING A “KILLING,” while Health Coverage only gets WORSE. If Democrats get their way again, "
115520402338272699,2025-11-09T15:17:31.698000+00:00,2025-11-09,15,truth_social,cnn_truth_archive,sector_keywords|entity_mention,,6,7,This is who is getting your Healthcare Dollars!
115520428779875897,2025-11-09T15:24:00+00:00,2025-11-09,15,truth_social,truth_social_dataset,sector_keywords,,12,13,Senator Lindsey Graham: “Democrats are demanding we continue to throw money at a broken Healthcare System that enriches Insurance Companies at the expense of American Consumers. We refuse to be held hostage!”
115520432241623568,2025-11-09T15:25:00+00:00,2025-11-09,15,truth_social,truth_social_dataset,sector_keywords|entity_mention|theme:pharma_healthcare,pharma_healthcare,6,7,Senator Lindsey Graham: “ObamaCare increased the cost of Healthcare while worsening the quality. We won’t continue to fund this broken system that only rewards Insurance Companies!”
115520448197201824,2025-11-09T15:29:00+00:00,2025-11-09,15,truth_social,truth_social_dataset,sector_keywords|entity_mention|theme:defense_geopolitics|theme:fed_rates,defense_geopolitics/fed_rates,18,19,"“AUTOPEN”
Sleepy Joe Biden was, by far, the worst President in American History. Taking office as a result of the most corrupt Election ever seen in the United States, Biden oversaw a series of unprecedented disasters that brought our Nation to the brink of destruction. His polic"
115526165519672797,2025-11-10T15:43:10.867000+00:00,2025-11-10,15,truth_social,cnn_truth_archive,sector_keywords|entity_mention|theme:tariffs_trade,tariffs_trade,20,21,"All money left over from the $2000 payments made to low and middle income USA Citizens, from the massive Tariff Income pouring into our Country from foreign countries, which will be substantial, will be used to SUBSTANTIALLY PAY DOWN NATIONAL DEBT. Thank you for your attention to"
115527159095475127,2025-11-10T19:55:00+00:00,2025-11-10,19,truth_social,truth_social_dataset,sector_keywords|entity_mention|theme:tariffs_trade,tariffs_trade,19,20,"The “Pay Back” Numbers being quoted by the Radical Left Lunatics, who would love to see us lose on Tariffs because of how bad it would be for our Country, are much higher than those being stated by our Fake Opposition — Opposition mainly from Foreign Countries that would do anyth"
115528250588455261,2025-11-11T00:33:26.492000+00:00,2025-11-11,0,truth_social,cnn_truth_archive,theme:defense_geopolitics,defense_geopolitics,6,7,"RT: https://truthsocial.com/users/realDonaldTrump/statuses/115527891580433136It was an Honor to spend time with Ahmed Hussein al-Sharaa, the new President of Syria, where we discussed all the intricacies of PEACE in the Middle East, of which he is a major advocate. I look forward"
115529141758455385,2025-11-11T04:20:04.663000+00:00,2025-11-11,4,truth_social,cnn_truth_archive,theme:pharma_healthcare,pharma_healthcare,6,7,The Obamacare secret at the heart of the shutdown: insurers made billions at taxpayer expense:https://justthenews.com/government/congress/obamacare-secret-heart-shutdown-insurers-got-rich-taxpayer-expense
115529446165908851,2025-11-11T05:37:00+00:00,2025-11-11,5,truth_social,truth_social_dataset,sector_keywords|entity_mention|theme:tariffs_trade,tariffs_trade,19,20,"The U.S. Supreme Court was given the wrong numbers. The “unwind” in the event of a negative decision on Tariffs, would be, including investments made, to be made, and return of funds, in excess of 3 Trillion Dollars. It would not be possible to ever make up for that kind of a “dr"
115529500724371786,2025-11-11T05:51:00+00:00,2025-11-11,5,truth_social,truth_social_dataset,sector_keywords,,12,13,"The Miracle Mile Shopping Center in Chicago, once considered our Nation’s BEST, now has a more than 28% vacancy factor, and is ready to call it quits unless something is done about the murder and crime, which is prevalent throughout the City. CALL IN THE TROOPS, FAST, BEFORE IT I"
115533666048445520,2025-11-11T23:30:00+00:00,2025-11-11,23,truth_social,truth_social_dataset,sector_keywords|entity_mention,,6,7,"I am proud to announce that Chicago, Illinois, despite all of the radical opposition and obstruction we have from the Mayor and the Governor, has seen Car Theft, Shootings, Robberies, Violent Crime, and everything else, drop dramatically. Since the launch of the DHS operation “Mi"
115533678904226335,2025-11-11T23:33:00+00:00,2025-11-11,23,truth_social,truth_social_dataset,sector_keywords|theme:agriculture,agriculture,12,13,"Greg Abbott is the strong and highly respected Governor of Texas, a State I love and WON BIG three times, including with 6.4 Million Votes in 2024 (The most Votes in History, BY FAR)!
Thanks to Greg’s bold and effective Leadership, the wonderful people of Texas will have the oppo"
115538002658085818,2025-11-12T17:53:00+00:00,2025-11-12,17,truth_social,truth_social_dataset,sector_keywords|entity_mention,,6,7,"I am pleased to announce the nomination of Aaron Peterson to serve as Judge on the United States District Court for the District of Alaska. Before becoming Senior Assistant Attorney General in the Alaska Department of Law for Natural Resources, Aaron was a State Prosecutor in Anc"
115548824413984773,2025-11-14T15:45:38.152000+00:00,2025-11-14,15,truth_social,cnn_truth_archive,sector_keywords|entity_mention|theme:fed_rates,fed_rates,12,13,"Cost, and INFLATION, were far higher under the Sleepy Joe Biden Administration, than they are now. In fact, costs under the TRUMP ADMINISTRATION are tumbling down, helped greatly by gasoline and ENERGY. Affordability is a lie when used by the Dems. It is a complete CON JOB. Thank"
115551127714537339,2025-11-15T01:31:23.730000+00:00,2025-11-15,1,truth_social,cnn_truth_archive,sector_keywords|entity_mention|theme:fed_rates,fed_rates,12,13,"I am withdrawing my support and Endorsement of ""Congresswoman"" Marjorie Taylor Greene, of the Great State of Georgia. Over the past few weeks, despite my creating Record Achievements for our Country including, a Total and Complete Victory on the Shutdown, Closed Borders, Low Taxe"
115562626931599548,2025-11-17T02:15:00+00:00,2025-11-17,2,truth_social,truth_social_dataset,sector_keywords|entity_mention|theme:aerospace_aviation|theme:taxes|theme:fed_rates,aerospace_aviation/taxes/fed_rates,12,13,"As I said on Friday night aboard Air Force One to the Fake News Media, House Republicans should vote to release the Epstein files, because we have nothing to hide, and it’s time to move on from this Democrat Hoax perpetrated by Radical Left Lunatics in order to deflect from the G"
115562700432868071,2025-11-17T02:34:00+00:00,2025-11-17,2,truth_social,truth_social_dataset,sector_keywords,,12,13,"It is my Great Honor to endorse Emilio T. Gonzales to be the next Mayor of the Beautiful City of Miami, Florida!
A very successful Businessman, Civic Leader, former CEO of Miami International Airport, and former City Manager and Chief Administrative Officer of the City of Miami, "
115567293174185547,2025-11-17T22:02:00+00:00,2025-11-17,22,truth_social,truth_social_dataset,entity_mention,,1,2,"Scott Jennings has just written a powerful new book, “A Revolution of Common Sense: How Donald Trump Stormed Washington and Fought for Western Civilization.” With his distinctive Wisdom, Courage, and Common Sense, which has made him a formidable force on CNN, Scott reveals the He"
115567457865630938,2025-11-17T22:44:00+00:00,2025-11-17,22,truth_social,truth_social_dataset,theme:china|theme:oil_energy_geopolitics,china/oil_energy_geopolitics,19,20,"Congratulations to the World on the incredible Vote of the United Nations Security Council, just moments ago, acknowledging and endorsing the BOARD OF PEACE, which will be chaired by me, and include the most powerful and respected Leaders throughout the World. This will go down a"
115570749579575260,2025-11-18T12:41:00+00:00,2025-11-18,12,truth_social,truth_social_dataset,entity_mention,,1,2,"I am working with Governor Mike Braun and other Indiana Republicans, on picking up two Republican Congressional seats. The Governor, a good man, must produce on this, or he will be the only Governor, Republican or Democrat, who didn’t. I won Indiana in a landslide, the most votes"
115570813586755288,2025-11-18T12:57:46.343000+00:00,2025-11-18,12,truth_social,cnn_truth_archive,sector_keywords|entity_mention,,13,14,"THE ONLY HEALTHCARE I WILL SUPPORT OR APPROVE IS SENDING THE MONEY DIRECTLY BACK TO THE PEOPLE, WITH NOTHING GOING TO THE BIG, FAT, RICH INSURANCE COMPANIES, WHO HAVE MADE $TRILLIONS, AND RIPPED OFF AMERICA LONG ENOUGH. THE PEOPLE WILL BE ALLOWED TO NEGOTIATE AND BUY THEIR OWN, M"
115573085494912311,2025-11-18T22:35:00+00:00,2025-11-18,22,truth_social,truth_social_dataset,sector_keywords|entity_mention|theme:fed_rates,fed_rates,12,13,"I don’t care when the Senate passes the House Bill, whether tonight, or at some other time in the near future, I just don’t want Republicans to take their eyes off all of the Victories that we’ve had, including THE GREAT BIG BEAUTIFUL BILL, Closed Borders, No Men in Women’s Sport"
115573090200730933,2025-11-18T22:36:00+00:00,2025-11-18,22,truth_social,truth_social_dataset,theme:china,china,13,14,"Investment in AI is helping to make the U.S. Economy the “HOTTEST” in the World, but overregulation by the States is threatening to undermine this Major Growth “Engine.” Some States are even trying to embed DEI ideology into AI models, producing “Woke AI” (Remember Black George W"
115577037384069112,2025-11-19T15:20:00+00:00,2025-11-19,15,truth_social,truth_social_dataset,sector_keywords|entity_mention,,6,7,"Trump is making Healthcare a Winning “80/20” Political Issue for GOP:
https://www.forbes.com/sites/steveforbes/2025/08/18/trump-is-making-healthcare-a-winning-8020-political-issue-for-gop/"
115577053608486130,2025-11-19T15:24:00+00:00,2025-11-19,15,truth_social,truth_social_dataset,sector_keywords|theme:tariffs_trade|theme:manufacturing_reshoring,tariffs_trade/manufacturing_reshoring,19,20,"Jensen Huang: “After less than a year, we're now manufacturing the most advanced chips for AI here in the U.S. All of this started with President Trump wanting to re-industrialize the U.S. His tariffs were a pressing agent in making this possible."""
115577050910593912,2025-11-19T15:24:00+00:00,2025-11-19,15,truth_social,truth_social_dataset,sector_keywords|entity_mention|theme:manufacturing_reshoring,manufacturing_reshoring,7,8,Jensen Huang: “We are manufacturing in America because of President Trump.”
115577056018106234,2025-11-19T15:25:00+00:00,2025-11-19,15,truth_social,truth_social_dataset,theme:manufacturing_reshoring,manufacturing_reshoring,7,8,"Jensen Huang: “As I promised, production of Blackwell has started. AI - invented in America, made in America, built for America and the world.”"
115577964949117047,2025-11-19T19:16:27.431000+00:00,2025-11-19,19,truth_social,cnn_truth_archive,theme:oil_energy_geopolitics,oil_energy_geopolitics,6,7,"Tremendous atrocities are taking place in Sudan. It has become the most violent place on Earth and, likewise, the single biggest Humanitarian Crisis. Food, doctors, and everything else are desperately needed. Arab Leaders from all over the World, in particular the highly respecte"
115579394833948106,2025-11-20T01:20:00+00:00,2025-11-20,1,truth_social,truth_social_dataset,sector_keywords|entity_mention|theme:taxes|theme:defense_geopolitics|theme:fed_rates,taxes/defense_geopolitics/fed_rates,12,13,"Jeffrey Epstein, who was charged by the Trump Justice Department in 2019 (Not the Democrats!), was a lifelong Democrat, donated Thousands of Dollars to Democrat Politicians, and was deeply associated with many well-known Democrat figures, such as Bill Clinton (who traveled on his"
115580448819564585,2025-11-20T05:48:08.287000+00:00,2025-11-20,5,truth_social,cnn_truth_archive,entity_mention,,1,2,"Ronaldo is a GREAT GUY. Loved meeting him at the White House. Really smart, and cool!!! President DJT"
115582417825161974,2025-11-20T14:08:00+00:00,2025-11-20,14,truth_social,truth_social_dataset,entity_mention,,1,2,https://truthsocial.com/@WashingtonExaminer/115579789920906826. It’s called SEDITIOUS BEHAVIOR AT THE HIGHEST LEVEL. Each one of these traitors to our Country should be ARRESTED AND PUT ON TRIAL. Their words cannot be allowed to stand - We won’t have a Country anymore!!! An examp
115582451169685243,2025-11-20T14:17:21.725000+00:00,2025-11-20,14,truth_social,cnn_truth_archive,entity_mention,,1,2,"RT: https://truthsocial.com/users/WashingtonExaminer/statuses/115579789920906826This is really bad, and Dangerous to our Country. Their words cannot be allowed to stand. SEDITIOUS BEHAVIOR FROM TRAITORS!!! LOCK THEM UP??? President DJT"
115590786862216464,2025-11-22T01:37:00+00:00,2025-11-22,1,truth_social,truth_social_dataset,entity_mention,,1,2,"Minnesota, under Governor Waltz, is a hub of fraudulent money laundering activity. I am, as President of the United States, hereby terminating, effective immediately, the Temporary Protected Status (TPS Program) for Somalis in Minnesota. Somali gangs are terrorizing the people of"
115593179521083607,2025-11-22T11:45:00+00:00,2025-11-22,11,truth_social,truth_social_dataset,entity_mention,,1,2,"Marjorie “Traitor” Brown, because of PLUMMETING Poll Numbers, and not wanting to face a Primary Challenger with a strong Trump Endorsement (where she would have no chance of winning!), has decided to call it “quits.” Her relationship with the WORST Republican Congressman in decad"
115593240147764609,2025-11-22T12:01:00+00:00,2025-11-22,12,truth_social,truth_social_dataset,theme:stock_market_macro|theme:jobs_economy,stock_market_macro/jobs_economy,0,1,"I HAVE JUST GOTTEN THE HIGHEST POLL NUMBERS OF MY “POLITICAL CAREER.” While my great work on the Economy has not yet been fully appreciated, it will be! Things are really Rockin’. Stopping WARS and Foreign Relations seems to be a strong suit. Also great, The Border and Stopping C"
115596533671432236,2025-11-23T01:58:00+00:00,2025-11-23,1,truth_social,truth_social_dataset,sector_keywords|entity_mention|theme:tariffs_trade|theme:stock_market_macro|theme:fed_rates,tariffs_trade/stock_market_macro/fed_rates,26,27,"We are taking in TRILLIONS of Dollars in Tariffs and Investment Dollars from foreign lands because of Tariffs. I have stopped 5 of the eight WARS directly because of the threat of Tariffs if the don’t stop fighting or, better yet, if they start. There is almost no Inflation, and "
115596544162295527,2025-11-23T02:01:00+00:00,2025-11-23,2,truth_social,truth_social_dataset,sector_keywords|entity_mention|theme:tariffs_trade|theme:stock_market_macro|theme:fed_rates,tariffs_trade/stock_market_macro/fed_rates,26,27,"We are taking in TRILLIONS of Dollars in Tariffs and Investment Dollars from foreign lands because of Tariffs. I have stopped 5 of the eight WARS directly because of the threat of Tariffs if they don’t stop fighting or, better yet, if they start. There is almost no Inflation, and"
115597077845312894,2025-11-23T04:17:00+00:00,2025-11-23,4,truth_social,truth_social_dataset,sector_keywords|entity_mention,,6,7,"THE TRAITORS THAT TOLD THE MILITARY TO DISOBEY MY ORDERS SHOULD BE IN JAIL RIGHT NOW, NOT ROAMING THE FAKE NEWS NETWORKS TRYING TO EXPLAIN THAT WHAT THEY SAID WAS OK. IT WASN’T, AND NEVER WILL BE! IT WAS SEDITION AT THE HIGHEST LEVEL, AND SEDITION IS A MAJOR CRIME. THERE CAN BE N"
115597116924552201,2025-11-23T04:27:03.382000+00:00,2025-11-23,4,truth_social,cnn_truth_archive,sector_keywords|entity_mention,,6,7,"MANY GREAT LEGAL SCHOLARS AGREE THAT THE DEMOCRAT TRAITORS THAT TOLD THE MILITARY TO DISOBEY MY ORDERS, AS PRESIDENT, HAVE COMMITTED A CRIME OF SERIOUS PROPORTION!"
115599428464496784,2025-11-23T14:14:00+00:00,2025-11-23,14,truth_social,truth_social_dataset,sector_keywords|entity_mention|theme:defense_geopolitics,defense_geopolitics,13,14,"The War between Russia and Ukraine is a violent and terrible one that, with strong and proper U.S. and Ukrainian LEADERSHIP, would have NEVER HAPPENED. It began long before I took office for a Second Term, during the Sleepy Joe Biden Administration, and has only gotten worse. If "
115600167812342707,2025-11-23T17:22:56.313000+00:00,2025-11-23,17,truth_social,cnn_truth_archive,sector_keywords|entity_mention,,6,7,RT: https://truthsocial.com/users/laralogan/statuses/115589257346768147We must focus all of our energy and might on ELECTION FRAUD!!
115601252711182007,2025-11-23T21:58:00+00:00,2025-11-23,21,truth_social,truth_social_dataset,entity_mention,,1,2,"If this would also allow the Radical Left Networks to “enlarge,” I would not be happy. ABC & NBC, in particular, are a disaster - A VIRTUAL ARM OF THE DEMOCRAT PARTY. They should be viewed as an illegal campaign to the Radical Left. NO EXPANSION OF THE FAKE NEWS NETWORKS. If anyt"
115601476787319590,2025-11-23T22:55:00+00:00,2025-11-23,22,truth_social,truth_social_dataset,theme:stock_market_macro|theme:taxes,stock_market_macro/taxes,0,1,"The Republican Party has never been so UNITED AS IT iS RIGHT NOW! Other than Rand Paul, Rand Paul Jr.(Massie!), Marjorie “Traitor” Brown, and a couple of other “lowlifes,” and other than the fact that many want the Election threatening Filibuster TERMINATED (the Dems will do it i"
115602969458348561,2025-11-24T05:15:00+00:00,2025-11-24,5,truth_social,truth_social_dataset,sector_keywords|entity_mention|theme:tariffs_trade,tariffs_trade,19,20,"Despite the massive amount of money being made by the United States of America, Hundreds of Billions of Dollars, as a direct result of Tariffs being charged to other countries, the full benefit of the Tariffs has not yet been calculated in that many of the buyers of goods and pro"
115604240580797202,2025-11-24T10:38:00+00:00,2025-11-24,10,truth_social,truth_social_dataset,sector_keywords|entity_mention|theme:tariffs_trade,tariffs_trade,20,21,"Despite the massive amount of money being made by the United States of America, Hundreds of Billions of Dollars, as a direct result of Tariffs being charged to other countries, the full benefit of the Tariffs has not yet been calculated in that many of the buyers of goods and pro"
115604689359180322,2025-11-24T12:32:00+00:00,2025-11-24,12,truth_social,truth_social_dataset,entity_mention,,1,2,"Republican (of course!) Congressman Tim Burchett was GREAT today on Fox & Friends - a Classic. His take on Marjorie “Traitor” Brown was 100% perfecto!!! Way to go, Tim!!! President DJT"
115605897178712132,2025-11-24T17:39:00+00:00,2025-11-24,17,truth_social,truth_social_dataset,theme:china|theme:agriculture,china/agriculture,13,14,"I just had a very good telephone call with President Xi, of China. We discussed many topics including Ukraine/Russia, Fentanyl, Soybeans and other Farm Products, etc. We have done a good, and very important, deal for our Great Farmers — and it will only get better. Our relationsh"
115612007398266637,2025-11-25T19:33:00+00:00,2025-11-25,19,truth_social,truth_social_dataset,sector_keywords|entity_mention,,6,7,"Over the past week, my team has made tremendous progress with respect to ending the War between Russia and Ukraine (A War that would have NEVER started if I were President!). Last month 25,000 soldiers died. The original 28-Point Peace Plan, which was drafted by the United States"
115612027228424815,2025-11-25T19:38:00+00:00,2025-11-25,19,truth_social,truth_social_dataset,sector_keywords|entity_mention|theme:fed_rates,fed_rates,12,13,"It looks like the Indiana Senate Republicans will be coming back in two weeks to take up Redistricting, a very important initiative to balance out the Democrats’ endless “Sue to Blue” and Census rigging strategy that has stolen seats from Republicans, and given them to Democrats "
115612779496430359,2025-11-25T22:50:15.263000+00:00,2025-11-25,22,truth_social,cnn_truth_archive,sector_keywords|theme:agriculture,agriculture,12,13,"The Great Governor of Nebraska, Jim Pillen, is doing an incredible job for The Cornhusker State, a place I love, and WON BIG six times, including Primaries, in 2016, 2020, and 2024! A very successful Veterinarian, Businessman, former Nebraska Cornhuskers football player under the"
115615998120894392,2025-11-26T12:28:00+00:00,2025-11-26,12,truth_social,truth_social_dataset,sector_keywords|theme:manufacturing_reshoring|theme:stock_market_macro|theme:fed_rates,manufacturing_reshoring/stock_market_macro/fed_rates,20,21,"The Creeps at the Failing New York Times are at it again. I won the 2024 Presidential Election in a Landslide, winning all Seven Swing States, the Popular Vote, and the Electoral College by a lot. I one our Nation’s Districts by 2750 to 550, a complete wipeout. I settled 8 Wars, "
115616248406860153,2025-11-26T13:32:26.679000+00:00,2025-11-26,13,truth_social,cnn_truth_archive,entity_mention,,1,2,"VICTORIA COATES was GREAT on Maria B this morning. Always solid policy, analysis, and advice - A total WINNER!!! President DJT"
115616545250020843,2025-11-26T14:47:00+00:00,2025-11-26,14,truth_social,truth_social_dataset,sector_keywords|theme:manufacturing_reshoring|theme:stock_market_macro|theme:fed_rates,manufacturing_reshoring/stock_market_macro/fed_rates,20,21,"The Creeps at the Failing New York Times are at it again. I won the 2024 Presidential Election in a Landslide, winning all Seven Swing States, the Popular Vote, and the Electoral College by a lot. I won our Nation’s Districts by 2750 to 550, a complete wipeout. I settled 8 Wars, "
115617866419112089,2025-11-26T20:23:55.548000+00:00,2025-11-26,20,truth_social,cnn_truth_archive,sector_keywords|entity_mention,,6,7,"The animal that shot the two National Guardsmen, with both being critically wounded, and now in two separate hospitals, is also severely wounded, but regardless, will pay a very steep price. God bless our Great National Guard, and all of our Military and Law Enforcement. These ar"
115625421503636680,2025-11-28T04:25:16.990000+00:00,2025-11-28,4,truth_social,cnn_truth_archive,theme:defense_geopolitics,defense_geopolitics,6,7,"This is part of the horrendous airlift from Afghanistan. Hundreds of thousands of people poured into our Country totally unvetted and unchecked. We will fix it, but will never forget what Crooked Joe Biden and his Thugs did to our Country!"
115625429081411360,2025-11-28T04:27:12.616000+00:00,2025-11-28,4,truth_social,cnn_truth_archive,sector_keywords|entity_mention,,6,7,"A very Happy Thanksgiving salutation to all of our Great American Citizens and Patriots who have been so nice in allowing our Country to be divided, disrupted, carved up, murdered, beaten, mugged, and laughed at, along with certain other foolish countries throughout the World, fo"
115626148731779942,2025-11-28T07:30:00+00:00,2025-11-28,7,truth_social,truth_social_dataset,entity_mention,,1,2,"“Twilight’s Last Gleaming, Can America Be Saved” (YES!), by the Great Todd Starnes. A fantastic NEW BOOK. Get it now!!! President DJT"
115632959311037868,2025-11-29T12:22:00+00:00,2025-11-29,12,truth_social,truth_social_dataset,sector_keywords|theme:tariffs_trade|theme:stock_market_macro|theme:fed_rates,tariffs_trade/stock_market_macro/fed_rates,26,27,"Tariffs have made our Country Rich, Strong, Powerful, and Safe. They have been successfully used by other Countries against us for Decades, but when it comes to Tariffs, and because of what I have set in place, WE HAVE ALL THE CARDS, and with a smart President, we always will! Wa"
115633174669225455,2025-11-29T13:17:00.943000+00:00,2025-11-29,13,truth_social,cnn_truth_archive,sector_keywords|entity_mention|theme:pharma_healthcare,pharma_healthcare,7,8,"Because I have invoked FAVORED NATIONS STATUS FOR THE UNITED STATES OF AMERICA, DRUG PRICES ARE FALLING AT LEVELS NEVER SEEN BEFORE, 500%, 600%, 700%, and more. No other President has been able to do this, BUT I HAVE! This is also the answer to much less expensive, and far better"
115634967838729337,2025-11-29T20:53:02.502000+00:00,2025-11-29,20,truth_social,cnn_truth_archive,theme:oil_energy_geopolitics,oil_energy_geopolitics,6,7,"Great being with the Highly Respected future King of Saudi Arabia, Mohammed bin Salman. He is doing tremendous things for his Country!"
115639162273110013,2025-11-30T14:39:44.489000+00:00,2025-11-30,14,truth_social,cnn_truth_archive,sector_keywords|entity_mention,,6,7,"Political Commentator Debra Lea was GREAT on Fox & Friends this morning. Working with wonderful Charlie Hurt, there was fantastic Energy and Wisdom. A fantastic show!!!"
115642237340050337,2025-12-01T03:41:00+00:00,2025-12-01,3,truth_social,truth_social_dataset,entity_mention,,1,2,"Dr. Marc Siegel brilliantly wrote a new Best Seller, “THE MIRACLES AMONG US, How God’s Grace Plays a Role In Healing.” Marc Siegel is not only a fantastic Person, he is a very knowable one. This is a Great Book, about a truly important subject. GET IT NOW!!! President DJT"
115642689265118703,2025-12-01T05:36:00+00:00,2025-12-01,5,truth_social,truth_social_dataset,sector_keywords|entity_mention,,6,7,"Ther are laws that effect our Nation. Read Title 18, Chapter 115, Section 2387, “Whoever with the intent to interfere, impair, influence the loyalty, moral or discipline of the military and Naval Forces,……to be fined or imprisoned up to 10 years.” Commander Kirk Lippold, U.S. Nav"
115642722629712717,2025-12-01T05:45:00+00:00,2025-12-01,5,truth_social,truth_social_dataset,sector_keywords|entity_mention,,6,7,"There are laws that impact our Nation. Read Title 18, Chapter 115, Section 2387, “Whoever with the intent to interfere, impair, influence the loyalty, moral or discipline of the military and Naval Forces,……to be fined or imprisoned up to 10 years.” Commander Kirk Lippold, U.S. Na"
115645123576749080,2025-12-01T15:55:00+00:00,2025-12-01,15,truth_social,truth_social_dataset,theme:defense_geopolitics,defense_geopolitics,6,7,"The United States is very satisfied with the results displayed, through hard work and determination, in the Country of Syria. We are doing everything within our power to make sure the Government of Syria continues to do what was intended, which is substantial, in order to build a"
115647567538614723,2025-12-02T02:17:18.702000+00:00,2025-12-02,2,truth_social,cnn_truth_archive,sector_keywords|entity_mention,,7,8,"Great job by Jim Hanson, former U.S. Army Special Forces, on Jesse Watters tonight. Really strong and knowledgeable on WAR AGAINST DRUGS! President DJT"
115649503125687789,2025-12-02T10:29:33.380000+00:00,2025-12-02,10,truth_social,cnn_truth_archive,entity_mention,,1,2,"The great Burt Jones has taken a big lead in the polls for Governor of Georgia. Why not, he has been a GREAT Lieutenant Governor? Go Burt, Go! President DJT"
115649563087207461,2025-12-02T10:44:48.359000+00:00,2025-12-02,10,truth_social,cnn_truth_archive,entity_mention,,1,2,"Great news! QDallas County, Texas, just went to all PAPER BALLOTS. Many others are following suit! More accurate, totally secure with watermark paper, FASTER, and only 9% of the cost. All Republican Governors should mandatorily do this. Save Money and Freedom. Lead the Democrats "
115650062002934091,2025-12-02T12:51:41.165000+00:00,2025-12-02,12,truth_social,cnn_truth_archive,entity_mention,,1,2,"Great news! Dallas County, Texas, just went to all PAPER BALLOTS. Many others are following suit! More accurate, totally secure with watermark paper, FASTER, and only 9% of the cost. All Republican Governors should mandatorily do this. Save Money and Freedom. Lead the Democrats o"
115652356733049190,2025-12-02T22:35:16.010000+00:00,2025-12-02,22,truth_social,cnn_truth_archive,sector_keywords|entity_mention|theme:tariffs_trade,tariffs_trade,19,20,"We had a very productive call with President Lula of Brazil. Among the things discussed were Trade, how our Countries could work together to stop Organized Crime, Sanctions imposed on various Brazilian dignitaries, Tariffs, and various other items. President Lula and I establishe"
115653225494931779,2025-12-03T02:16:12.225000+00:00,2025-12-03,2,truth_social,cnn_truth_archive,entity_mention,,1,2,Congratulations Matt. A BIG WIN! President DJT
115653238186658350,2025-12-03T02:19:25.923000+00:00,2025-12-03,2,truth_social,cnn_truth_archive,entity_mention,,1,2,"Congratulations to Matt Van Epps on his BIG Congressional WIN in the Great State of Tennessee. The Radical Left Democrats threw everything at him, including Millions of Dollars. Another great night for the Republican Party!!! President DJT"
115662365895882699,2025-12-04T17:00:00+00:00,2025-12-04,17,truth_social,truth_social_dataset,sector_keywords,,12,13,"Congressman Michael Cloud is a Tremendous Advocate for the Great People of Texas’ 27th Congressional District!
As a Member of the POWERFUL House Appropriations Committee, Michael is fighting hard to Grow our Economy, Cut Taxes and Regulations, Promote MADE IN THE U.S.A., Advance "
115662363349008651,2025-12-04T17:00:00+00:00,2025-12-04,17,truth_social,truth_social_dataset,sector_keywords|entity_mention|theme:agriculture,agriculture,13,14,"Congressman Craig Goldman is an incredible Representative of Texas’ 12th Congressional District!
A Fifth Generation Texan, Craig served as a State Representative for 12 years prior to becoming a distinguished and Highly Respected Congressman. In Congress, he is fighting tirelessl"
115662364552464423,2025-12-04T17:00:00+00:00,2025-12-04,17,truth_social,truth_social_dataset,sector_keywords|theme:agriculture,agriculture,12,13,"Congressman Nathaniel Moran is doing a fantastic job representing the Great People of Texas’ 1st Congressional District!
Nathaniel has an incredible Record of Success, and strong support from his Community. In Congress, he is working tirelessly to Grow our Economy, Cut Taxes and "
115662369700704369,2025-12-04T17:01:00+00:00,2025-12-04,17,truth_social,truth_social_dataset,sector_keywords,,12,13,"Congressman John “Judge” Carter is a Fantastic Representative for the Great People of Texas’ 31st Congressional District!
“Judge” served over 20 years as a District Court Judge in Williamson County prior to becoming a very distinguished and respected U.S. Congressman. He is worki"
115662367365090087,2025-12-04T17:01:00+00:00,2025-12-04,17,truth_social,truth_social_dataset,sector_keywords|theme:agriculture,agriculture,12,13,"Congressman Randy Weber is doing a fantastic job representing the wonderful people of Texas’ 14th Congressional District!
A successful Businessman, Randy knows the America First Policies necessary to Create GREAT Jobs, Unleash Innovation, and Ensure American Energy DOMINANCE. He "
115662373086221699,2025-12-04T17:02:00+00:00,2025-12-04,17,truth_social,truth_social_dataset,sector_keywords,,12,13,"It is my Honor to endorse MAGA Warrior TREVER NEHLS, who is running to represent the incredible people of Texas’ 22nd Congressional District.
Trever's brother is the GREAT Congressman from Texas, Troy Nehls. He and his family are fierce advocates for our Movement to, MAKE AMERICA"
115663961478701629,2025-12-04T23:46:00+00:00,2025-12-04,23,truth_social,truth_social_dataset,sector_keywords|entity_mention,,6,7,‘First Lady of Technology’ Melania Trump pioneers FLOTUS book with global enthusiasm: https://justthenews.com/government/white-house/first-lady-technology-melania-trump-pioneers-flotus-book-global-enthusiasm/
115667445871563304,2025-12-05T14:32:37.990000+00:00,2025-12-05,14,truth_social,cnn_truth_archive,sector_keywords|theme:manufacturing_reshoring,manufacturing_reshoring,19,20,"I have just approved TINY CARS to be built in America. Manufacturers have long wanted to do this, just like they are so successfully built in other countries. They can be propelled by gasoline, electric, or hybrid. These cars of the very near future are inexpensive, safe, fuel ef"
115669821715563033,2025-12-06T00:36:00+00:00,2025-12-06,0,truth_social,truth_social_dataset,theme:pharma_healthcare,pharma_healthcare,6,7,"Today, the CDC Vaccine Committee made a very good decision to END their Hepatitis B Vaccine Recommendation for babies, the vast majority of whom are at NO RISK of Hepatitis B, a disease that is mostly transmitted sexually, or through dirty needles. The American Childhood Vaccine "
115670528158863252,2025-12-06T03:36:29.925000+00:00,2025-12-06,3,truth_social,cnn_truth_archive,entity_mention,,1,2,"Dr. James Jones, the Great White House Doctor, has written a fantastic Book, ""Venom and Valor: A White House Physician Assistant's Battle for Survival in the Amazon."" Our Nation is incredible proud of brave Patriots like Dr. Jones who serve our Country with distinction behind-the"
115670577719463498,2025-12-06T03:49:00+00:00,2025-12-06,3,truth_social,truth_social_dataset,entity_mention,,1,2,"Dr. James Jones, the Great White House Doctor, has written a fantastic Book, “Venom and Valor: A White House Physician Assistant’s Battle for Survival in the Amazon.” Our Nation is incredibly proud of brave Patriots like Dr. Jones who serve our Country with distinction behind-the"
115672630683376515,2025-12-06T12:31:00+00:00,2025-12-06,12,truth_social,truth_social_dataset,sector_keywords|entity_mention,,6,7,"Why would Fox and Friends Weekend (of all things?) put on a “Stockbroker” named Peter Schiff, a Trump hating loser who has already proven to be wrong. Either the show made a mistake, or it is heading in a different direction. He thinks prices are going up when, in fact, they are "
115673681347141352,2025-12-06T16:58:23.761000+00:00,2025-12-06,16,truth_social,cnn_truth_archive,sector_keywords|entity_mention,,6,7,Dr. Oz warns Walz fraud could cost Minnesota Medicaid:https://www.foxnews.com/video/6386119914112
115673706520574050,2025-12-06T17:04:00+00:00,2025-12-06,17,truth_social,truth_social_dataset,entity_mention,,1,2,"Cristiano Ronaldo, the GREAT soccer (football!) player, just called to thank me for his tour this week of the White House and Oval Office. What an incredible guy he is, not only as an athlete, but as a person. You just don’t get any better!!! President DJT"
115674102596009965,2025-12-06T18:45:00+00:00,2025-12-06,18,truth_social,truth_social_dataset,entity_mention,,1,2,"The Baseball Hall of Fame Committee is voting on admitting new Members TOMORROW, and these highly respected owners, executives, writers, and, most importantly, Hall of Famers, should do the right thing by finally putting Roger Clemens, known as “The Rocket,” in the Hall! Roger is"
115674446098726232,2025-12-06T20:12:00+00:00,2025-12-06,20,truth_social,truth_social_dataset,entity_mention,,1,2,"Another stabbing by an Illegal Migrant in Charlotte, North Carolina. What’s going on in Charlotte? Democrats are destroying it, like everything else, piece by piece!!! President DJT"
115679762314112555,2025-12-07T18:44:00+00:00,2025-12-07,18,truth_social,truth_social_dataset,entity_mention,,1,2,"Roger Clemens, who won 354 games, went through his own Witch Hunt. HE WAS AQUITED OF ALL CHARGES!!! If he doesn’t get into the Hall of Fame, he should sue the hell out of Major League Baseball! President DJT"
115679765232612242,2025-12-07T18:45:00+00:00,2025-12-07,18,truth_social,truth_social_dataset,entity_mention,,1,2,"Roger Clemens, who won 354 games, went through his own Witch Hunt. HE WAS ACQUITTED OF ALL CHARGES!!! If he doesn’t get into the Hall of Fame, he should sue the hell out of Major League Baseball! President DJT"
115679783474101246,2025-12-07T18:50:14.863000+00:00,2025-12-07,18,truth_social,cnn_truth_archive,entity_mention,,1,2,It was the Obama DOJ (of course!) that viciously went after the great Roger Clemens. ROGER WAS FULLY ACQUITTED OF ALL CHARGES!!! President DJT
115680021178321608,2025-12-07T19:50:00+00:00,2025-12-07,19,truth_social,truth_social_dataset,sector_keywords|entity_mention|theme:tariffs_trade,tariffs_trade,19,20,"While the United States has other methods of charging TARIFFS against foreign countries, many of whom have, for YEARS, TAKEN ADVANTAGE OF OUR NATION, the current method of Tariffing before the United States Supreme Court is far more DIRECT, LESS CUMBERSOME, and MUCH FASTER, all i"
115684406134734247,2025-12-08T14:25:00+00:00,2025-12-08,14,truth_social,truth_social_dataset,entity_mention,,2,3,"The only reason Marjorie “Traitor” Brown (Green turns Brown under stress!) went BAD is that she was JILTED by the President of the United States (Certainly not the first time she has been jilted!). Too much work, not enough time, and her ideas are, NOW, really BAD - She sort of r"
115686072737425841,2025-12-08T21:29:00+00:00,2025-12-08,21,truth_social,truth_social_dataset,sector_keywords|entity_mention|theme:china|theme:jobs_economy|theme:manufacturing_reshoring,china/jobs_economy/manufacturing_reshoring,13,14,"I have informed President Xi, of China, that the United States will allow NVIDIA to ship its H200 products to approved customers in China, and other Countries, under conditions that allow for continued strong National Security. President Xi responded positively! $25% will be paid"
115686410399815717,2025-12-08T22:55:00+00:00,2025-12-08,22,truth_social,truth_social_dataset,sector_keywords|entity_mention|theme:agriculture|theme:tariffs_trade,agriculture/tariffs_trade,19,20,"Mexico continues to violate our comprehensive Water Treaty, and this violation is seriously hurting our BEAUTIFUL TEXAS CROPS AND LIVESTOCK. Mexico still owes the U.S over 800,000 acre-feet of water for failing to comply with our Treaty over the past five years. The U.S needs Mex"
115688461364044258,2025-12-09T07:37:08.959000+00:00,2025-12-09,7,truth_social,cnn_truth_archive,sector_keywords|entity_mention|theme:tariffs_trade|theme:china,tariffs_trade/china,19,20,"The biggest threat in history to United States National Security would be a negative decision on Tariffs by the U.S. Supreme Court. We would be financially defenseless. Now Europe is going to Tariffs against China, as they already do against others. We would not be allowed to do "
115688492399516072,2025-12-09T07:45:02.519000+00:00,2025-12-09,7,truth_social,cnn_truth_archive,sector_keywords|entity_mention|theme:tariffs_trade,tariffs_trade,19,20,"Because of Tariffs, easily and quickly applied, our National Security has been greatly enhanced, and we have become the financially strongest Country, by far, anywhere in the World. Only dark and sinister forces would want to see that end!!!"
115692843128539904,2025-12-10T02:11:29.339000+00:00,2025-12-10,2,truth_social,cnn_truth_archive,sector_keywords|entity_mention|theme:taxes,taxes,6,7,"There has never been a President that has worked as hard as me! My hours are the longest, and my results are among the best. I've stopped Eight Wars, saving many millions of lives in the process, created the Greatest Economy in the History of our Country, brought Business back in"
115698147293634454,2025-12-11T00:40:00+00:00,2025-12-11,0,truth_social,truth_social_dataset,sector_keywords,,12,13,"State Senator Phil Berger is an America First Patriot, who is doing an incredible job representing North Carolina’s 26th Senate District!
Phil Berger has served as the Highly Respected Leader of the North Carolina Senate for over a decade, helping us deliver massive and historic "
115698333420423237,2025-12-11T01:27:00+00:00,2025-12-11,1,truth_social,truth_social_dataset,sector_keywords|entity_mention,,6,7,"I love the State of Indiana, and have won it, including Primaries, six times, all by MASSIVE Majorities. Importantly, it now has a chance to make a difference in Washington, D.C., in regard to the number of House seats we have that are necessary to hold the Majority against the R"
115701239677984151,2025-12-11T13:46:00+00:00,2025-12-11,13,truth_social,truth_social_dataset,entity_mention,,1,2,"“Blue Slips” are making it impossible to get great Republican Judges and U.S. Attorneys approved to serve in any state where there is even a single Democrat Senator. If they say no, then it is OVER for that very well qualified Republican candidate. Only a really far left Democrat"
115701697468059580,2025-12-11T15:43:15.838000+00:00,2025-12-11,15,truth_social,cnn_truth_archive,theme:stock_market_macro,stock_market_macro,0,1,"STOCK MARKET JUST HIT AN ALL-TIME HIGH!!! When will the Fake Polls show that I am doing a great job on the Economy, and much more??? Thank you!"
115702382320619583,2025-12-11T18:37:00+00:00,2025-12-11,18,truth_social,truth_social_dataset,sector_keywords|theme:stock_market_macro|theme:fed_rates|theme:tariffs_trade,stock_market_macro/fed_rates/tariffs_trade,31,32,"I inherited a MESS from the Biden Administration — The Worst Inflation in History, and the Highest Prices our Country has ever seen. In other words, Affordability, just 13 months ago, was a DISASTER for the American People, but now, it’s totally different! Prices are coming down "
115702734737677434,2025-12-11T20:07:00+00:00,2025-12-11,20,truth_social,truth_social_dataset,sector_keywords|entity_mention|theme:china|theme:stock_market_macro,china/stock_market_macro,19,20,"The Wall Street Journal has another ridiculous story today that China is dominating us, and the World, on the production of Electricity having to do with AI. They’re WRONG, as usual! Every AI plant being built in the United States is building its own Electric Generating Facilitie"
115707808536071986,2025-12-12T17:37:23.336000+00:00,2025-12-12,17,truth_social,cnn_truth_archive,sector_keywords|entity_mention,,6,7,"I had a very good conversation this morning with the Prime Minister of Thailand, Anutin Charnvirakul, and the Prime Minister of Cambodia, Hun Manet, concerning the very unfortunate reawakening of their long-running War. They have agreed to CEASE all shooting effective this evenin"
115713044487400578,2025-12-13T15:48:00+00:00,2025-12-13,15,truth_social,truth_social_dataset,sector_keywords|entity_mention|theme:tariffs_trade,tariffs_trade,19,20,"Wow! The great Art (Arthur) Laffer, Ronald Reagan’s economic “whiz,” and highly respected by all, said in a speech last night that, “Donald Trump is the greatest President in history, bar none.” Such an honor coming from a man of such wisdom. Also, he said that, “Tariffs are work"
115713058860389475,2025-12-13T15:52:00+00:00,2025-12-13,15,truth_social,truth_social_dataset,sector_keywords|entity_mention|theme:tariffs_trade,tariffs_trade,19,20,"Wow! The great Art (Arthur) Laffer, Ronald Reagan’s economic “whiz,” and highly respected by all, said in a speech last night that, “Donald Trump is the greatest President in history, bar none.” Such an honor coming from a man of such wisdom. Also, he said that, “Tariffs are work"
115713778827349150,2025-12-13T18:55:00+00:00,2025-12-13,18,truth_social,truth_social_dataset,sector_keywords|entity_mention|theme:defense_geopolitics,defense_geopolitics,6,7,"We mourn the loss of three Great American Patriots in Syria, two soldiers, and one Civilian Interpreter. Likewise, we pray for the three injured soldiers who, it has just been confirmed, are doing well. This was an ISIS attack against the U.S., and Syria, in a very dangerous part"
115713851852551574,2025-12-13T19:14:17.027000+00:00,2025-12-13,19,truth_social,cnn_truth_archive,sector_keywords|entity_mention,,6,7,"Getting ready to land at Fort McHenry for my short drive to the Army-Navy Game. Everyone is asking who am I supporting, Army or Navy? My answer is: ""You must be joking if you think I'm going to give you that answer!""PRESIDENT DONALD J. TRUMP"
115725803987363092,2025-12-15T21:53:52.131000+00:00,2025-12-15,21,truth_social,cnn_truth_archive,entity_mention,,1,2,RT: https://truthsocial.com/users/realDonaldTrump/statuses/115567293174185547NEW RELEASE: Get your copy of Scott Jennings' GREAT Book today:https://www.amazon.com/Revolution-Common-Sense-Washington-Civilization/dp/0063472171
115731785428395132,2025-12-16T23:15:01.678000+00:00,2025-12-16,23,truth_social,cnn_truth_archive,sector_keywords|entity_mention|theme:tariffs_trade,tariffs_trade,19,20,"Numbers recently released show that TARIFFS have reduced the Trade Deficit of the United States by more than half. This is larger than anyone, except ME, projected, and will only get stronger in the near future. Everybody should pray that the United States Supreme Court has the W"
115731908387416458,2025-12-16T23:46:00+00:00,2025-12-16,23,truth_social,truth_social_dataset,sector_keywords|entity_mention,,6,7,"Venezuela is completely surrounded by the largest Armada ever assembled in the History of South America. It will only get bigger, and the shock to them will be like nothing they have ever seen before — Until such time as they return to the United States of America all of the Oil,"
115732274245124697,2025-12-17T01:19:20.426000+00:00,2025-12-17,1,truth_social,cnn_truth_archive,sector_keywords,,12,13,"It is great to see Andrej Babis appointed again as Prime Minister of the Czech Republic. Together, we will once again achieve Great Success on Defense, Energy, and Illegal Immigration — Just as we have done during our First Terms in Office. Andrej knows how to get Deals done, and"
115732670084362796,2025-12-17T03:00:00.457000+00:00,2025-12-17,3,truth_social,cnn_truth_archive,sector_keywords|entity_mention,,6,7,"Trump orders 'blockade' of sanctioned oil tankers leaving, entering Venezuela:https://www.reuters.com/world/americas/trump-orders-blockade-sanctioned-oil-tankers-leaving-entering-venezuela-2025-12-16/"
115732896552615984,2025-12-17T03:57:00+00:00,2025-12-17,3,truth_social,truth_social_dataset,entity_mention,,1,2,Unreasonable Search and Seizure!!! That was the FBI’s CRIMINAL RAID on Mar-a-Lago. This can never be allowed to happen again!!! President DJT
115733300541760842,2025-12-17T05:40:00+00:00,2025-12-17,5,truth_social,truth_social_dataset,entity_mention,,1,2,"Why did Brown University have so few Security Cameras? There can be no excuse for that. In the modern age, it just doesn’t get worse!!! President DJT"
115736866317724246,2025-12-17T20:47:00+00:00,2025-12-17,20,truth_social,truth_social_dataset,sector_keywords|entity_mention,,6,7,"Raphael Warnock was on Meet the Fake Press with a one sided and very biased Kristen Welker as the Host(ess!). Warnock spent the entire show using Religion to try and divide the Country! If a Republican, in particular ME, made those statements, it would be FRONT PAGE NEWS. He ende"
115742569503999806,2025-12-18T20:57:00+00:00,2025-12-18,20,truth_social,truth_social_dataset,sector_keywords|theme:fed_rates,fed_rates,13,14,"Paul LePage will be a tremendous Congressman for the amazing people of Maine’s 2nd Congressional District, just as he was as your Governor!
A proven America First Fighter, Paul has been with us from the very beginning, helping us, MAKE AMERICA GREAT AGAIN! In Congress, he will wo"
115742571489420298,2025-12-18T20:58:00+00:00,2025-12-18,20,truth_social,truth_social_dataset,sector_keywords,,12,13,"It is my Great Honor to endorse Kevin Lincoln, who is running to represent the incredible people of California’s 13th Congressional District.
From bravely fighting for the U.S. Marine Corps, to leading his City as Mayor of Stockton, Kevin has served our Nation with distinction, a"
115742629595806439,2025-12-18T21:12:00+00:00,2025-12-18,21,truth_social,truth_social_dataset,sector_keywords,,12,13,"I am proud to, once again, endorse the GREAT Congressman from Tennessee’s 7th Congressional District, Matt Van Epps. I strongly campaigned with Matt to defeat the Radical Left in his 2025 Special Election, and it is my Honor to support his 2026 Re-Election.
A West Point Graduate,"
115742633193769571,2025-12-18T21:13:00+00:00,2025-12-18,21,truth_social,truth_social_dataset,sector_keywords|theme:defense_geopolitics,defense_geopolitics,12,13,"Congressman Tony Gonzales is a terrific Representative for the wonderful people of Texas’ 23rd Congressional District!
A retired Master Chief Petty Officer from the U.S. Navy, who bravely deployed to Iraq and Afghanistan, Tony knows the Wisdom and Courage that is required to Defe"
115742789211395317,2025-12-18T21:53:00+00:00,2025-12-18,21,truth_social,truth_social_dataset,sector_keywords,,12,13,"It is my Great Honor to endorse America First Patriot, Eric Flores, who is running to represent the wonderful people of Texas’ 34th Congressional District.
A Brave U.S. Army Veteran, and former Criminal Prosecutor, Eric knows the Wisdom and Courage it takes to Ensure LAW AND ORDE"
115742838603762912,2025-12-18T22:05:00+00:00,2025-12-18,22,truth_social,truth_social_dataset,sector_keywords,,12,13,"It is my Great Honor to endorse MAGA Warrior, Chris Gober, who is running to represent the wonderful people of Texas’ 10th Congressional District.
A Harvard Law School Graduate, and very successful Lawyer, Chris knows the Wisdom and Courage required to uphold our Constitution, an"
115743433358756069,2025-12-19T00:37:00+00:00,2025-12-19,0,truth_social,truth_social_dataset,entity_mention,,1,2,"I’ll be in North Carolina tomorrow at the wonderful Rocky Mount Events Center. So much to discuss. See you there. Doors open at 6 P.M. MAKE AMERICA GREAT AGAIN! President DJT
https://eoppra.my.site.com/survey/survey/runtimeApp.app?invitationId=0KiSJ000000yOkD&surveyName=v2_guest_"
115744328126422418,2025-12-19T04:24:00+00:00,2025-12-19,4,truth_social,truth_social_dataset,sector_keywords|entity_mention|theme:tariffs_trade,tariffs_trade,19,20,"It’s all happening!!!
https://justthenews.com/government/white-house/trump-defies-odds-achieves-economic-hat-trick-rate-cuts-tariffs-and-cooling"
115744349172803672,2025-12-19T04:30:09.205000+00:00,2025-12-19,4,truth_social,cnn_truth_archive,sector_keywords|entity_mention|theme:tariffs_trade,tariffs_trade,19,20,It's all happening!!!https://justthenews.com/government/white-house/trump-defies-odds-achieves-economic-hat-trick-rate-cuts-tariffs-and-cooling
115746937797990743,2025-12-19T15:28:28.525000+00:00,2025-12-19,15,truth_social,cnn_truth_archive,sector_keywords|entity_mention,,6,7,Insurance companies are ripping off America. Healthcare money must go directly to the PEOPLE. Dems must get on board!!!https://nypost.com/2025/12/10/opinion/insurance-companies-are-making-record-profits-off-climate-change-panic-not-facts/
115747232618687626,2025-12-19T16:43:27.094000+00:00,2025-12-19,16,truth_social,cnn_truth_archive,theme:jobs_economy,jobs_economy,0,1,The only reason our Unemployment ticked up to 4.5% is because we are reducing the Government Workforce by numbers that have never been seen before. 100% OF OUR NEW JOBS ARE IN THE PRIVATE SECTOR! I could reduce Unemployment to 2% overnight by just hiring people into the Federal G
115748701721247530,2025-12-19T22:57:00+00:00,2025-12-19,22,truth_social,truth_social_dataset,theme:defense_geopolitics,defense_geopolitics,6,7,"Because of ISIS’s vicious killing of brave American Patriots in Syria, whose beautiful souls I welcomed home to American soil earlier this week in a very dignified ceremony, I am hereby announcing that the United States is inflicting very serious retaliation, just as I promised, "
115748870260800797,2025-12-19T23:39:55.571000+00:00,2025-12-19,23,truth_social,cnn_truth_archive,entity_mention,,1,2,"Elizabeth MacDonald of FoxBusiness is FANTASTIC. She really understands what is going on in the World of business, and far beyond!!!  President DJT"
115748898604800291,2025-12-19T23:47:08.064000+00:00,2025-12-19,23,truth_social,cnn_truth_archive,entity_mention,,1,2,"Nine Billion Dollars was STOLEN FROM THE STATE OF MINNESOTA by Illegal Somalian Criminals. They must pay a big price, NOW!!! President DJT"
115748995021059823,2025-12-20T00:11:00+00:00,2025-12-20,0,truth_social,truth_social_dataset,sector_keywords,,12,13,"I’ll be in North Carolina tonight at the wonderful Rocky Mount Events Center and, therefore, will not be in attendance at Mar-a-Lago tonight for a very special event honoring the GREAT House Majority Whip, Tom Emmer. He is my great friend, and one of the most talented politicians"
115750227263339859,2025-12-20T05:25:00+00:00,2025-12-20,5,truth_social,truth_social_dataset,theme:pharma_healthcare,pharma_healthcare,6,7,"Just leaving North Carolina, where the Crowd was amazing! They will hopefully be voting for Michael Whatley, to be the next Senator. His opponent, former Governor Roy Cooper, is a Radical Left Lunatic who let the people of North Carolina down, especially in time of need. Heading "
115754059136466585,2025-12-20T21:39:31.491000+00:00,2025-12-20,21,truth_social,cnn_truth_archive,sector_keywords,,12,13,"Highly Respected and very popular Nassau County Executive, Bruce Blakeman, is running to be the next Governor of New York. Bruce is MAGA all the way, and has been with me from the very beginning. As Nassau County Executive, he is working tirelessly with the Brave Heroes of ICE, B"
115766194471748593,2025-12-23T01:05:42.053000+00:00,2025-12-23,1,truth_social,cnn_truth_archive,entity_mention,,1,2,"Thank you to highly respected Alex Marlow, Editor-In-Chief of Breitbart, for his nice words on The Ingraham Angle. Likewise to Jason Miller and Rod Blagojevich. So nice!!! President DJT"
115767241940653010,2025-12-23T05:32:05.158000+00:00,2025-12-23,5,truth_social,cnn_truth_archive,entity_mention,,1,2,"The Failing New York Times, and their lies and purposeful misrepresentations, is a serious threat to the National Security of our Nation. Their Radical Left, Unhinged Behavior, writing FAKE Articles and Opinions in a never ending way, must be dealt with and stopped. THEY ARE A TR"
115769302680506780,2025-12-23T14:16:09.512000+00:00,2025-12-23,14,truth_social,cnn_truth_archive,sector_keywords|entity_mention|theme:tariffs_trade|theme:fed_rates,tariffs_trade/fed_rates,26,27,"The TARIFFS are responsible for the GREAT USA Economic Numbers JUST ANNOUNCED…AND THEY WILL ONLY GET BETTER! Also, NO INFLATION & GREAT NATIONAL SECURITY. Pray for the U.S. Supreme Court!!! President DJT"
115769520157248739,2025-12-23T15:11:00+00:00,2025-12-23,15,truth_social,truth_social_dataset,sector_keywords|theme:tariffs_trade|theme:jobs_economy|theme:taxes|theme:fed_rates,tariffs_trade/jobs_economy/taxes/fed_rates,25,26,"Q3 GDP came in at 4.3%, BLOWING PAST expectations of 3.2%. 60 of 61 Bloomberg Economists got it WRONG, but “TRUMP,” and some other Geniuses, got it right. The SUCCESS is due to Good Government, and TARIFFS. Consumer spending is STRONG, Net Exports are WAY UP, Imports and Trade De"
115770165868454573,2025-12-23T17:55:00+00:00,2025-12-23,17,truth_social,truth_social_dataset,sector_keywords|entity_mention|theme:fed_rates|theme:jobs_economy|theme:stock_market_macro,fed_rates/jobs_economy/stock_market_macro,6,7,"THE TRUMP RULE:
The Financial News today was great — GDP up 4.2% as opposed to the predicted 2.5% (and this, despite the downward pressure of the recent Democrat Shutdown!) — But in the Modern Market, when you have good news, the Market stays even, or goes down, because Wall Stre"
115770367420942580,2025-12-23T18:46:56.202000+00:00,2025-12-23,18,truth_social,cnn_truth_archive,sector_keywords|theme:agriculture,agriculture,12,13,"Highly Respected Congresswoman, Harriet Hageman, is running for the United States Senate in the Great State of Wyoming, a place I love and WON BIG in 2016, 2020, and 2024! I know Harriet well, and she is a TOTAL WINNER! Harriet has ALWAYS delivered for Wyoming, and will continue "
115771638702591740,2025-12-24T00:10:00+00:00,2025-12-24,0,truth_social,truth_social_dataset,theme:fed_rates,fed_rates,6,7,"Growth is up and Inflation is down in President Trump’s first year! Matthew Continetti, American Enterprise Institute"
115777270368444049,2025-12-25T00:02:00+00:00,2025-12-25,0,truth_social,truth_social_dataset,sector_keywords|entity_mention|theme:stock_market_macro|theme:jobs_economy|theme:tariffs_trade|theme:fed_rates,stock_market_macro/jobs_economy/tariffs_trade/fed_rates,26,27,"Merry Christmas to all, including the Radical Left Scum that is doing everything possible to destroy our Country, but are failing badly. We no longer have Open Borders, Men in Women’s Sports, Transgender for Everyone, or Weak Law Enforcement. What we do have is a Record Stock Mar"
115782187461315486,2025-12-25T20:52:55.674000+00:00,2025-12-25,20,truth_social,cnn_truth_archive,theme:jobs_economy,jobs_economy,0,1,Trump's 79% Increase in GDP Growth Rate — 5 Ways He Did It: https://www.newsmax.com/politics/donald-trump-gdp-growth/2025/12/25/id/1239654/
115782683955516402,2025-12-25T22:59:00+00:00,2025-12-25,22,truth_social,truth_social_dataset,sector_keywords|entity_mention,,6,7,"Tonight, at my direction as Commander in Chief, the United States launched a powerful and deadly strike against ISIS Terrorist Scum in Northwest Nigeria, who have been targeting and viciously killing, primarily, innocent Christians, at levels not seen for many years, and even Cen"
115785935602103818,2025-12-26T12:46:07.763000+00:00,2025-12-26,12,truth_social,cnn_truth_archive,entity_mention,,1,2,Big news for the USA! President DJT
115786745967133949,2025-12-26T16:12:00+00:00,2025-12-26,16,truth_social,truth_social_dataset,sector_keywords|entity_mention,,6,7,"Grand jury properly voted on James Comey’s indictment, foreman claims in blow to defense: ‘Eliminates any doubt’: https://nypost.com/2025/11/20/us-news/grand-jury-vote-in-james-comey-case-was-proper-foreman-says/"
115786753989451101,2025-12-26T16:14:15.359000+00:00,2025-12-26,16,truth_social,cnn_truth_archive,sector_keywords|entity_mention,,6,7,MIKE DAVIS: Deranged Democrats' latest coup attempt seeks military mutiny: https://www.foxnews.com/opinion/mike-davis-deranged-mocrats-latest-coup-attempt-seeks-military-mutiny.amp
115791817694825755,2025-12-27T13:42:01.374000+00:00,2025-12-27,13,truth_social,cnn_truth_archive,sector_keywords|entity_mention|theme:tariffs_trade|theme:jobs_economy|theme:fed_rates,tariffs_trade/jobs_economy/fed_rates,25,26,"Tariffs are creating GREAT WEALTH, and unprecedented National Security for the USA. Trade deficit has been cut by 60%, totally unheard of. 4.3% GDP, and going way up. No inflation!!! We are respected as a Country again."
115798213364038844,2025-12-28T16:48:31.580000+00:00,2025-12-28,16,truth_social,cnn_truth_archive,entity_mention,,1,2,"I just had a good and very productive telephone call with President Putin of Russia prior to my meeting, at 1:00 P.M. today, with President Zelenskyy of Ukraine. The meeting will take place in the main dining room of Mar-a-Lago. Press is invited. Thank you for your attention to t"
115810597668691530,2025-12-30T21:18:01.026000+00:00,2025-12-30,21,truth_social,cnn_truth_archive,sector_keywords|entity_mention,,7,8,Amazon to invest up to $50B to build AI infrastructure for US government agencies: https://www.foxbusiness.com/markets/amazon-invest-up-50b-build-ai-infrastructure-us-government-agencies
115810711432191643,2025-12-30T21:46:00+00:00,2025-12-30,21,truth_social,truth_social_dataset,sector_keywords|entity_mention,,6,7,"Trump Delivers Rousing Primetime Address, Announces “Warrior Dividend” for Troops: https://amac.us/newsline/economy/trump-delivers-rousing-primetime-address-announces-warrior-dividend-for-troops/"
115810709647434944,2025-12-30T21:46:00+00:00,2025-12-30,21,truth_social,truth_social_dataset,theme:fed_rates,fed_rates,6,7,"Trump Hammers the ‘Mess’ Biden Left on Border, Inflation, Wages: ‘I’m Fixing It’: https://www.breitbart.com/politics/2025/12/18/trump-hammers-the-mess-biden-left-on-border-inflation-wages-im-fixing-it/"
115810715225124666,2025-12-30T21:47:54.795000+00:00,2025-12-30,21,truth_social,cnn_truth_archive,theme:jobs_economy,jobs_economy,0,1,Trump: We're Bringing Economy Back From Ruin: https://www.newsmax.com/newsfront/trump-economy-rebound/2025/12/17/id/1238770/
115810716798307317,2025-12-30T21:48:00+00:00,2025-12-30,21,truth_social,truth_social_dataset,theme:jobs_economy,jobs_economy,0,1,Trump address ignites hope for future as ‘gangbuster’ economy forecasted for 2026: https://nypost.com/2025/12/18/business/trump-address-ignites-hope-for-future-as-gangbuster-economy-forecasted-for-2026/
115811936714151078,2025-12-31T02:58:00+00:00,2025-12-31,2,truth_social,truth_social_dataset,sector_keywords|entity_mention|theme:fed_rates,fed_rates,12,13,"The polls are rigged even more than the writers. The real number is 64%, and why not, our Country is “hotter” than ever before. Isn’t it nice to have a STRONG BORDER, No Inflation, a powerful Military, and great Economy??? Happy New Year!"
115814530455966257,2025-12-31T13:58:00+00:00,2025-12-31,13,truth_social,truth_social_dataset,entity_mention,,1,2,"California and Colorado are two of the TOP OUTBOUND STATES IN 2025 (United Van Lines!) - In other words, PEOPLE LEAVING!!! That’s what bad governors do to even places blessed with beautiful surrounds and climate. President DJT"
115815971019162695,2025-12-31T20:04:31.850000+00:00,2025-12-31,20,truth_social,cnn_truth_archive,sector_keywords|entity_mention|theme:tariffs_trade|theme:china|theme:manufacturing_reshoring,tariffs_trade/china/manufacturing_reshoring,20,21,"The United States has set a World Record on investments being made into a Country, and it is Trillions of Dollars more than number two, China. This is singularly because of TARIFFS, and the fact that if you make your product in the U.S., there ARE NO TARIFFS. Hence, factories and"
115816063544553030,2025-12-31T20:28:03.672000+00:00,2025-12-31,20,truth_social,cnn_truth_archive,sector_keywords|entity_mention,,7,8,Republicans: No more money to Fat Cat Insurance Companies. The money must go directly to the people to buy their own Healthcare. President DJT
115816171466225987,2025-12-31T20:55:00+00:00,2025-12-31,20,truth_social,truth_social_dataset,entity_mention,,1,2,"We are removing the National Guard from Chicago, Los Angeles, and Portland, despite the fact that CRIME has been greatly reduced by having these great Patriots in those cities, and ONLY by that fact. Portland, Los Angeles, and Chicago were GONE if it weren’t for the Federal Gover"
115821862193209382,2026-01-01T21:02:00+00:00,2026-01-01,21,truth_social,truth_social_dataset,entity_mention,,1,2,"Alex Swoyer has written a powerful Book, “Lawless Lawfare: Tipping the Scales of Justice to Get Trump and Destroy MAGA.” The unprecedented Weaponization of “Justice” by the Democrats against their Political Opponent (ME!) can never be forgotten, or allowed to happen again. Read t"
115824439366264186,2026-01-02T07:58:08.615000+00:00,2026-01-02,7,truth_social,cnn_truth_archive,theme:defense_geopolitics,defense_geopolitics,6,7,"If Iran shots and violently kills peaceful protesters, which is their custom, the United States of America will come to their rescue. We are locked and loaded and ready to go. Thank you for your attention to this matter! President DONALD J.TRUMP"
115825378093317232,2026-01-02T11:56:00+00:00,2026-01-02,11,truth_social,truth_social_dataset,entity_mention,,1,2,"The White House Doctors have just reported that I am in “PERFECT HEALTH,” and that I “ACED” (Meaning, was correct on 100% of the questions asked!), for the third straight time, my Cognitive Examination, something which no other President, or previous Vice President, was willing t"
115825822957307790,2026-01-02T13:50:00.495000+00:00,2026-01-02,13,truth_social,cnn_truth_archive,sector_keywords|entity_mention,,6,7,Green energy company in the hot seat after bald eagles knocked out of the skies: https://www.foxnews.com/politics/green-energy-company-hot-seat-after-bald-eagles-knocked-out-of-skies/
115825951172960005,2026-01-02T14:22:36.909000+00:00,2026-01-02,14,truth_social,cnn_truth_archive,sector_keywords|entity_mention|theme:tariffs_trade,tariffs_trade,19,20,"Tariffs are an overwhelming benefit to our Nation, as they have been incredible for our National Security and Prosperity (like nobody has ever seen before!). Losing our ability to Tariff other countries who treat us unfairly would be a terrible blow to the United States of Americ"
115833689929797630,2026-01-03T23:10:00+00:00,2026-01-03,23,truth_social,truth_social_dataset,theme:defense_geopolitics,defense_geopolitics,6,7,"Obama failed to support Iran’s freedom protesters two decades ago, but Trump just rectified that: https://justthenews.com/government/security/satobama-failed-forcefully-support-irans-protesters-two-decades-ago-trump-just/"
115842866197248103,2026-01-05T14:04:19.699000+00:00,2026-01-05,14,truth_social,cnn_truth_archive,sector_keywords|entity_mention|theme:tariffs_trade,tariffs_trade,19,20,"We have taken in, and will soon be receiving, more than 600 Billion Dollars in Tariffs, but the Fake News Media refuses to talk about it because they hate and disrespect our Country, and want to interfere with the upcoming Tariff decision, one of the most important ever, of the U"
115844769291604784,2026-01-05T22:08:00+00:00,2026-01-05,22,truth_social,truth_social_dataset,sector_keywords|theme:agriculture,agriculture,7,8,"The incredible people of Kentucky’s 4th Congressional District, who want desperately to get rid of Thomas Massie, the Worst “Republican” Congressman we have had in many years, gave us a mandate to, MAKE AMERICA GREAT AGAIN! The person that will help us do the job, and do it right"
115844861259246664,2026-01-05T22:31:00+00:00,2026-01-05,22,truth_social,truth_social_dataset,sector_keywords|entity_mention,,6,7,"Today, the Trump Administration is proud to announce the United States of America’s updated Childhood Vaccination Schedule. This Schedule is rooted in the Gold Standard of Science, and widely agreed upon by Scientists and Experts all over the World. Effective today, America will "
115848329193521599,2026-01-06T13:13:38.407000+00:00,2026-01-06,13,truth_social,cnn_truth_archive,sector_keywords|entity_mention|theme:tariffs_trade|theme:stock_market_macro,tariffs_trade/stock_market_macro,19,20,The USA markets just hit another ALL TIME HIGH - ALL OF THEM!!! THANK YOU YOU MISTER TARIFF!!! PRAY THAT THE UNITED STATES SUPREME COURT ALLOWS OUR COUNTRY TO CONTINUE ITS UNPRECEDENTED MARCH TOWARD UNPARALLELED GREATNESS! BOTH OUR NATIONAL AND FINANCIAL SECURITY HAVE NEVER BEEN 
115848423492044761,2026-01-06T13:37:37.286000+00:00,2026-01-06,13,truth_social,cnn_truth_archive,entity_mention,,1,2,"Soon leaving the White House to speak to House Republicans, who I truly love (almost all!), at the TRUMP KENNEDY CENTER, where I have raised hundreds of millions of dollars to make it the best Performing Arts Center anywhere in the World. A year ago it was in a state of financial"
115850261028223020,2026-01-06T21:24:00+00:00,2026-01-06,21,truth_social,truth_social_dataset,sector_keywords,,12,13,"Two Highly Respected America First Patriots, Jay Feely and Gina Swoboda, are running for Congress in the Great State of Arizona, a very special place to me in that we had a BIG Presidential Election Win just over one year ago, on November 5, 2024!
Both fierce advocates of Make Am"
115850286700351188,2026-01-06T21:31:00+00:00,2026-01-06,21,truth_social,truth_social_dataset,sector_keywords,,12,13,"It is my Great Honor to endorse America First Patriot, Amanda McKinney, who is running to represent the wonderful people of Washington’s 4th Congressional District.
A very successful Business Executive, Civic Leader, and Highly Respected Yakima County Commissioner, Amanda has ded"
115850410088588555,2026-01-06T22:02:00+00:00,2026-01-06,22,truth_social,truth_social_dataset,sector_keywords|theme:agriculture,agriculture,12,13,"A Great and Highly Respected Hispanic Judge, very successful Businessman, and Rancher, Tano Tijerina has dedicated his life to serving his Community. In Congress, he will fight tirelessly to Grow our Economy, Promote our Amazing Farmers and Ranchers, Cut Taxes and Regulations, Pr"
115850412075994316,2026-01-06T22:03:00+00:00,2026-01-06,22,truth_social,truth_social_dataset,sector_keywords|entity_mention,,6,7,"Nobody knows Henry Cuellar better than Donald J. Trump. I studied his records, learned about his financing, and listened to his two wonderful daughters beg me to help the mother and father that they love. Their letters were heart wrenching and beautiful, but their father had prob"
115850441807763948,2026-01-06T22:10:54.340000+00:00,2026-01-06,22,truth_social,cnn_truth_archive,sector_keywords,,12,13,"Sara Baxter has done an incredible job as Palm Beach County Commissioner, delivering lasting results for Florida families. A true MAGA Warrior, who has been with us from the very beginning, Sara is working hard to Grow the Economy, Promote MADE IN THE U.S.A., Cut Taxes and Regula"
115850448778042500,2026-01-06T22:12:00+00:00,2026-01-06,22,truth_social,truth_social_dataset,sector_keywords|entity_mention,,6,7,"It is my Great Honor to endorse America First Patriot, Jon Maples, who is running to represent the wonderful people of Florida’s 87th State House District.
Jon is a very successful Businessman and Civic Leader, who is known and loved, and also endorsed by so many of my Palm Beach"
115850817778602689,2026-01-06T23:46:00+00:00,2026-01-06,23,truth_social,truth_social_dataset,sector_keywords|entity_mention,,6,7,"I am pleased to announce that the Interim Authorities in Venezuela will be turning over between 30 and 50 MILLION Barrels of High Quality, Sanctioned Oil, to the United States of America. This Oil will be sold at its Market Price, and that money will be controlled by me, as Presi"
115854238467475779,2026-01-07T14:16:26.769000+00:00,2026-01-07,14,truth_social,cnn_truth_archive,entity_mention,,1,2,"HIRE JOHN HARBAUGH, FAST. HE, AND HIS BROTHER, ARE TOTAL WINNERS!!! President DJT"
115854352740910460,2026-01-07T14:45:00+00:00,2026-01-07,14,truth_social,truth_social_dataset,sector_keywords|entity_mention|theme:defense_geopolitics|theme:jobs_economy|theme:china,defense_geopolitics/jobs_economy/china,18,19,"Remember, for all of those big NATO fans, they were at 2% GDP, and most weren’t paying their bills, UNTIL I CAME ALONG. The USA was, foolishly, paying for them! I, respectfully, got them to 5% GDP, AND THEY PAY, immediately. Everyone said that couldn’t be done, but it could, beca"
115855059527504524,2026-01-07T17:45:15.150000+00:00,2026-01-07,17,truth_social,cnn_truth_archive,theme:fed_rates,fed_rates,6,7,"For a very long time, buying and owning a home was considered the pinnacle of the American Dream. It was the reward for working hard, and doing the right thing, but now, because of the Record High Inflation caused by Joe Biden and the Democrats in Congress, that American Dream is"
115855387946005468,2026-01-07T19:08:00+00:00,2026-01-07,19,truth_social,truth_social_dataset,sector_keywords|entity_mention,,6,7,"All United State Defense Contractors, and the Defense Industry as a whole, BEWARE: While we make the best Military Equipment in the World (No other Country is even close!), Defense Contractors are currently issuing massive Dividends to their Shareholders and massive Stock Buyback"
115855701696773990,2026-01-07T20:28:33.947000+00:00,2026-01-07,20,truth_social,cnn_truth_archive,sector_keywords,,12,13,"I have just viewed the clip of the event which took place in Minneapolis, Minnesota. It is a horrible thing to watch. The woman screaming was, obviously, a professional agitator, and the woman driving the car was very disorderly, obstructing and resisting, who then violently, wil"
115855836062461949,2026-01-07T21:02:00+00:00,2026-01-07,21,truth_social,truth_social_dataset,sector_keywords|entity_mention,,6,7,"I have been informed by the Department of War that Defense Contractor, Raytheon, has been the least responsive to the needs of the Department of War, the slowest in increasing their volume, and the most aggressive spending on their Shareholders rather than the needs and demands o"
115855894695940909,2026-01-07T21:17:00+00:00,2026-01-07,21,truth_social,truth_social_dataset,sector_keywords|theme:tariffs_trade|theme:defense_geopolitics,tariffs_trade/defense_geopolitics,23,24,"After long and difficult negotiations with Senators, Congressmen, Secretaries, and other Political Representatives, I have determined that, for the Good of our Country, especially in these very troubled and dangerous times, our Military Budget for the year 2027 should not be $1 T"
115856078669121098,2026-01-07T22:04:00+00:00,2026-01-07,22,truth_social,truth_social_dataset,sector_keywords|entity_mention|theme:agriculture,agriculture,6,7,"I have just been informed that Venezuela is going to be purchasing ONLY American Made Products, with the money they receive from our new Oil Deal. These purchases will include, among other things, American Agricultural Products, and American Made Medicines, Medical Devices, and E"
115857498674115807,2026-01-08T04:05:33.575000+00:00,2026-01-08,4,truth_social,cnn_truth_archive,sector_keywords|entity_mention,,6,7,"When a vehicle is coming at you and is being used as a weapon, deadly force is justified, Nicole Parker says: https://www.foxnews.com/video/6387389369112"
115860738010214901,2026-01-08T17:49:00+00:00,2026-01-08,17,truth_social,truth_social_dataset,sector_keywords|entity_mention,,6,7,"Republicans should be ashamed of the Senators that just voted with Democrats in attempting to take away our Powers to fight and defend the United States of America. Susan Collins, Lisa Murkowski, Rand Paul, Josh Hawley, and Todd Young should never be elected to office again. This"
115861537483492504,2026-01-08T21:12:40.917000+00:00,2026-01-08,21,truth_social,cnn_truth_archive,sector_keywords|entity_mention|theme:manufacturing_reshoring,manufacturing_reshoring,13,14,"I just finished a great meeting with the very successful Intel CEO, Lip-Bu Tan. Intel just launched the first SUB 2 NANOMETER CPU PROCESSOR designed, built, and packaged right here in the U.S.A. The United States Government is proud to be a Shareholder of Intel, and has already m"
115861588073149023,2026-01-08T21:25:00+00:00,2026-01-08,21,truth_social,truth_social_dataset,sector_keywords|theme:defense_geopolitics|theme:fed_rates,defense_geopolitics/fed_rates,12,13,"Biden ignored the Housing Market, and instead was immersed with High Crime, Open Borders, runaway INFLATION, the Afghanistan Disaster, and a Military that he left in Chaos and Confusion. Everything was broken, but I, as President of the United States, have already fixed it! Now, "
115862109893187989,2026-01-08T23:38:15.193000+00:00,2026-01-08,23,truth_social,cnn_truth_archive,sector_keywords|entity_mention|theme:tariffs_trade|theme:jobs_economy,tariffs_trade/jobs_economy,19,20,"BREAKING NEWS: Numbers released today show that the United States of America has the lowest Trade Deficit since 2009, and going even lower. In addition, our Nation's Gross Domestic Product (GDP) is predicted to come in at over 5%, and that is after losing at least 1.5% to the Dem"
115862665860473431,2026-01-09T01:59:00+00:00,2026-01-09,1,truth_social,truth_social_dataset,entity_mention,,1,2,"Incompetent California “Leaders,” headed by Governor Gavin Newscum, and a traveling Mayor who likes Africa better than the USA (she chose to go there rather than stay home and fight the worst fire in California history!), are absolutely unable to get people permits to rebuild the"
115862684255980250,2026-01-09T02:04:19.276000+00:00,2026-01-09,2,truth_social,cnn_truth_archive,entity_mention,,1,2,"I will be interviewed by Sean Hannity, NOW! FoxNews. President DJT"
115863379883214601,2026-01-09T05:01:00+00:00,2026-01-09,5,truth_social,truth_social_dataset,theme:defense_geopolitics,defense_geopolitics,6,7,"Over million people rally: Iran’s 2nd largest city under protesters’ control, regime forces leave: https://youtube.com/watch?v=eDpP53YMysU&pp=0gcJCTIBo7VqN5tD"
115864395969123502,2026-01-09T09:19:00+00:00,2026-01-09,9,truth_social,truth_social_dataset,sector_keywords|entity_mention,,13,14,"Venezuela is releasing large numbers of political prisoners as a sign of “Seeking Peace.” This is a very important and smart gesture. The U.S.A. and Venezuela are working well together, especially as it pertains to rebuilding, in a much bigger, better, and more modern form, their"
115866624593954329,2026-01-09T18:46:00+00:00,2026-01-09,18,truth_social,truth_social_dataset,sector_keywords|entity_mention|theme:oil_energy_geopolitics,oil_energy_geopolitics,6,7,"The largest Oil Companies in the World are coming to the White House at 2:30 P.M. Everybody wants to be there. It’s too bad that the Ballroom hasn’t completed because, if it were, it would be PACKED. We apologize to those Oil Companies that we cannot take today, but Secretary of "
115866908684935165,2026-01-09T19:58:38.983000+00:00,2026-01-09,19,truth_social,cnn_truth_archive,sector_keywords|entity_mention,,6,7,"Today, the United States of America, in coordination with the Interim Authorities of Venezuela, seized an oil tanker which departed Venezuela without our approval. This tanker is now on its way back to Venezuela, and the oil will be sold through the GREAT Energy Deal, which we ha"
115867385857410443,2026-01-09T22:00:00+00:00,2026-01-09,22,truth_social,truth_social_dataset,sector_keywords|entity_mention|theme:tariffs_trade|theme:jobs_economy,tariffs_trade/jobs_economy,19,20,"Art Laffer and Stephen Moore have written an incredible Book, “The Trump Economic Miracle: And the Plan to Unleash Prosperity Again.” In just under one year, thanks to our use of Tariffs, our Nation’s National and Economic Security is stronger than ever before. Trillions of Dolla"
115867403112667181,2026-01-09T22:04:00+00:00,2026-01-09,22,truth_social,truth_social_dataset,theme:jobs_economy,jobs_economy,0,1,"“Our Country would be Venezuela on steroids if it weren’t for President Donald J. Trump!”
“The strongest Economic Growth since 1990!” — Mark Penn"
115867481802224393,2026-01-09T22:24:00+00:00,2026-01-09,22,truth_social,truth_social_dataset,sector_keywords|theme:agriculture,agriculture,12,13,"Many of my strongest supporters and friends in Wyoming have been calling and telling me how great “MAGA” Megan Degenfelder is, because she is considering launching a Campaign to be the next Governor of the Great State of Wyoming, a place I love and WON BIG in 2016, 2020, and 2024"
115868132990949589,2026-01-10T01:10:00+00:00,2026-01-10,1,truth_social,truth_social_dataset,sector_keywords|entity_mention|theme:fed_rates,fed_rates,6,7,"Please be informed that we will no longer let the American Public be “ripped off” by Credit Card Companies that are charging Interest Rates of 20 to 30%, and even more, which festered unimpeded during the Sleepy Joe Biden Administration. AFFORDABILITY! Effective January 20, 2026,"
115868134941083354,2026-01-10T01:10:00+00:00,2026-01-10,1,truth_social,truth_social_dataset,sector_keywords|entity_mention,,6,7,"Mortgage Rates are NOW 5.7%! Mortgage costs were HUGE under Biden (around 8%). That’s why almost no young families could afford a home. With my focus on Housing Affordability, and after I authorized Fannie Mae and Freddie Mac to invest their cash, and BUY $200 Billion Dollars in "
115871564802315111,2026-01-10T15:42:00+00:00,2026-01-10,15,truth_social,truth_social_dataset,sector_keywords|entity_mention,,6,7,"Gregg Jarrett is GREAT!!!
GREGG JARRETT: If Walz is charged in Minnesota fraud scandal, his best defense is incompetence:
https://www.foxnews.com/opinion/gregg-jarrett-walz-charged-minnesota-fraud-scandal-his-best-defense-incompetence"
115872191697421818,2026-01-10T18:22:11.321000+00:00,2026-01-10,18,truth_social,cnn_truth_archive,entity_mention,,1,2,"I love the Venezuelan people, and am already making Venezuela rich and safe again. Congratulations and thank you to all of those people who are making this possible!!! President DJT"
115872214156165257,2026-01-10T18:27:54.013000+00:00,2026-01-10,18,truth_social,cnn_truth_archive,theme:defense_geopolitics,defense_geopolitics,6,7,"Iran is looking at FREEDOM, perhaps like never before. The USA stands ready to help!!! President DONALD J. TRUMP"
115872664324587956,2026-01-10T20:22:23.036000+00:00,2026-01-10,20,truth_social,cnn_truth_archive,entity_mention,,1,2,"The New York Football Giants should hire, without  question, John Harbaugh - And John, a great guy, should TAKE THE JOB!!! President DJT"
115872684220634537,2026-01-10T20:27:26.626000+00:00,2026-01-10,20,truth_social,cnn_truth_archive,entity_mention,,1,2,The United States of America is the Hottest and most Successful Country anywhere in the WORLD!!! President DJT
115872769704977517,2026-01-10T20:49:00+00:00,2026-01-10,20,truth_social,truth_social_dataset,entity_mention,,1,2,"Dr. Marc Siegel, a wonderful guy, wrote a great new book, “The Miracles Among Us.” Get it now!!! President DJT"
115873451908160529,2026-01-10T23:42:40.610000+00:00,2026-01-10,23,truth_social,cnn_truth_archive,entity_mention,,1,2,"Venezuela has started the process, in a BIG WAY, of releasing their political prisoners. Thank you! I hope those prisoners will remember how lucky they got that the USA came along and did what had to be done. I HOPE THEY NEVER FORGET! If they do, it will not be good for them. Tha"
115876460615555838,2026-01-11T12:27:00+00:00,2026-01-11,12,truth_social,truth_social_dataset,sector_keywords|entity_mention,,13,14,"Cuba lived, for many years, on large amounts of OIL and MONEY from Venezuela. In return, Cuba provided “Security Services” for the last two Venezuelan dictators, BUT NOT ANYMORE! Most of those Cubans are DEAD from last weeks U.S.A. attack, and Venezuela doesn’t need protection an"
115877159371615050,2026-01-11T15:25:00+00:00,2026-01-11,15,truth_social,truth_social_dataset,sector_keywords|theme:pharma_healthcare,pharma_healthcare,12,13,"This is according to Michael F. Cannon, Director of Healthcare Policy at the CATO Institute:
“Don’t extend the ObamaCare subsidies — Would be like making ObamaCare permanent. You have to stop talking about it now. Tell Congress, ‘I want to make permanent those Rules that I put in"
115879659776888469,2026-01-12T02:01:25.169000+00:00,2026-01-12,2,truth_social,cnn_truth_archive,sector_keywords|entity_mention,,6,7,Mortgage rates sink to three-year low after shock Trump move: https://www.dailymail.co.uk/yourmoney/article-15450547/amp/mortgage-rates-trump-order-housing-impact.html
115882232505676630,2026-01-12T12:55:00+00:00,2026-01-12,12,truth_social,truth_social_dataset,entity_mention|theme:defense_geopolitics,defense_geopolitics,7,8,I’m the one who SAVED NATO!!! President DJT
115882511750475574,2026-01-12T14:06:42.833000+00:00,2026-01-12,14,truth_social,cnn_truth_archive,entity_mention,,1,2,"Congratulations to DINA POWELL MCCORMICK, WHO HAS JUST BEEN NAMED THE NEW PRESIDENT OF META. A great choice by Mark Z!!! She is a fantastic, and very talented, person, who served the Trump Administration with strength and distinction! President DJT"
115883475463948362,2026-01-12T18:11:00+00:00,2026-01-12,18,truth_social,truth_social_dataset,sector_keywords|entity_mention|theme:tariffs_trade|theme:manufacturing_reshoring,tariffs_trade/manufacturing_reshoring,19,20,"The actual numbers that we would have to pay back if, for any reason, the Supreme Court were to rule against the United States of America on Tariffs, would be many Hundreds of Billions of Dollars, and that doesn’t include the amount of “payback” that Countries and Companies would"
115884164936451552,2026-01-12T21:07:00+00:00,2026-01-12,21,truth_social,truth_social_dataset,sector_keywords|entity_mention,,7,8,"These FBI Agents are total Scum, in their own way no better than the insurrectionists in Portland, Minnesota, Los Angeles, etc. Kash better get them out, NOW! Radical Left Lunatics put in by the “Auto Pen” and Obama!
President DJT https://justthenews.com/government/courts-law/ant"
115884319075881590,2026-01-12T21:46:00+00:00,2026-01-12,21,truth_social,truth_social_dataset,sector_keywords|entity_mention|theme:tariffs_trade|theme:defense_geopolitics,tariffs_trade/defense_geopolitics,23,24,"Effective immediately, any Country doing business with the Islamic Republic of Iran will pay a Tariff of 25% on any and all business being done with the United States of America. This Order is final and conclusive. Thank you for your attention to this matter!
PRESIDENT DONALD J. "
115884759090137876,2026-01-12T23:38:00+00:00,2026-01-12,23,truth_social,truth_social_dataset,sector_keywords|entity_mention,,7,8,"Under Sleepy Joe Biden and the Radical Left Democrats, the average American Household’s monthly Utility bills went up MASSIVELY — over 30%! I never want Americans to pay higher Electricity bills because of Data Centers. Therefore, my Administration is working with major American "
115886085338434959,2026-01-13T05:15:00+00:00,2026-01-13,5,truth_social,truth_social_dataset,entity_mention,,1,2,"Everyone should support great Republican Senator Roger Marshall’s Credit Card Competition Act, in order to stop the out of control Swipe Fee ripoff. Roger is a FANTASTIC Senator!!! President DJT"
115888260399895701,2026-01-13T14:28:00+00:00,2026-01-13,14,truth_social,truth_social_dataset,sector_keywords|entity_mention|theme:fed_rates|theme:tariffs_trade,fed_rates/tariffs_trade,26,27,"JUST OUT: Great (LOW!) Inflation numbers for the USA. That means that Jerome “Too Late” Powell should cut interest rates, MEANINGFULLY!!! If he doesn’t he will just continue to be, “TOO LATE!” ALSO OUT, GREAT GROWTH NUMBERS. Thank you MISTER TARIFF! President DJT"
115889956193740965,2026-01-13T21:39:00+00:00,2026-01-13,21,truth_social,truth_social_dataset,sector_keywords|entity_mention|theme:jobs_economy|theme:fed_rates|theme:manufacturing_reshoring,jobs_economy/fed_rates/manufacturing_reshoring,13,14,"Under my stewardship, the Economy is booming! A Manufacturing Renaissance and soaring Household Incomes are powering GDP gains that have not been seen in decades, and we are undergoing a DIS-inflationary boom. The Private Sector is growing by over 5% thanks to the most Business I"
115893255826342514,2026-01-14T11:39:00+00:00,2026-01-14,11,truth_social,truth_social_dataset,entity_mention|theme:defense_geopolitics|theme:china,defense_geopolitics/china,18,19,"The United States needs Greenland for the purpose of National Security. It is vital for the Golden Dome that we are building. NATO should be leading the way for us to get it. IF WE DON’T, RUSSIA OR CHINA WILL, AND THAT IS NOT GOING TO HAPPEN! Militarily, without the vast power of"
115893625622462941,2026-01-14T13:13:00+00:00,2026-01-14,13,truth_social,truth_social_dataset,entity_mention,,1,2,"They should be thrown out of the USA. Get it done, NOW! That includes their loser Rep. Omar, who married her brother (gross!). President DJT
Somali Suitcase Stash: Feds say $130 million moved from Ohio airport to Minnesota on way overseas: https://justthenews.com/somali-suitcase-"
115893658269457561,2026-01-14T13:21:00+00:00,2026-01-14,13,truth_social,truth_social_dataset,sector_keywords|entity_mention|theme:china|theme:defense_geopolitics,china/defense_geopolitics,17,18,"NATO: Tell Denmark to get them out of here, NOW! Two dogsleds won’t do it! Only the USA can!!!
Danish intel warned last year about Russian and Chinese military goals toward Greenland and Arctic: https://justthenews.com/government/security/danish-intel-warned-about-russian-and-chi"
115895806350456434,2026-01-14T22:27:42.332000+00:00,2026-01-14,22,truth_social,cnn_truth_archive,sector_keywords|entity_mention,,6,7,"This morning I had a very good call with the Interim President of Venezuela, Delcy Rodríguez. We are making tremendous progress, as we help Venezuela stabilize and recover. Many topics were discussed, including Oil, Minerals, Trade and, of course, National Security. This partners"
115899252938886431,2026-01-15T13:04:00+00:00,2026-01-15,13,truth_social,truth_social_dataset,entity_mention,,1,2,"If the corrupt politicians of Minnesota don’t obey the law and stop the professional agitators and insurrectionists from attacking the Patriots of I.C.E., who are only trying to do their job, I will institute the INSURRECTION ACT, which many Presidents have done before me, and qu"
115899928012071589,2026-01-15T15:55:53.898000+00:00,2026-01-15,15,truth_social,cnn_truth_archive,sector_keywords|entity_mention,,6,7,"This is very unfair for our Tech Companies, and for the United States of America!"
115901513827848128,2026-01-15T22:39:00+00:00,2026-01-15,22,truth_social,truth_social_dataset,sector_keywords|entity_mention|theme:tariffs_trade|theme:fed_rates,tariffs_trade/fed_rates,25,26,"Great Financial Numbers were released today — Our Country has never done better! So many people ask me the reason for this, and I tell them, in just one word — TARIFFS! We’ve taken in Hundreds of Billions of Dollars, with virtually No Inflation, and our National Security has neve"
115902017280271792,2026-01-16T00:47:00+00:00,2026-01-16,0,truth_social,truth_social_dataset,sector_keywords|entity_mention,,6,7,"As Steve Witkoff announced, we have OFFICIALLY entered the next phase of Gaza’s 20-Point Peace Plan!
Since the Ceasefire, my team has helped deliver RECORD LEVELS of Humanitarian Aid to Gaza, reaching Civilians at HISTORIC speed and scale. Even the United Nations has acknowledged"
115905755470362973,2026-01-16T16:37:53.890000+00:00,2026-01-16,16,truth_social,cnn_truth_archive,sector_keywords|entity_mention,,6,7,"Great Meeting on Healthcare this morning! The Federal Government money must be paid, not to the Insurance Companies, but directly to THE PEOPLE! GREAT HEALTHCARE will be provided at a substantially reduced cost."
115905757161594483,2026-01-16T16:38:00+00:00,2026-01-16,16,truth_social,truth_social_dataset,entity_mention,,1,2,"In Minnesota, the Troublemakers, Agitators, and Insurrectionists are, in many cases, highly paid professionals. The Governor and Mayor don’t know what to do, they have totally lost control, and our currently being rendered, USELESS! If, and when, I am forced to act, it will be so"
115906000981082082,2026-01-16T17:40:00+00:00,2026-01-16,17,truth_social,truth_social_dataset,theme:defense_geopolitics,defense_geopolitics,6,7,"I greatly respect the fact that all scheduled hangings, which were to take place yesterday (Over 800 of them), have been cancelled by the leadership of Iran. Thank you!
DONALD J. TRUMP
PRESIDENT OF THE UNITED STATES OF AMERICA"
115908316744576000,2026-01-17T03:29:15.796000+00:00,2026-01-17,3,truth_social,cnn_truth_archive,sector_keywords|entity_mention|theme:fed_rates,fed_rates,6,7,Even Fake News CNN is praising the DROP in Mortgage Interest Rates!
115911133899693977,2026-01-17T15:25:42.171000+00:00,2026-01-17,15,truth_social,cnn_truth_archive,sector_keywords|entity_mention,,6,7,GREGG JARRETT: Trump has authority to send troops to Minneapolis to stop attacks on ICE: https://www.foxnews.com/opinion/gregg-jarrett-trump-has-authority-send-troops-minneapolis-stop-attacks-ice/
115911321115123547,2026-01-17T16:13:00+00:00,2026-01-17,16,truth_social,truth_social_dataset,sector_keywords|entity_mention|theme:stock_market_macro,stock_market_macro,6,7,"A front page Article in The Fake News Wall Street Journal states, without any verification, that I offered Jamie Dimon, of JPMorgan Chase, the job of Fed Chairman. This statement is totally untrue, there was never such an offer and, in fact, I’ll be suing JPMorgan Chase over the "
115911344443637897,2026-01-17T16:19:14.858000+00:00,2026-01-17,16,truth_social,cnn_truth_archive,sector_keywords|theme:tariffs_trade|theme:china,tariffs_trade/china,20,21,"We have subsidized Denmark, and all of the Countries of the European Union, and others, for many years by not charging them Tariffs, or any other forms of remuneration. Now, after Centuries, it is time for Denmark to give back — World Peace is at stake! China and Russia want Gree"
115913629513015604,2026-01-18T02:00:00+00:00,2026-01-18,2,truth_social,truth_social_dataset,sector_keywords|entity_mention,,6,7,"The Army-Navy Game is one of our Greatest American Traditions — Unmatched Patriotism, Courage, and Honor! This incredible Tradition is now at risk of being pushed aside by more College Playoff Games, and Big TV Money. NOT ANYMORE!
Under my Administration, the second Saturday in D"
115913809230823901,2026-01-18T02:46:00+00:00,2026-01-18,2,truth_social,truth_social_dataset,sector_keywords,,12,13,"Congressman Barry Moore, an America First Patriot who has been with me from the very beginning (he was the first Elected Official in the Country to Endorse me!), is running for the United States Senate in Alabama, a place I love and WON BIG in 2016, 2020, and 2024, getting the hi"
115915881410679214,2026-01-18T11:33:00+00:00,2026-01-18,11,truth_social,truth_social_dataset,entity_mention,,1,2,"Jimmy Failla’s opening monologue was GREAT. Very funny guy!!! Also, wonderful wife! President DJT"
115919294107001486,2026-01-19T02:00:57.052000+00:00,2026-01-19,2,truth_social,cnn_truth_archive,theme:defense_geopolitics,defense_geopolitics,6,7,"Marc Thiessen: I predict Trump will visit a 'free Iran, a free Havana and a free Caracas' before he leaves office: https://www.foxnews.com/video/6387885258112"
115919466737908324,2026-01-19T02:44:00+00:00,2026-01-19,2,truth_social,truth_social_dataset,sector_keywords|entity_mention,,7,8,"A GREAT NEW BOOK, by NumberOne Bestselling Author, Peter Schweizer, “The Invisible Coup: How American Elites and Foreign Powers Use Immigration as a Weapon,” is out Tuesday. It is both vitally important and very interesting. Bad things have been happening to the U.S.A., and we mu"
115919803174585205,2026-01-19T04:10:00+00:00,2026-01-19,4,truth_social,truth_social_dataset,theme:defense_geopolitics,defense_geopolitics,6,7,"NATO has been telling Denmark, for 20 years, that “you have to get the Russian threat away from Greenland.” Unfortunately, Denmark has been unable to do anything about it. Now it is time, and it will be done!!! President Donald J. Trump"
115923918404792612,2026-01-19T21:36:00+00:00,2026-01-19,21,truth_social,truth_social_dataset,entity_mention,,1,2,"Wow! They have a lot of explaining to do. Corruption at the highest level! President DJT
Michael Cohen says NY prosecutors 'pressured and coerced' him into anti-Trump testimony: https://www.foxnews.com/politics/michael-cohen-says-ny-prosecutors-pressured-coerced-him-anti-trump-te"
115924025571521310,2026-01-19T22:04:00+00:00,2026-01-19,22,truth_social,truth_social_dataset,entity_mention,,1,2,"In Minnesota, there is too much media attention on ICE, who have removed some of the worst murderers and criminals in the World, people let into our Country by Crooked Joe Biden’s horrendous Open Border Policy, and not enough attention paid to the staggering sums of money stolen "
115924043199702065,2026-01-19T22:08:42.460000+00:00,2026-01-19,22,truth_social,cnn_truth_archive,entity_mention,,1,2,"Great interview today of Rodney Scott, CBP Commissioner, by the wonderful Will Cain, on The Will Cain Show! Thank you both!!! President DJT"
115924279332406120,2026-01-19T23:08:45.558000+00:00,2026-01-19,23,truth_social,cnn_truth_archive,sector_keywords|entity_mention,,6,7,Mortgage rates just fell below 6% for the first time in years: https://www.nbcnews.com/business/real-estate/30-year-mortgage-rates-below-6-percent-rcna253218/
115925766187001811,2026-01-20T05:26:53.156000+00:00,2026-01-20,5,truth_social,cnn_truth_archive,sector_keywords|entity_mention|theme:defense_geopolitics,defense_geopolitics,6,7,"I had a very good telephone call with Mark Rutte, the Secretary General of NATO, concerning Greenland. I agreed to a meeting of the various parties in Davos, Switzerland. As I expressed to everyone, very plainly, Greenland is imperative for National and World Security. There can "
115926047595803521,2026-01-20T06:38:00+00:00,2026-01-20,6,truth_social,truth_social_dataset,sector_keywords|entity_mention|theme:china|theme:defense_geopolitics,china/defense_geopolitics,17,18,"Shockingly, our “brilliant” NATO Ally, the United Kingdom, is currently planning to give away the Island of Diego Garcia, the site of a vital U.S. Military Base, to Mauritius, and to do so FOR NO REASON WHATSOEVER. There is no doubt that China and Russia have noticed this act of "
115926107400617491,2026-01-20T06:53:39.662000+00:00,2026-01-20,6,truth_social,cnn_truth_archive,theme:defense_geopolitics,defense_geopolitics,6,7,"Thank you to Mark Rutte, the Secretary General of NATO!"
115928428222216680,2026-01-20T16:43:52.590000+00:00,2026-01-20,16,truth_social,cnn_truth_archive,sector_keywords|entity_mention,,6,7,"The whole problem we are having with criminals in our Country was caused by Sleepy Joe Biden and the Radical Left Thugs that surrounded the Resolution Desk in the Oval Office - And, of course, the Illegal Use of the Auto Pen!!! They should be in jail!"
115928442608514733,2026-01-20T16:47:00+00:00,2026-01-20,16,truth_social,truth_social_dataset,entity_mention|theme:defense_geopolitics,defense_geopolitics,7,8,"No single person, or President, has done more for NATO than President Donald J. Trump. If I didn’t come along, there would be no NATO right now!!! It would have been in the ash heap of History. Sad, but TRUE!!! President DJT"
115934734335579278,2026-01-21T19:27:00+00:00,2026-01-21,19,truth_social,truth_social_dataset,sector_keywords|entity_mention|theme:defense_geopolitics|theme:tariffs_trade,defense_geopolitics/tariffs_trade,23,24,"Based upon a very productive meeting that I have had with the Secretary General of NATO, Mark Rutte, we have formed the framework of a future deal with respect to Greenland and, in fact, the entire Arctic Region. This solution, if consummated, will be a great one for the United S"
115939823471731565,2026-01-22T17:01:00+00:00,2026-01-22,17,truth_social,truth_social_dataset,sector_keywords|entity_mention|theme:jobs_economy,jobs_economy,6,7,"Something has to be done about Fake Polls! They are truly OUT OF CONTROL. We have the Greatest Economy in the History of our Country, we have the Strongest Border in History, nobody has ever done a job like I have done, and they have me in the low 40s. The Democrats destroyed Hea"
115939860152214301,2026-01-22T17:11:00+00:00,2026-01-22,17,truth_social,truth_social_dataset,sector_keywords|entity_mention|theme:stock_market_macro,stock_market_macro,7,8,"Fake and Fraudulent Polling should be, virtually, a criminal offense. As an example, all of the Anti Trump Media that covered me during the 2020 Election showed Polls that were knowingly wrong. They knew what they were doing, trying to influence the Election, but I won in a Lands"
115940059516984793,2026-01-22T18:01:52.066000+00:00,2026-01-22,18,truth_social,cnn_truth_archive,entity_mention,,1,2,Trump sues JPMorgan Chase and CEO Jamie Dimon for $5B over alleged 'political' debanking: https://www.foxbusiness.com/politics/trump-sues-jpmorgan-chase-ceo-jamie-dimon-5b-over-alleged-political-debanking
115940444095244586,2026-01-22T19:39:00+00:00,2026-01-22,19,truth_social,truth_social_dataset,theme:jobs_economy,jobs_economy,0,1,"Today, I am announcing the United States’ intention to bid for the World Expo 2035. The Great State of Florida has expressed strong interest in hosting the Expo in Miami, which I fully support. Miami Expo 2035 can be the next big milestone in our new Golden Age of America. I am a"
115941568330748012,2026-01-23T00:25:34.735000+00:00,2026-01-23,0,truth_social,cnn_truth_archive,sector_keywords|theme:agriculture,agriculture,12,13,"I am hearing that Bluffton City Councilman Blake Fiechter, a True America First Patriot, is considering a primary challenge against ""RINO"" State Senator Travis Holdman, in Indiana's 19th Senate District who, for whatever reason, voted against Redistricting in Indiana, in a Distri"
115941601213450831,2026-01-23T00:33:56.485000+00:00,2026-01-23,0,truth_social,cnn_truth_archive,sector_keywords|theme:agriculture,agriculture,12,13,"I am hearing that Alabama GOP Chairman, John Wahl, a true MAGA Warrior and America First Patriot, is considering launching his Campaign for Lieutenant Governor, and I hope he does! John has been with us from the very beginning, and has been key to our many Republican Victories in"
115941624936659389,2026-01-23T00:39:58.474000+00:00,2026-01-23,0,truth_social,cnn_truth_archive,sector_keywords,,12,13,"Highly Respected Senator, ""Coach"" Tommy Tuberville, is running for Governor of Alabama, a place I love and WON BIG, six times, including Primaries, in 2016, 2020, and 2024! A former SEC Championship winning College Football Coach, and now, as a Highly Respected U.S. Senator, Tomm"
115941745683532182,2026-01-23T01:10:40.923000+00:00,2026-01-23,1,truth_social,cnn_truth_archive,sector_keywords|entity_mention|theme:fed_rates,fed_rates,6,7,"Mortgage Rates just hit a Three Year Low despite Jerome ""Too Late"" Powell, and his never ending quest to keep Interest Rates high (against ""TRUMP!""). It just shows that he has been wrong all along, because the Market is overtaking his obstinance. The Fed has been hurt and discred"
115942147803684675,2026-01-23T02:52:56.790000+00:00,2026-01-23,2,truth_social,cnn_truth_archive,theme:semis_tech_supplychain|theme:china,semis_tech_supplychain/china,16,17,"I am so happy to have helped in saving TikTok! It will now be owned by a group of Great American Patriots and Investors, the Biggest in the World, and will be an important Voice. Along with other factors, it was responsible for my doing so well with the Youth Vote in the 2024 Pre"
115944336667645170,2026-01-23T12:09:36.241000+00:00,2026-01-23,12,truth_social,cnn_truth_archive,entity_mention|theme:defense_geopolitics,defense_geopolitics,7,8,"What a great trip to Davos it was. So many things accomplished, including the framework of a deal with NATO on Greenland. Also, the BOARD OF PEACE. WOW!!! MAKE AMERICA GREAT AGAIN!  President DJT"
115945837215795716,2026-01-23T18:31:00+00:00,2026-01-23,18,truth_social,truth_social_dataset,entity_mention,,1,2,"COUNTDOWN: 7 Days until the World will witness an unforgettable, behind-the-scenes, look at one of the most important events of our time.
MELANIA: TWENTY DAYS TO HISTORY:
https://www.amazon.com/salp/melaniamovie?hhf"
115946254061477406,2026-01-23T20:17:00+00:00,2026-01-23,20,truth_social,truth_social_dataset,theme:china,china,13,14,"Canada is against The Golden Dome being built over Greenland, even though The Golden Dome would protect Canada. Instead, they voted in favor of doing business with China, who will “eat them up” within the first year!"
115946646049401300,2026-01-23T21:56:54.572000+00:00,2026-01-23,21,truth_social,cnn_truth_archive,sector_keywords,,12,13,"Congresswoman Anna Paulina Luna is an America First Patriot and Tremendous Champion for the wonderful people of Florida's 13th Congressional District! A true MAGA Warrior, Anna is working tirelessly to Grow our Economy, Cut Taxes and Regulations, Promote MADE IN THE U.S.A., Advan"
115946814032888163,2026-01-23T22:39:00+00:00,2026-01-23,22,truth_social,truth_social_dataset,sector_keywords,,12,13,"Congressman Darrell Issa is an America First Patriot and Highly Effective Representative for the incredible people of California’s 48th Congressional District!
A Brave U.S. Army Veteran, Successful Businessman, and now, as Congressman, Darrell Issa has a Proven Record of Success "
115946854162846684,2026-01-23T22:49:00+00:00,2026-01-23,22,truth_social,truth_social_dataset,sector_keywords,,12,13,"Congressman Tom McClintock is doing a fantastic job representing California’s 5th Congressional District!
As an Outspoken Member of the House Budget Committee, Tom knows the America First Policies required to Create GREAT Jobs, Cut Taxes and Regulations, Promote MADE IN THE U.S.A"
115946858485453938,2026-01-23T22:50:00+00:00,2026-01-23,22,truth_social,truth_social_dataset,sector_keywords,,12,13,"Congresswoman Erin Houchin is a Tireless Advocate for the Great People of Indiana’s 9th Congressional District!
As the Secretary of the House Republican Conference, Erin is doing a truly fantastic job advancing our America First Agenda. In Congress, she is working hard to Grow ou"
115946856565328563,2026-01-23T22:50:26.828000+00:00,2026-01-23,22,truth_social,cnn_truth_archive,sector_keywords,,12,13,"Congressman Clay Higgins is doing a truly fantastic job representing the incredible people of Louisiana's 3rd Congressional District!  A tough Law Enforcement Officer, and brave U.S. Army Veteran, Clay strongly supports our incredible Law Enforcement, Military, and Veterans, and "
115946862484550959,2026-01-23T22:51:00+00:00,2026-01-23,22,truth_social,truth_social_dataset,sector_keywords,,12,13,"Congresswoman Victoria Spartz is doing a fantastic job representing Indiana’s 5th Congressional District!
A Successful Businesswoman, Civic Leader, and Highly Respected State Senator, prior to becoming a distinguished Congresswoman, Victoria has dedicated her life to serving her "
115946860655104763,2026-01-23T22:51:00+00:00,2026-01-23,22,truth_social,truth_social_dataset,sector_keywords|theme:jobs_economy,jobs_economy,12,13,"Congressman Jefferson Shreve is an incredible Fighter for the wonderful people of Indiana’s 6th Congressional District!
A Successful Businessman, Jefferson knows the America First Policies required to Grow our Economy, Create GREAT Jobs, Cut Taxes and Regulations, Promote MADE IN"
115946865805351323,2026-01-23T22:52:00+00:00,2026-01-23,22,truth_social,truth_social_dataset,sector_keywords,,12,13,"Congressman Rick Allen is an incredible Representative of Georgia’s 12th Congressional District!
As a Member of the POWERFUL House Energy and Commerce Committee, Rick is working tirelessly to Promote MADE IN THE U.S.A., Advance American Energy DOMINANCE, Create GREAT Jobs, Cut Ta"
115946864062168710,2026-01-23T22:52:00+00:00,2026-01-23,22,truth_social,truth_social_dataset,sector_keywords|theme:agriculture,agriculture,12,13,"Congressman Jim Baird is a Tremendous Champion for the Great People of Indiana’s 4th Congressional District!
A recipient of the Bronze Star and Purple Heart, Jim bravely served in the Vietnam War, and brings that same Fighting Spirit to Congress. Jim is working tirelessly to Grow"
115946869365270481,2026-01-23T22:53:00+00:00,2026-01-23,22,truth_social,truth_social_dataset,sector_keywords,,12,13,"Congressman Rich McCormick is an incredibly Strong Advocate for the Great People of Georgia’s 7th Congressional District!
A distinguished Emergency Room Doctor and Marine Helicopter Pilot, Rich knows the America First Policies required to Defend our Country, Support our Brave Mil"
115946867281669769,2026-01-23T22:53:00+00:00,2026-01-23,22,truth_social,truth_social_dataset,sector_keywords|theme:agriculture,agriculture,12,13,"Congressman Austin Scott is doing a truly fantastic job representing the wonderful people of Georgia’s 8th Congressional District!
As Vice Chairman of the House Agriculture Committee, Austin is a strong and effective Voice for American Agriculture, and our amazing Farmers and Ran"
115946872610760164,2026-01-23T22:54:00+00:00,2026-01-23,22,truth_social,truth_social_dataset,sector_keywords|theme:agriculture,agriculture,12,13,"Congressman Brian Jack, who has been with us from the very beginning, is a MAGA Warrior and Tremendous Champion of Georgia’s 3rd Congressional District!
In my First Term, Brian strongly advocated for our America First Agenda as White House Political Director. Now, Brian has disti"
115946871034219313,2026-01-23T22:54:00+00:00,2026-01-23,22,truth_social,truth_social_dataset,sector_keywords,,12,13,"Congressman Jay Obernolte is doing a terrific job representing the wonderful people of California’s 23rd Congressional District!
A Successful Entrepreneur, Civic Leader, and Highly Respected State Legislator, before he ran for Congress, Jay is a Proven Leader who has dedicated hi"
115946888788026892,2026-01-23T22:58:38.510000+00:00,2026-01-23,22,truth_social,cnn_truth_archive,sector_keywords,,12,13,"Congressman Steve Scalise is an America First Patriot and a terrific Representative of Louisiana's 1st Congressional District! He is strong and brave, having almost lost his life to an assassin's gun. As the Majority Leader of the U.S. House of Representatives, Steve is a Proven "
115946890601825166,2026-01-23T22:59:06.184000+00:00,2026-01-23,22,truth_social,cnn_truth_archive,sector_keywords|theme:agriculture,agriculture,12,13,"Congressman Mike Johnson is a Great Man, an outstanding Representative for the wonderful people of Louisiana's 4th Congressional District, and a strong and fearless Speaker of the United States House of Representatives. He is able to get things done when nobody else can! As Speak"
115946969213492152,2026-01-23T23:19:05.708000+00:00,2026-01-23,23,truth_social,cnn_truth_archive,sector_keywords|entity_mention|theme:pharma_healthcare,pharma_healthcare,6,7,"U.S., U.K. Strike Deal on Higher Drug Prices: Move marks victory for Trump administration campaign to get other countries to pay more for drugs: https://www.wsj.com/health/pharma/u-s-u-k-strike-deal-on-higher-drug-prices-a507f83c"
115946969970832896,2026-01-23T23:19:17.261000+00:00,2026-01-23,23,truth_social,cnn_truth_archive,theme:china,china,13,14,General Motors to move Buick Envision SUV production from China to the United States:https://www.cbsnews.com/news/buick-envision-general-motors-propduction-us-china/
115947045496805234,2026-01-23T23:38:29.656000+00:00,2026-01-23,23,truth_social,cnn_truth_archive,entity_mention,,1,2,I have been briefed on the Record Cold Wave and Historic Winter Storm that will be hitting much of the United States this weekend. The Trump Administration is coordinating with State and Local Officials. FEMA is fully prepared to respond. Stay Safe and Stay Warm! President DJT
115947083395862222,2026-01-23T23:48:07.949000+00:00,2026-01-23,23,truth_social,cnn_truth_archive,sector_keywords|entity_mention|theme:semis_tech_supplychain,semis_tech_supplychain,16,17,"I want to thank President Aliyev of Azerbaijan, and Prime Minister Pashinyan of Armenia for upholding the Peace Agreement we signed last August. This was a nasty War, 1 of 8 that I have ended, but now we have Prosperity and Peace. In February, Vice President Vance will travel to "
115947254817109624,2026-01-24T00:31:43.631000+00:00,2026-01-24,0,truth_social,cnn_truth_archive,theme:china,china,13,14,Foreign direct investment in China slides 9.5% in 2025: https://www.reuters.com/world/asia-pacific/foreign-direct-investment-china-slides-95-2025-2026-01-23/
115950424403894234,2026-01-24T13:57:00+00:00,2026-01-24,13,truth_social,truth_social_dataset,sector_keywords|entity_mention|theme:china|theme:tariffs_trade,china/tariffs_trade,20,21,"If Governor Carney thinks he is going to make Canada a “Drop Off Port” for China to send goods and products into the United States, he is sorely mistaken. China will eat Canada alive, completely devour it, including the destruction of their businesses, social fabric, and general "
115951048952031044,2026-01-24T16:36:00+00:00,2026-01-24,16,truth_social,truth_social_dataset,theme:china,china,13,14,"The last thing the World needs is to have China take over Canada. It’s NOT going to happen, or even come close to happening! Thank you for your attention to this matter. President DONALD J.TRUMP"
115951100180444245,2026-01-24T16:49:00+00:00,2026-01-24,16,truth_social,truth_social_dataset,sector_keywords|entity_mention|theme:defense_geopolitics,defense_geopolitics,6,7,"The GREAT and very BRAVE soldiers of the United Kingdom will always be with the United States of America! In Afghanistan, 457 died, many were badly injured, and they were among the greatest of all warriors. It’s a bond too strong to ever be broken. The U.K. Military, with tremend"
115951636521315703,2026-01-24T19:06:00+00:00,2026-01-24,19,truth_social,truth_social_dataset,sector_keywords|entity_mention,,6,7,"This is the gunman’s gun, loaded (with two additional full magazines!), and ready to go – What is that all about? Where are the local Police? Why weren’t they allowed to protect ICE Officers? The Mayor and the Governor called them off? It is stated that many of these Police were "
115954417247642839,2026-01-25T06:53:13.685000+00:00,2026-01-25,6,truth_social,cnn_truth_archive,entity_mention,,1,2,"Jonathan Fahey, former ICE Director, is fantastic on FoxNews in explaining the motives behind the fraudsters and insurrectionists in Minnesota. Great job Jonathon!!! President DJT"
115956692372915783,2026-01-25T16:31:00+00:00,2026-01-25,16,truth_social,truth_social_dataset,sector_keywords,,7,8,"I’m building, on top of everything else that I am doing, one of the greatest and most beautiful Ballrooms anywhere in the World, with more than 300 Million Dollars of Great American Patriots’ money, and working closely with, right from the beginning, the United States Military an"
115956876838938120,2026-01-25T17:18:44.035000+00:00,2026-01-25,17,truth_social,cnn_truth_archive,entity_mention,,1,2,"Highly Respected Congressman Jamie Comer was GREAT in his Interview this morning with Maria Bartiromo. He said it all concerning Minnesota, Deranged Jack Smith, and many other topics of interest. Jamie is doing a fantastic job! President DJT"
115956946816324221,2026-01-25T17:36:31.805000+00:00,2026-01-25,17,truth_social,cnn_truth_archive,entity_mention|theme:china,china,14,15,"A MUST WATCH. Canada is systematically destroying itself. The China deal is a disaster for them. Will go down as one of the worst deals, of any kind, in history. All their businesses are moving to the USA. I want to see Canada SURVIVE AND THRIVE! President DJT"
115957060813577755,2026-01-25T18:05:31.261000+00:00,2026-01-25,18,truth_social,cnn_truth_archive,entity_mention|theme:china,china,14,15,China is successfully and completely taking over the once Great Country of Canada. So sad to see it happen. I only hope they leave Ice Hockey alone! President DJT
115961647505369753,2026-01-26T13:31:58.665000+00:00,2026-01-26,13,truth_social,cnn_truth_archive,entity_mention,,1,2,"I am sending Tom Homan to Minnesota tonight. He has not been involved in that area, but knows and likes many of the people there. Tom is tough but fair, and will report directly to me. Separately, a major investigation is going on with respect to the massive 20 Billion Dollar, Pl"
115962223670668620,2026-01-26T15:58:30.249000+00:00,2026-01-26,15,truth_social,cnn_truth_archive,entity_mention,,1,2,"Just recovered the last Hostage body in GAZA. Thus, got back ALL 20 of the living Hostages, and ALL of the Dead! AMAZING JOB! Most thought of it as an impossible thing to do. Congratulations to my great team of Champions!!! President DJT"
115962472454059914,2026-01-26T17:01:00+00:00,2026-01-26,17,truth_social,truth_social_dataset,entity_mention,,1,2,"MELANIA, the Movie, is a MUST WATCH. Get your tickets today — Selling out, FAST!
Photo: Regine Mahaux
https://www.amazon.com/salp/melaniamovie?hhf"
115963259137242895,2026-01-26T20:21:50.243000+00:00,2026-01-26,20,truth_social,cnn_truth_archive,sector_keywords|theme:manufacturing_reshoring,manufacturing_reshoring,17,18,"It is my Great Honor to endorse State Representative Michelle Davis, a REAL Republican running for Indiana's 41st State Senate District (which I won by 33 points!), against RINO incumbent Greg Walker! Michelle will be a fantastic replacement for Walker who, for whatever reason, v"
115963633972056786,2026-01-26T21:57:00+00:00,2026-01-26,21,truth_social,truth_social_dataset,sector_keywords|theme:tariffs_trade,tariffs_trade,20,21,"Our Trade Deals are very important to America. In each of these Deals, we have acted swiftly to reduce our TARIFFS in line with the Transaction agreed to. We, of course, expect our Trading Partners to do the same.
South Korea's Legislature is not living up to its Deal with the Un"
115964309300790101,2026-01-27T00:48:54.477000+00:00,2026-01-27,0,truth_social,cnn_truth_archive,sector_keywords|theme:agriculture,agriculture,12,13,"It is my Great Honor to endorse America First Patriot Tracey Powell, a fantastic Candidate for Indiana's 21st State Senate District (which I won by 24 points!). Tracey is running against a pathetic RINO incumbent named Jim Buck, who, for whatever reason, voted against Redistricti"
115969943597305015,2026-01-28T00:41:00+00:00,2026-01-28,0,truth_social,truth_social_dataset,sector_keywords|theme:agriculture,agriculture,12,13,"It is my Great Honor to endorse MAGA Patriot, Joe Mitchell, who is running to represent the fantastic people of Iowa’s 2nd Congressional District.
As a former Appointee in my Administration at the U.S. Department of Housing and Urban Development and, as the youngest State Legisla"
115969963682592720,2026-01-28T00:46:53.418000+00:00,2026-01-28,0,truth_social,cnn_truth_archive,sector_keywords|theme:manufacturing_reshoring,manufacturing_reshoring,17,18,"It is my Great Honor to endorse MAGA Warrior and Fountain County GOP Chair, Paula Copenhaver, a terrific Candidate for Indiana's 23rd State Senate District (which I won by 26 points!). Paula is running against an incompetent and ineffective RINO incumbent named Spencer Deery who,"
115969971098103360,2026-01-28T00:48:46.572000+00:00,2026-01-28,0,truth_social,cnn_truth_archive,sector_keywords|theme:agriculture,agriculture,12,13,"Vigo County Commissioner Brenda Wilson, a Proven America First Patriot, is running against ""No Goode"" Greg Goode (BAD FOR THE U.S.A.!) in the Republican Primary for Indiana's 38th Senate District, which I won by 28 points! ""No Goode"" is an incompetent and ineffective RINO incumbe"
115969989606605553,2026-01-28T00:53:28.988000+00:00,2026-01-28,0,truth_social,cnn_truth_archive,sector_keywords|theme:agriculture,agriculture,12,13,"It is my Great Honor to endorse America First Patriot, Jeff Ellington, a terrific Candidate for Indiana's 39th State Senate District (which I won by a whopping 55 points!). Jeff will be a fantastic replacement for RINO Eric Bassler, who may not even run again because Republicans "
115970009433933657,2026-01-28T00:58:00+00:00,2026-01-28,0,truth_social,truth_social_dataset,sector_keywords|theme:agriculture,agriculture,12,13,"It is my Great Honor to endorse MAGA Warrior, Michael Alfonso, a young “STAR” who is running to represent the incredible people of Wisconsin’s 7th Congressional District.
Michael is the son-in-law of our GREAT Secretary of Transportation, Sean Duffy, and the wonderful Rachel Camp"
115970033433071326,2026-01-28T01:04:37.730000+00:00,2026-01-28,1,truth_social,cnn_truth_archive,sector_keywords|theme:agriculture,agriculture,12,13,"Highly Respected America First Congressman, Tom Tiffany, is running to be the next Governor of the GREAT State of Wisconsin, a very special place to me in that we had a BIG Presidential Election Win just over one year ago, on November 5, 2024! I endorsed Tom for Congress early an"
115970244299178641,2026-01-28T01:58:15.291000+00:00,2026-01-28,1,truth_social,cnn_truth_archive,sector_keywords,,12,13,"Highly Respected and very popular State Treasurer, Stacy Garrity, is running to be the next Governor of the GREAT Commonwealth of Pennsylvania, a very special place to me in that we had a LANDSLIDE Presidential Election Win, just over one year ago, on November 5, 2024! A successf"
115972658725010644,2026-01-28T12:12:00+00:00,2026-01-28,12,truth_social,truth_social_dataset,sector_keywords|entity_mention|theme:defense_geopolitics,defense_geopolitics,6,7,"A massive Armada is heading to Iran. It is moving quickly, with great power, enthusiasm, and purpose. It is a larger fleet, headed by the great Aircraft Carrier Abraham Lincoln, than that sent to Venezuela. Like with Venezuela, it is, ready, willing, and able to rapidly fulfill i"
115973230205233959,2026-01-28T14:37:36.602000+00:00,2026-01-28,14,truth_social,cnn_truth_archive,theme:stock_market_macro,stock_market_macro,0,1,The S&P 500 just hit 7000 for the FIRST TIME EVER. AMERICA IS BACK!!!
115978487020569325,2026-01-29T12:54:00+00:00,2026-01-29,12,truth_social,truth_social_dataset,sector_keywords|theme:fed_rates|theme:tariffs_trade,fed_rates/tariffs_trade,25,26,"Jerome “Too Late” Powell again refused to cut interest rates, even though he has absolutely no reason to keep them so high. He is hurting our Country, and its National Security. We should have a substantially lower rate now that even this moron admits inflation is no longer a pro"
115980983698005555,2026-01-29T23:29:00+00:00,2026-01-29,23,truth_social,truth_social_dataset,sector_keywords|entity_mention|theme:tariffs_trade,tariffs_trade,19,20,"Based on the fact that Canada has wrongfully, illegally, and steadfastly refused to certify the Gulfstream 500, 600, 700, and 800 Jets, one of the greatest, most technologically advanced airplanes ever made, we are hereby decertifying their Bombardier Global Expresses, and all Ai"
115982747344520072,2026-01-30T06:57:56.616000+00:00,2026-01-30,6,truth_social,cnn_truth_archive,entity_mention,,1,2,"Leigh Wambsganss, a Republican running for the State Senate in the  suburbs of Fort Worth, Texas, will be a GREAT Candidate and has my Complete and Total Endorsement. Thank you for your attention to this matter!!! President DJT"
115983891481988557,2026-01-30T11:48:00+00:00,2026-01-30,11,truth_social,truth_social_dataset,sector_keywords|entity_mention|theme:fed_rates,fed_rates,6,7,"I am pleased to announce that I am nominating Kevin Warsh to be the CHAIRMAN OF THE BOARD OF GOVERNORS OF THE FEDERAL RESERVE SYSTEM. Kevin currently serves as the Shepard Family Distinguished Visiting Fellow in Economics at the Hoover Institution, and Lecturer at the Stanford Gr"
115984071734301762,2026-01-30T12:34:45.204000+00:00,2026-01-30,12,truth_social,cnn_truth_archive,sector_keywords|entity_mention|theme:fed_rates,fed_rates,7,8,"Their was great speculation that highly respected Kevin Hassett was going to be named Chairman of the Fed, and a great Chairman he would have been but, quite honestly, he is doing such an outstanding job working with me and my team at the White House, that I just didn't want to l"
115984113252953391,2026-01-30T12:45:00+00:00,2026-01-30,12,truth_social,truth_social_dataset,sector_keywords|entity_mention|theme:fed_rates,fed_rates,7,8,"Christopher Waller, Rick Rieder, and others, were interviewed for the Fed position. They all would have been outstanding, and have a great and unlimited future with “TRUMP.” Such amazing talent in our Country. Thank you! President DJT"
115987100169435643,2026-01-31T01:24:00+00:00,2026-01-31,1,truth_social,truth_social_dataset,entity_mention,,1,2,"I am asking all America First Patriots in Texas’ 9th State Senate District to please make a plan to GET OUT AND VOTE on Election Day, Saturday, January 31st, for a phenomenal Candidate, Leigh Wambsganss. She is a highly successful Entrepreneur, and an incredible supporter of our "
115987233609226463,2026-01-31T01:58:00+00:00,2026-01-31,1,truth_social,truth_social_dataset,entity_mention,,1,2,"Last night I saw, “MELANIA,” for the second time. The audience loved it, and so do I. Check it out — A MUST SEE!
https://www.amazon.com/salp/melaniamovie?hhf"
115987481835523508,2026-01-31T03:01:59.217000+00:00,2026-01-31,3,truth_social,cnn_truth_archive,entity_mention,,1,2,Border Czar (Plus!) Tom Homan is doing a FANTASTIC JOB. He is one of a kind. Thank you Tom!!! President DJT
115989916560112535,2026-01-31T13:21:00+00:00,2026-01-31,13,truth_social,truth_social_dataset,entity_mention,,1,2,"The Theft and Fraud in Minnesota is far greater than the 19 Billion Dollars originally projected. The Biden Administration knew this FRAUD was happening, and did absolutely nothing about it. “Scammer” Illhan Omar and her absolutely terrible friends from Somalia should all be in j"
115991359481785479,2026-01-31T19:28:00+00:00,2026-01-31,19,truth_social,truth_social_dataset,entity_mention,,1,2,"Today is the day! To all Voters in Texas’ 9th State Senate District: GET OUT AND VOTE for a phenomenal Candidate, Leigh Wambsganss. She is a highly successful Entrepreneur, and an incredible supporter of our Movement to, MAKE AMERICA GREAT AGAIN. My very good friend, Lieutenant G"
115991701359412321,2026-01-31T20:55:00+00:00,2026-01-31,20,truth_social,truth_social_dataset,sector_keywords,,12,13,"I have instructed Secretary of Homeland Security, Kristi Noem, that under no circumstances are we going to participate in various poorly run Democrat Cities with regard to their Protests and/or Riots unless, and until, they ask us for help. We will, however, guard, and very power"
115995786512051662,2026-02-01T14:13:58.529000+00:00,2026-02-01,14,truth_social,cnn_truth_archive,sector_keywords|theme:tariffs_trade,tariffs_trade,19,20,"US steel production exceeds Japan's for first time in 26 years: Trump tariffs, AI data center construction boom lifted industry in 2025: https://asia.nikkei.com/business/materials/us-steel-production-exceeds-japan-s-for-first-time-in-26-years/"
115996882630849069,2026-02-01T18:52:43.974000+00:00,2026-02-01,18,truth_social,cnn_truth_archive,sector_keywords,,18,19,"It is my Great Honor to endorse America First Patriot, John E. Sununu, who is running to represent the beautiful State of New Hampshire in the U.S. Senate. John is strongly supported by the most Highly Respected Leaders in New Hampshire, and many Republicans in the U.S. Senate an"
115997995239108549,2026-02-01T23:35:41.026000+00:00,2026-02-01,23,truth_social,cnn_truth_archive,sector_keywords|entity_mention,,1,2,"Just think? It has just been announced that the United States of America made more Steel last year, 2025, than the Great Country of Japan, a major Steelmaker. Thank you President Trump!"
115998440820492604,2026-02-02T01:29:00.097000+00:00,2026-02-02,1,truth_social,cnn_truth_archive,entity_mention,,1,2,"The biggest problem our Country has is that the Democrats are SOFT ON CRIME! They want to protect the Criminal, violent and vicious as they may be, at the expense of our great American Citizens and Patriots. That is not what America is about, and never will be! President DJT"
115999448091565515,2026-02-02T05:45:00+00:00,2026-02-02,5,truth_social,truth_social_dataset,entity_mention,,1,2,"The Grammy Awards are the WORST, virtually unwatchable! CBS is lucky not to have this garbage litter their airwaves any longer. The host, Trevor Noah, whoever he may be, is almost as bad as Jimmy Kimmel at the Low Ratings Academy Awards. Noah said, INCORRECTLY about me, that Dona"
115999513470647838,2026-02-02T06:01:00+00:00,2026-02-02,6,truth_social,truth_social_dataset,entity_mention,,1,2,"The Grammy Awards are the WORST, virtually unwatchable! CBS is lucky not to have this garbage litter their airwaves any longer. The host, Trevor Noah, whoever he may be, is almost as bad as Jimmy Kimmel at the Low Ratings Academy Awards. Noah said, INCORRECTLY about me, that Dona"
116001495092642291,2026-02-02T14:25:44.557000+00:00,2026-02-02,14,truth_social,cnn_truth_archive,sector_keywords|entity_mention|theme:china,china,19,20,"Trump Says He Welcomes China, India Investment in Venezuela Oil: https://www.bloomberg.com/news/articles/2026-02-01/trump-says-he-welcomes-china-india-investment-in-venezuela-oil/"
116001521088210593,2026-02-02T14:32:21.216000+00:00,2026-02-02,14,truth_social,cnn_truth_archive,entity_mention,,1,2,"Two very good guys who were treated so unfairly by Sleepy Joe Biden. But now, they are bigger than ever!!! President DJT"
116001976995912843,2026-02-02T16:28:17.813000+00:00,2026-02-02,16,truth_social,cnn_truth_archive,theme:defense_geopolitics,defense_geopolitics,6,7,Iran is turning into the 'North Korea of the Middle East': Mark Levin: https://www.foxnews.com/video/6388654417112
116001978814669685,2026-02-02T16:28:45.563000+00:00,2026-02-02,16,truth_social,cnn_truth_archive,theme:defense_geopolitics,defense_geopolitics,6,7,Trump open to Iran deal as US bolsters forces in Middle East: https://www.foxnews.com/video/6388674503112
116001981271406695,2026-02-02T16:29:00+00:00,2026-02-02,16,truth_social,truth_social_dataset,theme:defense_geopolitics,defense_geopolitics,6,7,"Trump has been ‘very clear’ in message to Iran, State Department spokesperson says: https://www.foxnews.com/video/6388654275112"
116002095109616255,2026-02-02T16:58:00+00:00,2026-02-02,16,truth_social,truth_social_dataset,sector_keywords|theme:tariffs_trade|theme:agriculture,tariffs_trade/agriculture,21,22,"It was an Honor to speak with Prime Minister Modi, of India, this morning. He is one of my greatest friends and, a Powerful and Respected Leader of his Country. We spoke about many things, including Trade, and ending the War with Russia and Ukraine. He agreed to stop buying Russi"
116002977324733248,2026-02-02T20:42:00+00:00,2026-02-02,20,truth_social,truth_social_dataset,theme:agriculture,agriculture,0,1,"People are saying that Thomas Massie became a Liberal because his new wife, blessed be their marriage, is supposedly a Radical Left “flamethrower.” This new union all went so fast that maybe he didn’t know what he was getting into but, nevertheless, he is an absolutely terrible a"
116007266642651281,2026-02-03T14:53:31.421000+00:00,2026-02-03,14,truth_social,cnn_truth_archive,theme:defense_geopolitics,defense_geopolitics,6,7,Trump weighs diplomacy with Iran amid rising tensions:https://www.foxnews.com/video/6388690205112
116013105630663812,2026-02-04T15:38:00+00:00,2026-02-04,15,truth_social,truth_social_dataset,sector_keywords|theme:china|theme:agriculture|theme:defense_geopolitics|theme:semis_tech_supplychain,china/agriculture/defense_geopolitics/semis_tech_supplychain,26,27,"I have just completed an excellent telephone conversation with President Xi, of China. It was a long and thorough call, where many important subjects were discussed, including Trade, Military, the April trip that I will be making to China (which I very much look forward to!), Tai"
116014966605970564,2026-02-04T23:31:43.574000+00:00,2026-02-04,23,truth_social,cnn_truth_archive,sector_keywords,,12,13,"It is my Great Honor to endorse America First Patriot, Clay Fuller, who is running to represent the wonderful people of Georgia's 14th Congressional District. As District Attorney for the Lookout Mountain Judicial Circuit, and Air National Guard Officer, Clay knows the Wisdom and"
116015098439079378,2026-02-05T00:05:15.189000+00:00,2026-02-05,0,truth_social,cnn_truth_archive,sector_keywords|theme:agriculture,agriculture,12,13,"It is my Great Honor to endorse Chris McGowan, a fantastic Candidate running to be the next Congressman from Iowa's 4th Congressional District! A Brave Iowa Air National Guard Veteran, successful Attorney, and now, as President of the Siouxland Chamber of Commerce, Chris has a Pr"
116015192164527501,2026-02-05T00:29:05.324000+00:00,2026-02-05,0,truth_social,cnn_truth_archive,sector_keywords|theme:taxes,taxes,12,13,"It is my Great Honor to endorse MAGA Warrior, Mike LiPetri, who is running to represent the fantastic people of New York's 3rd Congressional District against a Congressman who has proven to be a Radical Left Lunatic, who wants Open Borders, Men playing in Women's Sports, Transgen"
116015225028724019,2026-02-05T00:37:26.788000+00:00,2026-02-05,0,truth_social,cnn_truth_archive,sector_keywords|theme:taxes,taxes,18,19,"It is my Great Honor to endorse Peter Oberacker, an incredible Candidate who is running to represent the fantastic people of New York's 19th Congressional District. He is running against Josh Riley, a true Radical Left Extremist who does not represent the Values of Central New Yo"
116015238116488956,2026-02-05T00:40:46.495000+00:00,2026-02-05,0,truth_social,cnn_truth_archive,sector_keywords|theme:agriculture,agriculture,12,13,"It is my Great Honor to endorse MAGA Warrior, Blake Miguez, who is running to represent the tremendous people of Louisiana's 5th Congressional District. A Seventh Generation Louisianian, and very popular State Senator, Blake has dedicated his life to serving his Community. As you"
116015583395173909,2026-02-05T02:08:00+00:00,2026-02-05,2,truth_social,truth_social_dataset,sector_keywords,,7,8,"It is my Great Honor to endorse America First Patriot, Jace Yarbrough, who is running to represent the wonderful people of Texas’ 32nd Congressional District.
A Brave Air Force Veteran, Jace knows the Wisdom and Courage required to Defend our Country, Support our Military/Veteran"
116015584302654813,2026-02-05T02:08:48.877000+00:00,2026-02-05,2,truth_social,cnn_truth_archive,sector_keywords,,12,13,"Mark Teixeira is a former Major League Baseball STAR, and tremendous America First Candidate, who is running to represent the incredible people of Texas' 21st Congressional District! I know Mark well, and he is a TOTAL WINNER, on and off the field! An MLB All-Star, Mark's career "
116015777789201897,2026-02-05T02:58:01.211000+00:00,2026-02-05,2,truth_social,cnn_truth_archive,sector_keywords|theme:agriculture,agriculture,12,13,"It is my Great Honor to endorse America First Patriot, James Gallagher, who is running to represent the wonderful people of California's 1st Congressional District. A very successful Family Farmer, Attorney, former County Supervisor, and now, as California State Assemblyman, Jame"
116016151311489400,2026-02-05T04:33:00.704000+00:00,2026-02-05,4,truth_social,cnn_truth_archive,sector_keywords|entity_mention|theme:fed_rates,fed_rates,7,8,How Trump's MAHA movement unexpectedly took a bite out of food price inflation: https://justthenews.com/government/white-house/how-maha-movement-unexpectedly-lowered-food-price-inflation
116017702721284286,2026-02-05T11:07:33.341000+00:00,2026-02-05,11,truth_social,cnn_truth_archive,sector_keywords|entity_mention,,6,7,Jim Banks Calls for Passage of SAVE America Act to Require Proof of Citizenship to Vote: https://www.breitbart.com/politics/2026/02/04/jim-banks-calls-for-passage-save-america-act-require-proof-citizenship-vote/
116019257556623305,2026-02-05T17:42:58.245000+00:00,2026-02-05,17,truth_social,cnn_truth_archive,sector_keywords|entity_mention|theme:tariffs_trade,tariffs_trade,19,20,"The Great Country of Japan is having a very important Legislative Election on Sunday, February 8, 2026. The results of this Election are very important to the future of Japan. The Prime Minister, Sanae Takaichi, has already proven to be a strong, powerful, and wise Leader, and on"
116019287824035088,2026-02-05T17:50:40.088000+00:00,2026-02-05,17,truth_social,cnn_truth_archive,sector_keywords|entity_mention,,6,7,"I have had very productive discussions with Prime Minister Keir Starmer about the Island of Diego Garcia. It is the site of a major U.S. Military Base, strategically situated in the middle of the Indian Ocean and, therefore, of great importance to the National Security of the Uni"
116019511106186158,2026-02-05T18:47:00+00:00,2026-02-05,18,truth_social,truth_social_dataset,sector_keywords|entity_mention|theme:defense_geopolitics,defense_geopolitics,6,7,"The United States is the most powerful Country in the World. I completely rebuilt its Military in my First Term, including new and many refurbished nuclear weapons. I also added Space Force and now, continue to rebuild our Military at levels never seen before. We are even adding "
116020492708362364,2026-02-05T22:57:05.162000+00:00,2026-02-05,22,truth_social,cnn_truth_archive,sector_keywords|theme:agriculture,agriculture,12,13,"I am hearing that Highly Respected MAGA Warrior, Cody Simpson, is considering launching his Campaign for Commissioner of Agriculture in the wonderful State of South Carolina, which I won in 2016, 2020, and 2024, with the Highest Vote in South Carolina History! Cody is a Fifth Gen"
116020521328279296,2026-02-05T23:04:00+00:00,2026-02-05,23,truth_social,truth_social_dataset,sector_keywords|entity_mention,,6,7,"America’s Elections are Rigged, Stolen, and a Laughingstock all over the World. We are either going to fix them, or we won’t have a Country any longer. I am asking all Republicans to fight for the following:
SAVE AMERICA ACT!
1. ALL VOTERS MUST SHOW VOTER ID (IDENTIFICATION!).
2."
116025411185339692,2026-02-06T19:47:55.165000+00:00,2026-02-06,19,truth_social,cnn_truth_archive,sector_keywords|entity_mention|theme:stock_market_macro,stock_market_macro,6,7,"The Dow Jones Industrial Average just hit 50,000 for the first time in History. CONGRATULATIONS AMERICA!"
116025903832799294,2026-02-06T21:53:00+00:00,2026-02-06,21,truth_social,truth_social_dataset,sector_keywords|entity_mention|theme:pharma_healthcare,pharma_healthcare,6,7,‘Biggest thing in healthcare’ in decades: White House launches ‘TrumpRx’ to lower prescription drug prices: https://readlion.com/biggest-thing-in-healthcare-in-decades-white-house-launches-trumprx-to-lower-prescription-drug-prices/
116025999484647663,2026-02-06T22:17:00+00:00,2026-02-06,22,truth_social,truth_social_dataset,theme:stock_market_macro,stock_market_macro,0,1,"The “Experts” said that if I hit 50,000 on the Dow by the end of my Term, I would have done a great job, but I hit 50,000 today, three years ahead of schedule — Remember that for the Midterms, because the Democrats will CRASH the Economy!"
116026828636501753,2026-02-07T01:48:23.794000+00:00,2026-02-07,1,truth_social,cnn_truth_archive,sector_keywords|entity_mention|theme:stock_market_macro|theme:tariffs_trade,stock_market_macro/tariffs_trade,19,20,"Record Stock Market, and National Security, driven by our Great TARIFFS. I am predicting 100,000 on the DOW by the end of my Term. REMEMBER, TRUMP WAS RIGHT ABOUT EVERYTHING! I hope the United States Supreme Court is watching.m"
116030041948459285,2026-02-07T15:25:00+00:00,2026-02-07,15,truth_social,truth_social_dataset,entity_mention,,1,2,"We need more competition against THE ENEMY, the Fake News National TV Networks. Letting Good Deals get done like Nexstar - Tegna will help knock out the Fake News because there will be more competition, and at a higher and more sophisticated level. Those that are opposed don’t fu"
116037631258027415,2026-02-08T23:35:38.677000+00:00,2026-02-08,23,truth_social,cnn_truth_archive,sector_keywords|entity_mention|theme:stock_market_macro|theme:tariffs_trade,stock_market_macro/tariffs_trade,19,20,"Record Stock Market, and National Security, driven by our Great TARIFFS. I am predicting 100,000 on the DOW by the end of my Term. REMEMBER, TRUMP WAS RIGHT ABOUT EVERYTHING! I hope the United States Supreme Court is watching."
116038200403048483,2026-02-09T02:00:00+00:00,2026-02-09,2,truth_social,truth_social_dataset,theme:stock_market_macro,stock_market_macro,0,1,"The Super Bowl Halftime Show is absolutely terrible, one of the worst, EVER! It makes no sense, is an affront to the Greatness of America, and doesn’t represent our standards of Success, Creativity, or Excellence. Nobody understands a word this guy is saying, and the dancing is d"
116043090074364624,2026-02-09T22:43:00+00:00,2026-02-09,22,truth_social,truth_social_dataset,sector_keywords|theme:china|theme:tariffs_trade|theme:agriculture,china/tariffs_trade/agriculture,19,20,"As everyone knows, the Country of Canada has treated the United States very unfairly for decades. Now, things are turning around for the U.S.A., and FAST! But imagine, Canada is building a massive bridge between Ontario and Michigan. They own both the Canada and the United States"
116045169076455564,2026-02-10T07:32:00+00:00,2026-02-10,7,truth_social,truth_social_dataset,sector_keywords|entity_mention,,6,7,Pentagon wants ethics inquiry on Rep. Vindman’s Ukraine business deals: https://justthenews.com/government/congress/pentagon-wants-ethics-inquiry-vindmans-ukraine-business-efforts-while-funded/
116049016029391163,2026-02-10T23:50:00+00:00,2026-02-10,23,truth_social,truth_social_dataset,sector_keywords,,12,13,"Congressman John Rutherford is an incredible Representative for the wonderful People of Florida’s 5th Congressional District!
As the former Sheriff of Duval County, and now, as a Highly Respected U.S. Congressman, John strongly supports our incredible Law Enforcement, Military, a"
116049014529870682,2026-02-10T23:50:00+00:00,2026-02-10,23,truth_social,truth_social_dataset,sector_keywords,,12,13,"Congressman Aaron Bean is a Tremendous Champion for Florida’s 4th Congressional District!
As a Member of the POWERFUL Ways & Means Committee, Aaron knows the America First Policies required to Create GREAT Jobs, Cut Taxes and Regulations, Advance MADE IN THE U.S.A., Unleash Ameri"
116049018753880504,2026-02-10T23:51:00+00:00,2026-02-10,23,truth_social,truth_social_dataset,sector_keywords,,12,13,"Congressman Cory Mills is an America First Patriot and Tremendous Champion for the Great People of Florida’s 7th Congressional District!
A Successful Entrepreneur, and Brave U.S. Army Combat Veteran and Bronze Star recipient, Cory knows what is required to Defend our Country, Sup"
116049022411044647,2026-02-10T23:52:00+00:00,2026-02-10,23,truth_social,truth_social_dataset,sector_keywords,,12,13,"Congressman Brian Mast is a MAGA Warrior and Fantastic Advocate for Florida’s 21st Congressional District!
As the Chairman of my WINNING 2024 Campaign’s Veterans for Trump Coalition, Brian is a true American Hero and Patriot. He knows the Wisdom and Courage required to Defend our"
116049020221132395,2026-02-10T23:52:00+00:00,2026-02-10,23,truth_social,truth_social_dataset,sector_keywords|theme:jobs_economy,jobs_economy,12,13,"Congressman Daniel Webster is doing an incredible job representing the Great People of Florida’s 11th Congressional District!
A successful Businessman, Daniel knows the AMERICA FIRST Policies necessary to Create GREAT Jobs, Promote MADE IN THE U.S.A., Unleash Innovation, and Adva"
116049024324119533,2026-02-10T23:53:00+00:00,2026-02-10,23,truth_social,truth_social_dataset,sector_keywords,,12,13,"Congresswoman María Elvira Salazar is doing a truly fantastic job representing the wonderful people of Florida’s 27th Congressional District!
A former News Anchor and Political Reporter, María knows the Wisdom and Courage required to confront the Corrupt Fake News, which seeks to"
116049030986794379,2026-02-10T23:54:00+00:00,2026-02-10,23,truth_social,truth_social_dataset,sector_keywords,,12,13,"Congressman Carlos Gimenez is doing a fantastic job representing Florida’s 28th Congressional District!
A Highly Respected Firefighter, Civic Leader, and Mayor of Miami-Dade County, prior to becoming a distinguished Congressman, Carlos has dedicated his life to serving his Commun"
116050559055597383,2026-02-11T06:23:21.251000+00:00,2026-02-11,6,truth_social,cnn_truth_archive,entity_mention,,1,2,Apple News promotes left-leaning media outlets — as it shuts out conservative sites entirely: study: https://nypost.com/2026/02/10/business/apple-news-promotes-left-leaning-media-outlets-as-it-shuts-out-conservative-sites-entirely-study/
116052530788677155,2026-02-11T14:44:47.541000+00:00,2026-02-11,14,truth_social,cnn_truth_archive,entity_mention,,1,2,RT: https://truthsocial.com/users/realDonaldTrump/statuses/116052423178074423How quickly people forget. So sad! President DJT
116052533364619497,2026-02-11T14:45:26.848000+00:00,2026-02-11,14,truth_social,cnn_truth_archive,entity_mention,,1,2,"RT: https://truthsocial.com/users/realDonaldTrump/statuses/116052470064146254…..And now, THE GOLDEN AGE IS HERE!!! President DJT"
116052538984100960,2026-02-11T14:46:52.525000+00:00,2026-02-11,14,truth_social,cnn_truth_archive,sector_keywords|entity_mention|theme:jobs_economy|theme:fed_rates,jobs_economy/fed_rates,7,8,"Just in: GREAT JOBS NUMBERS, FAR GREATER THAN EXPECTED! The United States of America should be paying MUCH LESS on its Borrowings (BONDS!). We are again the strongest Country in the World, and should therefore be paying the LOWEST INTEREST RATE, by far. This would be an INTEREST "
116053512461029874,2026-02-11T18:54:26.645000+00:00,2026-02-11,18,truth_social,cnn_truth_archive,theme:defense_geopolitics,defense_geopolitics,6,7,"I have just finished meeting with Prime Minister Netanyahu, of Israel, and various of his Representatives. It was a very good meeting, the tremendous relationship between our two Countries continues. There was nothing definitive reached other than I insisted that negotiations wit"
116054089500353661,2026-02-11T21:21:00+00:00,2026-02-11,21,truth_social,truth_social_dataset,sector_keywords|entity_mention,,6,7,"The RINO Governor of the Great State of Oklahoma, in which I won all 77 Counties, three times (The only person to do so!), incorrectly stated my position on the very exclusive Governors Annual Dinner and Meeting at the White House: “The White House intends to limit invitations to"
116054542648712986,2026-02-11T23:16:26.060000+00:00,2026-02-11,23,truth_social,cnn_truth_archive,sector_keywords|entity_mention|theme:tariffs_trade|theme:stock_market_macro,tariffs_trade/stock_market_macro,19,20,"Any Republican, in the House or the Senate, that votes against TARIFFS will seriously suffer the consequences come Election time, and that includes Primaries! Our Trade Deficit has been reduced by 78%, the Dow Jones has just hit 50,000, and the S&P, 7,000, all Numbers that were c"
116054544240272433,2026-02-11T23:16:50.344000+00:00,2026-02-11,23,truth_social,cnn_truth_archive,sector_keywords|entity_mention|theme:tariffs_trade,tariffs_trade,19,20,"Canada has taken advantage of the United States on Trade for many years. They are among the worst in the World to deal with, especially as it relates to our Northern Border. TARIFFS make a WIN for us, EASY. Republicans must keep it that way! PRESIDENT DONALD J. TRUMP"
116054979183962712,2026-02-12T01:07:27.059000+00:00,2026-02-12,1,truth_social,cnn_truth_archive,sector_keywords|entity_mention|theme:pharma_healthcare,pharma_healthcare,6,7,Trump Delivers Again as TrumpRx.gov Brings Immediate Drug Price Relief to Millions: https://thenevadaglobe.com/articles/trump-delivers-again-as-trumprx-gov-brings-immediate-drug-price-relief-to-millions/
116057953062349559,2026-02-12T13:43:44.803000+00:00,2026-02-12,13,truth_social,cnn_truth_archive,sector_keywords|entity_mention,,6,7,Pentagon Prepares Second Aircraft Carrier to Deploy to the Middle East: https://www.wsj.com/politics/national-security/pentagon-prepares-second-aircraft-carrier-to-deploy-to-the-middle-east-e7140a64
116058514459647451,2026-02-12T16:06:31.047000+00:00,2026-02-12,16,truth_social,cnn_truth_archive,sector_keywords|entity_mention|theme:stock_market_macro,stock_market_macro,6,7,"Dow 50,000: Why Wall Street Keeps Misunderstanding Trumpnomics: https://www.realclearmarkets.com/articles/2026/02/09/dow_50000_why_wall_street_keeps_misunderstanding_trumpnomics_1163575.html"
116058518017586892,2026-02-12T16:07:00+00:00,2026-02-12,16,truth_social,truth_social_dataset,sector_keywords|entity_mention,,6,7,"AG Pam Bondi, under intense fire from the Trump Deranged Radical Left Lunatics, was fantastic at yesterday’s Hearing on the never ending saga of Jeffrey Epstein, where the one thing that has been proven conclusively, much to their chagrin, was that President Donald J. Trump has b"
116058575898389756,2026-02-12T16:22:00+00:00,2026-02-12,16,truth_social,truth_social_dataset,sector_keywords|theme:stock_market_macro,stock_market_macro,12,13,"Relations between Venezuela and the United States have been, to put it mildly, extraordinary! We are dealing very well with President Delcy Rodriguez, and her Representatives. Oil is starting to flow, and large amounts of money, unseen for many years, will soon be greatly helping"
116059929149671133,2026-02-12T22:06:17.544000+00:00,2026-02-12,22,truth_social,cnn_truth_archive,sector_keywords|entity_mention|theme:manufacturing_reshoring,manufacturing_reshoring,7,8,Trump has reversed the Biden-made manufacturing decline: https://www.washingtontimes.com/news/2026/feb/10/trump-reversed-biden-made-manufacturing-decline/
116064430464430523,2026-02-13T17:11:02.187000+00:00,2026-02-13,17,truth_social,cnn_truth_archive,sector_keywords|entity_mention,,6,7,Our advanced F-22 Raptor Fighter Jet — Greatest in the World!
116065576451150055,2026-02-13T22:02:28.528000+00:00,2026-02-13,22,truth_social,cnn_truth_archive,sector_keywords|entity_mention|theme:tariffs_trade,tariffs_trade,19,20,"We cannot let the Democrats get away with NO VOTER I.D. any longer. These are horrible, disingenuous CHEATERS. They have all sorts of reasons why it shouldn't be passed, and then boldly laugh in the backrooms after their ridiculous presentations. If it weren't such a serious matt"
116065610176562623,2026-02-13T22:11:00+00:00,2026-02-13,22,truth_social,truth_social_dataset,sector_keywords|entity_mention,,6,7,"Governor Roy Cooper freed the killer, DeCarlos Brown Jr., of the beautiful Iryna Zarutska, because he is a weak and ineffective person. He slashed her neck from behind while on the train. That is why CRIME has been so bad and violent in North Carolina during Leftist Cooper’s time"
116069904214662301,2026-02-14T16:23:00+00:00,2026-02-14,16,truth_social,truth_social_dataset,sector_keywords|entity_mention|theme:stock_market_macro|theme:china|theme:fed_rates,stock_market_macro/china/fed_rates,24,25,"Sometimes in life you waste time! T.V. Host Bill Maher asked to have dinner with me through one of his friends, also a friend of mine, and I agreed. He came into the famed Oval Office much different than I thought he would be. He was extremely nervous, had ZERO confidence in hims"
116081952122265348,2026-02-16T19:27:00+00:00,2026-02-16,19,truth_social,truth_social_dataset,sector_keywords|entity_mention|theme:stock_market_macro|theme:fed_rates,stock_market_macro/fed_rates,13,14,"Happy President’s Day! Prices and Inflation are Way Down. The Stock Market, and your 401k’s, are Way Up. Our Military is Strong and Powerful, Our Law Enforcement is GREAT, and Our Border is 100% Secure. Murders (YEAR 1900!) and Crime are at RECORD LOWS, and Our Country is Bigger,"
116083002322886425,2026-02-16T23:54:00+00:00,2026-02-16,23,truth_social,truth_social_dataset,sector_keywords|entity_mention|theme:aerospace_aviation,aerospace_aviation,6,7,"Heading to D.C. Will give an Air Force One Press Conference, shortly. Marco was fantastic in Munich! AOC and Newscum were an embarrassment to our Nation. For one thing they shouldn’t be talking badly about the U.S.A., especially on “foreign soil.” They made fools of themselves, a"
116083267723811706,2026-02-17T01:01:00+00:00,2026-02-17,1,truth_social,truth_social_dataset,sector_keywords,,12,13,"Jon Bonck is an incredible Candidate running to represent the fantastic people of Texas’ 38th Congressional District. He is supported by many MAGA Patriots, including Senator Ted Cruz, Congressmen “Doc” Ronny Jackson, Brandon Gill, Jim Jordan, and Tim Burchett, among others.
A su"
116083271828191452,2026-02-17T01:02:00+00:00,2026-02-17,1,truth_social,truth_social_dataset,sector_keywords,,12,13,"It is my Great Honor to endorse America First Patriot Alex Mealer, who is running to represent the incredible people of Texas’ 9th Congressional District.
A West Point Graduate, and Combat Decorated Army Bomb Squad Officer, Alex knows the Wisdom and Courage required to Defend our"
116083269727224876,2026-02-17T01:02:00+00:00,2026-02-17,1,truth_social,truth_social_dataset,sector_keywords|theme:agriculture,agriculture,7,8,"It is my Great Honor to endorse Carlos De La Cruz, a fantastic America First Candidate running to be the next Congressman from Texas’ 35th Congressional District!
A Brave, 20 Year Air Force Veteran, and now, as a successful Businessman, Carlos has a Proven Record of Success — He "
116083274172061013,2026-02-17T01:03:00+00:00,2026-02-17,1,truth_social,truth_social_dataset,sector_keywords,,12,13,"It is my Great Honor to endorse Jessica Steinmann, who is running to represent the amazing people of Texas’ 8th Congressional District. Jessica is strongly supported by many of the greatest America First Patriots in Texas, including Governor Greg Abbott, Lieutenant Governor Dan P"
116083533250062812,2026-02-17T02:09:07.495000+00:00,2026-02-17,2,truth_social,cnn_truth_archive,sector_keywords|theme:agriculture,agriculture,12,13,"Congressman Pete Sessions is a Tremendous Champion for Texas' 17th Congressional District! As former Chairman of the House Rules Committee and the National Republican Congressional Committee, Pete has served in Congress during a career ""loaded up"" with accolades and WINS, always "
116083533873011232,2026-02-17T02:09:17+00:00,2026-02-17,2,truth_social,cnn_truth_archive,sector_keywords,,12,13,"Congresswoman Beth Van Duyne is a fantastic Champion for the Great People of Texas' 24th Congressional District! A former appointee in my First Administration, where she worked hard to advance our America First Agenda, Beth is now a very distinguished and highly respected Congres"
116083534327996449,2026-02-17T02:09:23.941000+00:00,2026-02-17,2,truth_social,cnn_truth_archive,sector_keywords|theme:jobs_economy,jobs_economy,12,13,"Congressman Roger Williams is a Tremendous Champion for the incredible people of Texas' 25th Congressional District! As a very successful Businessman, and Chairman of the House Small Business Committee, Roger knows the America First Policies required to Grow our Economy, Create G"
116083538992726143,2026-02-17T02:10:35.118000+00:00,2026-02-17,2,truth_social,cnn_truth_archive,sector_keywords|entity_mention,,6,7,"Congresswoman Virginia Foxx is doing a tremendous job fighting for the people of North Carolina's 5th Congressional District! As Chair of the House Rules Committee, Virginia is working hard to Advance our America First Values, Grow our Economy, Cut Taxes, Secure the Border, Suppo"
116083546620753530,2026-02-17T02:12:31.515000+00:00,2026-02-17,2,truth_social,cnn_truth_archive,sector_keywords|theme:agriculture,agriculture,12,13,"Congressman Mark Harris is a terrific Representative for the incredible people of North Carolina's 8th Congressional District! Mark has a strong Record of SUCCESS, and compelling support from his Community. In Congress, he is working tirelessly to Champion our Amazing Farmers and"
116086206069142759,2026-02-17T13:28:00+00:00,2026-02-17,13,truth_social,truth_social_dataset,sector_keywords|entity_mention|theme:stock_market_macro,stock_market_macro,6,7,"The Reverend Jesse Jackson is Dead at 84. I knew him well, long before becoming President. He was a good man, with lots of personality, grit, and “street smarts.” He was very gregarious - Someone who truly loved people! Despite the fact that I am falsely and consistently called a"
116087259160100035,2026-02-17T17:56:00+00:00,2026-02-17,17,truth_social,truth_social_dataset,sector_keywords|entity_mention,,7,8,"Tax Refunds this year, because of “THE GREAT BIG BEAUTIFUL BILL,” are substantially greater than ever before. In some cases, estimates are that over 20% will be returned to the Taxpayer. So, when you get your Tax Refund, think about what a wonderful President you have — NO TAX ON"
116087827602935657,2026-02-17T20:21:00+00:00,2026-02-17,20,truth_social,truth_social_dataset,sector_keywords|theme:tariffs_trade,tariffs_trade,25,26,"Our MASSIVE Trade Deal with Japan has just launched!
Japan is now officially, and financially, moving forward with the FIRST set of Investments under its $550 BILLION Dollar Commitment to invest in the United States of America — part of our Historic Trade Deal to REVITALIZE the A"
116089622233377615,2026-02-18T03:57:38.006000+00:00,2026-02-18,3,truth_social,cnn_truth_archive,entity_mention,,1,2,RT: https://truthsocial.com/users/realDonaldTrump/statuses/116089620936035048Crooked Elections cannot be allowed in the U.S.A. President DJT
116093101641103750,2026-02-18T18:42:00+00:00,2026-02-18,18,truth_social,truth_social_dataset,theme:defense_geopolitics,defense_geopolitics,6,7,"I have been telling Prime Minister Keir Starmer, of the United Kingdom, that Leases are no good when it comes to Countries, and that he is making a big mistake by entering a 100 Year Lease with whoever it is that is “claiming” Right, Title, and Interest to Diego Garcia, strategic"
116094375393499963,2026-02-19T00:06:25.512000+00:00,2026-02-19,0,truth_social,cnn_truth_archive,sector_keywords|entity_mention|theme:tariffs_trade,tariffs_trade,19,20,"THE UNITED STATES TRADE DEFICIT HAS BEEN REDUCED BY 78% BECAUSE OF THE TARIFFS BEING CHARGED TO OTHER COMPANIES AND COUNTRIES. IT WILL GO INTO POSITIVE TERRITORY DURING THIS YEAR, FOR THE FIRST TIME IN MANY DECADES. THANK YOU FOR YOUR ATTENTION TO THIS MATTER!"
116094599626377829,2026-02-19T01:03:27.063000+00:00,2026-02-19,1,truth_social,cnn_truth_archive,entity_mention,,1,2,"Czech Deputy PM Petr Macinka: Great job in your Debate against Hillary Clinton on various subjects, including her ridiculous views on Gender. Say hello to everybody in your wonderful Country! President DJT"
116094690568794039,2026-02-19T01:26:00+00:00,2026-02-19,1,truth_social,truth_social_dataset,sector_keywords|entity_mention,,6,7,"It is my Great Honor to nominate Justin Smith to serve as Judge on the United States Court of Appeals for the Eighth Circuit in Missouri. Justin is a very Smart and Talented Attorney, who received his J.D. from the University of Missouri School of Law, and is the Co-Owner of the "
116098568222664684,2026-02-19T17:52:00+00:00,2026-02-19,17,truth_social,truth_social_dataset,entity_mention,,1,2,"The Commission of Fine Arts just approved, unanimously, 6 to 0, with one recusal because he had a conflict in that he worked professionally on the job, the White House Ballroom. Great accolades were paid to the building’s beauty and scale. Thank you to the members of the Commissi"
116099119307195442,2026-02-19T20:12:00+00:00,2026-02-19,20,truth_social,truth_social_dataset,sector_keywords|entity_mention,,6,7,"We are going to have the Save America Act, one way or the other, after approval by Congress through the very proper use of the Filibuster or, at minimum, by a Talking Filibuster, à la “Mr. Smith Goes to Washington.”
SAVE AMERICA ACT!
1. ALL VOTERS MUST SHOW VOTER I.D. (IDENTIFICA"
116099815931734129,2026-02-19T23:10:01.497000+00:00,2026-02-19,23,truth_social,cnn_truth_archive,sector_keywords|theme:tariffs_trade,tariffs_trade,19,20,"Just left Coosa Steel Plant, in Rome, Georgia, which is now working 24 hours around the clock, after it was down to just one hour a year ago. It is like that up and down throughout the Country — Companies are thriving because of TARIFFS. The United States of America has taken in "
116103041948622478,2026-02-20T12:50:00+00:00,2026-02-20,12,truth_social,truth_social_dataset,sector_keywords|entity_mention|theme:fed_rates|theme:jobs_economy,fed_rates/jobs_economy,7,8,"The Democrat Shutdown cost the U.S.A. at least two points in GDP. That’s why they are doing it, in mini form, again. No Shutdowns! Also, LOWER INTEREST RATES. “Two Late” Powell is the WORST!!! President DJT"
116104407604484915,2026-02-20T18:37:00+00:00,2026-02-20,18,truth_social,truth_social_dataset,sector_keywords|entity_mention|theme:tariffs_trade,tariffs_trade,19,20,"To show you how ridiculous the opinion is, the Court said that I’m not allowed to charge even $1 DOLLAR to any Country under IEEPA, I assume to protect other Countries, not the United States which they should be interested in protecting — But I am allowed to cut off any and all T"
116104410806971686,2026-02-20T18:38:33.796000+00:00,2026-02-20,18,truth_social,cnn_truth_archive,sector_keywords|entity_mention|theme:tariffs_trade|theme:stock_market_macro,tariffs_trade/stock_market_macro,19,20,RT: https://truthsocial.com/users/realDonaldTrump/statuses/116104407604484915The Supreme Court's Ruling on TARIFFS is deeply disappointing! I am ashamed of certain Members of the Court for not having the Courage to do what is right for our Country. I would like to thank and congr
116105594741987893,2026-02-20T23:39:39.183000+00:00,2026-02-20,23,truth_social,cnn_truth_archive,sector_keywords|entity_mention|theme:tariffs_trade,tariffs_trade,19,20,"It is my Great Honor to have just signed, from the Oval Office, a Global 10% Tariff on all Countries, which will be effective almost immediately. Thank you for your attention to this matter! PRESIDENT DONALD J. TRUMP"
116105691693335080,2026-02-21T00:04:18.542000+00:00,2026-02-21,0,truth_social,cnn_truth_archive,sector_keywords|entity_mention|theme:tariffs_trade,tariffs_trade,19,20,"Those members of the Supreme Court who voted against our very acceptable and proper method of TARIFFS should be ashamed of themselves. Their decision was ridiculous but, now the adjustment process begins, and we will do everything possible to take in even more money than we were "
116105858701679073,2026-02-21T00:46:00+00:00,2026-02-21,0,truth_social,truth_social_dataset,sector_keywords|entity_mention|theme:tariffs_trade,tariffs_trade,19,20,"What happened today with the two United States Supreme Court Justices that I appointed against great opposition, Neil Gorsuch and Amy Coney Barrett, whether people like it or not, never seems to happen with Democrats. They vote against the Republicans, and never against themselve"
116106466161291676,2026-02-21T03:21:15.948000+00:00,2026-02-21,3,truth_social,cnn_truth_archive,entity_mention,,1,2,"Republicans are so disloyal to themselves! Unite, stick together, and WIN! President DJT"
116109320498109062,2026-02-21T15:27:09.708000+00:00,2026-02-21,15,truth_social,cnn_truth_archive,entity_mention,,1,2,CIA's historic retraction of intel reports exposes political bias in Obama-Biden spy agencies: https://justthenews.com/government/federal-agencies/historic-cia-retraction-intel-reports-exposes-rot-political-bias-obama/
116109322546516945,2026-02-21T15:27:40.965000+00:00,2026-02-21,15,truth_social,cnn_truth_archive,sector_keywords|entity_mention|theme:tariffs_trade,tariffs_trade,19,20,Roberts court shuts door on tariffs but leaves room for Trump to prevail: https://justthenews.com/government/courts-law/john-roberts-leaves-room-trump-prevail/
116109447886304328,2026-02-21T15:59:00+00:00,2026-02-21,15,truth_social,truth_social_dataset,sector_keywords|entity_mention|theme:tariffs_trade,tariffs_trade,19,20,"Based on a thorough, detailed, and complete review of the ridiculous, poorly written, and extraordinarily anti-American decision on Tariffs issued yesterday, after MANY months of contemplation, by the United States Supreme Court, please let this statement serve to represent that "
116109911600146683,2026-02-21T17:57:29.175000+00:00,2026-02-21,17,truth_social,cnn_truth_archive,sector_keywords,,12,13,"I am proud to once again endorse Texas Lieutenant Governor, Dan Patrick, for Re-Election. As Texas Chair of our Presidential Campaigns in 2016, 2020, and 2024, Dan has been an incredible friend to our Movement, helping us WIN BIG in the Primaries and General Elections. In his nex"
116110654345152184,2026-02-21T21:06:00+00:00,2026-02-21,21,truth_social,truth_social_dataset,sector_keywords|theme:tariffs_trade|theme:agriculture,tariffs_trade/agriculture,24,25,"Based on a lack of support, in particular for the unbelievably successful TARIFFS imposed on Foreign Countries and Companies which has made America Richer, Stronger, Bigger, and Better than ever before, I am hereby WITHDRAWING my Endorsement of RINO Congressman Jeff Hurd, of Colo"
116111073840858395,2026-02-21T22:53:00+00:00,2026-02-21,22,truth_social,truth_social_dataset,entity_mention,,1,2,"Netflix should fire racist, Trump Deranged Susan Rice, IMMEDIATELY, or pay the consequences. She’s got no talent or skills - Purely a political hack! HER POWER IS GONE, AND WILL NEVER BE BACK. How much is she being paid, and for what??? Thank you for your attention to this matter"
116111420567451198,2026-02-22T00:21:00+00:00,2026-02-22,0,truth_social,truth_social_dataset,entity_mention,,1,2,"Working with the fantastic Governor of Louisiana, Jeff Landry, we are going to send a great hospital boat to Greenland to take care of the many people who are sick, and not being taken care of there. It’s on the way!!! President DJT"
116115179276189940,2026-02-22T16:17:07.568000+00:00,2026-02-22,16,truth_social,cnn_truth_archive,entity_mention,,1,2,WHAT A GAME!!! President DJT
116116726447376516,2026-02-22T22:50:35.527000+00:00,2026-02-22,22,truth_social,cnn_truth_archive,entity_mention,,1,2,The most Gold Medals ever won by Team USA at the Olympics! President DJT
116117644453675365,2026-02-23T02:44:00+00:00,2026-02-23,2,truth_social,truth_social_dataset,entity_mention,,1,2,"We’re Winning too much, it’s just not fair! President DJT"
116119845947410324,2026-02-23T12:03:00+00:00,2026-02-23,12,truth_social,truth_social_dataset,sector_keywords|entity_mention|theme:tariffs_trade|theme:china,tariffs_trade/china,19,20,"The supreme court (will be using lower case letters for a while based on a complete lack of respect!) of the United States accidentally and unwittingly gave me, as President of the United States, far more powers and strength than I had prior to their ridiculous, dumb, and very in"
116119857222583140,2026-02-23T12:06:00+00:00,2026-02-23,12,truth_social,truth_social_dataset,sector_keywords|entity_mention|theme:tariffs_trade|theme:china,tariffs_trade/china,19,20,"The supreme court (will be using lower case letters for a while based on a complete lack of respect!) of the United States accidentally and unwittingly gave me, as President of the United States, far more powers and strength than I had prior to their ridiculous, dumb, and very in"
116120313423769416,2026-02-23T14:02:48.406000+00:00,2026-02-23,14,truth_social,cnn_truth_archive,entity_mention,,1,2,RT: https://truthsocial.com/users/realDonaldTrump/statuses/116120312031080294Byron will be a great governor!!! President DJT
116120439459742948,2026-02-23T14:34:00+00:00,2026-02-23,14,truth_social,truth_social_dataset,sector_keywords|entity_mention|theme:tariffs_trade,tariffs_trade,19,20,"Any Country that wants to “play games” with the ridiculous supreme court decision, especially those that have “Ripped Off” the U.S.A. for years, and even decades, will be met with a much higher Tariff, and worse, than that which they just recently agreed to. BUYER BEWARE!!! Thank"
116120496650075903,2026-02-23T14:49:24.256000+00:00,2026-02-23,14,truth_social,cnn_truth_archive,sector_keywords|entity_mention|theme:tariffs_trade,tariffs_trade,20,21,"As President, I do not have to go back to Congress to get approval of Tariffs. It has already been gotten, in many forms, a long time ago! They were also just reaffirmed by the ridiculous and poorly crafted supreme court decision! President DJT"
116121997925438698,2026-02-23T21:11:00+00:00,2026-02-23,21,truth_social,truth_social_dataset,sector_keywords|entity_mention|theme:defense_geopolitics,defense_geopolitics,6,7,"Numerous stories from the Fake News Media have been circulating stating that General Daniel Caine, sometimes referred to as Razin, is against us going to War with Iran. The story does not attribute this vast wealth of knowledge to anyone, and is 100% incorrect. General Caine, lik"
116123225544591694,2026-02-24T02:23:23.881000+00:00,2026-02-24,2,truth_social,cnn_truth_archive,entity_mention,,1,2,Wow! Gavin Newscum just dropped out of the Presidential Race!!! President DJT
116132655097895049,2026-02-25T18:21:00+00:00,2026-02-25,18,truth_social,truth_social_dataset,sector_keywords|theme:agriculture,agriculture,12,13,"Bluffton City Councilman Blake Fiechter, a True America First Patriot, is running against “RINO” State Senator Travis Holdman, in Indiana’s 19th Senate District who, for whatever reason, voted against Redistricting in Indiana, in a District that I won by 39 points, which puts the"
116142578355684475,2026-02-27T12:25:00+00:00,2026-02-27,12,truth_social,truth_social_dataset,entity_mention,,1,2,"Congrats to Newsmax. Big numbers! President DJT
Newsmax Delivers 4M-Plus Viewers in Breakout State of Union Coverage: https://www.newsmax.com/newsfront/newsmax-tv-rating-sotu/2026/02/26/id/1247600/"
116142702541066127,2026-02-27T12:56:39.257000+00:00,2026-02-27,12,truth_social,cnn_truth_archive,sector_keywords|entity_mention,,6,7,Mortgage rates drop to under 6% for first time since 2022: Freddie Mac: https://justthenews.com/nation/economy/mortgage-rates-drop-under-6-first-time-2022-freddie-mac
116143251886894781,2026-02-27T15:16:21.610000+00:00,2026-02-27,15,truth_social,cnn_truth_archive,sector_keywords|entity_mention,,6,7,"Trump Puts Democrats On Defense In Patriotic, Disciplined SOTU: https://dailycaller.com/2026/02/24/donald-trump-state-union-patriotic-disciplined-democrats-defense/"
116143272531781078,2026-02-27T15:21:36.625000+00:00,2026-02-27,15,truth_social,cnn_truth_archive,theme:stock_market_macro,stock_market_macro,0,1,"Big ideas from Trump's State of the Union speech, from federal 401k payments to Dalilah's law: https://justthenews.com/politics-policy/all-things-trump/big-ideas-trumps-state-union-speech-federal-401k-payments-dalilahs"
116143350148522906,2026-02-27T15:41:20.964000+00:00,2026-02-27,15,truth_social,cnn_truth_archive,entity_mention,,1,2,Trump FTC sends letter to Apple about alleged political bias in its news app: https://www.foxnews.com/media/trump-ftc-sends-letter-apple-over-alleged-political-bias-its-news-app
116143496539840867,2026-02-27T16:18:00+00:00,2026-02-27,16,truth_social,truth_social_dataset,sector_keywords,,12,13,"It is my Great Honor to endorse America First Patriot Alex Mealer, who is running to represent the incredible people of Texas’ 9th Congressional District.
A West Point Graduate, and Combat Decorated Army Bomb Squad Officer, Alex knows the Wisdom and Courage required to Defend our"
116143494629859059,2026-02-27T16:18:00+00:00,2026-02-27,16,truth_social,truth_social_dataset,sector_keywords,,12,13,"It is my Great Honor to endorse Jessica Steinmann, who is running to represent the amazing people of Texas’ 8th Congressional District. Jessica is strongly supported by many of the greatest America First Patriots in Texas, including Governor Greg Abbott, Lieutenant Governor Dan P"
116143529511602022,2026-02-27T16:26:00+00:00,2026-02-27,16,truth_social,truth_social_dataset,sector_keywords,,12,13,"Jon Bonck is an incredible Candidate running to represent the fantastic people of Texas’ 38th Congressional District. He is supported by many MAGA Patriots, including Senator Ted Cruz, Congressmen “Doc” Ronny Jackson, Brandon Gill, Jim Jordan, and Tim Burchett, among others.
A su"
116143525942565730,2026-02-27T16:26:00+00:00,2026-02-27,16,truth_social,truth_social_dataset,sector_keywords|theme:agriculture,agriculture,7,8,"It is my Great Honor to endorse Carlos De La Cruz, a fantastic America First Candidate running to be the next Congressman from Texas’ 35th Congressional District!
A Brave, 20 Year Air Force Veteran, and now, as a successful Businessman, Carlos has a Proven Record of Success — He "
116144013017188538,2026-02-27T18:29:55.498000+00:00,2026-02-27,18,truth_social,cnn_truth_archive,sector_keywords|entity_mention|theme:tariffs_trade|theme:manufacturing_reshoring,tariffs_trade/manufacturing_reshoring,19,20,"Tariffs have influenced Novartis, and its great leader, Vasant (Vas) Narasimhan, M.D., to build 7+ Manufacturing and R&D Facilities, creating thousands of Jobs. The Radical Left and the Lunatics who are suing against Tariffs refuse to talk about this, but the same thing is happen"
116144057341130700,2026-02-27T18:41:11.831000+00:00,2026-02-27,18,truth_social,cnn_truth_archive,entity_mention,,1,2,Apple News Continues Rejection of Right-Leaning Outlets in January: https://mrcfreespeechamerica.org/blogs/free-speech/heather-moon/2026/02/04/apple-news-continues-rejection-right-leaning-outlets
116144058486971927,2026-02-27T18:41:29.313000+00:00,2026-02-27,18,truth_social,cnn_truth_archive,entity_mention,,1,2,The alleged bias of Apple News: Ex-liberal mag editor tasked to handpick stories for millions of iPhone users: https://www.foxnews.com/media/alleged-bias-apple-news-ex-liberal-mag-editor-tasked-handpick-stories-millions-iphone-users
116144552969293195,2026-02-27T20:47:00+00:00,2026-02-27,20,truth_social,truth_social_dataset,sector_keywords,,12,13,"THE UNITED STATES OF AMERICA WILL NEVER ALLOW A RADICAL LEFT, WOKE COMPANY TO DICTATE HOW OUR GREAT MILITARY FIGHTS AND WINS WARS! That decision belongs to YOUR COMMANDER-IN-CHIEF, and the tremendous leaders I appoint to run our Military.
The Leftwing nut jobs at Anthropic have m"
116144611642369941,2026-02-27T21:02:00+00:00,2026-02-27,21,truth_social,truth_social_dataset,sector_keywords|entity_mention|theme:tariffs_trade,tariffs_trade,19,20,"The recent Decision of the United States Supreme Court concerning TARIFFS could allow for Hundreds of Billions of Dollars to be returned to Countries and Companies that have been “ripping off” the United States of America for many years to come, and now, according to this Decisio"
116144649664906576,2026-02-27T21:11:00+00:00,2026-02-27,21,truth_social,truth_social_dataset,sector_keywords|entity_mention|theme:tariffs_trade,tariffs_trade,19,20,"The recent Decision of the United States Supreme Court concerning TARIFFS could allow for Hundreds of Billions of Dollars to be returned to Countries and Companies that have been “ripping off” the United States of America for many years, and now, according to this Decision, could"
116145686017289461,2026-02-28T01:35:00+00:00,2026-02-28,1,truth_social,truth_social_dataset,sector_keywords|theme:jobs_economy,jobs_economy,12,13,"Don Huffines is a MAGA Warrior — He has been with me from the very beginning, and is running for Comptroller of Public Accounts in Texas, which I love and WON BIG in 2016, 2020, and 2024, getting the highest vote in the State’s History.
As a successful Businessman, Don knows the "
116145690898669254,2026-02-28T01:36:00+00:00,2026-02-28,1,truth_social,truth_social_dataset,sector_keywords|entity_mention|theme:agriculture,agriculture,6,7,"Dr. Dawn Buckingham is the strong and highly popular Land Commissioner for Texas, a place I love and WON BIG three times, including with 6.4 Million Votes in 2024, the most in History (BY FAR)!
Dawn is a Ninth Generation Texan, successful Surgeon, avid Hunter, former State Senato"
116145748543672366,2026-02-28T01:51:17.531000+00:00,2026-02-28,1,truth_social,cnn_truth_archive,sector_keywords|theme:agriculture,agriculture,12,13,"Sid Miller, a MAGA Warrior who has been with me from the very beginning, is doing a terrific job as Agriculture Commissioner for the Great State of Texas, which I love and WON BIG in Record Margins in 2016, 2020, and 2024! An Eighth Generation Farmer and Rancher, Sid is an incred"
116146212954175657,2026-02-28T03:49:00+00:00,2026-02-28,3,truth_social,truth_social_dataset,entity_mention,,1,2,"Minnesota Autism Payments have gone from $1,099,946 in 2017, to $343,176,474 in 2024, an increase of 34,000% in just a few years. Steve Miller, Russ Vought, Dr. Oz, Pam Bondi - This is a GIANT SCAM. Investigate and Arrest these CROOKS, NOW. More Somalia involvement. California is"
116147572522796874,2026-02-28T09:35:09.244000+00:00,2026-02-28,9,truth_social,cnn_truth_archive,theme:defense_geopolitics,defense_geopolitics,6,7,"Iran tried to interfere in 2020, 2024 elections to stop Trump, and now faces renewed war with United States:https://justthenews.com/government/security/iranians-tried-interfere-2020-and-2024-stop-trump-iran-now-faces-possible-war"
116150413051904167,2026-02-28T21:37:00+00:00,2026-02-28,21,truth_social,truth_social_dataset,sector_keywords|entity_mention|theme:defense_geopolitics,defense_geopolitics,6,7,"Khamenei, one of the most evil people in History, is dead. This is not only Justice for the people of Iran, but for all Great Americans, and those people from many Countries throughout the World, that have been killed or mutilated by Khamenei and his gang of bloodthirsty THUGS. H"
116152241303132753,2026-03-01T05:22:00+00:00,2026-03-01,5,truth_social,truth_social_dataset,theme:defense_geopolitics,defense_geopolitics,6,7,"Iran just stated that they are going to hit very hard today, harder than they have ever been hit before. THEY BETTER NOT DO THAT, HOWEVER, BECAUSE IF THEY DO, WE WILL HIT THEM WITH A FORCE THAT HAS NEVER BEEN SEEN BEFORE! Thank you for your attention to this matter! President DON"
116152251973821428,2026-03-01T05:25:12+00:00,2026-03-01,5,truth_social,cnn_truth_archive,theme:defense_geopolitics,defense_geopolitics,6,7,"Iran just stated that they are going to hit very hard today, harder than they have ever hit before. THEY BETTER NOT DO THAT, HOWEVER, BECAUSE IF THEY DO, WE WILL HIT THEM WITH A FORCE THAT HAS NEVER BEEN SEEN BEFORE! Thank you for your attention to this matter! President DONALD J"
116153963970975385,2026-03-01T12:40:35.003000+00:00,2026-03-01,12,truth_social,cnn_truth_archive,theme:defense_geopolitics,defense_geopolitics,6,7,Michael Goodwin: The death of Ayatollah Khamenei instantly makes the world a better place: https://nypost.com/2026/02/28/opinion/trump-stood-by-his-words-and-attacked-iran-ending-the-reign-of-khamenei/
116154493534592978,2026-03-01T14:55:00+00:00,2026-03-01,14,truth_social,truth_social_dataset,theme:defense_geopolitics,defense_geopolitics,6,7,Trump’s bold move to rid the world of Iran’s evil regime once and for all: https://nypost.com/2026/02/28/opinion/trumps-bold-move-to-rid-the-world-of-irans-evil-regime-once-and-for-all/
116155069503653714,2026-03-01T17:21:44.094000+00:00,2026-03-01,17,truth_social,cnn_truth_archive,sector_keywords|entity_mention,,6,7,"I have just been informed that we have destroyed and sunk 9 Iranian Naval Ships, some of them relatively large and important. We are going after the rest — They will soon be floating at the bottom of the sea, also! In a different attack, we largely destroyed their Naval Headquart"
116161759621251147,2026-03-02T21:43:00+00:00,2026-03-02,21,truth_social,truth_social_dataset,sector_keywords|entity_mention|theme:defense_geopolitics,defense_geopolitics,6,7,"If I didn’t terminate Obama’s horrendous Iran Nuclear Deal (JCPOA), Iran would have had a Nuclear Weapon three years ago. That was the most dangerous transaction we have ever entered into, and had it been allowed to stand, the World would be an entirely different place right now."
116161784453558961,2026-03-02T21:49:26.101000+00:00,2026-03-02,21,truth_social,cnn_truth_archive,sector_keywords|entity_mention,,6,7,EDITORIAL: TrumpRx is a massive win for affordability: https://washingtonreporter.news/editorial-trumprx-is-an-enormous-healthcare-policy-win-for-affordability/
116162143729203401,2026-03-02T23:20:00+00:00,2026-03-02,23,truth_social,truth_social_dataset,theme:defense_geopolitics,defense_geopolitics,6,7,"The Radical Left Democrats, a Party that has completely lost its way, are complaining bitterly about the very necessary and important attack, by the United States and Israel, on Iran. What most people understand is that they are only complaining BECAUSE I DID IT and, if I didn’t "
116162219712486900,2026-03-02T23:40:07.622000+00:00,2026-03-02,23,truth_social,cnn_truth_archive,theme:defense_geopolitics,defense_geopolitics,6,7,"DOUG SCHOEN: As a Democrat, I back Trump's Iran strike — my party is wrong: https://www.foxnews.com/opinion/doug-schoen-as-a-democrat-i-back-trumps-iran-strikemy-party-is-wrong"
116162644396687602,2026-03-03T01:28:00+00:00,2026-03-03,1,truth_social,truth_social_dataset,sector_keywords|entity_mention,,6,7,"America’s Elections are Rigged, Stolen, and a Laughingstock all over the World. We are either going to fix them, or we won’t have a Country any longer. I am asking all Republicans to fight for the following:
SAVE AMERICA ACT!
1. ALL VOTERS MUST SHOW VOTER I.D. (IDENTIFICATION!).
"
116163464520215003,2026-03-03T04:56:41.919000+00:00,2026-03-03,4,truth_social,cnn_truth_archive,sector_keywords|entity_mention,,6,7,"The United States Munitions Stockpiles have, at the medium and upper medium grade, never been higher or better - As was stated to me today, we have a virtually unlimited supply of these weapons. Wars can be fought ""forever,"" and very successfully, using just these supplies (which"
116164778986524540,2026-03-03T10:30:00+00:00,2026-03-03,10,truth_social,truth_social_dataset,sector_keywords|entity_mention|theme:tariffs_trade|theme:china,tariffs_trade/china,19,20,Tariff Victory: U.S.-China Trade Deficit Plummets in Trump’s First Year: https://www.breitbart.com/politics/2026/03/02/tariff-victory-us-china-trade-deficit-plummets/
116165200090740839,2026-03-03T12:18:04.584000+00:00,2026-03-03,12,truth_social,cnn_truth_archive,theme:defense_geopolitics,defense_geopolitics,6,7,NATO Secretary General Mark Rutte praises 'Operation Epic Fury' strikes on Iran: https://www.foxnews.com/video/6390268301112
116165282347349425,2026-03-03T12:38:00+00:00,2026-03-03,12,truth_social,truth_social_dataset,sector_keywords|entity_mention|theme:defense_geopolitics,defense_geopolitics,6,7,"Their air defense, Air Force, Navy, and Leadership is gone. They want to talk. I said “Too Late!”
https://www.washingtonpost.com/opinions/2026/03/03/iran-strike-venezuela-military-trump-doctrine/?pwapi_token=eyJ0eXAiOiJKV1QiLCJhbGciOiJIUzI1NiJ9"
116165373479209735,2026-03-03T13:02:00+00:00,2026-03-03,13,truth_social,truth_social_dataset,sector_keywords|entity_mention|theme:defense_geopolitics|theme:stock_market_macro,defense_geopolitics/stock_market_macro,13,14,"Have unlimited mid to upper tier Weaponry - Brutal “stuff.” Wall Street Journal story was wrong, and a disgrace. President DJT
https://www.washingtonpost.com/opinions/2026/03/03/iran-strike-venezuela-military-trump-doctrine/?pwapi_token=eyJ0eXAiOiJKV1QiLCJhbGciOiJIUzI1NiJ9"
116166926920657651,2026-03-03T19:37:00+00:00,2026-03-03,19,truth_social,truth_social_dataset,sector_keywords,,12,13,"Effective IMMEDIATELY, I have ordered the United States Development Finance Corporation (DFC) to provide, at a very reasonable price, political risk insurance and guarantees for the Financial Security of ALL Maritime Trade, especially Energy, traveling through the Gulf. This will"
116167496865556148,2026-03-03T22:02:00+00:00,2026-03-03,22,truth_social,truth_social_dataset,sector_keywords|entity_mention|theme:china,china,19,20,"The Genius Act is being threatened and undermined by the Banks, and that is unacceptable — We are not going to allow it. The U.S. needs to get Market Structure done, ASAP. Americans should earn more money on their money. The Banks are hitting record profits, and we are not going "
116167506001380470,2026-03-03T22:04:00+00:00,2026-03-03,22,truth_social,truth_social_dataset,sector_keywords|theme:agriculture|theme:defense_geopolitics,agriculture/defense_geopolitics,12,13,"It is my Great Honor to endorse Aaron Flint, who is running to represent the tremendous people of Montana’s 1st Congressional District. Aaron is a MAGA Warrior, who is strongly supported by many of the Greatest America First Patriots in Montana, including Senator Tim Sheehy, Cong"
116167706503631003,2026-03-03T22:55:29.411000+00:00,2026-03-03,22,truth_social,cnn_truth_archive,entity_mention,,1,2,"Zohran has come a long way embracing, of course, the Declaration of Independence while at The Oval Office — Big progress! President DJT"
116171232642021554,2026-03-04T13:52:14.012000+00:00,2026-03-04,13,truth_social,cnn_truth_archive,sector_keywords|entity_mention,,6,7,Bill Pulte Highlights How Falling Mortgage Rates Are Restoring Buyer Confidence: https://justthenews.com/videos/bill-pulte-highlights-how-falling-mortgage-rates-are-restoring-buyer-confidence
116172714486213504,2026-03-04T20:09:05.158000+00:00,2026-03-04,20,truth_social,cnn_truth_archive,sector_keywords|entity_mention,,6,7,"Delcy Rodríguez, who is the President of Venezuela, is doing a great job, and working with U.S. Representatives very well. The Oil is beginning to flow, and the professionalism and dedication between both Countries is a very nice thing to see! President DONALD J. TRUMP"
116173854754088612,2026-03-05T00:59:00+00:00,2026-03-05,0,truth_social,truth_social_dataset,sector_keywords|theme:agriculture,agriculture,12,13,"Steve Daines, of Montana, is one of our truly Great United States Senators. He honorably served for 12 years in the Senate, and 2 in the House of Representatives. He did a job like few others are capable of doing but, sadly for our Country, Steve’s Term is up, and he has decided "
116174757064824630,2026-03-05T04:48:32.436000+00:00,2026-03-05,4,truth_social,cnn_truth_archive,theme:defense_geopolitics,defense_geopolitics,6,7,NATO Chief Rutte to Newsmax: Trump's Iran Mission Has Broad Allied Support: https://www.newsmax.com/newsmax-tv/nato-chief-rutte-to-newsmax-trumps-iran-mission-has-broad-allied-support/2026/03/04/id/1248354/
116174758696408802,2026-03-05T04:48:57.333000+00:00,2026-03-05,4,truth_social,cnn_truth_archive,entity_mention|theme:defense_geopolitics,defense_geopolitics,7,8,RT: https://truthsocial.com/users/realDonaldTrump/statuses/116174757064824630Thank you to our great NATO Secretary General! President DJT
116177065488835367,2026-03-05T14:35:36.191000+00:00,2026-03-05,14,truth_social,cnn_truth_archive,theme:defense_geopolitics,defense_geopolitics,6,7,Melania Trump makes history presiding over UN Security Council — remarking on Iran war deaths: https://nypost.com/2026/03/02/us-news/melania-trump-makes-history-presiding-over-un-security-council-acknowledges-challenging-times/
116177318025647566,2026-03-05T15:39:00+00:00,2026-03-05,15,truth_social,truth_social_dataset,sector_keywords|entity_mention,,6,7,"THE SAVE AMERICA ACT!
1. ALL VOTERS MUST SHOW VOTER I.D. (IDENTIFICATION!).
2. ALL VOTERS MUST SHOW PROOF OF CITIZENSHIP IN ORDER TO VOTE.
3. NO MAIL-IN BALLOTS (EXCEPT FOR ILLNESS, DISABILITY, MILITARY, OR TRAVEL!).
4. NO MEN IN WOMEN’S SPORTS.
5. NO TRANSGENDER MUTILATION SURGE"
116177616682804114,2026-03-05T16:55:00+00:00,2026-03-05,16,truth_social,truth_social_dataset,sector_keywords|entity_mention,,1,2,"‘The Golden Era’: Trump touts $18T investment, steel revival in North Georgia: https://www.fox5atlanta.com/news/president-donald-trump-rome-economy-elections-mtg"
116177630658470650,2026-03-05T16:59:19.996000+00:00,2026-03-05,16,truth_social,cnn_truth_archive,sector_keywords|entity_mention,,6,7,Mortgage rates fall to lowest level since 2022: https://www.foxbusiness.com/economy/mortgage-rates-february-19-2026
116177646053391538,2026-03-05T17:03:14.906000+00:00,2026-03-05,17,truth_social,cnn_truth_archive,sector_keywords|entity_mention,,6,7,EXCLUSIVE: Trump Removes Barriers to Building Infrastructure in States: https://amac.us/newsline/politics/exclusive-trump-removes-barriers-to-building-infrastructure-in-states/
116178624373752275,2026-03-05T21:12:00+00:00,2026-03-05,21,truth_social,truth_social_dataset,sector_keywords|entity_mention,,6,7,"THE SAVE AMERICA ACT!
1. ALL VOTERS MUST SHOW VOTER I.D. (IDENTIFICATION!).
2. ALL VOTERS MUST SHOW PROOF OF CITIZENSHIP IN ORDER TO VOTE.
3. NO MAIL-IN BALLOTS (EXCEPT FOR ILLNESS, DISABILITY, MILITARY, OR TRAVEL!).
4. NO MEN IN WOMEN’S SPORTS.
5. NO TRANSGENDER MUTILATION SURGE"
116182551337254643,2026-03-06T13:50:00+00:00,2026-03-06,13,truth_social,truth_social_dataset,theme:defense_geopolitics,defense_geopolitics,6,7,"There will be no deal with Iran except UNCONDITIONAL SURRENDER! After that, and the selection of a GREAT & ACCEPTABLE Leader(s), we, and many of our wonderful and very brave allies and partners, will work tirelessly to bring Iran back from the brink of destruction, making it econ"
116182787199648959,2026-03-06T14:50:00+00:00,2026-03-06,14,truth_social,truth_social_dataset,entity_mention,,1,2,Trump slams Bill Maher in Truth Social post as ‘extremely nervous’ with ‘ZERO confidence in himself’: https://nypost.com/2026/02/14/us-news/trump-slams-bill-maher-in-truth-social-post-as-extremely-nervous-zero-confidence-in-himself/
116182788802634681,2026-03-06T14:51:00+00:00,2026-03-06,14,truth_social,truth_social_dataset,theme:china,china,13,14,Trump Rages at Bill Maher: ‘No Different Than Kimmel or Colbert’: https://latenighter.com/news/donald-trump-bill-maher-china-end-canada-hockey-post/
116183059398944254,2026-03-06T15:59:00+00:00,2026-03-06,15,truth_social,truth_social_dataset,theme:stock_market_macro|theme:fed_rates,stock_market_macro/fed_rates,6,7,"Stephen Moore: “New Unleash Prosperity study: 401(k) balance under Trump saw an inflation-adjusted gain of $20,700 (15.1%) for American workers
By contrast, during the four years of the Biden administration, the average 401(k) saw a crushing $24,800 real loss (-15.3%).
Aggregate "
116183067945192625,2026-03-06T16:02:00+00:00,2026-03-06,16,truth_social,truth_social_dataset,sector_keywords|theme:tariffs_trade,tariffs_trade,19,20,Georgia Full-Line Steel Service Center President Says Trump’s Tariffs Saved Business: https://www.breitbart.com/politics/2026/02/20/georgia-full-line-steel-service-center-president-says-trumps-tariffs-saved-business/
116183073116586511,2026-03-06T16:03:25.356000+00:00,2026-03-06,16,truth_social,cnn_truth_archive,theme:tariffs_trade,tariffs_trade,19,20,U.S. Trade Deficit Nearly Cut in Half Since Liberation Day: https://www.breitbart.com/economy/2026/02/19/u-s-trade-deficit-nearly-cut-in-half-since-liberation-day/
116184185735585906,2026-03-06T20:46:00+00:00,2026-03-06,20,truth_social,truth_social_dataset,sector_keywords|entity_mention|theme:defense_geopolitics|theme:manufacturing_reshoring,defense_geopolitics/manufacturing_reshoring,11,12,"We just concluded a very good meeting with the largest U.S. Defense Manufacturing Companies where we discussed Production and Production Schedules. They have agreed to quadruple Production of the “Exquisite Class” Weaponry in that we want to reach, as rapidly as possible, the hig"
116185324473510188,2026-03-07T01:35:58.296000+00:00,2026-03-07,1,truth_social,cnn_truth_archive,sector_keywords|entity_mention,,6,7,"I will be going to Dover Air Force Base tomorrow, with the First Lady and Members of my Cabinet, to pay our Highest Respect to our Great Warriors, who are returning home for the last time. GOD BLESS THEM ALL! President DONALD J. TRUMP"
116185492043628345,2026-03-07T02:18:35.214000+00:00,2026-03-07,2,truth_social,cnn_truth_archive,theme:defense_geopolitics,defense_geopolitics,6,7,GREGG JARRETT: Democrat war powers vote was an unconstitutional way to halt Iran strikes: https://www.foxnews.com/opinion/gregg-jarrett-democrat-war-powers-vote-unconstitutional-way-halt-iran-strikes
116187586876366061,2026-03-07T11:11:00+00:00,2026-03-07,11,truth_social,truth_social_dataset,theme:defense_geopolitics,defense_geopolitics,6,7,"Iran, which is being beat to HELL, has apologized and surrendered to its Middle East neighbors, and promised that it will not shoot at them anymore. This promise was only made because of the relentless U.S. and Israeli attack. They were looking to take over and rule the Middle Ea"
116188629042450259,2026-03-07T15:36:00+00:00,2026-03-07,15,truth_social,truth_social_dataset,entity_mention,,1,2,"The United States Senate should focus on, exclusively if necessary, THE SAVE AMERICA ACT!!! It’s what everyone wants!!! President DJT"
116189925042301817,2026-03-07T21:05:00+00:00,2026-03-07,21,truth_social,truth_social_dataset,sector_keywords|entity_mention,,6,7,"The United Kingdom, our once Great Ally, maybe the Greatest of them all, is finally giving serious thought to sending two aircraft carriers to the Middle East. That’s OK, Prime Minister Starmer, we don’t need them any longer — But we will remember. We don’t need people that join "
116191960216926971,2026-03-08T05:43:31.705000+00:00,2026-03-08,5,truth_social,cnn_truth_archive,entity_mention,,1,2,Rich Goldberg was GREAT on Mark Levin tonight. Two guys who really get it! Thank you both. President DJT
116193527873859174,2026-03-08T12:22:00+00:00,2026-03-08,12,truth_social,truth_social_dataset,sector_keywords|entity_mention,,6,7,"Great Job by hard working Scott Pressler on Fox & Friends talking about using the Filibuster, or Talking Filibuster, in order to pass THE SAVE AMERICA ACT, an 88% issue with ALL VOTERS. It must be done immediately. It supersedes everything else. MUST GO TO THE FRONT OF THE LINE. "
116196014942465383,2026-03-08T22:54:41.907000+00:00,2026-03-08,22,truth_social,cnn_truth_archive,sector_keywords|entity_mention|theme:oil_energy_geopolitics|theme:defense_geopolitics,oil_energy_geopolitics/defense_geopolitics,13,14,"Short term oil prices, which will drop rapidly when the destruction of the Iran nuclear threat is over, is a very small price to pay for U.S.A., and World, Safety and Peace. ONLY FOOLS WOULD THINK DIFFERENTLY!President DJT"
116196711651701576,2026-03-09T01:51:00+00:00,2026-03-09,1,truth_social,truth_social_dataset,entity_mention,,1,2,"It’s not the Save Act, it’s The Save America Act! A MUCH better, and more important, name!!! President DJT"
116199640636892669,2026-03-09T14:16:00+00:00,2026-03-09,14,truth_social,truth_social_dataset,theme:defense_geopolitics,defense_geopolitics,6,7,"Australia is making a terrible humanitarian mistake by allowing the Iran National Woman’s Soccer team to be forced back to Iran, where they will most likely be killed. Don’t do it, Mr. Prime Minister, give ASYLUM. The U.S. will take them if you won’t. Thank you for your attention"
116202053313332968,2026-03-10T00:30:00+00:00,2026-03-10,0,truth_social,truth_social_dataset,theme:defense_geopolitics,defense_geopolitics,6,7,52% of US Likely Voters support Trump’s decision to strike Iran: Poll: https://justthenews.com/politics-policy/polling/52-us-likely-voters-support-trumps-decision-strike-iran-poll
116202054617775180,2026-03-10T00:30:40.041000+00:00,2026-03-10,0,truth_social,cnn_truth_archive,sector_keywords|entity_mention|theme:defense_geopolitics|theme:china,defense_geopolitics/china,23,24,"If Iran does anything that stops the flow of Oil within the Strait of Hormuz, they will be hit by the United States of America TWENTY TIMES HARDER than they have been hit thus far. Additionally, we will take out easily destroyable targets that will make it virtually impossible fo"
116206575952434485,2026-03-10T19:40:30.169000+00:00,2026-03-10,19,truth_social,cnn_truth_archive,sector_keywords|entity_mention|theme:defense_geopolitics,defense_geopolitics,6,7,"If Iran has put out any mines in the Hormuz Strait, and we have no reports of them doing so, we want them removed, IMMEDIATELY! If for any reason mines were placed, and they are not removed forthwith, the Military consequences to Iran will be at a level never seen before. If, on "
116206683370194686,2026-03-10T20:07:49.233000+00:00,2026-03-10,20,truth_social,cnn_truth_archive,sector_keywords|theme:defense_geopolitics,defense_geopolitics,12,13,"If Iran has put out any mines in the Hormuz Strait, and we have no reports of them doing so, we want them removed, IMMEDIATELY! If for any reason mines were placed, and they are not removed forthwith, the Military consequences to Iran will be at a level never seen before. If, on "
116206958726200848,2026-03-10T21:17:50.795000+00:00,2026-03-10,21,truth_social,cnn_truth_archive,sector_keywords|entity_mention,,6,7,"America is returning to REAL ENERGY DOMINANCE! Today I am proud to announce that America First Refining is opening the FIRST new U.S. Oil Refinery in 50 YEARS in Brownsville, Texas. THIS IS A HISTORIC $300 BILLION DOLLAR DEAL — THE BIGGEST IN U.S. HISTORY, A MASSIVE WIN for Ameri"
116208344727934829,2026-03-11T03:10:19.503000+00:00,2026-03-11,3,truth_social,cnn_truth_archive,entity_mention,,1,2,THE SAVE AMERICA ACT is by far the most popular Bill of its kind ever put before Congress! President DJT
116208498011933842,2026-03-11T03:49:00+00:00,2026-03-11,3,truth_social,truth_social_dataset,entity_mention,,1,2,"Congratulations to Clay Fuller, of Georgia’s 14th Congressional District, on getting such a high percentage of the vote with 12 Republicans running. We want to make the next vote “TOO BIG TO RIG.” Clay will be a GREAT Congressman — HE WILL NEVER LET YOU DOWN! President DJT"
116210278812822198,2026-03-11T11:22:11.300000+00:00,2026-03-11,11,truth_social,cnn_truth_archive,entity_mention,,1,2,Clay Fuller is going to be a fantastic Congressman in representing the Great State of Georgia. Now we have to be careful and finish it off. MAKE AMERICA GREAT AGAIN!!! President DJT
116210369394250268,2026-03-11T11:45:00+00:00,2026-03-11,11,truth_social,truth_social_dataset,entity_mention,,1,2,"I predict that “Representative”Thomas Massie will go down as the WORST Republican Congressman in the long and fabled history of the United States Congress, even worse than Crazy Liz Chaney, Cryin’ Adam Kinzinger, and Marjorie “Traitor” Brown (Remember, Green turns to Brown under "
116211737655789420,2026-03-11T17:33:00+00:00,2026-03-11,17,truth_social,truth_social_dataset,sector_keywords|entity_mention,,6,7,"The Republican Party’s Worst “Congressman,” EVER, Thomas Massie, is attacking GREAT Navy Seal Hero, Ed Gallrein, who is running against him in the Primary, saying that Ed became an Independent for a period of time, long ago. The fact is, many people do that, but Ed still supporte"
116211753106602288,2026-03-11T17:37:00+00:00,2026-03-11,17,truth_social,truth_social_dataset,sector_keywords|theme:pharma_healthcare|theme:manufacturing_reshoring|theme:tariffs_trade,pharma_healthcare/manufacturing_reshoring/tariffs_trade,25,26,"I am on my way to the Great State of Ohio, which I love and WON BIG three times, to visit Thermo Fisher, a Pharmaceutical Manufacturing Company, that is investing $2 Billion Dollars in U.S. Manufacturing, and bringing GREAT paying jobs back to Ohio from overseas. Thermo Fisher is"
116213110990414470,2026-03-11T23:22:00+00:00,2026-03-11,23,truth_social,truth_social_dataset,sector_keywords,,12,13,"Today I am endorsing America First Patriot, Brandon Herrera, who is running to represent the wonderful people of Texas’ 23rd Congressional District.
Brandon is strongly supported by many Highly Respected MAGA Warriors in Texas, and Republicans in the U.S. House. As your next Cong"
116213139152922657,2026-03-11T23:29:00+00:00,2026-03-11,23,truth_social,truth_social_dataset,sector_keywords|theme:taxes,taxes,12,13,"It is my Great Honor to endorse Colonel Laurie Buckhout, who is running to represent the incredible people of North Carolina’s 1st Congressional District.
Laurie is running against a Radical Left Democrat named Don Davis, who tried to raise Taxes by over $4 Trillion Dollars, and "
116213141577677778,2026-03-11T23:30:13.621000+00:00,2026-03-11,23,truth_social,cnn_truth_archive,sector_keywords|theme:agriculture,agriculture,12,13,"Marty Jackley has been a tremendous Attorney General of South Dakota, a place I love and WON BIG, six times, including Primaries, in 2016, 2020, and 2024! An America First Patriot, and true friend of MAGA, Marty is now running for Congress, where I know he will continue to do a f"
116213176186506012,2026-03-11T23:39:00+00:00,2026-03-11,23,truth_social,truth_social_dataset,entity_mention,,1,2,"Gavin Newscum’s interview weeks ago was, perhaps, the most self destructive interview I’ve ever seen. In one fell swoop, he took himself out of even being considered as the Presidential Nominee of the Crazy (as proven at the State of the Union Address) Democrats. He said, in a sp"
116216383667242591,2026-03-12T13:14:00+00:00,2026-03-12,13,truth_social,truth_social_dataset,sector_keywords|theme:defense_geopolitics|theme:oil_energy_geopolitics,defense_geopolitics/oil_energy_geopolitics,12,13,"The United States is the largest Oil Producer in the World, by far, so when oil prices go up, we make a lot of money. BUT, of far greater interest and importance to me, as President, is stoping an evil Empire, Iran, from having Nuclear Weapons, and destroying the Middle East and,"
116216801278101254,2026-03-12T15:00:00+00:00,2026-03-12,15,truth_social,truth_social_dataset,theme:defense_geopolitics,defense_geopolitics,6,7,"The Iran National Soccer Team is welcome to The World Cup, but I really don’t believe it is appropriate that they be there, for their own life and safety. Thank you for your attention to this matter! President DONALD J. TRUMP"
116217763545289031,2026-03-12T19:05:00+00:00,2026-03-12,19,truth_social,truth_social_dataset,sector_keywords|entity_mention|theme:fed_rates,fed_rates,6,7,"Where is the Federal Reserve Chairman, Jerome “Too Late” Powell, today? He should be dropping Interest Rates, IMMEDIATELY, not waiting for the next meeting! President DONALD J. TRUMP"
116219148622456831,2026-03-13T00:57:53.919000+00:00,2026-03-13,0,truth_social,cnn_truth_archive,sector_keywords|entity_mention,,6,7,"At Military Academy with my parents, Fred and Mary!"
116219981665423629,2026-03-13T04:29:00+00:00,2026-03-13,4,truth_social,truth_social_dataset,sector_keywords|entity_mention|theme:defense_geopolitics,defense_geopolitics,6,7,"We are totally destroying the terrorist regime of Iran, militarily economically, and otherwise, yet, if you read the Failing New York Times, you would incorrectly think that we are not winning. Iran’s Navy is gone, their Air Force is no longer, missiles, drones and everything els"
116219996530067941,2026-03-13T04:33:00+00:00,2026-03-13,4,truth_social,truth_social_dataset,sector_keywords|entity_mention|theme:defense_geopolitics,defense_geopolitics,6,7,"We are totally destroying the terrorist regime of Iran, militarily, economically, and otherwise, yet, if you read the Failing New York Times, you would incorrectly think that we are not winning. Iran’s Navy is gone, their Air Force is no longer, missiles, drones and everything el"
116222199294615751,2026-03-13T13:53:00+00:00,2026-03-13,13,truth_social,truth_social_dataset,sector_keywords|entity_mention|theme:defense_geopolitics,defense_geopolitics,6,7,Retired Army general: Iran regime ‘fundamentally miscalculated’ Trump: https://thehill.com/policy/defense/5777128-jack-keane-iran-regime-trump-administration/
116223767250350057,2026-03-13T20:32:00+00:00,2026-03-13,20,truth_social,truth_social_dataset,entity_mention,,1,2,"Maggot Hagerman, just another SLEAZEBAG writer for The Failing New York Times, insists on writing false stories about me, even though she fully knows and understands that the exact opposite of anything she says is usually the truth. In any event, I’m thinking of adding Maggot, an"
116224179318558161,2026-03-13T22:17:16.181000+00:00,2026-03-13,22,truth_social,cnn_truth_archive,entity_mention,,1,2,"After meeting with Governor Gretchen Whitmer, and hearing from our GREAT Republican Candidate for the United States Senate, Mike Rogers, I approved $100 Million Dollars in Public Assistance to support recovery from the Major Ice Storm that hit Michigan last year. Michigan is a St"
116224183027304989,2026-03-13T22:18:00+00:00,2026-03-13,22,truth_social,truth_social_dataset,sector_keywords|entity_mention,,6,7,"It is my Great Honor to endorse America First Patriot, Jon Maples, who is running to represent the wonderful people of Florida’s 87th State House District.
Jon is a very successful Businessman and Civic Leader, who is known and loved, and also endorsed by so many of my Palm Beach"
116224324444349237,2026-03-13T22:54:10.624000+00:00,2026-03-13,22,truth_social,cnn_truth_archive,sector_keywords|theme:defense_geopolitics,defense_geopolitics,8,9,"Moments ago, at my direction, the United States Central Command executed one of the most powerful bombing raids in the History of the Middle East, and totally obliterated every MILITARY target in Iran's crown jewel, Kharg Island. Our Weapons are the most powerful and sophisticate"
116224629259359835,2026-03-14T00:11:41.732000+00:00,2026-03-14,0,truth_social,cnn_truth_archive,theme:agriculture,agriculture,0,1,"Trump honors Virginia mom, farmer at White House Women's History Month event: https://wjla.com/news/local/president-donald-trump-honors-virginia-mom-farmer-white-house-womens-history-month-event-first-agriculture-working-mothers-contributions-lady-melania-trump-brooke-farms-llc-m"
116224634088762061,2026-03-14T00:12:55.424000+00:00,2026-03-14,0,truth_social,cnn_truth_archive,sector_keywords|theme:agriculture,agriculture,12,13,"Kevin Hern, from the Wonderful State of Oklahoma (where I won all 77 out of 77 Counties, in 2016, 2020, and 2024!), is a Great Patriot, and FANTASTIC Congressman! A true friend of MAGA, Kevin is now running for the United States Senate, where I know he will continue to do an incr"
116225502010036899,2026-03-14T03:53:38.890000+00:00,2026-03-14,3,truth_social,cnn_truth_archive,sector_keywords|entity_mention|theme:defense_geopolitics,defense_geopolitics,7,8,"The Fake News Media hates to report how well the United States Military has done against Iran, which is totally defeated and wants a deal - But not a deal that I would accept! Thank you for your attention to this matter. President DJT"
116227449614232103,2026-03-14T12:08:00+00:00,2026-03-14,12,truth_social,truth_social_dataset,entity_mention,,1,2,"Thank you to Johnny Jones and all of our GREAT TSA Agents who are going to work but not being paid because the Radical Left Democrats refuse to honor the deal that was approved and voted on in Congress. They want your money to go to “Border Criminals, Murderers, foreign Drug Deal"
116227789768118115,2026-03-14T13:35:00+00:00,2026-03-14,13,truth_social,truth_social_dataset,sector_keywords|entity_mention|theme:oil_energy_geopolitics|theme:stock_market_macro,oil_energy_geopolitics/stock_market_macro,12,13,"Yet again, an intentionally misleading headline by the Fake News Media about the five tanker planes that were supposedly struck down at an Airport in Saudi Arabia, and of no further use. In actuality, the Base was hit a few days ago, but the planes were not “struck” or “destroyed"
116227904143399817,2026-03-14T14:04:00+00:00,2026-03-14,14,truth_social,truth_social_dataset,sector_keywords|entity_mention|theme:defense_geopolitics|theme:china,defense_geopolitics/china,17,18,"Many Countries, especially those who are affected by Iran’s attempted closure of the Hormuz Strait, will be sending War Ships, in conjunction with the United States of America, to keep the Strait open and safe. We have already destroyed 100% of Iran’s Military capability, but it’"
116229058692001771,2026-03-14T18:58:09.511000+00:00,2026-03-14,18,truth_social,cnn_truth_archive,sector_keywords|entity_mention|theme:defense_geopolitics,defense_geopolitics,12,13,"The United States of America has beaten and completely decimated Iran, both Militarily, Economically, and in every other way, but the Countries of the World that receive Oil through the Hormuz Strait must take care of that passage, and we will help — A LOT! The U.S. will also coo"
116229166794959253,2026-03-14T19:25:39.030000+00:00,2026-03-14,19,truth_social,cnn_truth_archive,sector_keywords|entity_mention|theme:defense_geopolitics,defense_geopolitics,6,7,McLaughlin: Strong Majority Backs Trump in Stopping Iran's Nuclear Ambitions: https://www.newsmax.com/mclaughlin/cable-nuclear-weapons/2026/03/12/id/1249304/
116235861005528220,2026-03-15T23:48:00+00:00,2026-03-15,23,truth_social,truth_social_dataset,sector_keywords|theme:defense_geopolitics|theme:stock_market_macro,defense_geopolitics/stock_market_macro,12,13,"Iran has long been known as a Master of Media Manipulation and Public Relations. They are Militarily ineffective and weak, but are really good at “feeding” the very appreciative Fake News Media false information. Now, A.I. has become another Disinformation weapon that Iran uses, "
116236498017197393,2026-03-16T02:30:00+00:00,2026-03-16,2,truth_social,truth_social_dataset,sector_keywords|entity_mention|theme:defense_geopolitics,defense_geopolitics,6,7,"Mark Levin, a truly Great American Patriot, is somewhat under siege by other people with far less Intellect, Capability, and Love for our Country. Mark is Tough, Strong, and Brilliant, hence the nickname, “THE GREAT ONE,” conceived by our MAGA friend, the wonderful Sean Hannity, "
116236559151421767,2026-03-16T02:45:00+00:00,2026-03-16,2,truth_social,truth_social_dataset,sector_keywords|entity_mention|theme:tariffs_trade,tariffs_trade,19,20,"The decision that mattered most to me was TARIFFS! The Court knew where I stood, how badly I wanted this Victory for our Country, and instead decided to, potentially, give away Trillions of Dollars to Countries and Companies who have been taking advantage of the United States for"
116236561191626050,2026-03-16T02:46:08.637000+00:00,2026-03-16,2,truth_social,cnn_truth_archive,sector_keywords|theme:fed_rates|theme:tariffs_trade,fed_rates/tariffs_trade,25,26,"RT: https://truthsocial.com/users/realDonaldTrump/statuses/116236559151421767The Courts treat Republicans, and me, so unfairly, always seeming to protect those who should not be protected. They are highly politicized. Cases don't matter, the Judge does! As an example, how is this"
116238700372346046,2026-03-16T11:50:09.878000+00:00,2026-03-16,11,truth_social,cnn_truth_archive,entity_mention,,1,2,"Michael Whatley is so Great! Running against a really bad former Governor who set murderers free to kill again, and was grossly incompetent on the big hurricane cleanup. I had to get it done when I took office on January 20th, and I did! I hope the Great people of North Carolina "
116239040439932874,2026-03-16T13:16:38.898000+00:00,2026-03-16,13,truth_social,cnn_truth_archive,entity_mention,,1,2,"The crazed Democrats are not allowing TSA Agents to get paid. The deal was made a long time ago. They broke it in order to get money for Sanctuary Cities and illegal aliens, many of them hardened criminals. The Radical  Left Democrats are hopeless!!! President DJT"
116241553340894634,2026-03-16T23:55:00+00:00,2026-03-16,23,truth_social,truth_social_dataset,theme:china|theme:defense_geopolitics,china/defense_geopolitics,17,18,"NATO long warned of Russian, Chinese threats to Greenland, now rejects Trump’s ownership solution: https://justthenews.com/government/security/nato-long-warned-russian-and-chinese-threats-greenland-now-rejects-trumps"
116241961295404159,2026-03-17T01:39:00+00:00,2026-03-17,1,truth_social,truth_social_dataset,entity_mention,,1,2,"“Hang Out with Sean Hannity” is a GREAT New Podcast, Streaming Now!!! Sean is a fantastic guy, and has been right from my political beginnings! President DJT"
116243698779273101,2026-03-17T09:01:19.552000+00:00,2026-03-17,9,truth_social,cnn_truth_archive,theme:defense_geopolitics,defense_geopolitics,6,7,The US-Israeli strategy against Iran is working. Here is why: https://www.aljazeera.com/opinions/2026/3/16/the-us-israeli-strategy-against-iran-is-working-here-is-why
116245182325726375,2026-03-17T15:18:00+00:00,2026-03-17,15,truth_social,truth_social_dataset,sector_keywords|entity_mention|theme:defense_geopolitics,defense_geopolitics,6,7,"The United States has been informed by most of our NATO “Allies” that they don’t want to get involved with our Military Operation against the Terrorist Regime of Iran, in the Middle East, this, despite the fact that almost every Country strongly agreed with what we are doing, and"
116247928951810982,2026-03-18T02:57:06.825000+00:00,2026-03-18,2,truth_social,cnn_truth_archive,entity_mention,,1,2,STATEHOOD!!! President DJT
116249435067996399,2026-03-18T09:20:00+00:00,2026-03-18,9,truth_social,truth_social_dataset,sector_keywords|entity_mention,,6,7,Trump steamrolls over California’s anti-fossil fuel crusade to get oil flowing from offshore rigs: https://justthenews.com/politics-policy/energy/trump-steamrolls-over-californias-anti-fossil-fuel-crusade-get-oil-flowing
116249447962443816,2026-03-18T09:23:25.126000+00:00,2026-03-18,9,truth_social,cnn_truth_archive,entity_mention|theme:china,china,13,14,"Britain had meltdown when China hacked voter files, but U.S. intel kept it secret in America: https://justthenews.com/government/security/us-intel-has-known-2020-china-gained-access-us-voter-files-memos-show"
116249915914904632,2026-03-18T11:22:00+00:00,2026-03-18,11,truth_social,truth_social_dataset,entity_mention,,1,2,"I wonder what would happen if we “finished off” what’s left of the Iranian Terror State, and let the Countries that use it, we don’t, be responsible for the so called “Straight?” That would get some of our non-responsive “Allies” in gear, and fast!!! President DJT"
116250068528701090,2026-03-18T12:01:00+00:00,2026-03-18,12,truth_social,truth_social_dataset,theme:defense_geopolitics,defense_geopolitics,6,7,"Remember, for all of those absolute “fools” out there, Iran is considered, by everyone, to be the NUMBER ONE STATE SPONSOR OF TERROR. We are rapidly putting them out of business!"
116250115423447200,2026-03-18T12:13:00+00:00,2026-03-18,12,truth_social,truth_social_dataset,sector_keywords|entity_mention|theme:fed_rates,fed_rates,7,8,When is “Too Late” Powell lowering INTEREST RATES? President DJT
116250203405172359,2026-03-18T12:35:00+00:00,2026-03-18,12,truth_social,truth_social_dataset,entity_mention,,1,2,"I wonder what would happen if we “finished off” what’s left of the Iranian Terror State, and let the Countries that use it, we don’t, be responsible for the so called “Strait?” That would get some of our non-responsive “Allies” in gear, and fast!!! President DJT"
116253388303392718,2026-03-19T02:05:00+00:00,2026-03-19,2,truth_social,truth_social_dataset,theme:defense_geopolitics,defense_geopolitics,6,7,"Israel, out of anger for what has taken place in the Middle East, has violently lashed out at a major facility known as South Pars Gas Field in Iran. A relatively small section of the whole has been hit. The United States knew nothing about this particular attack, and the country"
116255809955960965,2026-03-19T12:21:21.405000+00:00,2026-03-19,12,truth_social,cnn_truth_archive,theme:defense_geopolitics,defense_geopolitics,6,7,"Media, lawmakers downplay threat from the Iran regime, but evidence shows the true scope of danger: https://justthenews.com/government/security/media-and-lawmakers-downplay-threat-iran-regime-public-evidence-shows-true"
116256215639879243,2026-03-19T14:04:00+00:00,2026-03-19,14,truth_social,truth_social_dataset,theme:defense_geopolitics,defense_geopolitics,6,7,MORNING GLORY: Why Trump must finish what he started with Iran’s regime: https://www.foxnews.com/opinion/morning-glory-why-trump-must-finish-what-he-started-irans-regime
116256218451397252,2026-03-19T14:05:14.550000+00:00,2026-03-19,14,truth_social,cnn_truth_archive,theme:defense_geopolitics,defense_geopolitics,6,7,The Left Is Petrified That Trump Will Succeed in Iran and Expose Them As Mind-Twisted Frauds: https://townhall.com/columnists/douglasmackinnon/2026/03/02/the-left-is-petrified-that-trump-will-succeed-in-iran-and-expose-them-as-mind-twisted-frauds-n2672119
116257826369374629,2026-03-19T20:54:09.435000+00:00,2026-03-19,20,truth_social,cnn_truth_archive,entity_mention,,1,2,You Should Be Terrified by What JPMorgan Did to Trump: https://townhall.com/columnists/douglasmackinnon/2026/02/23/you-should-be-terrorized-by-what-jp-morgan-did-to-trump-n2671705
116257827130389641,2026-03-19T20:54:21.047000+00:00,2026-03-19,20,truth_social,cnn_truth_archive,sector_keywords|entity_mention|theme:manufacturing_reshoring|theme:tariffs_trade,manufacturing_reshoring/tariffs_trade,19,20,GAVIN M. WAX: Trump Quietly Set Up Future Of American Manufacturing With Stroke Of A Pen: https://dailycaller.com/2026/02/22/gavin-wax-donald-trump-supreme-court-tariffs-american-manufacturing-climate-rules/
116261712648536578,2026-03-20T13:22:29.346000+00:00,2026-03-20,13,truth_social,cnn_truth_archive,entity_mention,,1,2,"CONGRESS, PASS THE FARM BILL, NOW! President DJT"
116261732231179804,2026-03-20T13:27:28.154000+00:00,2026-03-20,13,truth_social,cnn_truth_archive,entity_mention,,1,2,"THE SAVE AMERICA ACT MUST BE PASSED BY THE SENATE. THERE IS NOTHING THAT IS MORE IMPORTANT FOR THE U.S.A. Voter I.D., Proof of Citizenship, etc. Get it done and watch all of the good things that will happen!!! President DJT"
116261796648776538,2026-03-20T13:43:00+00:00,2026-03-20,13,truth_social,truth_social_dataset,sector_keywords|theme:oil_energy_geopolitics|theme:defense_geopolitics,oil_energy_geopolitics/defense_geopolitics,12,13,"Without the U.S.A., NATO IS A PAPER TIGER! They didn’t want to join the fight to stop a Nuclear Powered Iran. Now that fight is Militarily WON, with very little danger for them, they complain about the high oil prices they are forced to pay, but don’t want to help open the Strait"
116261847910261480,2026-03-20T13:56:00+00:00,2026-03-20,13,truth_social,truth_social_dataset,sector_keywords|entity_mention|theme:fed_rates,fed_rates,19,20,"I met with Hope Scheppelman and her husband Steven, of the Radical Left State of Colorado, to discuss various opportunities to serve our Country in a different capacity than her current run for the United States Congress. Hope and Steven are wonderful and patriotic Veterans of ou"
116263563453969628,2026-03-20T21:13:00+00:00,2026-03-20,21,truth_social,truth_social_dataset,sector_keywords|theme:defense_geopolitics|theme:oil_energy_geopolitics,defense_geopolitics/oil_energy_geopolitics,12,13,"We are getting very close to meeting our objectives as we consider winding down our great Military efforts in the Middle East with respect to the Terrorist Regime of Iran: (1) Completely degrading Iranian Missile Capability, Launchers, and everything else pertaining to them. (2) "
116263751750331124,2026-03-20T22:01:03.569000+00:00,2026-03-20,22,truth_social,cnn_truth_archive,entity_mention,,1,2,"The Great State of Colorado, and a pathetic RINO District Attorney, together with the Radical Left Governor, gave a wonderful woman named Tina Peters, a 73-year-old Gold Star Mom, who has cancer, nine years in prison because, as a Republican Voting Official, she went after the De"
116268200625887787,2026-03-21T16:52:28.021000+00:00,2026-03-21,16,truth_social,cnn_truth_archive,sector_keywords|theme:agriculture,agriculture,12,13,"Highly Respected America First Congresswoman, Julia Letlow, of the wonderful State of Louisiana, is a Great Star, has been from the very beginning, and only gets better! Julia is running for the United States Senate in Louisiana, a place I love and WON BIG, six times, including P"
116269555618597105,2026-03-21T22:37:00+00:00,2026-03-21,22,truth_social,truth_social_dataset,sector_keywords|entity_mention|theme:defense_geopolitics,defense_geopolitics,7,8,"The United States has blown Iran off of the map, and yet their lightweight analyst, David Sanger, says that I haven’t met my own goals. Yes I have, and weeks ahead of schedule! Their leadership is gone, their navy and air force are dead, they have absolutely no defense, and they "
116269822349947644,2026-03-21T23:44:00+00:00,2026-03-21,23,truth_social,truth_social_dataset,theme:defense_geopolitics,defense_geopolitics,6,7,"If Iran doesn’t FULLY OPEN, WITHOUT THREAT, the Strait of Hormuz, within 48 HOURS from this exact point in time, the United States of America will hit and obliterate their various POWER PLANTS, STARTING WITH THE BIGGEST ONE FIRST! Thank you for your attention to this matter. Pres"
116270371600659894,2026-03-22T02:04:34.472000+00:00,2026-03-22,2,truth_social,cnn_truth_archive,entity_mention,,1,2,"Tina Peters, a 73-year-old woman with cancer, was given a nine year jail sentence in Colorado because she caught the Democrats CHEATING on the Presidential Election of 2020. FREE TINA! President DJT"
116272713025328785,2026-03-22T12:00:01.776000+00:00,2026-03-22,12,truth_social,cnn_truth_archive,entity_mention,,1,2,"On Monday, ICE will be going to airports to help our wonderful TSA Agents who have stayed on the job despite the fact that the Radical Left Democrats, who are only focused on protecting hard line criminals who have entered our Country illegally, are endangering the USA by holding"
116272810363139207,2026-03-22T12:24:47.033000+00:00,2026-03-22,12,truth_social,cnn_truth_archive,entity_mention|theme:defense_geopolitics,defense_geopolitics,7,8,"Now with the death of Iran, the greatest enemy America has is the Radical Left, Highly Incompetent, Democrat Party! Thank you for your attention to this matter. President DJT"
116273344803042793,2026-03-22T14:40:00+00:00,2026-03-22,14,truth_social,truth_social_dataset,entity_mention,,1,2,"Schumer got “discombobulated” in the Senate yesterday, and said, “WE MUST FUND ICE,” prior to correcting himself. Thank you Chuck, I agree! President DJT"
116275668825285445,2026-03-23T00:31:00+00:00,2026-03-23,0,truth_social,truth_social_dataset,entity_mention,,1,2,"I don’t think we should make any deal with the Crazy, Country Destroying, Radical Left Democrats unless, and until, they Vote with Republicans to pass “THE SAVE AMERICA ACT.” It is far more important than anything else we are doing in the Senate, and that includes giving these sa"
116278159912794855,2026-03-23T11:05:00+00:00,2026-03-23,11,truth_social,truth_social_dataset,sector_keywords|theme:defense_geopolitics,defense_geopolitics,16,17,"I AM PLEASE TO REPORT THAT THE UNITED STATES OF AMERICA, AND THE COUNTRY OF IRAN, HAVE HAD, OVER THE LAST TWO DAYS, VERY GOOD AND PRODUCTIVE CONVERSATIONS REGARDING A COMPLETE AND TOTAL RESOLUTION OF OUR HOSTILITIES IN THE MIDDLE EAST. BASED ON THE TENOR AND TONE OF THESE IN DEPT"
116278600245530358,2026-03-23T12:57:13.665000+00:00,2026-03-23,12,truth_social,cnn_truth_archive,entity_mention,,1,2,"I am a BIG proponent of ICE wearing masks as they search for, and are forced to deal with, hardened criminals, many of whom were let into our Country by Sleepy Joe Biden and his wonderful ""Border Czar,"" Kamala (she never even went to the Border!), through their absolutely INSANE "
116281041925886913,2026-03-23T23:18:00+00:00,2026-03-23,23,truth_social,truth_social_dataset,sector_keywords|entity_mention,,6,7,"There is a very important Special Election tomorrow, Tuesday, March 24th, for Florida State House District 87 in beautiful Palm Beach County — JON MAPLES HAS MY COMPLETE AND TOTAL ENDORSEMENT!
Jon is a very successful Businessman and Civic Leader, who is known and loved, and also"
116285820638971415,2026-03-24T19:33:00+00:00,2026-03-24,19,truth_social,truth_social_dataset,sector_keywords,,12,13,"Word is that Sydney Gruters, the wife of our GREAT Chairman of the Republican National Committee, Joe Gruters, is considering launching her Campaign for Congress in Florida's 16th Congressional District!
A Highly Successful Civic Leader and Public Servant, Sydney has dedicated he"
116285833366800856,2026-03-24T19:36:00+00:00,2026-03-24,19,truth_social,truth_social_dataset,sector_keywords,,12,13,"State Senator Liz Brown is a MAGA Warrior who is doing an incredible job representing Indiana’s 15th State Senate District!
A successful Attorney, and Fort Wayne City Council Member, prior to becoming a Highly Respected State Senator, Liz has dedicated her life to serving her Com"
116285831257066510,2026-03-24T19:36:00+00:00,2026-03-24,19,truth_social,truth_social_dataset,sector_keywords,,12,13,"State Senator Tyler Johnson is an America First Patriot who is doing a fantastic job representing Indiana’s 14th State Senate District!
A Proven Leader, Tyler serves his Community as a Highly Respected Emergency Room Physician, in addition to being a highly effective State Senato"
116285837978693829,2026-03-24T19:37:00+00:00,2026-03-24,19,truth_social,truth_social_dataset,sector_keywords|theme:jobs_economy,jobs_economy,12,13,"State Senator Mike Gaskill is a MAGA Warrior who is doing a tremendous job representing Indiana’s 25th State Senate District!
A Highly Successful Businessman, Mike knows the AMERICA FIRST Policies necessary to Create GREAT Jobs, Promote MADE IN THE U.S.A., Unleash Innovation, and"
116285835312448196,2026-03-24T19:37:00+00:00,2026-03-24,19,truth_social,truth_social_dataset,sector_keywords,,12,13,"State Senator Ron Alting is a Strong Champion and Highly Effective Representative for the Great People of  Indiana’s 22nd State Senate District!
A respected Businessman, Lafayette City Council Member, and Indiana Guard Reserve Major, prior to becoming a distinguished State Senato"
116285846284609248,2026-03-24T19:39:00+00:00,2026-03-24,19,truth_social,truth_social_dataset,sector_keywords,,12,13,"State Senator Chris Garten is a true MAGA Warrior and America First Patriot for the Great People of Indiana’s 45th State Senate District!
As the Majority Floor Leader of the Indiana State Senate, and Brave U.S. Marine Corps Veteran, Chris is a Proven Leader who is doing a fantast"
116285845418508842,2026-03-24T19:39:00+00:00,2026-03-24,19,truth_social,truth_social_dataset,sector_keywords|theme:jobs_economy,jobs_economy,12,13,"State Senator Randy Maxwell is a Tremendous Champion for the incredible people of Indiana’s 43rd State Senate District!
As a very successful Businessman, Randy knows the America First Policies required to Grow our Economy, Create GREAT Jobs, Cut Taxes and Regulations, Promote MAD"
116285844543723984,2026-03-24T19:39:00+00:00,2026-03-24,19,truth_social,truth_social_dataset,sector_keywords,,12,13,"State Senator Jeff Raatz is an America First Patriot doing a fantastic job representing Indiana’s 27th State Senate District!
A Brave U.S. Army Veteran, Jeff knows the Wisdom and Courage that is required to Defend our Country, Support our Military/Veterans, and Ensure PEACE THROU"
116285842940120300,2026-03-24T19:39:00+00:00,2026-03-24,19,truth_social,truth_social_dataset,sector_keywords,,12,13,"State Senator Scott Alexander is doing a terrific job representing the wonderful people of Indiana’s 26th State Senate District!
A Successful Entrepreneur and Civic Leader, before his service in the State Senate, Scott is a Proven Leader who has dedicated his life to serving his "
116285849550720642,2026-03-24T19:40:00+00:00,2026-03-24,19,truth_social,truth_social_dataset,sector_keywords,,12,13,"State Senator Gary Byrne is doing a fantastic job representing the incredible people of Indiana’s 47th Congressional District!
A Highly Respected Businessman, North Harrison School Board Member, and Councilman for Harrison County, prior to becoming a distinguished State Senator, "
116285855722508349,2026-03-24T19:42:00+00:00,2026-03-24,19,truth_social,truth_social_dataset,sector_keywords,,7,8,"State Senator Jim Tomes is an America First Patriot who is doing an incredible job representing Indiana’s 49th State Senate District!
A Brave U.S. Army Vietnam Veteran, and Chairman of the Indiana Senate Committee on Veterans Affairs and the Military, Jim knows the Wisdom and Cou"
116285854736419949,2026-03-24T19:42:00+00:00,2026-03-24,19,truth_social,truth_social_dataset,sector_keywords|theme:agriculture,agriculture,12,13,"State Senator Daryl Schmidt is doing a tremendous job representing the Great People of Indiana’s 48th State Senate District!
A Fifth Generation Family Farmer, Daryl is a strong and effective Voice for Indiana Agriculture, and our amazing Farmers and Ranchers. In the State Senate,"
116285916990204668,2026-03-24T19:57:00+00:00,2026-03-24,19,truth_social,truth_social_dataset,sector_keywords|theme:agriculture,agriculture,12,13,"It is my Great Honor to endorse T.W. Shannon, an America First Patriot who is running for Lieutenant Governor of Oklahoma, a place I love and WON BIG, winning all 77 out of 77 Counties in 2016, 2020, and 2024!
As the youngest House Speaker in Oklahoma’s History, the National Chai"
116286710096907230,2026-03-24T23:19:40.138000+00:00,2026-03-24,23,truth_social,cnn_truth_archive,theme:jobs_economy,jobs_economy,0,1,"Highly Respected Prime Minister of Hungary, Viktor Orbán, is a truly strong and powerful Leader, with a proven track record of delivering phenomenal results. He fights tirelessly for, and loves, his Great Country and People, just like I do for the United States of America. Viktor"
116287754799935332,2026-03-25T03:45:00+00:00,2026-03-25,3,truth_social,truth_social_dataset,sector_keywords|entity_mention|theme:defense_geopolitics,defense_geopolitics,6,7,"Iran’s flex of long-range ballistic missiles vindicates Trump, may change European calculus: https://justthenews.com/government/security/irans-flex-long-range-ballistic-missiles-vindicates-trump-threat-perception"
116290465114134220,2026-03-25T15:14:37.192000+00:00,2026-03-25,15,truth_social,cnn_truth_archive,entity_mention,,1,2,"Blame the Democrats for the Airport's mess. They want our Country to do badly. They want our Country to fail. They broke the already signed Bill because they want to take care of Criminals who enter our Country illegally, rather than American citizens. Thank you to our great ICE "
116290505546059162,2026-03-25T15:24:54.133000+00:00,2026-03-25,15,truth_social,cnn_truth_archive,entity_mention,,1,2,"The Democrats don't want to make any deal unless Amnesty and Citizenship is given to millions of Criminals who have entered our Country illegally, many of whom have been convicted of serious crimes. PROTECT AMERICA! President DJT"
116290846597255331,2026-03-25T16:51:00+00:00,2026-03-25,16,truth_social,truth_social_dataset,sector_keywords|entity_mention|theme:defense_geopolitics,defense_geopolitics,6,7,"Speaker of the House Mike Johnson and Senate Majority Leader John Thune have been working to pass a clean extension of FISA Section 702, a Law that was passed many years ago by Congress to collect Intelligence on Foreigners and Noncitizens. When used properly, FISA is an effectiv"
116291185984825094,2026-03-25T18:17:56.771000+00:00,2026-03-25,18,truth_social,cnn_truth_archive,sector_keywords|entity_mention|theme:china|theme:defense_geopolitics,china/defense_geopolitics,17,18,"My meeting with the Highly Respected President of China, President Xi Jinping, which was originally postponed due to our Military operation in Iran, has been rescheduled, and will take place in Beijing on May 14th and 15th. First Lady Melania and I will also host President Xi and"
116294956989451533,2026-03-26T10:16:00+00:00,2026-03-26,10,truth_social,truth_social_dataset,theme:defense_geopolitics,defense_geopolitics,6,7,"NATO NATIONS HAVE DONE ABSOLUTELY NOTHING TO HELP WITH THE LUNATIC NATION, NOW MILITARILY DECIMATED, OF IRAN. THE U.S.A. NEEDS NOTHING FROM NATO, BUT “NEVER FORGET” THIS VERY IMPORTANT POINT IN TIME! President DONALD J. TRUMP"
116295045718240014,2026-03-26T10:39:00+00:00,2026-03-26,10,truth_social,truth_social_dataset,entity_mention,,1,2,"The Iranian negotiators are very different and “strange.” They are “begging” us to make a deal, which they should be doing since they have been militarily obliterated, with zero chance of a comeback, and yet they publicly state that they are only “looking at our proposal.” WRONG!"
116295094711655881,2026-03-26T10:51:00+00:00,2026-03-26,10,truth_social,truth_social_dataset,entity_mention,,1,2,"When is “enough, enough” for our Republican Senators. There comes a time when you must do what should have been done a long time ago, and something which the Lunatic Democrats will do on day one, if they ever get the chance. TERMINATE THE FILIBUSTER, and get our airports, and eve"
116297295543838717,2026-03-26T20:11:41.242000+00:00,2026-03-26,20,truth_social,cnn_truth_archive,sector_keywords|entity_mention,,6,7,"As per Iranian Government request, please let this statement serve to represent that I am pausing the period of Energy Plant destruction by 10 Days to Monday, April 6, 2026, at 8 P.M., Eastern Time. Talks are ongoing and, despite erroneous statements to the contrary by the Fake N"
116302505060458396,2026-03-27T18:16:32.157000+00:00,2026-03-27,18,truth_social,cnn_truth_archive,sector_keywords|entity_mention|theme:defense_geopolitics,defense_geopolitics,7,8,Going to make a big speech on economics in Miami. Our Military Operation in Iran is going GREAT! President DJT
116303701071783713,2026-03-27T23:20:41.842000+00:00,2026-03-27,23,truth_social,cnn_truth_archive,sector_keywords|entity_mention|theme:pharma_healthcare,pharma_healthcare,6,7,"TrumpRX website sees steady growth in prescription offerings, proving MAHA doubters wrong: https://justthenews.com/government/white-house/trumprx-website-sees-steady-growth-prescription-offerings-proving-maha"
116308992209421747,2026-03-28T21:46:18.195000+00:00,2026-03-28,21,truth_social,cnn_truth_archive,entity_mention|theme:defense_geopolitics,defense_geopolitics,7,8,"Watch Mark Levin interview of Brilliant Marc Thiessen tonight at 8:00 P.M., on FoxNews. Will discuss the importance of hitting Iran, HARD!!! President DJT"
116309190231389438,2026-03-28T22:36:39.768000+00:00,2026-03-28,22,truth_social,cnn_truth_archive,theme:defense_geopolitics,defense_geopolitics,6,7,"No, Trump is not losing his nerve on Iran: https://www.washingtonpost.com/opinions/2026/03/26/strait-hormuz-kharg-island-iran-war-victory-trump/"
116312749090280206,2026-03-29T13:41:43.648000+00:00,2026-03-29,13,truth_social,cnn_truth_archive,sector_keywords|entity_mention|theme:pharma_healthcare,pharma_healthcare,6,7,"The Unaffordable Care Act, sometimes referred to as ObamaCare, must be replaced by payments being made directly to THE PEOPLE, so that they can buy their own Healthcare, rather than to bloated and uncaring Insurance Companies. ObamaCare is not and, never has been, sustainable!"
116315536925726627,2026-03-30T01:30:42.677000+00:00,2026-03-30,1,truth_social,cnn_truth_archive,sector_keywords|entity_mention,,6,7,Trump housing chief requests new criminal investigation into Letitia James: https://www.theguardian.com/us-news/2026/mar/25/trump-letitia-james-mortgage-fraud-investigation-referral
116315768155415029,2026-03-30T02:29:30.926000+00:00,2026-03-30,2,truth_social,cnn_truth_archive,sector_keywords|entity_mention|theme:defense_geopolitics,defense_geopolitics,7,8,"Big day in Iran. Many long sought after targets have been taken out and destroyed by our GREAT MILITARY, the finest and most lethal in the World. God bless you all! President DJT"
116317726153845042,2026-03-30T10:47:00+00:00,2026-03-30,10,truth_social,truth_social_dataset,sector_keywords|entity_mention|theme:tariffs_trade|theme:china,tariffs_trade/china,19,20,"Birthright Citizenship is not about rich people from China, and the rest of the World, who want their children, and hundreds of thousands more, FOR PAY, to ridiculously become citizens of the United States of America. It is about the BABIES OF SLAVES! We are the only Country in t"
116317880658472708,2026-03-30T11:26:00+00:00,2026-03-30,11,truth_social,truth_social_dataset,sector_keywords|theme:defense_geopolitics,defense_geopolitics,12,13,"The United States of America is in serious discussions with A NEW, AND MORE REASONABLE, REGIME to end our Military Operations in Iran. Great progress has been made but, if for any reason a deal is not shortly reached, which it probably will be, and if the Hormuz Strait is not imm"
116318120548204193,2026-03-30T12:27:45.625000+00:00,2026-03-30,12,truth_social,cnn_truth_archive,theme:defense_geopolitics,defense_geopolitics,6,7,The current war in Iran may prevent much greater bloodshed: https://thehill.com/opinion/national-security/5804535-the-current-war-in-iran-may-prevent-much-greater-bloodshed/
116323481956698353,2026-03-31T11:11:00+00:00,2026-03-31,11,truth_social,truth_social_dataset,sector_keywords|entity_mention|theme:defense_geopolitics,defense_geopolitics,13,14,"All of those countries that can’t get jet fuel because of the Strait of Hormuz, like the United Kingdom, which refused to get involved in the decapitation of Iran, I have a suggestion for you: Number 1, buy from the U.S., we have plenty, and Number 2, build up some delayed courag"
116323516183718262,2026-03-31T11:19:00+00:00,2026-03-31,11,truth_social,truth_social_dataset,sector_keywords|entity_mention|theme:defense_geopolitics,defense_geopolitics,7,8,"The Country of France wouldn’t let planes headed to Israel, loaded up with military supplies, fly over French territory. France has been VERY UNHELPFUL with respect to the “Butcher of Iran,” who has been successfully eliminated! The U.S.A. will REMEMBER!!! President DJT"
116325438537980532,2026-03-31T19:28:00+00:00,2026-03-31,19,truth_social,truth_social_dataset,sector_keywords|entity_mention|theme:fed_rates,fed_rates,6,7,"The National Trust for Historic Preservation sues me for a Ballroom that is under budget, ahead of schedule, being built at no cost to the Taxpayer, and will be the finest Building of its kind anywhere in the World. I then get sued by them over the renovation of the dilapidated a"
116325785902961629,2026-03-31T20:57:00+00:00,2026-03-31,20,truth_social,truth_social_dataset,theme:china,china,13,14,"Birthright Citizenship has to do with the babies of slaves, not Chinese Billionaires who have 56 kids, all of whom “become” American Citizens. One of the many Great Scams of our time! President DONALD J. TRUMP"
116329512466946656,2026-04-01T12:44:00+00:00,2026-04-01,12,truth_social,truth_social_dataset,entity_mention|theme:defense_geopolitics,defense_geopolitics,7,8,"Iran’s New Regime President, much less Radicalized and far more intelligent than his predecessors, has just asked the United States of America for a CEASEFIRE! We will consider when Hormuz Strait is open, free, and clear. Until then, we are blasting Iran into oblivion or, as they"
116329590740337581,2026-04-01T13:04:46.834000+00:00,2026-04-01,13,truth_social,cnn_truth_archive,sector_keywords|entity_mention|theme:tariffs_trade,tariffs_trade,19,20,"Wow! Congratulations to Nissan, and Christian Meunier, Americas Chairman, on the tremendous success they are having in the U.S. They have moved most of their production to our great Country, largely because of Tariffs, and the results are AMAZING!!!"
116332855637584819,2026-04-02T02:55:05.249000+00:00,2026-04-02,2,truth_social,cnn_truth_archive,theme:defense_geopolitics,defense_geopolitics,6,7,Democratic pollster: Benefit of defanging Iran far outweighs cost of war: https://nypost.com/2026/04/01/opinion/democratic-pollster-benefit-of-defanging-iran-far-outweighs-cost-of-war/
116334902567890770,2026-04-02T11:35:00+00:00,2026-04-02,11,truth_social,truth_social_dataset,theme:china,china,13,14,Victor Davis Hanson Reveals He Was Approached by Chinese Operative Fang Fang But Didn’t Fall for it Like ‘Idiot’ Eric Swalwell: https://www.thegatewaypundit.com/2026/04/victor-davis-hanson-reveals-he-was-approached-chinese/
116334990675013056,2026-04-02T11:58:00+00:00,2026-04-02,11,truth_social,truth_social_dataset,entity_mention,,1,2,"Bad, and very boring singer, Bruce Springsteen, who looks like a dried up prune who has suffered greatly from the work of a really bad plastic surgeon, has long had a horrible and incurable case of Trump Derangement Syndrome, sometimes referred to as TDS. The guy is a total loser"
116336091138489301,2026-04-02T16:37:55.035000+00:00,2026-04-02,16,truth_social,cnn_truth_archive,theme:defense_geopolitics,defense_geopolitics,6,7,"The biggest bridge in Iran comes tumbling down, never to be used again — Much more to follow! IT IS TIME FOR IRAN TO MAKE A DEAL BEFORE IT IS TOO LATE, AND THERE IS NOTHING LEFT OF WHAT STILL COULD BECOME A GREAT COUNTRY! President DONALD J. TRUMP"
116338464010194156,2026-04-03T02:41:00+00:00,2026-04-03,2,truth_social,truth_social_dataset,sector_keywords|entity_mention|theme:defense_geopolitics,defense_geopolitics,6,7,"Our Military, the greatest and most powerful (by far!) anywhere in the World, hasn’t even started destroying what’s left in Iran. Bridges next, then Electric Power Plants! New Regime leadership knows what has to be done, and has to be done, FAST! President DONALD J.TRUMP"
116340751005894827,2026-04-03T12:22:00+00:00,2026-04-03,12,truth_social,truth_social_dataset,sector_keywords|entity_mention,,6,7,"With a little more time, we can easily OPEN THE HORMUZ STRAIT, TAKE THE OIL, & MAKE A FORTUNE. IT WOULD BE A “GUSHER” FOR THE WORLD??? President DONALD J. TRUMP"
116342393448469434,2026-04-03T19:20:40.655000+00:00,2026-04-03,19,truth_social,cnn_truth_archive,sector_keywords|entity_mention,,6,7,"KEEP THE OIL, ANYONE?"
116342994589318293,2026-04-03T21:53:33.335000+00:00,2026-04-03,21,truth_social,cnn_truth_archive,sector_keywords|entity_mention|theme:tariffs_trade|theme:jobs_economy|theme:manufacturing_reshoring,tariffs_trade/jobs_economy/manufacturing_reshoring,19,20,"A very happy and blessed Good Friday to all, especially to the 186,000 Americans who gained Private Sector jobs in the month of March alone! My Economic Policies have created an enormously powerful engine of Economic Growth, and nothing can slow it down. Factory Construction Jobs"
116344192713238962,2026-04-04T02:58:00+00:00,2026-04-04,2,truth_social,truth_social_dataset,entity_mention,,1,2,"Third rate news “anchor” Jonathan Karl of ABC Fake News, the worst and most corrupt Network in the business, wrote another made up book about me where his stories and “reporting” bare no relationship to the truth. ABC was already forced to pay me $16,000,000 because of their fals"
116344212584161103,2026-04-04T03:03:18.464000+00:00,2026-04-04,3,truth_social,cnn_truth_archive,theme:jobs_economy,jobs_economy,0,1,"178,000 new jobs in March. Unemployment DOWN. Great numbers by all accounts, even the Fake News. MAGA!"
116346654846871260,2026-04-04T13:24:00+00:00,2026-04-04,13,truth_social,truth_social_dataset,entity_mention|theme:defense_geopolitics,defense_geopolitics,7,8,"The Failing New York Times, whose lack of credibility, and their constant Fake News attacks on your favorite President, ME, has caused its circulation to absolutely PLUMMET, referred to our severely weakened and extremely unreliable “partner,”NATO, as the North American Treaty Or"
116346686438015338,2026-04-04T13:32:26.478000+00:00,2026-04-04,13,truth_social,cnn_truth_archive,sector_keywords|entity_mention|theme:tariffs_trade|theme:jobs_economy|theme:defense_geopolitics,tariffs_trade/jobs_economy/defense_geopolitics,23,24,"Not only were the jobs numbers GREAT yesterday, 178,000 new jobs, but the TRADE DEFICIT was down 55%, the biggest drop in history. THANK YOU MR. TARIFF! All of this and, simultaneously, getting rid of a Nuclear Iran. MAGA!!!"
116346816254869135,2026-04-04T14:05:27.328000+00:00,2026-04-04,14,truth_social,cnn_truth_archive,theme:defense_geopolitics,defense_geopolitics,6,7,Remember when I gave Iran ten days to MAKE A DEAL or OPEN UP THE HORMUZ STRAIT. Time is running out - 48 hours before all Hell will reign down on them. Glory be to GOD! President DONALD J. TRUMP
116348358117196662,2026-04-04T20:37:00+00:00,2026-04-04,20,truth_social,truth_social_dataset,sector_keywords|entity_mention|theme:defense_geopolitics,defense_geopolitics,6,7,"Many of Iran’s Military Leaders, who have led them poorly and unwisely, are terminated, along with much else, with this massive strike in Tehran! President DONALD J. TRUMP"
116350133044957842,2026-04-05T04:08:00+00:00,2026-04-05,4,truth_social,truth_social_dataset,sector_keywords|entity_mention|theme:defense_geopolitics,defense_geopolitics,6,7,"FROM PRESIDENT DONALD J. TRUMP
WE GOT HIM! My fellow Americans, over the past several hours, the United States Military pulled off one of the most daring Search and Rescue Operations in U.S. History, for one of our incredible Crew Member Officers, who also happens to be a highly "
116351956955900185,2026-04-05T11:52:00+00:00,2026-04-05,11,truth_social,truth_social_dataset,sector_keywords|entity_mention|theme:defense_geopolitics,defense_geopolitics,6,7,"We have rescued the seriously wounded, and really brave, F-15 Crew Member/Officer, from deep inside the mountains of Iran. The Iranian Military was looking hard, in big numbers, and getting close. He is a highly respected Colonel. This type of raid is seldom attempted because of "
116351998782539414,2026-04-05T12:03:00+00:00,2026-04-05,12,truth_social,truth_social_dataset,theme:defense_geopolitics,defense_geopolitics,6,7,"Tuesday will be Power Plant Day, and Bridge Day, all wrapped up in one, in Iran. There will be nothing like it!!! Open the Fuckin’ Strait, you crazy bastards, or you’ll be living in Hell - JUST WATCH! Praise be to Allah. President DONALD J. TRUMP"
116355984273646320,2026-04-06T04:57:00+00:00,2026-04-06,4,truth_social,truth_social_dataset,sector_keywords|entity_mention|theme:tariffs_trade,tariffs_trade,19,20,It’s too bad that the Supreme Court can’t watch and study the Mark Levin Show tonight on the Birthright Citizenship Scam. If they saw it they would never allow that money making HOAX to continue. THEY SHOULD USE THEIR POWERS OF COMMON SENSE FOR THE GOOD OF OUR COUNTRY. They faile
116357443851465857,2026-04-06T11:08:11.676000+00:00,2026-04-06,11,truth_social,cnn_truth_archive,entity_mention,,1,2,RT: https://truthsocial.com/users/realDonaldTrump/statuses/116357442556060490Great going Freedom Caucus. Proud of you!!! President DJT
116360927697862375,2026-04-07T01:54:00+00:00,2026-04-07,1,truth_social,truth_social_dataset,entity_mention|theme:china,china,14,15,"Tell Shannon Bream of FoxNews that it’s not the Save Act, it’s the Save America Act, a big difference! Also, when she insists on having lightweight Democrat Congressmen, such as Jake Auchincloss, on her not very hard hitting show, she should correct them when they spew out Democr"
116360947194550238,2026-04-07T01:59:08.390000+00:00,2026-04-07,1,truth_social,cnn_truth_archive,entity_mention,,1,2,"I will be speaking tonight, LIVE, with the great (and brave!) astronauts on Artemis II, LIVE, at 10:00 P.M. Enjoy!!! President DJT"
116363336033995961,2026-04-07T12:06:00+00:00,2026-04-07,12,truth_social,truth_social_dataset,theme:defense_geopolitics,defense_geopolitics,6,7,"A whole civilization will die tonight, never to be brought back again. I don’t want that to happen, but it probably will. However, now that we have Complete and Total Regime Change, where different, smarter, and less radicalized minds prevail, maybe something revolutionarily wond"
116365252287627343,2026-04-07T20:13:00+00:00,2026-04-07,20,truth_social,truth_social_dataset,sector_keywords,,12,13,"State Representative Bruce Borders is a MAGA Warrior who is doing an incredible job representing Indiana’s 45th State House District!
A successful Businessman, and former Mayor of Jasonville, prior to becoming a Highly Respected State Representative, Bruce has dedicated his life "
116365251753401925,2026-04-07T20:13:00+00:00,2026-04-07,20,truth_social,truth_social_dataset,sector_keywords|entity_mention|theme:agriculture,agriculture,6,7,"State Representative Beau Baird is a Strong Champion for the Great People of Indiana’s 44th State House District!
A Highly Respected Businessman and Rancher, prior to becoming a distinguished State Representative, Beau has dedicated his life to serving his Community. In the State"
116365251073099981,2026-04-07T20:13:00+00:00,2026-04-07,20,truth_social,truth_social_dataset,sector_keywords,,12,13,"State Representative Heath VanNatter is doing a fantastic job representing the incredible people of Indiana’s 38th State House District!
A Highly Respected Small Business Owner and Homebuilder, prior to becoming a distinguished State Representative, Heath has dedicated his life t"
116365250563239892,2026-04-07T20:13:00+00:00,2026-04-07,20,truth_social,truth_social_dataset,sector_keywords|theme:agriculture,agriculture,12,13,"State Representative Jeff Thompson is doing a tremendous job representing the Great People of Indiana’s 28th State House District!
A former Educator and Farmer, Jeff is a strong and effective Voice for Indiana Agriculture, and our amazing Farmers and Ranchers. In the State House,"
116365249949047159,2026-04-07T20:13:00+00:00,2026-04-07,20,truth_social,truth_social_dataset,sector_keywords|theme:jobs_economy,jobs_economy,12,13,"State Representative Craig Snow is a MAGA Warrior who is doing a tremendous job representing Indiana’s 22nd State House District!
A successful Businessman, Craig knows the AMERICA FIRST Policies necessary to Create GREAT Jobs, Promote MADE IN THE U.S.A., Unleash Innovation, and A"
116365249022129961,2026-04-07T20:13:00+00:00,2026-04-07,20,truth_social,truth_social_dataset,sector_keywords|theme:jobs_economy,jobs_economy,12,13,"State Representative Jim Pressel is a Tremendous Champion for the incredible people of Indiana’s 20th State House District!
A successful Businessman, Jim knows the America First Policies required to Grow our Economy, Create GREAT Jobs, Cut Taxes and Regulations, Promote MADE IN T"
116365255671979732,2026-04-07T20:14:00+00:00,2026-04-07,20,truth_social,truth_social_dataset,sector_keywords|theme:jobs_economy,jobs_economy,12,13,"It is my Great Honor to endorse Trevor De Vries, an America First Patriot and REAL Republican running for Indiana's 1st State Senate District, against RINO incumbent Dan Dernulc!
A Successful Businessman, Trevor knows the America First Policies required to Grow our Economy, Creat"
116365255045080935,2026-04-07T20:14:00+00:00,2026-04-07,20,truth_social,truth_social_dataset,sector_keywords,,12,13,"State Representative Martin Carbaugh is a Tremendous Advocate for the Fantastic People of Indiana’s 81st State House District!
A very successful Financial Advisor, Martin is a Proven Leader who is doing a fantastic job advancing our AMERICA FIRST Agenda. He is working tirelessly "
116365254318832383,2026-04-07T20:14:00+00:00,2026-04-07,20,truth_social,truth_social_dataset,sector_keywords,,12,13,"State Representative Ben Smaltz is a Highly Effective Champion for the Wonderful People of Indiana’s 52nd State House District!
A Respected Businessman and DeKalb County Council Member, prior to becoming a distinguished State Representative, Ben has dedicated his life to serving "
116365253757288920,2026-04-07T20:14:00+00:00,2026-04-07,20,truth_social,truth_social_dataset,sector_keywords,,12,13,"State Representative Tony Isa is an America First Patriot who is doing a fantastic job representing Indiana’s 51st State House District!
A Successful Entrepreneur and Owner of “Scoops Ice Cream” in Angola, in addition to being a highly effective State Representative, Tony has ded"
116365252855784200,2026-04-07T20:14:00+00:00,2026-04-07,20,truth_social,truth_social_dataset,sector_keywords,,12,13,"State Representative Bob Heaton is doing a terrific job representing the wonderful people of Indiana’s 46th State House District!
A Successful Businessman and College Basketball Player, before his service in the State House, Bob is a Proven Leader who has dedicated his life to se"
116365303932078350,2026-04-07T20:27:00+00:00,2026-04-07,20,truth_social,truth_social_dataset,sector_keywords,,12,13,"It is my Great Honor to endorse Dr. Brian Schmutzler, a MAGA Warrior and REAL Republican running for Indiana's 11th State Senate District, against RINO incumbent Linda Rogers!
A Proven Leader, Brian serves his Community as a Highly Respected Anesthesiologist and Medical Director."
116365796713313030,2026-04-07T22:32:26.138000+00:00,2026-04-07,22,truth_social,cnn_truth_archive,sector_keywords|entity_mention|theme:defense_geopolitics,defense_geopolitics,6,7,"Based on conversations with Prime Minister Shehbaz Sharif and Field Marshal Asim Munir, of Pakistan, and wherein they requested that I hold off the destructive force being sent tonight to Iran, and subject to the Islamic Republic of Iran agreeing to the COMPLETE, IMMEDIATE, and S"
116366072136989268,2026-04-07T23:42:28.770000+00:00,2026-04-07,23,truth_social,cnn_truth_archive,theme:defense_geopolitics,defense_geopolitics,6,7,OFFICIAL STATEMENT OF IRAN:
116366146721038653,2026-04-08T00:01:00+00:00,2026-04-08,0,truth_social,truth_social_dataset,theme:defense_geopolitics,defense_geopolitics,6,7,"The alleged Statement put out by CNN World News is a FRAUD, as CNN well knows. The false Statement was linked to a Fake News site (from Nigeria) and, of course, immediately picked up by CNN, and blared out as a “legitimate” headline. The Official Statement by Iran was just releas"
116367088879643074,2026-04-08T04:01:00+00:00,2026-04-08,4,truth_social,truth_social_dataset,theme:defense_geopolitics,defense_geopolitics,6,7,"A big day for World Peace! Iran wants it to happen, they’ve had enough! Likewise, so has everyone else! The United States of America will be helping with the traffic buildup in the Strait of Hormuz. There will be lots of positive action! Big money will be made. Iran can start the"
116368825638596650,2026-04-08T11:22:00+00:00,2026-04-08,11,truth_social,truth_social_dataset,sector_keywords|entity_mention|theme:defense_geopolitics|theme:tariffs_trade,defense_geopolitics/tariffs_trade,23,24,"The United States will work closely with Iran, which we have determined has gone through what will be a very productive Regime Change! There will be no enrichment of Uranium, and the United States will, working with Iran, dig up and remove all of the deeply buried (B-2 Bombers) N"
116368854361048135,2026-04-08T11:30:02.177000+00:00,2026-04-08,11,truth_social,cnn_truth_archive,sector_keywords|entity_mention|theme:defense_geopolitics,defense_geopolitics,7,8,"A Country supplying Military Weapons to Iran will be immediately tariffed, on any and all goods sold to the United States of America, 50%, effective immediately. There will be no exclusions or exemptions! President DJT"
116369934305888462,2026-04-08T16:04:00+00:00,2026-04-08,16,truth_social,truth_social_dataset,theme:defense_geopolitics,defense_geopolitics,6,7,"Numerous Agreements, Lists, and Letters are being sent out by people that have absolutely nothing to do with the U.S.A. / Iran Negotiation, in many cases, they are total Fraudsters, Charlatans, and WORSE. They will be rapidly exposed after our Federal Investigation is completed. "
116371693008302124,2026-04-08T23:31:00+00:00,2026-04-08,23,truth_social,truth_social_dataset,entity_mention|theme:defense_geopolitics,defense_geopolitics,7,8,"NATO WASN’T THERE WHEN WE NEEDED THEM, AND THEY WON’T BE THERE IF WE NEED THEM AGAIN. REMEMBER GREENLAND, THAT BIG, POORLY RUN, PIECE OF ICE!!! President DJT"
116372497116210545,2026-04-09T02:56:26.208000+00:00,2026-04-09,2,truth_social,cnn_truth_archive,theme:defense_geopolitics,defense_geopolitics,6,7,The Failing New York Times and Fake News CNN each reported a totally FAKE TEN POINT PLAN on the Iran negotiations which was meant to discredit the people involved in the peace process. All ten points were a made up HOAX - EVIL LOSERS!!! MAKE AMERICA GREAT AGAIN
116372694697146221,2026-04-09T03:46:00+00:00,2026-04-09,3,truth_social,truth_social_dataset,sector_keywords|entity_mention|theme:defense_geopolitics,defense_geopolitics,6,7,"All U.S. Ships, Aircraft, and Military Personnel, with additional Ammunition, Weaponry, and anything else that is appropriate and necessary for the lethal prosecution and destruction of an already substantially degraded Enemy, will remain in place in, and around, Iran, until such"
116374792489555954,2026-04-09T12:40:10.826000+00:00,2026-04-09,12,truth_social,cnn_truth_archive,theme:defense_geopolitics,defense_geopolitics,6,7,"None of these people, including our own, very disappointing, NATO, understood anything unless they have pressure placed upon them!!!"
116376634773749603,2026-04-09T20:28:00+00:00,2026-04-09,20,truth_social,truth_social_dataset,sector_keywords|entity_mention|theme:defense_geopolitics,defense_geopolitics,6,7,"I know why Tucker Carlson, Megyn Kelly, Candace Owens, and Alex Jones have all been fighting me for years, especially by the fact that they think it is wonderful for Iran, the Number One State Sponsor of Terror, to have a Nuclear Weapon — Because they have one thing in common, Lo"
116376791555549648,2026-04-09T21:08:34.116000+00:00,2026-04-09,21,truth_social,cnn_truth_archive,theme:defense_geopolitics,defense_geopolitics,6,7,"There are reports that Iran is charging fees to tankers going through the Hormuz Strait — They better not be and, if they are, they better stop now! President DONALD J. TRUMP"
116376868752554780,2026-04-09T21:28:00+00:00,2026-04-09,21,truth_social,truth_social_dataset,sector_keywords|theme:defense_geopolitics|theme:stock_market_macro,defense_geopolitics/stock_market_macro,18,19,"The Wall Street Journal, one of the worst and most inaccurate “Editorial Boards” in the World, stated that I “declared premature victory in Iran.” Actually, it is a Victory, and there’s nothing “premature” about it! Because of me, IRAN WILL NEVER HAVE A NUCLEAR WEAPON and, very q"
116377109535639790,2026-04-09T22:29:26.106000+00:00,2026-04-09,22,truth_social,cnn_truth_archive,sector_keywords|entity_mention|theme:defense_geopolitics,defense_geopolitics,12,13,"Iran is doing a very poor job, dishonorable some would say, of allowing Oil to go through the Strait of Hormuz. That is not the agreement we have! President DONALD J. TRUMP"
116377366086619888,2026-04-09T23:34:00+00:00,2026-04-09,23,truth_social,truth_social_dataset,entity_mention,,1,2,"My friend, Congresswoman Elise Stefanik, of New York, has written a new book, ""POISONED IVIES: The Inside Account of the Academic and Moral Rot at America’s Elite Universities."" There is nobody more qualified to speak on this important subject than Elise, who totally exposed the "
116377410587246089,2026-04-09T23:45:59.789000+00:00,2026-04-09,23,truth_social,cnn_truth_archive,theme:jobs_economy,jobs_economy,0,1,"Highly Respected Prime Minister of Hungary, Viktor Orbán, is a truly strong and powerful Leader, with a proven track record of delivering phenomenal results. He fights tirelessly for, and loves, his Great Country and People, just like I do for the United States of America. Viktor"
116377422440266990,2026-04-09T23:49:00+00:00,2026-04-09,23,truth_social,truth_social_dataset,theme:tariffs_trade,tariffs_trade,19,20,"An Illegal Alien Criminal from Haiti, who was released into our Country by the WORST President in History, Crooked Joe Biden, and the Radical Democrats in Congress, just beat an innocent woman to death with a hammer at a gas station in Florida. The video of her brutal slaying is "
116378705268992787,2026-04-10T05:15:00+00:00,2026-04-10,5,truth_social,truth_social_dataset,sector_keywords|entity_mention|theme:defense_geopolitics|theme:china,defense_geopolitics/china,23,24,"Trump upends China’s lucrative sanctioned oil import scheme after Iran, Venezuela interventions: https://justthenews.com/government/diplomacy/trump-upends-chinas-lucrative-sanctioned-oil-import-scheme-after-iran"
116380657463593385,2026-04-10T13:31:00+00:00,2026-04-10,13,truth_social,truth_social_dataset,entity_mention,,1,2,WORLD’S MOST POWERFUL RESET!!! President DJT
116380894672815869,2026-04-10T14:32:02.752000+00:00,2026-04-10,14,truth_social,cnn_truth_archive,entity_mention,,1,2,Palantir Technologies (PLTR) has proven to have great war fighting capabilities and equipment. Just ask our enemies!!! President DJT
116382105271047123,2026-04-10T19:39:00+00:00,2026-04-10,19,truth_social,truth_social_dataset,sector_keywords,,12,13,"Congressman Rudy Yakym is a Fantastic Advocate for Indiana’s 2nd Congressional District!
As a Member of the POWERFUL House Ways & Means Committee, Rudy knows the America First Policies required to Create GREAT Jobs, Cut Taxes and Regulations, Unleash American Energy DOMINANCE, Pr"
116382124929663354,2026-04-10T19:44:00+00:00,2026-04-10,19,truth_social,truth_social_dataset,sector_keywords|entity_mention|theme:agriculture,agriculture,6,7,"Mike Hilgers has been a fantastic Attorney General of Nebraska, a place I love and WON BIG, six times, including Primaries, in 2016, 2020, and 2024!
A Highly Respected Entrepreneur, Civic Leader, and Speaker of the Nebraska Legislature, prior to becoming a distinguished Attorney "
116385843841281126,2026-04-11T11:30:00+00:00,2026-04-11,11,truth_social,truth_social_dataset,sector_keywords|entity_mention,,7,8,"Massive numbers of completely empty oil tankers, some of the largest anywhere in the World, are heading, right now, to the United States to load up with the best and “sweetest” oil (and gas!) anywhere in the World. We have more oil than the next two largest oil economies combined"
116386141086849907,2026-04-11T12:46:16.639000+00:00,2026-04-11,12,truth_social,cnn_truth_archive,sector_keywords|entity_mention,,6,7,"Heading to Virginia for meetings at Trump National. I can't believe what this new Governor, Spanberger, has done to the Commonwealth — So sad! She is adding so many Taxes, a Food and Beverage Tax, Digital Services Tax, Utilities Tax, and more. It has lost its Energy, Vitality, an"
116386190374675994,2026-04-11T12:58:48.715000+00:00,2026-04-11,12,truth_social,cnn_truth_archive,sector_keywords|theme:china|theme:defense_geopolitics|theme:manufacturing_reshoring,china/defense_geopolitics/manufacturing_reshoring,23,24,"The Fake News Media has lost total credibility, not that they had any to begin with. Because of their massive Trump Derangement Syndrome (Sometimes referred to as TDS!), they love saying that Iran is ""winning"" when, in fact, everyone knows that they are LOSING, and LOSING BIG! Th"
116386222716690641,2026-04-11T13:07:02.216000+00:00,2026-04-11,13,truth_social,cnn_truth_archive,theme:agriculture|theme:defense_geopolitics,agriculture/defense_geopolitics,6,7,"I am watching fertilizer prices CLOSELY during our FIGHT FOR FREEDOM in Iran. The United States will not accept PRICE GOUGING from the fertilizer monopoly! American Farmers, we have your back! President DONALD J. TRUMP"
116386735130758581,2026-04-11T15:17:00+00:00,2026-04-11,15,truth_social,truth_social_dataset,sector_keywords|entity_mention|theme:defense_geopolitics,defense_geopolitics,6,7,"The Fake News Media is CRAZY, or just plain CORRUPT! The United States has completely destroyed Iran’s Military, including their entire Navy and Air Force, and everything else. Their Leadership is DEAD! The Strait of Hormuz will soon be open, and the empty ships are rushing to th"
116388414661607621,2026-04-11T22:24:00+00:00,2026-04-11,22,truth_social,truth_social_dataset,theme:defense_geopolitics,defense_geopolitics,6,7,"From Newt Gingrich: “Pro Trump and pro USA rally in Bern with large Iranian participation and pro Trump signs-photo by Callista Supporters of U.S. actions in Iran, including many Iranians, gathered in Bern today for a peaceful demonstration.”"
116389798405349626,2026-04-12T04:16:00+00:00,2026-04-12,4,truth_social,truth_social_dataset,theme:defense_geopolitics,defense_geopolitics,6,7,The Trump card the president holds if Iran won’t bend: a naval blockade: https://justthenews.com/government/security/trump-card-president-holds-if-iran-wont-bend-naval-blockade
116391828823240211,2026-04-12T12:52:00+00:00,2026-04-12,12,truth_social,truth_social_dataset,sector_keywords|entity_mention|theme:defense_geopolitics,defense_geopolitics,6,7,"So, there you have it, the meeting went well, most points were agreed to, but the only point that really mattered, NUCLEAR, was not. Effective immediately, the United States Navy, the Finest in the World, will begin the process of BLOCKADING any and all Ships trying to enter, or "
116391830634836370,2026-04-12T12:53:12.256000+00:00,2026-04-12,12,truth_social,cnn_truth_archive,sector_keywords|entity_mention|theme:defense_geopolitics,defense_geopolitics,6,7,"RT: https://truthsocial.com/users/realDonaldTrump/statuses/116391828823240211Iran promised to open the Strait of Hormuz, and they knowingly failed to do so. This caused anxiety, dislocation, and pain to many people and Countries throughout the World. They say they put mines in th"
116392448970133700,2026-04-12T15:30:00+00:00,2026-04-12,15,truth_social,truth_social_dataset,sector_keywords|entity_mention|theme:defense_geopolitics,defense_geopolitics,6,7,"So, there you have it, the meeting went well, most points were agreed to, but the only point that really mattered, NUCLEAR, was not. Effective immediately, the United States Navy, the Finest in the World, will begin the process of BLOCKADING any and all Ships trying to enter, or "
116394704213456431,2026-04-13T01:03:00+00:00,2026-04-13,1,truth_social,truth_social_dataset,sector_keywords|entity_mention|theme:defense_geopolitics|theme:stock_market_macro,defense_geopolitics/stock_market_macro,6,7,"Pope Leo is WEAK on Crime, and terrible for Foreign Policy. He talks about “fear” of the Trump Administration, but doesn’t mention the FEAR that the Catholic Church, and all other Christian Organizations, had during COVID when they were arresting priests, ministers, and everybody"
116395566253303665,2026-04-13T04:43:13.269000+00:00,2026-04-13,4,truth_social,cnn_truth_archive,entity_mention,,1,2,The United States to Blockade Ships Entering or Exiting Iranian Ports on April 13 at 10:00 A.M. ET. Thank you for your attention to this matter! President DJT
116396382206568435,2026-04-13T08:10:00+00:00,2026-04-13,8,truth_social,truth_social_dataset,theme:defense_geopolitics,defense_geopolitics,6,7,Trump brilliantly calls Iran’s bluff — with his own Strait of Hormuz blockade: https://nypost.com/2026/04/12/opinion/trump-brilliantly-calls-irans-bluff-with-his-own-strait-of-hormuz-blockade/
116397847496142849,2026-04-13T14:23:00+00:00,2026-04-13,14,truth_social,truth_social_dataset,sector_keywords|entity_mention|theme:defense_geopolitics,defense_geopolitics,7,8,"Iran’s Navy is laying at the bottom of the sea, completely obliterated - 158 ships. What we have not hit are their small number of, what they call, “fast attack ships,” because we did not consider them much of a threat. Warning: If any of these ships come anywhere close to our BL"
116398354806956903,2026-04-13T16:32:23.221000+00:00,2026-04-13,16,truth_social,cnn_truth_archive,sector_keywords|entity_mention|theme:stock_market_macro,stock_market_macro,6,7,"Our powerful case against The Wall Street Journal, and other defendants, was asked to be re-filed by the Judge. It is not a termination, it is a suggested re-filing, and we will be, as per the Order, re-filing an updated lawsuit on or before April 27th. President DONALD J. TRUMP"
116399385880639539,2026-04-13T20:54:00+00:00,2026-04-13,20,truth_social,truth_social_dataset,theme:defense_geopolitics,defense_geopolitics,6,7,"For those people that still read The Failing New York Times and, despite the fact that Iran has been totally OBLITERATED, Militarily, and otherwise, you would think that Iran is actually winning or, at the very least, doing quite well — But that’s not true, and The New York Times"
116399450887993236,2026-04-13T21:11:00+00:00,2026-04-13,21,truth_social,truth_social_dataset,sector_keywords|entity_mention,,6,7,"Stavros Anthony has been a fantastic Lieutenant Governor for the Great People of Nevada!
A Highly Respected Police Officer, Civic Leader, and Las Vegas City Council Member, and now, as a distinguished Lieutenant Governor, working with outstanding Governor Joe Lombardo, Stavros ha"
116399455398170606,2026-04-13T21:12:00+00:00,2026-04-13,21,truth_social,truth_social_dataset,sector_keywords|theme:agriculture,agriculture,12,13,"Scott Bedke has been a tremendous Lieutenant Governor of Idaho, a place I love and WON BIG in 2016, 2020, and 2024!
A very successful Businessman, Cattle Rancher, and Highly Respected Speaker of the Idaho House, prior to becoming a very distinguished Lieutenant Governor, working "
116402983435251784,2026-04-14T12:09:30.484000+00:00,2026-04-14,12,truth_social,cnn_truth_archive,entity_mention,,1,2,"Bruce Blakeman, the highly respected and very popular Nassau County Executive, who is running for Governor, is surging in the New York State Polls. He is one of the best politicians in the U.S. Watch him work his magic!!! President DJT"
116403535989117537,2026-04-14T14:30:00+00:00,2026-04-14,14,truth_social,truth_social_dataset,sector_keywords|entity_mention,,7,8,"Europe is desperate for Energy, and yet the United Kingdom refuses to open North Sea Oil, one of the greatest fields in the World. Tragic!!! Aberdeen should be booming. Norway sells its North Sea Oil to the U.K. at double the price. They are making a fortune. U.K., which is bette"
116404390855989138,2026-04-14T18:07:00+00:00,2026-04-14,18,truth_social,truth_social_dataset,sector_keywords|entity_mention|theme:defense_geopolitics,defense_geopolitics,6,7,"I am working very hard with our Great Speaker, Mike Johnson, along with Chairman Jim Jordan and Chairman Rick Crawford, to get a clean extension of FISA 702 through the House of Representatives this week. I am asking Republicans to UNIFY, and vote together on the test vote to bri"
116404449008520677,2026-04-14T18:22:00+00:00,2026-04-14,18,truth_social,truth_social_dataset,sector_keywords,,12,13,"It is my Great Honor to endorse Highly Respected San Diego County Supervisor, Jim Desmond, who is running to represent the tremendous people of California’s 48th Congressional District.
A Brave U.S. Navy Veteran, Jim knows the Wisdom and Courage required to Defend our Country, Su"
116404472864736440,2026-04-14T18:28:00+00:00,2026-04-14,18,truth_social,truth_social_dataset,sector_keywords,,12,13,"It is my Great Honor to endorse MAGA Warrior, Jim Kingston, who is running to represent the fantastic people of Georgia’s 1st Congressional District.
A very successful Businessman, Civic Leader, and Conservative Activist, Jim has dedicated his life to serving his Community. Jim's"
116404524514355598,2026-04-14T18:41:00+00:00,2026-04-14,18,truth_social,truth_social_dataset,sector_keywords|theme:agriculture,agriculture,12,13,"It is my Great Honor to endorse Highly Respected State Representative Houston Gaines, who is running to represent the Incredible People of Georgia’s 10th Congressional District.
An Eighth-Generation Georgian, Houston has served as a State Representative since 2019, authoring more"
116404544522100081,2026-04-14T18:46:00+00:00,2026-04-14,18,truth_social,truth_social_dataset,sector_keywords|theme:taxes|theme:tariffs_trade,taxes/tariffs_trade,24,25,"It is my Great Honor to endorse America First Patriot, Eric Conroy, who is running to represent the wonderful people of Ohio’s 1st Congressional District. He is running against Greg Landsman, a true Radical Left Extremist who does not represent the Values of Southwest Ohio and th"
116404554093132959,2026-04-14T18:48:00+00:00,2026-04-14,18,truth_social,truth_social_dataset,sector_keywords|theme:agriculture,agriculture,12,13,"It is my Great Honor to endorse Highly Respected Omaha City Councilman, Brinker Harding, who is running to represent the Fantastic People of Nebraska’s 2nd Congressional District.
A Fourth Generation Omahan, Businessman, and very popular Omaha City Councilman, Brinker has dedicat"
116404602696446666,2026-04-14T19:01:00+00:00,2026-04-14,19,truth_social,truth_social_dataset,sector_keywords|theme:taxes,taxes,12,13,"It is my Great Honor to endorse U.S. Marine Corps Veteran and former Albuquerque Police Detective, Greg Cunningham, who is running to represent the wonderful people of New Mexico’s 2nd Congressional District.
Greg is running against a Radical Left Democrat named Gabe Vasquez, who"
116404627442914911,2026-04-14T19:07:00+00:00,2026-04-14,19,truth_social,truth_social_dataset,sector_keywords|theme:taxes,taxes,13,14,"It is my Great Honor to endorse Highly Respected State Senator, and brave U.S. Navy Veteran, John Braun, who is running to represent the amazing people of Washington’s 3rd Congressional District.
John is running against Marie Gluesenkamp Perez, a true Radical Left Extremist with "
116404659067780412,2026-04-14T19:15:00+00:00,2026-04-14,19,truth_social,truth_social_dataset,sector_keywords|theme:taxes,taxes,18,19,"It is my Great Honor to endorse America First Patriot, Marty O'Donnell, who is running to represent the incredible people of Nevada’s 3rd Congressional District.
Marty is running against Susie Lee, a true Radical Left Extremist who does not represent the Values of Southern Nevada"
116404717003537033,2026-04-14T19:30:00+00:00,2026-04-14,19,truth_social,truth_social_dataset,sector_keywords|entity_mention|theme:taxes,taxes,6,7,"It is my Great Honor to endorse Highly Respected State Senator, Carrie Buck, who is running to represent the fantastic people of Nevada’s 1st Congressional District.
Carrie is running against a Career Politician named Dina Titus, who tried to raise Taxes by over $4 Trillion Dolla"
116406622416293152,2026-04-15T03:34:56.928000+00:00,2026-04-15,3,truth_social,cnn_truth_archive,theme:defense_geopolitics,defense_geopolitics,6,7,"Will someone please tell Pope Leo that Iran has killed at least 42,000 innocent, completely unarmed, protesters in the last two months, and that for Iran to have a Nuclear Bomb is absolutely unacceptable. Thank you for your attention to this matter. AMERICA IS BACK!!! President D"
116406639178992552,2026-04-15T03:39:00+00:00,2026-04-15,3,truth_social,truth_social_dataset,theme:defense_geopolitics,defense_geopolitics,6,7,"NATO wasn’t there for us, and they won’t be there for us in the future! President DONALD J. TRUMP"
116406733740752601,2026-04-15T04:03:15.640000+00:00,2026-04-15,4,truth_social,cnn_truth_archive,sector_keywords|entity_mention|theme:defense_geopolitics,defense_geopolitics,12,13,"Chokehold: Iran could run out of oil storage with Trump blockade, wreaking havoc with its economy: https://justthenews.com/politics-policy/energy/strait-hormuz-blockaded-globe-has-limited-options-address-energy-shortfall"
116408554531050811,2026-04-15T11:46:00+00:00,2026-04-15,11,truth_social,truth_social_dataset,sector_keywords|entity_mention|theme:china|theme:defense_geopolitics,china/defense_geopolitics,18,19,"China is very happy that I am permanently opening the Strait of Hormuz. I am doing it for them, also - And the World. This situation will never happen again. They have agreed not to send weapons to Iran. President Xi will give me a big, fat, hug when I get there in a few weeks. W"
116408647042304061,2026-04-15T12:09:00+00:00,2026-04-15,12,truth_social,truth_social_dataset,sector_keywords|entity_mention|theme:defense_geopolitics,defense_geopolitics,6,7,"JEROME STARKEY: If hot air was a weapon Starmer would have rearmed Britain – but words don’t win wars:
https://www.thesun.co.uk/news/38819687/starmer-words-dont-win-wars-iran-russia-jerome-starkey/"
116408742801619405,2026-04-15T12:34:11.507000+00:00,2026-04-15,12,truth_social,cnn_truth_archive,entity_mention,,1,2,"The Radical Left Lunatics might not like this, but I think it is quite nice!!!  President DJT"
116409146419851362,2026-04-15T14:16:00+00:00,2026-04-15,14,truth_social,truth_social_dataset,sector_keywords|entity_mention,,6,7,"I am working very hard with our Great Speaker, Mike Johnson, along with Chairman Jim Jordan and Chairman Rick Crawford, to get a clean extension of FISA 702 through the House of Representatives this week. I am asking Republicans to UNIFY, and vote together on the test vote to bri"
116412252214963423,2026-04-16T03:26:40.837000+00:00,2026-04-16,3,truth_social,cnn_truth_archive,entity_mention,,1,2,"Trying to get a little breathing room between Israel and Lebanon. It has been a long time since the two leaders have spoken, like 34 years. It will happen tomorrow. Nice! President DJT"
116415864463373443,2026-04-16T18:45:19.374000+00:00,2026-04-16,18,truth_social,cnn_truth_archive,sector_keywords,,7,8,"The White House doesn't have a Ballroom (No Taxpayer Money!), which Presidents have desperately wanted and desired for over 150 years, but a Trump Hating, Washington, D.C. District Court Judge, a man who has gone out of his way to undermine National Security, and to make sure tha"
116416019325047452,2026-04-16T19:24:00+00:00,2026-04-16,19,truth_social,truth_social_dataset,sector_keywords|entity_mention,,6,7,"I am pleased to announce the new leadership of the Centers for Disease Control and Prevention (CDC). It is my Honor to nominate the incredibly talented Dr. Erica Schwartz, MD, JD, MPH, as my Director of the CDC. Erica graduated from Brown University for College and Medical School"
116416069269152200,2026-04-16T19:37:24.497000+00:00,2026-04-16,19,truth_social,cnn_truth_archive,entity_mention,,1,2,"The person who filed the meritless and lawless suit on the desperately needed White House Ballroom, being built as a GIFT to America (without Tax Dollars!), a woman walking her dog, has absolutely NO STANDING to bring such a monumentally important case against our Country. The Tr"
116416177838768498,2026-04-16T20:05:01.139000+00:00,2026-04-16,20,truth_social,cnn_truth_archive,sector_keywords,,7,8,"The out of control Trump Hating, Washington, D.C. District Court Judge, who doesn't want to accept a $400 Million Dollar GIFT of one of the most beautiful Ballrooms anywhere in the World, desperately needed by the White House and its future Presidents (Due to time constraints, I "
116416471379285688,2026-04-16T21:19:00+00:00,2026-04-16,21,truth_social,truth_social_dataset,sector_keywords|entity_mention|theme:defense_geopolitics,defense_geopolitics,6,7,"Italy wasn’t there for us, we won’t be there for them! President DONALD J. TRUMP
https://www.theguardian.com/world/2026/mar/31/italy-denies-sicily-airbase-us-planes-carrying-weapons-iran-war"
116416480932586388,2026-04-16T21:22:05.983000+00:00,2026-04-16,21,truth_social,cnn_truth_archive,entity_mention,,1,2,"Sadly, Mayor Mamdani is DESTROYING New York! It has no chance! The United States of America should not contribute to its failure. It will only get WORSE. The TAX, TAX, TAX Policies are SO WRONG. People are fleeing. They must change their ways, AND FAST. History has proven, THIS """
116416663301119812,2026-04-16T22:08:00+00:00,2026-04-16,22,truth_social,truth_social_dataset,sector_keywords|entity_mention,,6,7,"Who’s dumber, Tucker Carlson or Joe Kent? It’s very interesting! I met Joe Kent at Dover Air Force Base, along with numerous others who had lost their loved ones in War. I said hello to all of the families. Kent, horribly, lost his wife. Her casket was being brought to Dover, alo"
116416709748686625,2026-04-16T22:20:17.406000+00:00,2026-04-16,22,truth_social,cnn_truth_archive,sector_keywords|entity_mention,,6,7,MORNING GLORY: Trump has restored the GOP as the party of defense and deterrence: https://www.foxnews.com/opinion/morning-glory-trump-has-restored-gop-party-defense-deterrence
116416736627974477,2026-04-16T22:27:00+00:00,2026-04-16,22,truth_social,truth_social_dataset,sector_keywords|entity_mention|theme:aerospace_aviation,aerospace_aviation,7,8,"I’m on Air Force One heading to Las Vegas and Arizona for Greetings and Speeches on NO TAX ON TIPS, a WINDFALL for our Great American Citizens. I am watching one of the Least Attractive and Talented People on all of Television, Jessica Tarlov. Her voice is so grating and terrible"
116417764784525982,2026-04-17T02:48:35.974000+00:00,2026-04-17,2,truth_social,cnn_truth_archive,entity_mention,,1,2,May have been a historic day for Lebanon. Good things are happening!!! President DJT
116419983493630857,2026-04-17T12:12:00+00:00,2026-04-17,12,truth_social,truth_social_dataset,entity_mention,,1,2,"It’s easy! Tucker is a Low IQ person - Always easy to beat, and highly overrated!!! So are Megyn Kelly, “Candace”(Really Dumb and mentally ill!), and Bankrupt Alex Jones, who is completely “fried.” There are others, also! Then we have some that are VERY GOOD, true MAGA all the wa"
116420038210190121,2026-04-17T12:26:00+00:00,2026-04-17,12,truth_social,truth_social_dataset,entity_mention,,1,2,"The U.S.A. is the “HOTTEST” Country in the World right now. Just a short time ago, under Sleepy Joe Biden, IT WAS DEAD, LAUGHED AT ALL OVER THE WORLD!!! But not anymore - Nobody’s laughing!!! President DJT"
116420194853200133,2026-04-17T13:06:35.881000+00:00,2026-04-17,13,truth_social,cnn_truth_archive,theme:defense_geopolitics,defense_geopolitics,6,7,IRAN HAS JUST ANNOUNCED THAT THE STRAIT OF IRAN IS FULLY OPEN AND READY FOR FULL PASSAGE. THANK YOU!
116420275523158052,2026-04-17T13:27:06.806000+00:00,2026-04-17,13,truth_social,cnn_truth_archive,theme:defense_geopolitics,defense_geopolitics,6,7,"THE STRAIT OF HORMUZ IS COMPLETELY OPEN AND READY FOR BUSINESS AND FULL PASSAGE, BUT THE NAVAL BLOCKADE WILL REMAIN IN FULL FORCE AND EFFECT AS IT PERTAINS TO IRAN, ONLY, UNTIL SUCH TIME AS OUR TRANSACTION WITH IRAN IS 100% COMPLETE. THIS PROCESS SHOULD GO VERY QUICKLY IN THAT MO"
116420395293904982,2026-04-17T13:57:00+00:00,2026-04-17,13,truth_social,truth_social_dataset,entity_mention,,1,2,"The U.S.A. will get all Nuclear “Dust,” created by our great B2 Bombers - No money will exchange hands in any way, shape, or form. This deal is in no way subject to Lebanon, either, but the USA will, separately, work with Lebanon, and deal with the Hezboolah situation in an appro"
116420456436213944,2026-04-17T14:13:07.318000+00:00,2026-04-17,14,truth_social,cnn_truth_archive,sector_keywords|entity_mention|theme:defense_geopolitics,defense_geopolitics,13,14,"Now that the Hormuz Strait situation is over, I received a call from NATO asking if we would need some help. I  TOLD THEM TO STAY AWAY, UNLESS THEY JUST WANT TO LOAD UP THEIR SHIPS WITH OIL. They were useless when needed, a Paper Tiger! President DJT"
116420468063226470,2026-04-17T14:16:04.734000+00:00,2026-04-17,14,truth_social,cnn_truth_archive,theme:oil_energy_geopolitics,oil_energy_geopolitics,6,7,"Thank you to Saudi Arabia, UAE, and Qatar for your great bravery and help! President DONALD J. TRUMP"
116420484827577347,2026-04-17T14:20:20.537000+00:00,2026-04-17,14,truth_social,cnn_truth_archive,entity_mention|theme:defense_geopolitics,defense_geopolitics,7,8,"Iran, with the help of the U.S.A., has removed, or is removing, all sea mines! Thank you! President DJT"
116420534754267698,2026-04-17T14:33:02.358000+00:00,2026-04-17,14,truth_social,cnn_truth_archive,entity_mention,,1,2,A GREAT AND BRILLIANT DAY FOR THE WORLD! DJT
116420562510387829,2026-04-17T14:40:05.883000+00:00,2026-04-17,14,truth_social,cnn_truth_archive,sector_keywords|entity_mention|theme:defense_geopolitics,defense_geopolitics,6,7,Iran has agreed to never close the Strait of Hormuz again. It will no longer be used as a weapon against the World! President DONALD J. TRUMP
116420635683173112,2026-04-17T14:58:00+00:00,2026-04-17,14,truth_social,truth_social_dataset,theme:defense_geopolitics,defense_geopolitics,6,7,"The Failing New York Times, FAKE NEWS CNN, and others, just don’t know what to do. They are desperately looking for a reason to criticize President Donald J. Trump on the Iran situation, but just can’t find it. Why don’t they just say, at the right time, JOB WELL DONE, MR. PRESID"
116421668823698549,2026-04-17T19:21:26.920000+00:00,2026-04-17,19,truth_social,cnn_truth_archive,sector_keywords|entity_mention|theme:manufacturing_reshoring,manufacturing_reshoring,8,9,Trump Effect: Apple Expands American Manufacturing Program with 4 Partners: https://www.breitbart.com/tech/2026/03/26/trump-effect-apple-expands-american-manufacturing-program-with-4-partners/
116421671494376872,2026-04-17T19:22:00+00:00,2026-04-17,19,truth_social,truth_social_dataset,entity_mention,,1,2,Senate confirms DOJ’s new ‘War on Fraud’ prosecutor Colin McDonald — with VP Vance’s backing: https://nypost.com/2026/03/24/us-news/senate-confirms-dojs-new-top-fraud-prosecutor-colin-mcdonald/
116421975390940454,2026-04-17T20:39:00+00:00,2026-04-17,20,truth_social,truth_social_dataset,sector_keywords,,12,13,"Later today, I will be speaking to a BIG CROWD for Turning Point USA in the Great State of Arizona, then flying back to the White House and, therefore, will not be at Mar-a-Lago tonight for a very special event honoring our wonderful Congressman from Texas’ 13th Congressional Dis"
116423281657895037,2026-04-18T02:11:00+00:00,2026-04-18,2,truth_social,truth_social_dataset,sector_keywords|entity_mention,,6,7,Trump touts ‘historic’ $300B Texas refinery as first new US plant in nearly 50 years: https://www.foxbusiness.com/energy/trump-touts-historic-300b-texas-refinery-first-new-us-plant-nearly-50-years
116423336936103421,2026-04-18T02:25:40.296000+00:00,2026-04-18,2,truth_social,cnn_truth_archive,theme:china,china,13,14,"President Xi is very happy that the Strait of Hormuz is open and/or rapidly opening. Our meeting in China will be a special one and, potentially, Historic. I look forward to being with President Xi — Much will be accomplished! President DONALD J. TRUMP"
116423346036127010,2026-04-18T02:27:00+00:00,2026-04-18,2,truth_social,truth_social_dataset,sector_keywords|theme:defense_geopolitics|theme:manufacturing_reshoring,defense_geopolitics/manufacturing_reshoring,17,18,"Trump Tours Pharmaceutical Manufacturing Site in Cincinnati, Gives Update on Iran: 'Way Ahead of Schedule’: https://www.breitbart.com/middle-east/2026/03/11/trump-tours-pharmaceutical-manufacturing-site-in-cincinnati-gives-update-on-iran-way-ahead-of-schedule/amp/"
116425653087220924,2026-04-18T12:14:41.918000+00:00,2026-04-18,12,truth_social,cnn_truth_archive,sector_keywords|entity_mention|theme:defense_geopolitics,defense_geopolitics,6,7,"Has anybody looked at how badly the country of Spain is doing. Their financial numbers, despite contributing almost nothing to NATO and their military defense, are absolutely horrendous. Sad to watch!!!"
116428690626427742,2026-04-19T01:07:11.091000+00:00,2026-04-19,1,truth_social,cnn_truth_archive,entity_mention,,1,2,"Whether people like Israel or not, they have proven to be a GREAT Ally of the United States of America. They are Courageous, Bold, Loyal, and Smart and, unlike others that have shown their true colors in a moment of conflict and stress, Israel fights hard, and knows how to WIN! P"
116431297579272777,2026-04-19T12:10:00+00:00,2026-04-19,12,truth_social,truth_social_dataset,theme:defense_geopolitics,defense_geopolitics,6,7,"Iran decided to fire bullets yesterday in the Strait of Hormuz — A Total Violation of our Ceasefire Agreement! Many of them were aimed at a French Ship, and a Freighter from the United Kingdom. That wasn’t nice, was it? My Representatives are going to Islamabad, Pakistan — They w"
116432859604499088,2026-04-19T18:47:24.648000+00:00,2026-04-19,18,truth_social,cnn_truth_archive,theme:defense_geopolitics,defense_geopolitics,6,7,"Trump, Iran and the Bottom Line for American Interests: https://www.realclearpolitics.com/articles/2026/04/17/trump_iran_and_the_bottom_line_for_american_interests.html"
116432860421226752,2026-04-19T18:47:37.111000+00:00,2026-04-19,18,truth_social,cnn_truth_archive,theme:defense_geopolitics,defense_geopolitics,6,7,McLaughlin Poll: Voters Back Trump on Iran: https://www.newsmax.com/mclaughlin/midterm-republican-voters/2026/04/17/id/1253286/
116433000897070863,2026-04-19T19:23:00+00:00,2026-04-19,19,truth_social,truth_social_dataset,sector_keywords|entity_mention,,6,7,"Today, an Iranian-flagged cargo ship named TOUSKA, nearly 900 feet long and weighing almost as much as an aircraft carrier, tried to get past our Naval Blockade, and it did not go well for them. The U.S. Navy Guided Missile Destroyer USS SPRUANCE intercepted the TOUSKA in the Gul"
116433033991904343,2026-04-19T19:31:45.589000+00:00,2026-04-19,19,truth_social,cnn_truth_archive,sector_keywords|entity_mention|theme:tariffs_trade,tariffs_trade,19,20,"Tariffs Are a Discipline, Not a Press Release: https://www.wsj.com/opinion/tariffs-are-a-discipline-not-a-press-release-4022e09e"
116434776225677515,2026-04-20T02:54:49.966000+00:00,2026-04-20,2,truth_social,cnn_truth_archive,theme:defense_geopolitics,defense_geopolitics,6,7,Ruddy: Trump Already Won the War With 9 Victories: https://www.newsmax.com/ruddy/ruddy-donald-trump-iran/2026/04/16/id/1253115/
116436865777263574,2026-04-20T11:46:13.994000+00:00,2026-04-20,11,truth_social,cnn_truth_archive,sector_keywords|entity_mention,,6,7,Trump Economy: Retail sales and housing suggest a resilient consumer: https://justthenews.com/nation/states/center-square/everyday-economics-retail-sales-and-housing-suggest-resilient-consumer
116437457191403164,2026-04-20T14:16:00+00:00,2026-04-20,14,truth_social,truth_social_dataset,sector_keywords|entity_mention|theme:defense_geopolitics,defense_geopolitics,7,8,"Israel never talked me into the war with Iran, the results of Oct. 7th, added to my lifelong opinion that IRAN CAN NEVER HAVE A NUCLEAR WEAPON, did. I watch and read the FAKE NEWS Pundits and Polls in total disbelief. 90% of what they say are lies and made up stories, and the pol"
116438239629407600,2026-04-20T17:35:37.313000+00:00,2026-04-20,17,truth_social,cnn_truth_archive,sector_keywords|entity_mention|theme:defense_geopolitics,defense_geopolitics,16,17,"The DEAL that we are making with Iran will be FAR BETTER than the JCPOA, commonly referred to as ""The Iran Nuclear Deal,"" penned by Barack Hussein Obama and Sleepy Joe Biden, one of the Worst Deals ever made having to do with the Security of our Country. It was a guaranteed Road "
116438260195246849,2026-04-20T17:40:51.123000+00:00,2026-04-20,17,truth_social,cnn_truth_archive,sector_keywords|entity_mention|theme:defense_geopolitics,defense_geopolitics,6,7,"The Democrats are doing everything possible to hurt the very strong position we are in with respect to Iran. Despite World War I lasting 4 years, 3 months, and 14 days, World War II lasting 6 years and 1 day, the Korean War lasting 3 years, 1 month, and 2 days, the Vietnam War la"
116438381520104888,2026-04-20T18:11:42.394000+00:00,2026-04-20,18,truth_social,cnn_truth_archive,sector_keywords|theme:defense_geopolitics|theme:stock_market_macro,defense_geopolitics/stock_market_macro,7,8,"I'm winning a War, BY A LOT, things are going very well, our Military has been amazing and, if you read the Fake News, like The Failing New York Times, the absolutely horrendous and disgusting Wall Street Journal, or the now almost defunct, fortunately, Washington Post, you would"
116440475208030352,2026-04-21T03:04:00+00:00,2026-04-21,3,truth_social,truth_social_dataset,entity_mention,,1,2,"Prime Minister Keir Starmer of the United Kingdom acknowledged that he “exercised wrong judgement” when he chose his Ambassador to Washington. I agree, he was a really bad pick. Plenty of time to recover, however! President DJT"
116440547673226976,2026-04-21T03:22:35.267000+00:00,2026-04-21,3,truth_social,cnn_truth_archive,theme:defense_geopolitics,defense_geopolitics,6,7,"Operation Midnight Hammer was a complete and total obliteration of the Nuclear Dust sites in Iran. Therefore, digging it out will be a long and difficult process. Fake News CNN, and other corrupt Media Networks and Platforms, fail to give our great aviators the credit they deserv"
116442276577696798,2026-04-21T10:42:00+00:00,2026-04-21,10,truth_social,truth_social_dataset,entity_mention,,1,2,"I have always been a big fan of Tim Cook, and likewise, Steve Jobs, but if Steve was not taken from the Planet Earth so young, and ran the company instead of Tim, the company would have done well, but nowhere near as well as it has under Tim. For me it began with a phone call fro"
116442383515973098,2026-04-21T11:09:28.005000+00:00,2026-04-21,11,truth_social,cnn_truth_archive,theme:defense_geopolitics,defense_geopolitics,6,7,Iran has Violated the Cease Fire numerous times!
116442964943642737,2026-04-21T13:37:00+00:00,2026-04-21,13,truth_social,truth_social_dataset,sector_keywords|entity_mention|theme:defense_geopolitics|theme:stock_market_macro,defense_geopolitics/stock_market_macro,13,14,"Never allow the Traitor Democrats like Low IQ person Hakeem Jeffries, or Cryin’ Chuck Schumer, or the totally corrupt Fake News Media such as the phony and decaying Wall Street Journal, the Failing New York Times (Subscriptions way down!), or dying “60 Minutes,” to demean or crit"
116443819653096454,2026-04-21T17:14:00+00:00,2026-04-21,17,truth_social,truth_social_dataset,sector_keywords,,12,13,"It is my Great Honor to endorse America First Patriot, Anthony Constantino, who is running to represent the fantastic people of New York’s 21st Congressional District. Anthony is strongly supported by many of the most Highly Respected MAGA Warriors in our Movement, including Mayo"
116444507618729432,2026-04-21T20:09:00+00:00,2026-04-21,20,truth_social,truth_social_dataset,sector_keywords|entity_mention|theme:defense_geopolitics,defense_geopolitics,6,7,"STATEMENT OF PRESIDENT DONALD J. TRUMP:
Based on the fact that the Government of Iran is seriously fractured, not unexpectedly so and, upon the request of Field Marshal Asim Munir, and Prime Minister Shehbaz Sharif, of Pakistan, we have been asked to hold our Attack on the Countr"
116445317344745621,2026-04-21T23:35:00+00:00,2026-04-21,23,truth_social,truth_social_dataset,sector_keywords|entity_mention|theme:stock_market_macro|theme:defense_geopolitics,stock_market_macro/defense_geopolitics,13,14,"THE WALL STREET JOURNAL HAS LOST ITS WAY!
An IDIOT on The Wall Street Journal’s Editorial Board, named Elliot Kaufman, just wrote an Op Ed entitled, “The Iranians Take Trump for a Sucker.” Really? For 47 years, they have killed our people, and many others, and taken advantage of "
116445354771430027,2026-04-21T23:45:00+00:00,2026-04-21,23,truth_social,truth_social_dataset,sector_keywords|entity_mention|theme:tariffs_trade,tariffs_trade,19,20,"Wacko James Carville, a so-called Democrat “strategist,” wants the Democrats to make D.C. and Puerto Rico States and, most importantly, pack the Supreme Court, putting 13 Justices on the Court. Other Dems want 21 Justices. If they pull off adding these two States, these Country D"
116445555373723862,2026-04-22T00:36:00+00:00,2026-04-22,0,truth_social,truth_social_dataset,theme:defense_geopolitics,defense_geopolitics,6,7,"Iran doesn’t want the Strait of Hormuz closed, they want it open so they can make $500 Million Dollars a day (which is, therefore, what they are losing if it is closed!). They only say they want it closed because I have it totally BLOCKADED (CLOSED!), so they merely want to “save"
116445894900653474,2026-04-22T02:02:27.480000+00:00,2026-04-22,2,truth_social,cnn_truth_archive,sector_keywords|theme:tariffs_trade,tariffs_trade,19,20,Salena Zito: Trump has a way with Pennsylvania. This interview shows why.https://www.washingtonpost.com/opinions/2025/11/19/trump-interview-pennsylvania-steel-tariffs/
116446191940811375,2026-04-22T03:17:59.955000+00:00,2026-04-22,3,truth_social,cnn_truth_archive,entity_mention,,1,2,"US intel secretly flagged major 2020 election vulnerabilities, including voter data, memo: https://justthenews.com/politics-policy/elections/us-intel-flagged-major-2020-election-vulnerabilities-including-voter"
116448643198694972,2026-04-22T13:41:00+00:00,2026-04-22,13,truth_social,truth_social_dataset,sector_keywords|entity_mention|theme:tariffs_trade|theme:china,tariffs_trade/china,19,20,"How can the Democrats not like how the U.S. Supreme Court votes. The Democrat Justices stick together like glue, NEVER failing to wander from the warped and perverse policies, ideas, and cases put before them. They ALWAYS vote as a group, or BLOCK, even that new, Low IQ person, t"
116449089632063189,2026-04-22T15:34:55.250000+00:00,2026-04-22,15,truth_social,cnn_truth_archive,theme:defense_geopolitics,defense_geopolitics,6,7,MORNING GLORY: Will President Trump go full Sherman in the war on Iran?https://www.foxnews.com/opinion/morning-glory-president-trump-go-full-sherman-war-iran
116449429763121963,2026-04-22T17:01:25.268000+00:00,2026-04-22,17,truth_social,cnn_truth_archive,theme:defense_geopolitics,defense_geopolitics,6,7,"RT: https://truthsocial.com/users/realDonaldTrump/statuses/116442908819175250Very good news! I have just been informed that the eight women protestors who were going to be executed tonight in Iran will no longer be killed. Four will be released immediately, and four will be sente"
116451794319444191,2026-04-23T03:02:00+00:00,2026-04-23,3,truth_social,truth_social_dataset,theme:defense_geopolitics,defense_geopolitics,6,7,Trump says Iran won’t execute 8 women after he demanded their release: https://nypost.com/2026/04/22/us-news/trump-says-iran-wont-execute-8-women-after-he-pleaded-for-their-release/
116454087460626531,2026-04-23T12:45:00+00:00,2026-04-23,12,truth_social,truth_social_dataset,sector_keywords|entity_mention,,6,7,"I have ordered the United States Navy to shoot and kill any boat, small boats though they may be (Their naval ships are ALL, 159 of them, at the bottom of the sea!), that is putting mines in the waters of the Strait of Hormuz. There is to be no hesitation. Additionally, our mine "
116454200707517482,2026-04-23T13:14:00+00:00,2026-04-23,13,truth_social,truth_social_dataset,sector_keywords|entity_mention|theme:defense_geopolitics,defense_geopolitics,6,7,"Iran is having a very hard time figuring out who their leader is! They just don’t know! The infighting is between the “Hardliners,” who have been losing BADLY on the battlefield, and the “Moderates,” who are not very moderate at all (but gaining respect!), is CRAZY! We have total"
116454250724920799,2026-04-23T13:27:00+00:00,2026-04-23,13,truth_social,truth_social_dataset,entity_mention|theme:defense_geopolitics,defense_geopolitics,7,8,"Very true!!! President DJT
Marc Thiessen: Trump doesn’t need a deal to get what he wants from Iran: https://www.washingtonpost.com/opinions/2026/04/22/trump-best-move-iran-negotiations/"
116455187676369886,2026-04-23T17:25:00+00:00,2026-04-23,17,truth_social,truth_social_dataset,sector_keywords|entity_mention,,6,7,"John Phelan is a long time friend, and very successful businessman, who did an outstanding job serving as my Secretary Of The Navy for the last year. John helped my Administration rebuild Sleepy Joe Biden’s rapidly depleted, and almost abandoned, Navy. Now, because of John, and a"
116455405423651208,2026-04-23T18:21:00+00:00,2026-04-23,18,truth_social,truth_social_dataset,sector_keywords|entity_mention|theme:defense_geopolitics,defense_geopolitics,6,7,"For those people, fewer in number now than ever before, that are reading The Failing New York Times, or watching Fake News CNN, that think that I am “anxious” to end the War (if you would even call it that!) with Iran, please be advised that I am possibly the least pressured pers"
116456354024090916,2026-04-23T22:22:21.041000+00:00,2026-04-23,22,truth_social,cnn_truth_archive,theme:agriculture,agriculture,0,1,"In December, I signed a very important Executive Order calling for Research and Innovation for Hemp-derived CBD — Something that has made a HUGE difference for so many people. In fact, ONE in FIVE adults used it in the past year, and many say it improved their chronic pain enormo"
116456358242090182,2026-04-23T22:23:25.402000+00:00,2026-04-23,22,truth_social,cnn_truth_archive,entity_mention,,1,2,I LOVE TRUTH SOCIAL! President DONALD J. TRUMP
116456468852658900,2026-04-23T22:51:00+00:00,2026-04-23,22,truth_social,truth_social_dataset,sector_keywords|entity_mention,,6,7,"It was my Great Honor to meet with the Mayor of Los Angeles, Karen Bass, Fifth District Supervisor Kathryn Barger (Los Angeles County Board of Supervisors), and the Supervisor’s Chief of Staff, Anna Mouradian, to discuss the progress made on the horrific fires that ravaged Los An"
116457753768206600,2026-04-24T04:18:00+00:00,2026-04-24,4,truth_social,truth_social_dataset,entity_mention,,1,2,Cryin’ Chuck Schumer should resign over this. He won’t be missed! President DJT
116457756634688413,2026-04-24T04:19:03.177000+00:00,2026-04-24,4,truth_social,cnn_truth_archive,entity_mention,,1,2,Great Patriots!!! President DJT
116457972455781406,2026-04-24T05:13:56.349000+00:00,2026-04-24,5,truth_social,cnn_truth_archive,entity_mention,,1,2,"The Southern Poverty Law Center, one of the greatest political scams in American History, has been charged with FRAUD. This is another Democrat Hoax, along with Act Blue, and many others. If it is true, the 2020 Presidential Election should be permanently wiped from the books and"
116461251395384536,2026-04-24T19:07:00+00:00,2026-04-24,19,truth_social,truth_social_dataset,sector_keywords|entity_mention|theme:tariffs_trade,tariffs_trade,19,20,"People and Companies that have taken advantage of our Country for decades, because of the horrible and ridiculous United States Supreme Court decision on Tariffs, are now supposed to be given back 159 Billion Dollars. All they had to do was one little half sentence, “that the Uni"
116471074928310119,2026-04-26T12:46:04.248000+00:00,2026-04-26,12,truth_social,cnn_truth_archive,sector_keywords|entity_mention,,6,7,"What happened last night is exactly the reason that our great Military, Secret Service, Law Enforcement and, for different reasons, every President for the last 150 years, have been DEMANDING that a large, safe, and secure Ballroom be built ON THE GROUNDS OF THE WHITE HOUSE. This"
116474402720502063,2026-04-27T02:52:22.292000+00:00,2026-04-27,2,truth_social,cnn_truth_archive,entity_mention,,1,2,"Lee and Kim Greenwood, two of the most spectacular people, had their first grandchild on April 17th. They were with me from the very beginning - Total loyalty, and Lee gave me the greatest walk on song of all time, nothing even close!!! Congratulations to you both!!! Love, Presid"
116474434041424846,2026-04-27T03:00:20.277000+00:00,2026-04-27,3,truth_social,cnn_truth_archive,entity_mention,,1,2,GREAT IDEA!!! DO IT.  President DJT
116479452865634973,2026-04-28T00:16:41.393000+00:00,2026-04-28,0,truth_social,cnn_truth_archive,sector_keywords|entity_mention,,6,7,"America's Elections are Rigged, Stolen, and a Laughingstock all over the World. We are either going to fix them, or we won't have a Country any longer. I am asking all Republicans to fight for the following: SAVE AMERICA ACT!1. ALL VOTERS MUST SHOW VOTER I.D. (IDENTIFICATION!).2."
116482505797913052,2026-04-28T13:13:00+00:00,2026-04-28,13,truth_social,truth_social_dataset,entity_mention,,1,2,"Wow, that’s nice. I’ve always wanted to live in Buckingham Palace!!! I’ll talk to the King and Queen about this in a few minutes!!! President DJT"
116482569681977454,2026-04-28T13:29:00+00:00,2026-04-28,13,truth_social,truth_social_dataset,theme:defense_geopolitics,defense_geopolitics,6,7,"Iran has just informed us that they are in a “State of Collapse.” They want us to “Open the Hormuz Strait,” as soon as possible, as they try to figure out their leadership situation (Which I believe they will be able to do!). Thank you for your attention to this matter! President"
116483733181582907,2026-04-28T18:25:00+00:00,2026-04-28,18,truth_social,truth_social_dataset,sector_keywords|entity_mention|theme:defense_geopolitics,defense_geopolitics,6,7,"The Chancellor of Germany, Friedrich Merz, thinks it’s OK for Iran to have a Nuclear Weapon. He doesn’t know what he’s talking about! If Iran had a Nuclear Weapon, the whole World would be held hostage. I am doing something with Iran, right now, that other Nations, or Presidents,"
116486959174837748,2026-04-29T08:05:00+00:00,2026-04-29,8,truth_social,truth_social_dataset,entity_mention|theme:defense_geopolitics,defense_geopolitics,7,8,Iran can’t get their act together. They don’t know how to sign a nonnuclear deal. They better get smart soon! President DJT
116490196510215628,2026-04-29T21:48:56.397000+00:00,2026-04-29,21,truth_social,cnn_truth_archive,sector_keywords|entity_mention,,6,7,"The United States is studying and reviewing the possible reduction of Troops in Germany, with a determination to be made over the next short period of time. Thank you for your attention to this matter! President DONALD J. TRUMP"
116490221112397902,2026-04-29T21:55:00+00:00,2026-04-29,21,truth_social,truth_social_dataset,sector_keywords|entity_mention|theme:fed_rates,fed_rates,6,7,Jerome “Too Late” Powell wants to stay at the Fed because he can’t get a job anywhere else — Nobody wants him. President DONALD J. TRUMP
116490320065457761,2026-04-29T22:20:00+00:00,2026-04-29,22,truth_social,truth_social_dataset,entity_mention,,1,2,"Intel Stock continues to rise. I’m very proud of that Company in that I am responsible for making the United States of America over 30 Billion Dollars in the last 90 days on that stock alone. There are others that, likewise, I have been very successful with by taking pieces of th"
116490493540315586,2026-04-29T23:04:28.719000+00:00,2026-04-29,23,truth_social,cnn_truth_archive,entity_mention,,1,2,"Robert Hardman has written an amazing book about the incredible life of the beloved and deeply respected Queen Elizabeth II. In his research, Robert discovers many interesting things about the Queen, King Charles, and other members of the Royal Family. Robert's book, ""Elizabeth I"
116491469825575424,2026-04-30T03:12:45.649000+00:00,2026-04-30,3,truth_social,cnn_truth_archive,theme:defense_geopolitics,defense_geopolitics,6,7,Harvard Harris Poll: Strong Majority back President Trump on Iran Nuclear stoppage.
116491559257751897,2026-04-30T03:35:00+00:00,2026-04-30,3,truth_social,truth_social_dataset,entity_mention,,1,2,"“86” is a mob term for “kill him.” They say 86 him! 86 47 means “kill President Trump.”James Comey, who is a Dirty Cop, one of the worst, knows this full well! EIGHT MILES OUT, SIX FEET DOWN! Didn’t he also lie to the FBI about this??? I think so! President DJT"
116493880308071365,2026-04-30T13:25:46.692000+00:00,2026-04-30,13,truth_social,cnn_truth_archive,entity_mention,,1,2,"When is ABC Fake News Network firing seriously unfunny Jimmy Kimmel, who incompetently presides over one of the Lowest Rated shows on Television? People are angry. It better be soon!!! President DJT"
116493939901285486,2026-04-30T13:40:56.010000+00:00,2026-04-30,13,truth_social,cnn_truth_archive,sector_keywords|entity_mention|theme:defense_geopolitics,defense_geopolitics,13,14,"The Chancellor of Germany should spend more time on ending the war with Russia/Ukraine (Where he has been totally ineffective!), and fixing his broken Country, especially Immigration and Energy, and less time on interfering with those that are getting rid of the Iran Nuclear thre"
116495078448348822,2026-04-30T18:30:00+00:00,2026-04-30,18,truth_social,truth_social_dataset,sector_keywords|entity_mention|theme:tariffs_trade,tariffs_trade,19,20,"In Honor of the King and Queen of the United Kingdom, who have just left the White House, soon headed back to their wonderful Country, I will be removing the Tariffs and Restrictions on Whiskey having to do with Scotland’s ability to work with the Commonwealth of Kentucky on Whis"
116496713231472397,2026-05-01T01:26:13.674000+00:00,2026-05-01,1,truth_social,cnn_truth_archive,sector_keywords|entity_mention|theme:defense_geopolitics,defense_geopolitics,7,8,"Great job by highly respected Navy Commander Kirk Lippold in interview with Jesse Watters on FoxNews. Very smart and insightful concerning Iran, and more. Thank you, Commander! President DJT"
116500111621281950,2026-05-01T15:50:28.985000+00:00,2026-05-01,15,truth_social,cnn_truth_archive,sector_keywords|theme:tariffs_trade|theme:manufacturing_reshoring,tariffs_trade/manufacturing_reshoring,19,20,"I am pleased to announce that, based on the fact the European Union is not complying with our fully agreed to Trade Deal, next week I will be increasing Tariffs charged to the European Union for Cars and Trucks coming into the United States. The Tariff will be increased to 25%. I"
116501805768129307,2026-05-01T23:01:19.612000+00:00,2026-05-01,23,truth_social,cnn_truth_archive,sector_keywords|theme:agriculture,agriculture,12,13,"It is my Great Honor to endorse America First Patriot, Ralph Alvarado, M.D., who is running to represent the incredible people of Kentucky's 6th Congressional District. A true friend to MAGA, Ralph was a featured Speaker at the 2016 Republican National Convention, and a Member of"
116507414650995614,2026-05-02T22:47:00+00:00,2026-05-02,22,truth_social,truth_social_dataset,theme:defense_geopolitics,defense_geopolitics,6,7,"I will soon be reviewing the plan that Iran has just sent to us, but can’t imagine that it would be acceptable in that they have not yet paid a big enough price for what they have done to Humanity, and the World, over the last 47 years. Thank you for your attention to this matter"
116511291851057573,2026-05-03T15:13:45.752000+00:00,2026-05-03,15,truth_social,cnn_truth_archive,sector_keywords|entity_mention|theme:defense_geopolitics,defense_geopolitics,6,7,"Trump Administration to Withdraw Thousands of Troops From NATO Ally Germany, Pentagon Says: https://www.breitbart.com/europe/2026/05/02/trump-admin-to-withdraw-thousands-of-troops-from-nato-ally-germany/"
116511293838078879,2026-05-03T15:14:00+00:00,2026-05-03,15,truth_social,truth_social_dataset,sector_keywords|entity_mention,,6,7,"Trump Tells German Chancellor Merz ‘Fix Your Broken Country,’ Mulls Pulling U.S. Troops from Spain and Italy: https://www.breitbart.com/europe/2026/05/01/trump-tells-german-chancellor-merz-to-fix-his-broken-country-mulls-pulling-u-s-troops-from-spain-and-italy/"
116512555123589170,2026-05-03T20:35:00+00:00,2026-05-03,20,truth_social,truth_social_dataset,theme:defense_geopolitics,defense_geopolitics,6,7,"Countries from all over the World, almost all of which are not involved in the Middle Eastern dispute going on so visibly, and violently, for all to see, have asked the United States if we could help free up their Ships, which are locked up in the Strait of Hormuz, on something w"
116514034239300873,2026-05-04T02:51:11.278000+00:00,2026-05-04,2,truth_social,cnn_truth_archive,entity_mention,,1,2,"TERMINATE THE FILIBUSTER, AND WIN!!! President DJT"
116516271982832945,2026-05-04T12:20:00+00:00,2026-05-04,12,truth_social,truth_social_dataset,entity_mention,,1,2,"When a devastated (he was crying like a baby!) Van Jones of CNN came to me with a group of African American leaders, he had “DEAD” in getting Criminal Justice Reform approved in Congress. Van Jones and these Black reps had been unsuccessfully fighting to get “Reform” for many yea"
116517438678419639,2026-05-04T17:16:00+00:00,2026-05-04,17,truth_social,truth_social_dataset,theme:defense_geopolitics,defense_geopolitics,6,7,"Iran has taken some shots at unrelated Nations with respect to the Ship Movement, PROJECT FREEDOM, including a South Korean Cargo Ship. Perhaps it’s time for South Korea to come and join the mission! We’ve shot down seven small Boats or, as they like to call them, “fast” Boats. I"
116517816855483204,2026-05-04T18:53:00+00:00,2026-05-04,18,truth_social,truth_social_dataset,sector_keywords|entity_mention|theme:fed_rates,fed_rates,6,7,“Too Late” is a DISASTER for America! Interest Rates too high!
116523627142757976,2026-05-05T19:30:47.365000+00:00,2026-05-05,19,truth_social,cnn_truth_archive,sector_keywords|entity_mention|theme:manufacturing_reshoring|theme:agriculture,manufacturing_reshoring/agriculture,11,12,"Jon Husted is doing an incredible job as Senator for the Great State of Ohio! He served as your Lieutenant Governor for seven years prior to becoming a very distinguished and well respected Senator.Jon is a wonderful man, has ALWAYS delivered for Ohio, and will continue doing so "
116523634757376645,2026-05-05T19:32:00+00:00,2026-05-05,19,truth_social,truth_social_dataset,sector_keywords,,12,13,"Congressman Bob Latta is a Tremendous Champion for Ohio’s 5th Congressional District!
A Proven Leader, Bob has served his Community well as a Highly Respected State Legislator, Wood County Commissioner, and Attorney, prior to becoming a distinguished Congressman. In Congress, he "
116523632174562839,2026-05-05T19:32:04.147000+00:00,2026-05-05,19,truth_social,cnn_truth_archive,sector_keywords|theme:agriculture,agriculture,12,13,"Congressman Dave Taylor is doing an incredible job representing the wonderful people of Ohio's 2nd Congressional District!A very successful Small Businessman, Dave knows the America First Policies necessary to Create GREAT Jobs, Unleash Innovation, and Restore American Energy DOM"
116523633469830954,2026-05-05T19:32:23.912000+00:00,2026-05-05,19,truth_social,cnn_truth_archive,sector_keywords|entity_mention,,6,7,"Congressman Jim Jordan is an America First Patriot who is doing an incredible job representing Ohio's 4th Congressional District!As Chairman of the House Judiciary Committee, Jim is fighting tirelessly to Protect our Country against the Marxists, Socialists, and Communists on the"
116523636065860576,2026-05-05T19:33:03.520000+00:00,2026-05-05,19,truth_social,cnn_truth_archive,sector_keywords,,12,13,"Congressman Mike Rulli is an America First Patriot who is doing a fantastic job representing Ohio's 6th Congressional District!A successful Businessman, Civic Leader, and State Senator, prior to becoming a respected Congressman, Mike has dedicated his life to serving his Communit"
116523638644471502,2026-05-05T19:33:42.870000+00:00,2026-05-05,19,truth_social,cnn_truth_archive,sector_keywords,,12,13,"Warren Davidson is a fantastic Representative for the Great People of Ohio's 8th Congressional District!A West Point Graduate and U.S. Army Ranger, Warren knows the Wisdom and Courage that is required to Defend our Country, Support our incredible Military/Veterans, and Ensure PEA"
116523640234080613,2026-05-05T19:34:07.126000+00:00,2026-05-05,19,truth_social,cnn_truth_archive,sector_keywords,,12,13,"Congressman Mike Turner is doing a truly fantastic job representing the wonderful people of Ohio's 10th Congressional District!As a Senior Member of the POWERFUL House Armed Services Committee, Mike understands the Wisdom and Courage required to Defend our Country, Support our in"
116523646768165419,2026-05-05T19:35:46.828000+00:00,2026-05-05,19,truth_social,cnn_truth_archive,sector_keywords,,12,13,"Congressman Troy Balderson is a terrific Representative for the incredible people of Ohio's 12th Congressional District!A Proven Leader, Troy served as a Highly Respected State Legislator and Businessman, prior to becoming a very distinguished U.S. Congressman. He is fighting tir"
116523651666642820,2026-05-05T19:37:01.573000+00:00,2026-05-05,19,truth_social,cnn_truth_archive,sector_keywords,,12,13,"Congressman Dave Joyce is doing an incredible job representing the wonderful people of Ohio's 14th Congressional District!A former Criminal Prosecutor, Dave strongly supports our incredible Law Enforcement, Military, and Veterans. He knows the Wisdom and Courage required to ensur"
116523653529950815,2026-05-05T19:37:30.002000+00:00,2026-05-05,19,truth_social,cnn_truth_archive,sector_keywords,,12,13,"Congressman Mike Carey is a Fantastic Advocate for Ohio's 15th Congressional District!As a Member of the POWERFUL House Ways & Means Committee, Mike understands the America First Policies required to Create GREAT Jobs, Cut Taxes and Regulations, Unleash American Energy DOMINANCE,"
116523684674729350,2026-05-05T19:45:00+00:00,2026-05-05,19,truth_social,truth_social_dataset,sector_keywords|theme:agriculture,agriculture,12,13,"Congressman Max Miller is a fantastic Champion for the Great People of Ohio’s 7th Congressional District!
Max bravely served our Country in the U.S. Marine Corps and, during my First Administration, worked hard to advance our AMERICA FIRST Agenda. In Congress, Max continues to fi"
116524418935002706,2026-05-05T22:52:09.156000+00:00,2026-05-05,22,truth_social,cnn_truth_archive,sector_keywords|entity_mention|theme:defense_geopolitics,defense_geopolitics,6,7,"Based on the request of Pakistan and other Countries, the tremendous Military Success that we have had during the Campaign against the Country of Iran and, additionally, the fact that Great Progress has been made toward a Complete and Final Agreement with Representatives of Iran,"
116527444859592032,2026-05-06T11:41:00+00:00,2026-05-06,11,truth_social,truth_social_dataset,theme:defense_geopolitics,defense_geopolitics,6,7,"Assuming Iran agrees to give what has been agreed to, which is, perhaps, a big assumption, the already legendary Epic Fury will be at an end, and the highly effective Blockade will allow the Hormuz Strait to be OPEN TO ALL, including Iran. If they don’t agree, the bombing starts,"
116529029015091841,2026-05-06T18:24:00+00:00,2026-05-06,18,truth_social,truth_social_dataset,sector_keywords,,12,13,"State Representative “MAGA” Meg Weinberger is an America First Patriot who is doing an incredible job representing Florida’s 94th State House District!
Meg is MAGA all the way, and has been with us from the very beginning, helping advance our AMERICA FIRST Agenda. In the State Ho"
116530619109975255,2026-05-07T01:08:56.321000+00:00,2026-05-07,1,truth_social,cnn_truth_archive,sector_keywords|entity_mention,,7,8,"Chuck Devore, Army Intelligence, was fantastic tonight on Jesse Watters. Thank you Chuck!!! President DJT"
116530635363991354,2026-05-07T01:13:04.338000+00:00,2026-05-07,1,truth_social,cnn_truth_archive,entity_mention,,1,2,"Washington D.C. CRIME is at its lowest point in 30 years, plus! President DJT"
116530650590886544,2026-05-07T01:16:00+00:00,2026-05-07,1,truth_social,truth_social_dataset,theme:stock_market_macro,stock_market_macro,0,1,Stock Market hit an ALL-TIME HIGH TODAY. Jobs & 401-K’s are BOOMING!!!
116530958523656778,2026-05-07T02:35:15.361000+00:00,2026-05-07,2,truth_social,cnn_truth_archive,entity_mention,,1,2,Wow. Study this Chart! President DJT
116532960075277957,2026-05-07T11:04:00+00:00,2026-05-07,11,truth_social,truth_social_dataset,entity_mention,,1,2,"A highly accurate depiction of the Sleepy Joe Biden Administration. Tremendous damage done but, WE’RE BACK!!! President DJT"
116533234584336287,2026-05-07T12:14:05.358000+00:00,2026-05-07,12,truth_social,cnn_truth_archive,entity_mention,,1,2,The Real Deal - GOLD - At Doral in Miami. Put there by great American Patriots!!! President DJT
116533436964740040,2026-05-07T13:05:00+00:00,2026-05-07,13,truth_social,truth_social_dataset,entity_mention,,1,2,"This lunatic, Hakeem “Low IQ” Jeffries, should be charged with INCITING VIOLENCE! The Radical Left Democrats actually want to Destroy our Country. President DJT"
116534681802624852,2026-05-07T18:22:08.087000+00:00,2026-05-07,18,truth_social,cnn_truth_archive,sector_keywords|entity_mention|theme:tariffs_trade,tariffs_trade,19,20,"Just concluded my meeting with Luiz Inácio Lula da Silva, the very dynamic President of Brazil. We discussed many topics, including Trade and, specifically, Tariffs. The meeting went very well. Our Representatives are scheduled to get together to discuss certain key elements. Add"
116534860307993853,2026-05-07T19:07:00+00:00,2026-05-07,19,truth_social,truth_social_dataset,sector_keywords|theme:tariffs_trade|theme:defense_geopolitics,tariffs_trade/defense_geopolitics,23,24,"I had a great call with The President of the European Commission, Ursula von der Leyen. We discussed many topics, including that we are completely united that Iran can never have a Nuclear Weapon. We agreed that a regime that kills its own people cannot control a bomb that can ki"
116534955446755104,2026-05-07T19:31:00+00:00,2026-05-07,19,truth_social,truth_social_dataset,sector_keywords|theme:agriculture,agriculture,12,13,"It is my Great Honor to endorse MAGA Warrior, Jackson Lahmeyer, who is running to represent the fantastic people of Oklahoma’s 1st Congressional District, and has been with me from the very beginning of our Movement to, MAKE AMERICA GREAT AGAIN!
Jackson was the Founder of “Pastor"
116535672760322109,2026-05-07T22:34:00+00:00,2026-05-07,22,truth_social,truth_social_dataset,sector_keywords|theme:defense_geopolitics,defense_geopolitics,7,8,"Three World Class American Destroyers just transited, very successfully, out of the Strait of Hormuz, under fire. There was no damage done to the three Destroyers, but great damage done to the Iranian attackers. They were completely destroyed along with numerous small boats, whic"
116538296068946492,2026-05-08T09:41:17.485000+00:00,2026-05-08,9,truth_social,cnn_truth_archive,entity_mention,,1,2,June 14th. Biggest ever!!! DJT
116539515540417858,2026-05-08T14:51:25.075000+00:00,2026-05-08,14,truth_social,cnn_truth_archive,entity_mention,,1,2,Bryson DeChambeau and Gary Player doing 50 Push Ups at the White House for the reinstatement of the Presidential Fitness Test! President DJT
116539519628279146,2026-05-08T14:52:27.450000+00:00,2026-05-08,14,truth_social,cnn_truth_archive,entity_mention,,1,2,Amazing — Bryson doing 30 Pull Ups at the White House for the reinstatement of the Presidential Fitness Test! President DJT
116541441748752361,2026-05-08T23:01:00+00:00,2026-05-08,23,truth_social,truth_social_dataset,theme:jobs_economy,jobs_economy,0,1,"Happy Mother's Day weekend to all, especially to the 115 THOUSAND AMERICANS who found jobs in the month of April alone! As usual, over 90 percent of Bloomberg Economists (nearly all of whom have a ""Terminal"" case of TRUMP DERANGEMENT SYNDROME!) underestimated the strength of the "
116542198092493172,2026-05-09T02:13:37.570000+00:00,2026-05-09,2,truth_social,cnn_truth_archive,sector_keywords|entity_mention|theme:tariffs_trade,tariffs_trade,19,20,"Congratulations to John Swinney on winning his Re-Election for First Minister of Scotland. He is a good man, who worked very hard, along with the King and Queen of the United Kingdom, with respect to Tariff relief for Great Scottish Whiskey — and deserves this Big Electoral Victo"
116544665997769022,2026-05-09T12:41:14.854000+00:00,2026-05-09,12,truth_social,cnn_truth_archive,theme:defense_geopolitics,defense_geopolitics,6,7,Very important. This is where our Nation stands!!!  President DJThttps://justthenews.com/government/security/majority-say-preventing-iran-acquiring-nukes-more-important-ending-war-poll
116551553302876569,2026-05-10T17:52:00+00:00,2026-05-10,17,truth_social,truth_social_dataset,sector_keywords|entity_mention|theme:defense_geopolitics,defense_geopolitics,12,13,"Iran has been playing games with the United States, and the rest of the World, for 47 years (DELAY, DELAY, DELAY!), and then finally hit “pay dirt” when Barack Hussein Obama became President. He was not only good to them, he was great, actually going to their side, jettisoning Is"
116551749766563494,2026-05-10T18:42:00+00:00,2026-05-10,18,truth_social,truth_social_dataset,sector_keywords|entity_mention,,6,7,"Palestinian Chuck Schumer is hiring Eric Holder, famous for handing guns to Mexican cartels under the Barack Hussein Obama administration, as part of a Democrat-led ""Election Integrity Group"" that will no doubt try to suppress Republican voters, and interfere in our Elections. Fu"
116551754542554867,2026-05-10T18:43:00+00:00,2026-05-10,18,truth_social,truth_social_dataset,sector_keywords|entity_mention|theme:manufacturing_reshoring,manufacturing_reshoring,7,8,"ALL FEDERAL AGENCIES MUST BUY AMERICAN — NO EXCUSES! For decades, Washington politicians sent your Taxpayer Dollars overseas, and let Foreign Countries rip us off while our Workers, Factories, and Supply Chains were left behind. That betrayal is OVER. My Administration is strengt"
116552084797839159,2026-05-10T20:07:00+00:00,2026-05-10,20,truth_social,truth_social_dataset,sector_keywords|theme:manufacturing_reshoring|theme:tariffs_trade,manufacturing_reshoring/tariffs_trade,19,20,"The Sleazebag, Radical Left Congressman from the failed State of California, Ro Khanna, should not be allowed on FoxNews unless you have an “anchor” who is capable of disputing his lies, one after another, and closing down his FAKE (Bullshit!) narrative. He is similar, but worse "
116552089783940030,2026-05-10T20:09:00+00:00,2026-05-10,20,truth_social,truth_social_dataset,theme:defense_geopolitics,defense_geopolitics,6,7,"Exclusive — Kurdish Leader: Trump Is ‘Master of the Deal,’ Can Land Major Deal to End Iran War and Create Worldwide Economic Boom: https://www.breitbart.com/politics/2026/05/10/exclusive-kurdish-leader-trump-is-master-of-the-deal-can-land-major-deal-to-end-iran-war-and-create-wor"
116552102914488206,2026-05-10T20:12:00+00:00,2026-05-10,20,truth_social,truth_social_dataset,theme:defense_geopolitics,defense_geopolitics,6,7,I have just read the response from Iran’s so-called “Representatives.” I don’t like it — TOTALLY UNACCEPTABLE! Thank you for your attention to this matter. President DONALD J. TRUMP
116552244024465774,2026-05-10T20:48:26.328000+00:00,2026-05-10,20,truth_social,cnn_truth_archive,sector_keywords|entity_mention|theme:tariffs_trade,tariffs_trade,19,20,"""Any money paid to the United States of America does not have to be paid back"" — That sentence, if added by the Supreme Court to its highly disputed Tariff decision, would have saved America 159 Billion Dollars! President DONALD J. TRUMP"
116552659719497289,2026-05-10T22:34:09.330000+00:00,2026-05-10,22,truth_social,cnn_truth_archive,sector_keywords|entity_mention|theme:tariffs_trade,tariffs_trade,19,20,"I ""Love"" Justice Neil Gorsuch! He's a really smart and good man, but he voted against me, and our Country, on Tariffs, a devastating move. How do I reconcile this? So bad, and hurtful to our Country. I have, likewise, always liked and respected Amy Coney Barrett, but the same thi"
116558170867310769,2026-05-11T21:55:42.811000+00:00,2026-05-11,21,truth_social,cnn_truth_archive,theme:china,china,13,14,"I am very much looking forward to my trip to China, an amazing Country, with a Leader, President Xi, respected by all. Great things will happen for both Countries! President DONALD J. TRUMP"
116558534552033932,2026-05-11T23:28:12.201000+00:00,2026-05-11,23,truth_social,cnn_truth_archive,sector_keywords|entity_mention|theme:stock_market_macro,stock_market_macro,6,7,"As I said at my State of the Union Address on February 25th, the American Dream of Homeownership is under attack. For example, Rachel Wiggins, a mom of two, from Houston, placed bids on 20 homes, and lost all of those bids to gigantic Investment Firms that bypassed inspection, pa"
116559887253123676,2026-05-12T05:12:00+00:00,2026-05-12,5,truth_social,truth_social_dataset,entity_mention,,1,2,"The Failing New York Times, which is one of the worst newspapers anywhere in the World, and is losing subscribers on an hourly basis, is now at it again. Just like they covered my Landslide 2024 Presidential Election Victory inaccurately, and without shame, constantly making majo"
116561201966385448,2026-05-12T10:46:00+00:00,2026-05-12,10,truth_social,truth_social_dataset,entity_mention,,1,2,"The Failing New York Times, which is one of the worst newspapers anywhere in the World, and is losing subscribers on an hourly basis, is now at it again. Just like they covered my Landslide 2024 Presidential Election Victory inaccurately, and without shame, constantly making majo"
116561460158049642,2026-05-12T11:52:00+00:00,2026-05-12,11,truth_social,truth_social_dataset,entity_mention|theme:china,china,14,15,"No Republican has ever spoken to me about Cuba, which is a failed country and only heading in one direction - down! Cuba is asking for help, and we are going to talk!!! In the meantime, I’m off to China! President DJT"
116563252057470018,2026-05-12T19:27:55.620000+00:00,2026-05-12,19,truth_social,cnn_truth_archive,sector_keywords|entity_mention,,6,7,"I want to thank Dr. Marty Makary for having done a great job at the FDA. So much was accomplished under his leadership. He was a hard worker, who was respected by all, and will go on to have an outstanding career in Medicine. Kyle Diamantas, a very talented person, will be put in"
116563472755399975,2026-05-12T20:24:00+00:00,2026-05-12,20,truth_social,truth_social_dataset,sector_keywords|theme:defense_geopolitics,defense_geopolitics,12,13,"When the Fake News says that the Iranian enemy is doing well, Militarily, against us, it’s virtual TREASON in that it is such a false, and even preposterous, statement. They are aiding and abetting the enemy! All it does is give Iran false hope when none should exist. These are A"
116565066757116256,2026-05-13T03:09:25.703000+00:00,2026-05-13,3,truth_social,cnn_truth_archive,sector_keywords|entity_mention|theme:china|theme:aerospace_aviation,china/aerospace_aviation,19,20,"CNBC incorrectly reported that the Great Jensen Huang, of Nvidia, was not invited to the incredible gathering of the World's Greatest Businessmen/women proudly going to China. In actuality, Jensen is currently on Air Force One and, unless I ask him to leave, which is highly unlik"
116575104401917058,2026-05-14T21:42:00+00:00,2026-05-14,21,truth_social,truth_social_dataset,sector_keywords|entity_mention|theme:china|theme:stock_market_macro|theme:tariffs_trade|theme:defense_geopolitics,china/stock_market_macro/tariffs_trade/defense_geopolitics,23,24,"When President Xi very elegantly referred to the United States as perhaps being a declining nation, he was referring to the tremendous damage we suffered during the four years of Sleepy Joe Biden and the Biden Administration, and on that score, he was 100% correct. Our Country su"
116577740502580740,2026-05-15T08:52:31.777000+00:00,2026-05-15,8,truth_social,cnn_truth_archive,sector_keywords|entity_mention,,6,7,"I am proud to announce the site of the NATIONAL GARDEN OF AMERICAN HEROES. This magnificent exhibition of statues will be located in West Potomac Park, which we are transforming into one of the World's most beautiful public spaces. Right now, it is a totally BARREN field of Prime"
116577975964537452,2026-05-15T09:52:24.641000+00:00,2026-05-15,9,truth_social,cnn_truth_archive,entity_mention,,1,2,"This is a statue, now standing at Doral, that was commissioned by a large group of political supporters who just wanted a statue of yours truly. I very much appreciate their support, and all that they went through to get it done! They are very good people. Those playing the Blue "
116578023743355359,2026-05-15T10:04:00+00:00,2026-05-15,10,truth_social,truth_social_dataset,theme:china,china,13,14,"China has a Ballroom, and so should the U.S.A.! It’s under construction, ahead of schedule, and will be the finest facility of its kind anywhere in the U.S.A. Thank you for all the support I have been given in getting this project going. Scheduled opening will be around September"
116578950880982545,2026-05-15T14:00:00+00:00,2026-05-15,14,truth_social,truth_social_dataset,sector_keywords|theme:agriculture,agriculture,12,13,"Highly Respected America First Congresswoman, Julia Letlow, of the wonderful State of Louisiana, is a Great Star, has been from the very beginning, and only gets better! Julia is running for the United States Senate in Louisiana, a place I love and WON BIG, six times, including P"
116582139808210458,2026-05-16T03:31:00+00:00,2026-05-16,3,truth_social,truth_social_dataset,sector_keywords|entity_mention,,6,7,"Tonight, at my direction, brave American forces and the Armed Forces of Nigeria flawlessly executed a meticulously planned and very complex mission to eliminate the most active terrorist in the world from the battlefield. Abu-Bilal al-Minuki, second in command of ISIS globally, t"
116584623668841124,2026-05-16T14:03:00+00:00,2026-05-16,14,truth_social,truth_social_dataset,entity_mention,,1,2,No games!!! Watch what’s next on your favorite subject! President DJT
116584999440204144,2026-05-16T15:38:34.308000+00:00,2026-05-16,15,truth_social,cnn_truth_archive,entity_mention,,1,2,RT: https://truthsocial.com/users/realDonaldTrump/statuses/116584998513616323This is so cool. Watch! President DJT
116585301605450436,2026-05-16T16:55:24.983000+00:00,2026-05-16,16,truth_social,cnn_truth_archive,sector_keywords|entity_mention,,6,7,"The Reflecting Pool between the Lincoln Memorial and the Washington Monument, approximately 2,030 feet, versus the tallest buildings in the U.S.A. Obama and Biden spent more than 100 Million Dollars trying to fix it. The estimated cost of their ""fix up"" was 355 Million Dollars. I"
116586488927495029,2026-05-16T21:57:00+00:00,2026-05-16,21,truth_social,truth_social_dataset,sector_keywords|entity_mention,,6,7,"GOOD RIDDANCE! After 15 years of Dumocrats promising that “Climate Change” is going to destroy the Planet, the United Nations TOP Climate Committee just admitted that its own projections (RCP8.5) were WRONG! WRONG! WRONG! For far too long Climate Activism has been used by Dumocra"
116586605115993784,2026-05-16T22:26:00+00:00,2026-05-16,22,truth_social,truth_social_dataset,sector_keywords|entity_mention|theme:agriculture,agriculture,6,7,"Word is that Rand Paul and Lauren Boebert, two very difficult, and highly unreasonable, Republican Votes, are right now in the Great Commonwealth of Kentucky, which I won by 31 points, parading around like fools for the Worst “Republican” Congressman in the History of our Party! "
116587615659706793,2026-05-17T02:43:54.687000+00:00,2026-05-17,2,truth_social,cnn_truth_archive,sector_keywords|entity_mention,,6,7,"Congratulations to Congresswoman Julia Letlow on a fantastic race, beating an Incumbent Senator by Record Setting Numbers. This is the first time in History that a sitting Senator has lost by such large numbers in a Primary, unable to even go forward. Julia Letlow is a fantastic "
116588075000941546,2026-05-17T04:40:43.642000+00:00,2026-05-17,4,truth_social,cnn_truth_archive,theme:agriculture,agriculture,0,1,"Tom Massie of Kentucky, the worst and most unreliable Republican Congressman in the history of our Country, is an even bigger insult to our Nation than Senator Bill Cassidy of Louisiana, who suffered an unprecedented loss tonight by not even being allowed to run in the Republican"
116589795851243755,2026-05-17T11:58:21.734000+00:00,2026-05-17,11,truth_social,cnn_truth_archive,sector_keywords|entity_mention|theme:taxes,taxes,7,8,"Bad Congressman Tom Massie voted against Tax Cuts, the Border Wall, our Military and Law Enforcement. Actually, he voted against almost everything that is good. The Worst Republican Congressman in History. Kentucky, vote the bum out on Tuesday. We can't live with this troublemake"
116589922190393582,2026-05-17T12:30:00+00:00,2026-05-17,12,truth_social,truth_social_dataset,entity_mention|theme:china,china,14,15,"I HOPE EVERYBODY AT REDEDICATE 250 IS HAVING A GOOD TIME. IF THERE IS ANYTHING I CAN DO TO HELP, JUST HAVE OUR BEAUTIFUL, BOTH INSIDE AND OUT, RACHAEL C.D., GIVE ME A CALL. I’M BACK FROM CHINA!!! President DJT"
116590914302000241,2026-05-17T16:42:00+00:00,2026-05-17,16,truth_social,truth_social_dataset,entity_mention|theme:defense_geopolitics,defense_geopolitics,7,8,"For Iran, the Clock is Ticking, and they better get moving, FAST, or there won’t be anything left of them. TIME IS OF THE ESSENCE! President DJT"
116591756607268698,2026-05-17T20:17:00.494000+00:00,2026-05-17,20,truth_social,cnn_truth_archive,sector_keywords|theme:agriculture|theme:taxes,agriculture/taxes,7,8,"Third Rate Congressman Thomas Massie, a Weak and Pathetic RINO from the Great Commonwealth of Kentucky, a place I love, and won big SIX TIMES, including all Primaries, must be thrown out of office, ASAP! He is the Worst ""Republican"" Congressman in History, voting against Tax Cuts"
116591904858301243,2026-05-17T20:54:42.624000+00:00,2026-05-17,20,truth_social,cnn_truth_archive,sector_keywords|entity_mention,,6,7,Exclusive — Greek Energy Minister: Trump's 'Trademark Move' with Allies and Adversaries Alike Is Energy Diplomacy: https://www.breitbart.com/politics/2026/05/17/exclusive-greek-energy-minister-trumps-trademark-move-with-allies-and-adversaries-alike-is-energy-diplomacy/
116596094940250402,2026-05-18T14:40:18.205000+00:00,2026-05-18,14,truth_social,cnn_truth_archive,sector_keywords|entity_mention|theme:defense_geopolitics|theme:china,defense_geopolitics/china,18,19,"If Iran surrenders, admits their Navy is gone and resting at the bottom of the sea, and their Air Force is no longer with us, and if their entire Military walks out of Tehran, weapons dropped and hands held high, each shouting ""I surrender, I surrender"" while wildly waving the re"
116596758110436520,2026-05-18T17:28:00+00:00,2026-05-18,17,truth_social,truth_social_dataset,sector_keywords,,12,13,"Highly Respected Senator, “Coach” Tommy Tuberville, is running for Governor of Alabama, a place I love and WON BIG, six times, including Primaries, in 2016, 2020, and 2024!
A former SEC Championship winning College Football Coach, and now, as a Highly Respected U.S. Senator, Tomm"
116596755023574758,2026-05-18T17:28:00+00:00,2026-05-18,17,truth_social,truth_social_dataset,sector_keywords,,12,13,"Congressman Barry Moore, an America First Patriot who has been with me from the very beginning (He was the first Elected Official in the Country to Endorse me!), is running for the United States Senate in Alabama, a place I love and WON BIG in 2016, 2020, and 2024, getting the hi"
116596760317568079,2026-05-18T17:29:31.053000+00:00,2026-05-18,17,truth_social,cnn_truth_archive,sector_keywords|theme:agriculture,agriculture,12,13,"John Wahl, the Highly Respected former Chairman of the Alabama GOP, is running for Lieutenant Governor of Alabama. John has been with us from the very beginning, and has been key to our many Republican Victories in the Great State of Alabama, which I won with the Highest Vote in "
116596769671488963,2026-05-18T17:31:00+00:00,2026-05-18,17,truth_social,truth_social_dataset,sector_keywords|theme:agriculture,agriculture,12,13,"Congressman Dale Strong is a terrific Representative for the incredible people of Alabama’s 5th Congressional District!
Dale has a Strong Record of SUCCESS, and compelling support from his Community. In Congress, he is fighting tirelessly to Champion our Amazing Farmers and Ranch"
116596768206267512,2026-05-18T17:31:00+00:00,2026-05-18,17,truth_social,truth_social_dataset,sector_keywords|theme:agriculture,agriculture,12,13,"Congressman Robert Aderholt is a Tremendous Champion for Alabama’s 4th Congressional District!
As a Member of the POWERFUL House Appropriations Committee, Robert knows the America First Policies required to Create GREAT Jobs, Cut Taxes and Regulations, Promote MADE IN THE U.S.A.,"
116596766766629053,2026-05-18T17:31:00+00:00,2026-05-18,17,truth_social,truth_social_dataset,sector_keywords,,12,13,"Congressman Mike Rogers is doing a truly fantastic job representing the Great People of Alabama’s 3rd Congressional District!
As the first Chairman of the House Armed Services Committee from Alabama, Mike is working tirelessly to advance our AMERICA FIRST Agenda. He knows the Wis"
116596776798992620,2026-05-18T17:33:00+00:00,2026-05-18,17,truth_social,truth_social_dataset,sector_keywords,,12,13,"Highly Respected and very popular Lieutenant Governor, Burt Jones, is running to be the next Governor of the Great State of Georgia, a very special place to me in that we had a BIG Presidential Election Win on November 5, 2024!
As the first member of the Georgia State Assembly to"
116596780652861457,2026-05-18T17:34:00+00:00,2026-05-18,17,truth_social,truth_social_dataset,sector_keywords,,12,13,"Congressman Rich McCormick is an incredibly Strong Advocate for the Great People of Georgia’s 7th Congressional District!
A distinguished Emergency Room Doctor and Marine Helicopter Pilot, Rich knows the America First Policies required to Defend our Country, Support our Brave Mil"
116596779505000504,2026-05-18T17:34:00+00:00,2026-05-18,17,truth_social,truth_social_dataset,sector_keywords|theme:agriculture,agriculture,12,13,"Congressman Brian Jack, who has been with us from the very beginning, is a MAGA Warrior and Tremendous Champion of Georgia’s 3rd Congressional District!
In my First Term, Brian strongly advocated for our America First Agenda as White House Political Director. Now, Brian has disti"
116596778354691139,2026-05-18T17:34:00+00:00,2026-05-18,17,truth_social,truth_social_dataset,sector_keywords,,12,13,"It is my Great Honor to endorse MAGA Warrior, Jim Kingston, who is running to represent the fantastic people of Georgia’s 1st Congressional District.
A very successful Businessman, Civic Leader, and Conservative Activist, Jim has dedicated his life to serving his Community. Jim's"
116596785594736554,2026-05-18T17:35:00+00:00,2026-05-18,17,truth_social,truth_social_dataset,sector_keywords,,12,13,"Congressman Clay Fuller is a Tremendous Champion for Georgia’s 14th Congressional District!
Previously District Attorney for the Lookout Mountain Judicial Circuit, and Air National Guard Officer, Clay knows the Wisdom and Courage required to Defend our Country, Support our Brave "
116596784273199801,2026-05-18T17:35:00+00:00,2026-05-18,17,truth_social,truth_social_dataset,sector_keywords|theme:agriculture,agriculture,12,13,"It is my Great Honor to endorse Highly Respected State Representative Houston Gaines, who is running to represent the Incredible People of Georgia’s 10th Congressional District.
An Eighth-Generation Georgian, Houston has served as a State Representative since 2019, authoring more"
116596783240681689,2026-05-18T17:35:00+00:00,2026-05-18,17,truth_social,truth_social_dataset,sector_keywords|theme:jobs_economy,jobs_economy,12,13,"Congressman Andrew Clyde is doing a truly fantastic job representing the Great People of Georgia’s 9th Congressional District!
A Brave U.S. Navy Veteran, Andrew knows the Wisdom and Courage required to Defend our Country, Support our incredible Military/Veterans, and Ensure PEACE"
116596781952316386,2026-05-18T17:35:00+00:00,2026-05-18,17,truth_social,truth_social_dataset,sector_keywords|theme:agriculture,agriculture,12,13,"Congressman Austin Scott is doing a truly fantastic job representing the wonderful people of Georgia’s 8th Congressional District!
As Vice Chairman of the House Agriculture Committee, Austin is a strong and effective Voice for American Agriculture, and our amazing Farmers and Ran"
116596786617753204,2026-05-18T17:36:00+00:00,2026-05-18,17,truth_social,truth_social_dataset,sector_keywords|theme:agriculture|theme:jobs_economy,agriculture/jobs_economy,12,13,"Senator Jim Risch is doing a tremendous job representing the incredible people of Idaho, a State I love, and WON BIG, in 2016, 2020, and 2024!
As the Chair of the Senate Foreign Relations Committee, Jim is fighting tirelessly to advance our America First Agenda. He is working har"
116596787690387334,2026-05-18T17:36:28.733000+00:00,2026-05-18,17,truth_social,cnn_truth_archive,sector_keywords|entity_mention|theme:agriculture,agriculture,6,7,"Brad Little is the strong and highly popular Governor of Idaho, a State I love and WON BIG in 2016, 2020, and 2024! As Governor, Brad is fighting tirelessly to Champion Idaho Values, Promote our Great Farmers and Ranchers, Grow the Economy, Cut Taxes and Regulations, Keep our Bor"
116596788604142327,2026-05-18T17:36:42.675000+00:00,2026-05-18,17,truth_social,cnn_truth_archive,sector_keywords|theme:agriculture,agriculture,12,13,"Scott Bedke has been a tremendous Lieutenant Governor of Idaho, a place I love and WON BIG in 2016, 2020, and 2024! A very successful Businessman, Cattle Rancher, and Highly Respected Speaker of the Idaho House, prior to becoming a very distinguished Lieutenant Governor, working "
116596789847728321,2026-05-18T17:37:00+00:00,2026-05-18,17,truth_social,truth_social_dataset,sector_keywords|theme:agriculture,agriculture,12,13,"Congressman Russ Fulcher is a Tremendous Champion for Idaho’s 1st Congressional District!
A Fourth Generation Idahoan, Russ served as a State Senator for 10 years prior to becoming a very distinguished and respected U.S. Congressman. He is fighting tirelessly to Grow our Economy,"
116596875891253854,2026-05-18T17:58:00+00:00,2026-05-18,17,truth_social,truth_social_dataset,sector_keywords|theme:agriculture,agriculture,12,13,"Proven Political Winner Andy Barr is running for the United States Senate in the Great Commonwealth of Kentucky, a place I love and WON BIG, six times, including Primaries, in 2016, 2020, and 2024!
I know Andy well, and he is always a Vote we can count on because he knows what it"
116596878160158798,2026-05-18T17:59:00+00:00,2026-05-18,17,truth_social,truth_social_dataset,sector_keywords,,12,13,"Congressman Brett Guthrie is a Tremendous Champion for Kentucky’s 2nd Congressional District!
As the Chairman of the House Energy and Commerce Committee, Brett is working tirelessly to Advance American Energy DOMINANCE, Create GREAT Jobs, Cut Taxes and Regulations, Promote MADE I"
116596877181238370,2026-05-18T17:59:00+00:00,2026-05-18,17,truth_social,truth_social_dataset,sector_keywords,,12,13,"Congressman James Comer is a fantastic Representative for the Great People of Kentucky’s 1st Congressional District!
As the Chairman of the House Oversight Committee, James is fighting tirelessly to hold the Radical Left Accountable for their Blatant Corruption, and the Death and"
116596880033987241,2026-05-18T17:59:57.784000+00:00,2026-05-18,17,truth_social,cnn_truth_archive,sector_keywords|theme:agriculture|theme:taxes,agriculture/taxes,7,8,"Third Rate Congressman Thomas Massie, a Weak and Pathetic RINO from the Great Commonwealth of Kentucky, a place I love, and won big SIX TIMES, including all Primaries, must be thrown out of office, ASAP! He is the Worst ""Republican"" Congressman in History, voting against Tax Cuts"
116596882765269968,2026-05-18T18:00:00+00:00,2026-05-18,18,truth_social,truth_social_dataset,sector_keywords|theme:agriculture,agriculture,12,13,"It is my Great Honor to endorse America First Patriot, Ralph Alvarado, M.D., who is running to represent the incredible people of Kentucky’s 6th Congressional District.
A true friend to MAGA, Ralph was a featured Speaker at the 2016 Republican National Convention, and a Member of"
116596881163776390,2026-05-18T18:00:00+00:00,2026-05-18,18,truth_social,truth_social_dataset,sector_keywords,,12,13,"Congressman Hal Rogers is an incredibly strong advocate for the wonderful people of Kentucky’s 5th Congressional District!
The Dean of the U.S. House, Hal has never stopped fighting for the Working Men and Women of Kentucky’s Appalachian region. In Congress, Hal is working tirele"
116596884228601762,2026-05-18T18:01:00+00:00,2026-05-18,18,truth_social,truth_social_dataset,sector_keywords,,12,13,"Congressman Cliff Bentz is a Tremendous Champion for Oregon’s 2nd Congressional District!
A Proven Leader, Cliff has served his Community well as a Highly Respected State Legislator, Chair of the Oregon Water Resources Commission, and Attorney, prior to becoming a very distinguis"
116596886701876953,2026-05-18T18:01:39.525000+00:00,2026-05-18,18,truth_social,cnn_truth_archive,sector_keywords,,12,13,"Highly Respected and very popular State Treasurer, Stacy Garrity, is running to be the next Governor of the GREAT Commonwealth of Pennsylvania, a very special place to me in that we had a LANDSLIDE Presidential Election Win on November 5, 2024! A successful Businesswoman, retired"
116596889981654017,2026-05-18T18:02:00+00:00,2026-05-18,18,truth_social,truth_social_dataset,sector_keywords|entity_mention,,6,7,"Congressman Rob Bresnahan is a terrific Representative of Pennsylvania’s 8th Congressional District!
A Highly Successful Businessman, Rob is working hard to Create Jobs, Cut Taxes and Regulations, and Unleash the American Dream. In Congress, Rob is fighting tirelessly to Keep our"
116596888179070875,2026-05-18T18:02:00+00:00,2026-05-18,18,truth_social,truth_social_dataset,sector_keywords|theme:jobs_economy,jobs_economy,12,13,"Congressman Ryan Mackenzie is an America First Patriot, who is doing an incredible job representing the Great People of Pennsylvania’s 7th Congressional District!
In Congress, Ryan is fighting tirelessly to Grow the Economy, Create Jobs, Cut Taxes and Regulations, Keep our Border"
116596896925470225,2026-05-18T18:04:00+00:00,2026-05-18,18,truth_social,truth_social_dataset,sector_keywords,,12,13,"Congressman Dan Meuser is an America First Patriot who is doing an incredible job representing Pennsylvania’s 9th Congressional District!
A very successful Businessman, former Secretary of Revenue of Pennsylvania, and now, as U.S. Congressman, Dan has strongly served his Communit"
116596905764472591,2026-05-18T18:06:00+00:00,2026-05-18,18,truth_social,truth_social_dataset,sector_keywords|theme:agriculture,agriculture,12,13,"Congressman Lloyd Smucker is a terrific Representative for the wonderful people of Pennsylvania’s 11th Congressional District!
A Proven Leader, Lloyd served as a Highly Respected State Senator and Businessman, prior to becoming a very distinguished U.S. Congressman. In Congress, "
116596904558108860,2026-05-18T18:06:00+00:00,2026-05-18,18,truth_social,truth_social_dataset,sector_keywords|entity_mention,,6,7,"Congressman Scott Perry is a tremendous Representative for the Great People of Pennsylvania’s 10th Congressional District!
A retired Army Brigadier General, Scott is a MAGA Warrior, who always puts AMERICA FIRST. Scott is working tirelessly with me to Keep our Border SECURE, Stop"
116596908950858501,2026-05-18T18:07:00+00:00,2026-05-18,18,truth_social,truth_social_dataset,sector_keywords,,12,13,"Congressman John Joyce is a fantastic Champion for Pennsylvania’s 13th Congressional District!
An Original Member of my Pennsylvania Federal Leadership Team, John is fighting hard in Congress to Grow the Economy, Keep our Border SECURE, Stop Migrant Crime, Unleash American Energy"
116596915281576526,2026-05-18T18:08:00+00:00,2026-05-18,18,truth_social,truth_social_dataset,sector_keywords,,12,13,"Congressman Guy Reschenthaler is doing an incredible job representing Pennsylvania’s 14th Congressional District!
As the Chief Deputy Whip, Guy is working closely with me to Advance our America First Agenda. He is fighting hard to Keep our Border SECURE, Stop Migrant Crime, Grow "
116596918461615816,2026-05-18T18:09:00+00:00,2026-05-18,18,truth_social,truth_social_dataset,sector_keywords|theme:agriculture,agriculture,12,13,"Congressman Glenn “GT” Thompson is a Tremendous Champion for Pennsylvania’s 15th Congressional District!
As Chairman of the House Agriculture Committee, GT is a strong and effective voice for American Agriculture, and our amazing Farmers and Ranchers. In Congress, he is fighting "
116596919606833613,2026-05-18T18:10:00+00:00,2026-05-18,18,truth_social,truth_social_dataset,sector_keywords,,12,13,"Congressman Mike Kelly, who has been with us from the very beginning, is a Tremendous Champion of Pennsylvania’s 16th Congressional District!
As a Senior Member of the POWERFUL House Ways & Means Committee, Mike understands the America First Policies required to Create GREAT Jobs"
116597121700043134,2026-05-18T19:01:25.316000+00:00,2026-05-18,19,truth_social,cnn_truth_archive,sector_keywords|entity_mention|theme:defense_geopolitics|theme:oil_energy_geopolitics,defense_geopolitics/oil_energy_geopolitics,12,13,"I have been asked by the Emir of Qatar, Tamim bin Hamad Al Thani, the Crown Prince of Saudi Arabia, Mohammed bin Salman Al Saud, and the President of the United Arab Emirates, Mohamed bin Zayed Al Nahyan, to hold off on our planned Military attack of the Islamic Republic of Iran,"
116597291788723732,2026-05-18T19:44:00+00:00,2026-05-18,19,truth_social,truth_social_dataset,sector_keywords|theme:agriculture,agriculture,12,13,"Congressman Mike Simpson is a Fantastic Advocate for Idaho’s 2nd Congressional District!
Mike served as the Highly Respected Speaker of the Idaho House of Representatives, prior to becoming a very distinguished U.S. Congressman. In Congress, he is fighting tirelessly to Grow our "
116597290806570176,2026-05-18T19:44:00+00:00,2026-05-18,19,truth_social,truth_social_dataset,sector_keywords,,12,13,"Congressman Rick Allen is an incredible Representative of Georgia’s 12th Congressional District!
As a Member of the POWERFUL House Energy and Commerce Committee, Rick is working tirelessly to Promote MADE IN THE U.S.A., Advance American Energy DOMINANCE, Create GREAT Jobs, Cut Ta"
116602192066577324,2026-05-19T16:30:00+00:00,2026-05-19,16,truth_social,truth_social_dataset,sector_keywords|theme:stock_market_macro|theme:defense_geopolitics|theme:jobs_economy|theme:agriculture,stock_market_macro/defense_geopolitics/jobs_economy/agriculture,12,13,"The Highly Respected Attorney General of Texas, Ken Paxton, an America First Patriot, and someone who has always been extremely loyal to me and our AMAZING MAGA MOVEMENT, is running for the United States Senate, to represent a place I love and WON, BIG, three times, with 6.4 Mill"
116603387456971704,2026-05-19T21:34:00+00:00,2026-05-19,21,truth_social,truth_social_dataset,theme:defense_geopolitics,defense_geopolitics,6,7,"I have long said that the horrific tragedy that beset East Palestine in 2023, along with Sleepy Joe Biden’s utterly incompetent response, must NEVER happen again. I quickly and strongly stood up for, and visited, the incredible Patriots of East Palestine, an action that forced Bi"
116610177964428920,2026-05-21T02:21:00+00:00,2026-05-21,2,truth_social,truth_social_dataset,sector_keywords|entity_mention|theme:tariffs_trade,tariffs_trade,19,20,"Akio Toyoda goes full MAGA in star-spangled, BBQ-slathered, F-150-truckin’, NASCAR-styled charm offensive: https://www.autonews.com/toyota/an-toyota-akio-toyoda-maga-nascar-trump-japan-tariff-1116/"
116614442694237946,2026-05-21T20:26:22.712000+00:00,2026-05-21,20,truth_social,cnn_truth_archive,sector_keywords|entity_mention,,6,7,"Based on the successful Election of the now President of Poland, Karol Nawrocki, who I was proud to Endorse, and our relationship with him, I am pleased to announce that the United States will be sending an additional 5,000 Troops to Poland. Thank you for your attention to this m"
116614942442210781,2026-05-21T22:33:00+00:00,2026-05-21,22,truth_social,truth_social_dataset,sector_keywords|entity_mention|theme:taxes,taxes,6,7,"It is my Great Honor to endorse America First Patriot, Derek Merrin, who is running to represent the wonderful people of Ohio’s 9th Congressional District!
Derek is running against a Radical Left Democrat, and Career Politician, named Marcy Kaptur, who tried to raise Taxes by ove"
116615022975327653,2026-05-21T22:53:00+00:00,2026-05-21,22,truth_social,truth_social_dataset,sector_keywords|entity_mention,,6,7,"Big Vote today (48-1!) in the Energy and Commerce Committee on a Bill including The Sunshine Protection Act, which will be making Daylight Saving Time Permanent! This is so important in that Hundreds of Millions of Dollars are spent every year by people, Cities, and States, being"
116615029293475348,2026-05-21T22:55:00+00:00,2026-05-21,22,truth_social,truth_social_dataset,sector_keywords,,12,13,"It is my Great Honor to endorse MAGA Warrior, Kenny Cody, who is running to represent the fantastic people of Tennessee’s 11th State House District.
A very successful School Teacher, Civic Leader, Conservative Journalist and Activist, Kenny has dedicated his life to serving his C"
116615755510809391,2026-05-22T02:00:14.770000+00:00,2026-05-22,2,truth_social,cnn_truth_archive,entity_mention,,1,2,Have it!!! Great. President DJT
116617983460296482,2026-05-22T11:26:50.514000+00:00,2026-05-22,11,truth_social,cnn_truth_archive,theme:stock_market_macro,stock_market_macro,0,1,NEW STOCK MARKET RECORD!
116618310463377683,2026-05-22T12:50:00.186000+00:00,2026-05-22,12,truth_social,cnn_truth_archive,entity_mention,,1,2,Glenn Jacobs has a BIG political future in Tennessee - A great guy!!! President DJT
116618410517308849,2026-05-22T13:15:00+00:00,2026-05-22,13,truth_social,truth_social_dataset,entity_mention,,1,2,"People don’t remember that Thom Tillis, the weak and ineffective Senator from the Great State of North Carolina, a State I won, including primaries, 6 consecutive times, didn’t have the courage to fight it out in the Senate, remain in place, and run again for office, a thing he d"
116618545735076530,2026-05-22T13:49:50.147000+00:00,2026-05-22,13,truth_social,cnn_truth_archive,entity_mention,,1,2,"I gave up a lot of money in allowing the just announced Anti-Weaponization Fund to go forward. I could have settled my case, including the illegal release of my Tax Returns and the equally illegal BREAK IN of Mar-a-Lago, for an absolute fortune. Instead, I am helping others, who "
116624935281735015,2026-05-23T16:54:00+00:00,2026-05-23,16,truth_social,truth_social_dataset,sector_keywords|entity_mention,,6,7,America’s love affair with the road endures: https://www.washingtonexaminer.com/opinion/columnists/4570231/america-love-affair-roads-automobiles/
116624932696824292,2026-05-23T16:54:00+00:00,2026-05-23,16,truth_social,truth_social_dataset,theme:china|theme:defense_geopolitics,china/defense_geopolitics,17,18,Trump’s Global Gambit: How Strikes On Iran And Venezuela Are Fueling America’s Economic Comeback And Checking China: https://loomered.com/2026/04/28/trumps-global-gambit-how-strikes-on-iran-and-venezuela-are-fueling-americas-economic-comeback-and-checking-china/
116625784011805994,2026-05-23T20:30:37.481000+00:00,2026-05-23,20,truth_social,cnn_truth_archive,theme:defense_geopolitics|theme:oil_energy_geopolitics,defense_geopolitics/oil_energy_geopolitics,12,13,"I am in the Oval Office at the White House where we just had a very good call with President Mohammed bin Salman Al Saud, of Saudi Arabia, Mohammed bin Zayed Al Nahyan, of The United Arab Emirates, Emir Tamim bin Hamad bin Khalifa Al Thani, Prime Minister Mohammed bin Abdulrahman"
116627078084596411,2026-05-24T01:59:00+00:00,2026-05-24,1,truth_social,truth_social_dataset,entity_mention,,1,2,"The Democrats just released an “Autopsy” of their 2024 Presidential Campaign, typos and all, but they refused to discuss two very important words, BAD POLICY. The candidates, Sleepy Joe and then, Kamala, weren’t so “HOT” either! President DJT"
116629446282651415,2026-05-24T12:01:59.369000+00:00,2026-05-24,12,truth_social,cnn_truth_archive,entity_mention,,1,2,This is a bad (Sick!) group of people. Very destructive to our great Nation. Caused tremendous damage through Weaponization! President DJT
116629487458314957,2026-05-24T12:12:00+00:00,2026-05-24,12,truth_social,truth_social_dataset,theme:china,china,13,14,“President Xi and President Trump are AMAZING!”
116629486748113104,2026-05-24T12:12:16.821000+00:00,2026-05-24,12,truth_social,cnn_truth_archive,theme:china,china,13,14,"""President Xi and President Trump are AMAZING!"""
116629885537147552,2026-05-24T13:53:00+00:00,2026-05-24,13,truth_social,truth_social_dataset,entity_mention,,1,2,The Dumocrats don’t want to allow FISHING. Fighting us in Court. Bad for the environment. Amazing! President DJT
116629952973301768,2026-05-24T14:10:50.824000+00:00,2026-05-24,14,truth_social,cnn_truth_archive,sector_keywords|entity_mention|theme:defense_geopolitics,defense_geopolitics,6,7,"One of the worst deals ever made by our Country was the Iran Nuclear Deal, put forth and signed into existence by Barack Hussein Obama and the rank amateurs of the Obama Administration. It was a direct path to Iran developing a Nuclear Weapon. Not so with the transaction currentl"
116630919376298273,2026-05-24T18:16:00+00:00,2026-05-24,18,truth_social,truth_social_dataset,sector_keywords|entity_mention|theme:defense_geopolitics,defense_geopolitics,7,8,"If I make a deal with Iran, it will be a good and proper one, not like the one made by Obama, which gave Iran massive amounts of CASH, and a clear and open path to a Nuclear Weapon. Our deal is the exact opposite, but nobody has seen it, or knows what it is. It isn’t even fully n"
116631216958431697,2026-05-24T19:32:00+00:00,2026-05-24,19,truth_social,truth_social_dataset,sector_keywords|theme:agriculture,agriculture,12,13,"It is my Great Honor to endorse Ty Masterson, a fantastic Candidate running to be the next Governor of the Great State of Kansas, a place I love and WON BIG in 2016, 2020, and 2024! Ty will run on the Republican “ticket” with my friend, the Great U.S. Senator Roger Marshall, who,"
116631542989338692,2026-05-24T20:55:00+00:00,2026-05-24,20,truth_social,truth_social_dataset,sector_keywords|entity_mention,,6,7,"TEXAS, REMEMBER! Ken Paxton was a GREAT Attorney General, probably the best in the Country. He was also very loyal to your favorite President, ME, as the Dumocrats played their ultimate game of Weaponization, and failed, BADLY! I LOVE Texas, and WON it all three times, getting, b"
116632780751574963,2026-05-25T02:09:59.326000+00:00,2026-05-25,2,truth_social,cnn_truth_archive,entity_mention,,1,2,The voice and genius of the great Dana White (UFC!). Thank you Dana! President DJT
116634668906719597,2026-05-25T10:10:10.259000+00:00,2026-05-25,10,truth_social,cnn_truth_archive,sector_keywords|entity_mention|theme:defense_geopolitics,defense_geopolitics,7,8,"I laugh at all of the Dumocrats, RINOS, and Fools who know nothing about the potential deal I am making with Iran, things that haven't even been negotiated yet, weak and ineffective people like failed Senator Thom Tillis (Soon out of office!), Bill Cassidy, who just suffered a ma"
116635119382599342,2026-05-25T12:04:43.939000+00:00,2026-05-25,12,truth_social,cnn_truth_archive,entity_mention,,1,2,Mike: Thank you for your nice words on Fox. We are on the same path. Keep up the great work. Good luck on the Show! President DJT
116635193825443617,2026-05-25T12:23:00+00:00,2026-05-25,12,truth_social,truth_social_dataset,theme:defense_geopolitics|theme:oil_energy_geopolitics,defense_geopolitics/oil_energy_geopolitics,12,13,"Negotiations with the Islamic Republic of Iran are proceeding nicely! It will only be a Great Deal for all or, no Deal at all — Back to the Battlefront and shooting, but bigger and stronger than ever before — And nobody wants that! During my discussions on Saturday with President"
116637404995923093,2026-05-25T21:45:59.630000+00:00,2026-05-25,21,truth_social,cnn_truth_archive,sector_keywords|entity_mention|theme:defense_geopolitics,defense_geopolitics,13,14,"The Enriched Uranium (Nuclear Dust!) will either be immediately turned over to the United States to be brought home and destroyed or, preferably, in conjunction and coordination with the Islamic Republic of Iran, destroyed in place or, at another acceptable location, with the Ato"
116640319334016190,2026-05-26T10:07:08.936000+00:00,2026-05-26,10,truth_social,cnn_truth_archive,entity_mention,,1,2,Great job on FoxNews by Alex Gray. Thanks Alex!!! President DJT
116640630404037479,2026-05-26T11:26:00+00:00,2026-05-26,11,truth_social,truth_social_dataset,entity_mention,,1,2,"Historian, and far beyond that, Victor Davis Hanson, is GREAT. That’s all I have to say. There is no further explanation needed. A fantastic man! President DJT"
116640837468653063,2026-05-26T12:18:55.043000+00:00,2026-05-26,12,truth_social,cnn_truth_archive,entity_mention,,1,2,Great job by Congressman Derrick Van Orden on FoxNews. A real PRO! President DJT
116641867405994600,2026-05-26T16:40:50.602000+00:00,2026-05-26,16,truth_social,cnn_truth_archive,sector_keywords|entity_mention,,7,8,Just finished my 6 month physical at Walter Reed Military Medical Center. Everything checked out PERFECTLY. Thank you to the great Doctors and Staff! Heading back to the White House. President DJT
116642799421262985,2026-05-26T20:37:00+00:00,2026-05-26,20,truth_social,truth_social_dataset,sector_keywords,,12,13,"Highly Respected Congressman Byron Donalds is running for Governor of Florida, a State that I love, and WON BIG, in 2016, 2020, and 2024.
I know Byron well, have seen him tested at the highest and most difficult levels, and he is a TOTAL WINNER! Byron has a great wife, Erika, and"
116646286868516993,2026-05-27T11:24:00+00:00,2026-05-27,11,truth_social,truth_social_dataset,sector_keywords|entity_mention,,7,8,"Congratulations to Ken Paxton on such a tremendous win, and to John Cornyn for having run a strong and powerful race but, more importantly, having had a truly great career. John will remain my friend for a long time to come, as we both watch Ken become a fantastic, common sense S"
116646308242618920,2026-05-27T11:30:00+00:00,2026-05-27,11,truth_social,truth_social_dataset,sector_keywords|entity_mention,,7,8,"Congratulations to Ken Paxton on such a tremendous win, and to John Cornyn for having run a strong and powerful race but, more importantly, having had a truly great career. John will remain my friend for a long time to come, as we both watch Ken become a fantastic, common sense S"
116647016538665889,2026-05-27T14:30:00+00:00,2026-05-27,14,truth_social,truth_social_dataset,entity_mention,,1,2,"This Weak on Crime, Open Borders Dumocrat, can never be allowed to represent the Great People of Texas. His “values” are the exact opposite!!! President DJT"
116647052759264072,2026-05-27T14:39:32.850000+00:00,2026-05-27,14,truth_social,cnn_truth_archive,entity_mention,,1,2,"Congratulations to the Dumocrat Party! Al Green, one of the most mentally deficient Congressmen in the history of our Country, has lost, in a landslide, his seat in Congress - But I will miss that lunatic not screaming and violently waving his cane at me during my next State of t"
116648950505497613,2026-05-27T22:42:00+00:00,2026-05-27,22,truth_social,truth_social_dataset,sector_keywords|entity_mention,,6,7,"Gary Gensler and the “Anti-Crypto Army” nearly DESTROYED the American Crypto Industry by driving Bitcoin, Crypto Perpetuals, and INNOVATION offshore, but “TRUMP” SAVED IT. America is now the CRYPTO CAPITAL of the WORLD, and Builders and Entrepreneurs are coming BACK to the United"
116648998520896910,2026-05-27T22:54:22.819000+00:00,2026-05-27,22,truth_social,cnn_truth_archive,sector_keywords|entity_mention,,6,7,"Prime Minister Nikol Pashinyan, of Armenia, a great friend and Leader, is making his Country strong, wealthy, and very secure! Nikol completely shares my vision of PEACE and PROSPERITY for Armenia and the entire South Caucasus region. Our Secretary of State, Marco Rubio, just tra"
116658423998920803,2026-05-29T14:51:24.162000+00:00,2026-05-29,14,truth_social,cnn_truth_archive,sector_keywords|theme:defense_geopolitics|theme:china,defense_geopolitics/china,23,24,"Iran must agree that they will never have a Nuclear Weapon or Bomb. The Hormuz Strait must be immediately open, no tolls, for unrestricted shipping traffic, in both directions. All water mines (bombs), if any, will be terminated (we have removed, through detonation, numerous such"
116659073646327175,2026-05-29T17:36:36.996000+00:00,2026-05-29,17,truth_social,cnn_truth_archive,sector_keywords,,7,8,"It is my Great Honor to endorse America First Patriot, David Flippo, who is running to represent the fantastic people of Nevada's 2nd Congressional District! He is strongly supported by the most Highly Respected MAGA Warriors in Nevada, and many Republicans in the U.S. House of R"
116659120590376779,2026-05-29T17:48:33.302000+00:00,2026-05-29,17,truth_social,cnn_truth_archive,sector_keywords|theme:agriculture,agriculture,12,13,"Highly Respected American First Congressman, Randy Feenstra, is running for Governor of Iowa, a place I love and WON BIG in 2016, 2020, and 2024, getting the highest Vote in the History of Iowa. Randy is MAGA all the way!A Fourth Generation Iowan, successful Businessman, former T"
116659174350335809,2026-05-29T18:02:13.618000+00:00,2026-05-29,18,truth_social,cnn_truth_archive,sector_keywords|entity_mention|theme:tariffs_trade,tariffs_trade,19,20,US ambassador: EU must honor its trade deal with Trump: https://www.politico.eu/article/us-ambassador-andrew-puzder-eu-honor-trade-deal-donald-trump/
116659181152746981,2026-05-29T18:03:57.413000+00:00,2026-05-29,18,truth_social,cnn_truth_archive,theme:jobs_economy,jobs_economy,0,1,How a Trump Loyalist Manages One of the Toughest Jobs in Diplomacy: https://www.wsj.com/world/europe/how-a-trump-loyalist-manages-one-of-the-toughest-jobs-in-diplomacy-d56cc978
116659197463770070,2026-05-29T18:08:06.366000+00:00,2026-05-29,18,truth_social,cnn_truth_archive,entity_mention,,1,2,So unfair to Tina Peters — 9 years vs. ZERO! President DJT
116660051960105935,2026-05-29T21:45:00+00:00,2026-05-29,21,truth_social,truth_social_dataset,sector_keywords|entity_mention|theme:agriculture,agriculture,6,7,"Highly Respected and very popular Lieutenant Governor of South Carolina, Pam Evette, is an America First Patriot who has been with me from the very beginning. She never wavered, never let me down, and was the only South Carolina Gubernatorial Candidate to Endorse me as soon as I "
116660095799513934,2026-05-29T21:56:00+00:00,2026-05-29,21,truth_social,truth_social_dataset,sector_keywords|theme:agriculture|theme:jobs_economy,agriculture/jobs_economy,12,13,"It is my Great Honor to endorse MAGA Warrior, Mike Mazzei, who is running for Governor of Oklahoma, a State which I love, and WON BIG — All 77 out of 77 Counties in 2016, 2020, and 2024, and with the Highest Popular Vote Count, EVER!
As a successful Businessman, and former Chairm"
116660696782546784,2026-05-30T00:29:00+00:00,2026-05-30,0,truth_social,truth_social_dataset,sector_keywords|entity_mention,,6,7,"The Failing New York Times is doing everything possible to criticize the magnificent restoration of the Reflecting Pool, located between two of America’s most important Landmarks, The Lincoln Memorial, and The Washington Monument. Hundreds of Millions of Dollars have been spent t"
116664181157116570,2026-05-30T15:15:31.422000+00:00,2026-05-30,15,truth_social,cnn_truth_archive,sector_keywords|theme:tariffs_trade,tariffs_trade,25,26,"Can you imagine? A Barack Hussein Obama Judge named Christopher Cooper has stopped a magnificent structural and aesthetic rebuilding of The Trump Kennedy Center where Millions of Dollars of material, marble, furniture, steel, air conditioning, heating, and so much else was ordere"
116664418957601249,2026-05-30T16:15:59.969000+00:00,2026-05-30,16,truth_social,cnn_truth_archive,entity_mention,,1,2,"Thank you Jaxson! It was great being with you. I know you're taking some heat from the Radical Left Lunatics who are jealous of you, me, and everyone who surrounds us but, I also know that your Jersey also went to Number One, and you're making Millions of Dollars so, YOU ARE A WI"
116664536700150219,2026-05-30T16:45:00+00:00,2026-05-30,16,truth_social,truth_social_dataset,entity_mention,,1,2,"PRESIDENT DONALD J. TRUMP vs. Kathy Hochul, New York’s failed Governor who, if people are smart, will vote for Bruce Blakeman — He will, MAKE NEW YORK GREAT AGAIN! President DJT"
116664576257157897,2026-05-30T16:56:00.169000+00:00,2026-05-30,16,truth_social,cnn_truth_archive,entity_mention,,1,2,"Tom Brady is a great player, and great guy!President DJT"
116665133051752156,2026-05-30T19:17:36.251000+00:00,2026-05-30,19,truth_social,cnn_truth_archive,entity_mention,,1,2,Watch Lara Trump tonight on FoxNews at 9 P.M. EST. She interviews me for the entire Show! President DJT
116665431926784379,2026-05-30T20:33:36.658000+00:00,2026-05-30,20,truth_social,cnn_truth_archive,sector_keywords|entity_mention|theme:defense_geopolitics,defense_geopolitics,6,7,"Someone should explain to the Pope that the Mayor of Chicago is useless, and that Iran cannot have a Nuclear Weapon! President DONALD J. TRUMP"
116665961327760060,2026-05-30T22:48:14.672000+00:00,2026-05-30,22,truth_social,cnn_truth_archive,theme:china,china,13,14,"See, they have a Ballroom — It's called The Great Hall of China! It's very large and beautiful. Why do people fight me for having something even better? The Dumocrats are CRAZY! President DONALD J. TRUMP"
116666242491370108,2026-05-30T23:59:44.891000+00:00,2026-05-30,23,truth_social,cnn_truth_archive,entity_mention,,1,2,"Watch my interview with my fantastic daughter-in-law, Lara Trump, tonight at 9:00 - FoxNews. President DJT"
116667326723211656,2026-05-31T04:35:00+00:00,2026-05-31,4,truth_social,truth_social_dataset,sector_keywords|entity_mention,,6,7,"The results of my Physical Examination, taken at Walter Reed Military Medical Center, and just released, were extremely good. Unlike other U.S. Presidents, none of whom have ever taken an approved, high difficulty, Cognitive Test, I scored a perfect 30 out of 30, considered “extr"
116671779106880540,2026-05-31T23:27:00+00:00,2026-05-31,23,truth_social,truth_social_dataset,sector_keywords|entity_mention|theme:defense_geopolitics,defense_geopolitics,7,8,"Fake News CNN said today, routinely, that my Iran Nuclear Deal doesn’t talk about Nuclear, when actually it states, very clearly, that Iran will not have a Nuclear Weapon. It then goes on, in very strong and lengthy detail, to discuss various other aspects of Nuclear. In fact, th"
116673094140159291,2026-06-01T05:02:00+00:00,2026-06-01,5,truth_social,truth_social_dataset,entity_mention|theme:defense_geopolitics,defense_geopolitics,7,8,"Iran really wants to make a deal, and it will be a good one for the U.S.A. and those that are with us. But don’t the Dumocrats, and various seemingly unpatriotic Republicans, understand that it is MUCH tougher for me to properly do my job and negotiate, when political hacks keep "
116673100624536427,2026-06-01T05:03:51.697000+00:00,2026-06-01,5,truth_social,cnn_truth_archive,entity_mention,,1,2,Has anyone ever seen a happy Dumocrat??? President DJT
116676034049614301,2026-06-01T17:29:52.210000+00:00,2026-06-01,17,truth_social,cnn_truth_archive,sector_keywords|entity_mention,,6,7,"I had a very productive call with Prime Minister Bibi Netanyahu, of Israel, and there will be no Troops going to Beirut, and any Troops that are on their way, have already been turned back. Likewise, through highly placed Representatives, I had a very good call with Hezbollah, an"
116676087445077253,2026-06-01T17:43:26.963000+00:00,2026-06-01,17,truth_social,cnn_truth_archive,theme:defense_geopolitics,defense_geopolitics,6,7,"Talks are continuing, at a rapid pace, with the Islamic Republic of Iran. Thank you for your attention to this matter! President DONALD J. TRUMP"
116677048828976704,2026-06-01T21:47:00+00:00,2026-06-01,21,truth_social,truth_social_dataset,sector_keywords|entity_mention,,6,7,"I had a conversation with Bibi Netanyahu today, asking him not to go into a major raid of Beirut, Lebanon. He turned his Troops around. Thank you Bibi! I also had a conversation with Representatives of the Leaders of Hezbollah, and they agreed to stop shooting at Israel, and its "
116677898475889259,2026-06-02T01:24:00+00:00,2026-06-02,1,truth_social,truth_social_dataset,theme:agriculture,agriculture,0,1,"EPA Advances Farmers’ Right to Repair Their Own Equipment, Saving Repair Costs and Productivity: https://www.epa.gov/newsreleases/epa-advances-farmers-right-repair-their-own-equipment-saving-repair-costs-and"
116677910570104917,2026-06-02T01:27:00+00:00,2026-06-02,1,truth_social,truth_social_dataset,theme:jobs_economy,jobs_economy,0,1,"51st State!
https://www.bloomberg.com/news/articles/2026-05-29/canada-dips-into-technical-recession-for-first-time-since-2020"
116677931001186167,2026-06-02T01:32:00+00:00,2026-06-02,1,truth_social,truth_social_dataset,sector_keywords|theme:agriculture,agriculture,12,13,"It is my Great Honor to endorse America First Patriot, James Gallagher, who is running to represent the wonderful people of California’s 1st Congressional District.
A very successful Family Farmer, Attorney, former County Supervisor, and now, as California State Assemblyman, Jame"
116677936448770234,2026-06-02T01:33:00+00:00,2026-06-02,1,truth_social,truth_social_dataset,sector_keywords,,12,13,"Congressman Tom McClintock is doing a fantastic job representing California’s 5th Congressional District!
As an Outspoken Member of the House Budget Committee, Tom knows the America First Policies required to Create GREAT Jobs, Cut Taxes and Regulations, Promote MADE IN THE U.S.A"
116677941082070484,2026-06-02T01:34:00+00:00,2026-06-02,1,truth_social,truth_social_dataset,sector_keywords,,12,13,"Congressman Jay Obernolte is doing a terrific job representing the wonderful people of California’s 23rd Congressional District!
A Successful Entrepreneur, Civic Leader, and Highly Respected State Legislator, before he ran for Congress, Jay is a Proven Leader who has dedicated hi"
116677939522321731,2026-06-02T01:34:00+00:00,2026-06-02,1,truth_social,truth_social_dataset,sector_keywords|entity_mention|theme:agriculture,agriculture,6,7,"Congressman Vince Fong is a terrific Representative for the incredible people of California’s 20th Congressional District!
Vince has a strong Record of SUCCESS, and compelling support from his Community. In Congress, he is fighting tirelessly to Deliver Sustainable Water Solution"
116677938053405257,2026-06-02T01:34:00+00:00,2026-06-02,1,truth_social,truth_social_dataset,sector_keywords,,12,13,"It is my Great Honor to endorse Kevin Lincoln, who is running to represent the incredible people of California’s 13th Congressional District.
From bravely fighting for the U.S. Marine Corps, to leading his City as Mayor of Stockton, Kevin has served our Nation with distinction, a"
116677942521780690,2026-06-02T01:35:00+00:00,2026-06-02,1,truth_social,truth_social_dataset,sector_keywords,,12,13,"It is my Great Honor to endorse Highly Respected San Diego County Supervisor, Jim Desmond, who is running to represent the tremendous people of California’s 48th Congressional District.
A Brave U.S. Navy Veteran, Jim knows the Wisdom and Courage required to Defend our Country, Su"
116677945307879259,2026-06-02T01:35:55.695000+00:00,2026-06-02,1,truth_social,cnn_truth_archive,sector_keywords|theme:agriculture,agriculture,12,13,"Highly Respected American First Congressman, Randy Feenstra, is running for Governor of Iowa, a place I love and WON BIG in 2016, 2020, and 2024, getting the highest Vote in the History of Iowa. Randy is MAGA all the way! A Fourth Generation Iowan, successful Businessman, former "
116677948503203356,2026-06-02T01:36:00+00:00,2026-06-02,1,truth_social,truth_social_dataset,sector_keywords|theme:agriculture,agriculture,12,13,"Congresswoman Mariannette Miller-Meeks is an incredibly strong advocate for the Great People of Iowa’s 1st Congressional District!
A distinguished Medical Doctor and U.S. Army Veteran, Mariannette knows the America First Policies required to Defend our Country, Support our Brave "
116677952248244533,2026-06-02T01:37:00+00:00,2026-06-02,1,truth_social,truth_social_dataset,sector_keywords|theme:agriculture,agriculture,12,13,"It is my Great Honor to endorse Chris McGowan, a fantastic Candidate running to be the next Congressman from Iowa’s 4th Congressional District!
A Brave Iowa Air National Guard Veteran, successful Attorney, and now, as President of the Siouxland Chamber of Commerce, Chris has a Pr"
116677950796945440,2026-06-02T01:37:00+00:00,2026-06-02,1,truth_social,truth_social_dataset,sector_keywords|entity_mention|theme:agriculture,agriculture,6,7,"Congressman Zach Nunn is a fantastic Representative for the Great People of Iowa’s 3rd Congressional District!
A Brave Combat Veteran, Zach is fighting hard to Grow our Economy, Cut Taxes and Regulations, Support our Amazing Farmers and Ranchers, Keep our Border SECURE, Strengthe"
116677949779666562,2026-06-02T01:37:00+00:00,2026-06-02,1,truth_social,truth_social_dataset,sector_keywords|theme:agriculture,agriculture,12,13,"It is my Great Honor to endorse MAGA Patriot, Joe Mitchell, who is running to represent the fantastic people of Iowa’s 2nd Congressional District.
As a former Appointee in my Administration at the U.S. Department of Housing and Urban Development and, as the youngest State Legisla"
116677955980694190,2026-06-02T01:38:38.553000+00:00,2026-06-02,1,truth_social,cnn_truth_archive,sector_keywords|theme:agriculture,agriculture,12,13,"It is my Great Honor to endorse Kurt Alme, a fantastic Candidate running to be the next U.S. Senator from the Great State of Montana, a place I love and WON BIG in 2016, 2020, and 2024! A Highly Respected Criminal Prosecutor in my Administration, and distinguished Harvard Law Sch"
116677961253223719,2026-06-02T01:39:00+00:00,2026-06-02,1,truth_social,truth_social_dataset,sector_keywords,,12,13,"Congressman Jeff Van Drew is a “MAGA” Warrior for the incredible people of New Jersey’s 2nd Congressional District!
As the Chairman of the House Judiciary Subcommittee on Oversight, Jeff is doing a tremendous job advancing our America First Agenda. He is working tirelessly to Gro"
116677959601315306,2026-06-02T01:39:00+00:00,2026-06-02,1,truth_social,truth_social_dataset,sector_keywords|theme:agriculture,agriculture,7,8,"Congressman Troy Downing is doing a truly fantastic job representing the incredible people of Montana’s 2nd Congressional District!
Troy bravely served our Great Country in the U.S. Air Force as a Combat Veteran and, in Congress, he is fighting tirelessly to Support our Farmers a"
116677957643115689,2026-06-02T01:39:00+00:00,2026-06-02,1,truth_social,truth_social_dataset,sector_keywords|theme:agriculture|theme:defense_geopolitics,agriculture/defense_geopolitics,12,13,"It is my Great Honor to endorse Aaron Flint, who is running to represent the tremendous people of Montana’s 1st Congressional District. Aaron is a MAGA Warrior, who is strongly supported by many of the Greatest America First Patriots in Montana, including Senator Tim Sheehy, Cong"
116677964894339808,2026-06-02T01:40:00+00:00,2026-06-02,1,truth_social,truth_social_dataset,sector_keywords|theme:taxes,taxes,12,13,"It is my Great Honor to endorse U.S. Marine Corps Veteran and former Albuquerque Police Detective, Greg Cunningham, who is running to represent the wonderful people of New Mexico’s 2nd Congressional District.
Greg is running against a Radical Left Democrat named Gabe Vasquez, who"
116677963449948858,2026-06-02T01:40:00+00:00,2026-06-02,1,truth_social,truth_social_dataset,sector_keywords,,12,13,"Congressman Tom Kean is a Great Representative for the People of New Jersey’s 7th Congressional District!
A Tremendous Advocate of our America First Agenda, Tom is working tirelessly to Keep our Border SECURE, Stop Migrant Crime, Grow our Economy, Cut Taxes and Regulations, Champ"
116677962166499298,2026-06-02T01:40:00+00:00,2026-06-02,1,truth_social,truth_social_dataset,sector_keywords|theme:jobs_economy,jobs_economy,12,13,"Congressman Chris Smith is a fantastic Representative for the wonderful people of New Jersey’s 4th Congressional District!
As a Senior Member of the House Committee on Foreign Affairs, Chris is fighting tirelessly to advance our America First Agenda. He is working hard to Grow ou"
116677966071630284,2026-06-02T01:41:12.528000+00:00,2026-06-02,1,truth_social,cnn_truth_archive,sector_keywords|theme:agriculture,agriculture,12,13,"Senator Mike Rounds is an incredibly strong advocate for the wonderful people of South Dakota, a State I love, and WON BIG, in 2016, 2020, and 2024! An America First Patriot, Mike is fighting tirelessly to Advance the Great Values of the Mount Rushmore State, Champion our Farmers"
116677968706626771,2026-06-02T01:41:52.730000+00:00,2026-06-02,1,truth_social,cnn_truth_archive,sector_keywords|theme:agriculture,agriculture,12,13,"Marty Jackley has been a tremendous Attorney General of South Dakota, a place I love and WON BIG, six times, including Primaries, in 2016, 2020, and 2024! An America First Patriot, and true friend of MAGA, Marty is now running for Congress, where I know he will continue to do a f"
116678223440201502,2026-06-02T02:46:39.662000+00:00,2026-06-02,2,truth_social,cnn_truth_archive,sector_keywords|entity_mention|theme:agriculture|theme:manufacturing_reshoring,agriculture/manufacturing_reshoring,11,12,"Congresswoman Ashley Hinson is running for the United States Senate in Iowa, a State I love and WON BIG, THREE TIMES, in 2016, 2020, and 2024. I know Ashley well, and she is a WINNER! A Loving Wife and Proud Mother of two sons, Ashley is a wonderful person, has ALWAYS delivered f"
116678321217174312,2026-06-02T03:11:00+00:00,2026-06-02,3,truth_social,truth_social_dataset,entity_mention,,1,2,"Ex-intel official reported Hunter Biden laptop letter was ‘deception operation,’ DOJ asked to probe: https://justthenews.com/accountability/political-ethics/ex-obama-intel-official-referred-hunter-biden-letter-over-concerns"
116678319670541251,2026-06-02T03:11:00+00:00,2026-06-02,3,truth_social,truth_social_dataset,sector_keywords|entity_mention,,6,7,EPA boss made criminal referrals alleging Democrats ‘self-dealing’ in lucrative green energy grants: https://justthenews.com/accountability/waste-fraud-and-abuse/epa-boss-made-criminal-referrals-alleging-democrat-self
116680527571740743,2026-06-02T12:32:00+00:00,2026-06-02,12,truth_social,truth_social_dataset,sector_keywords|entity_mention,,7,8,"Great job by highly decorated Navy Seal Officer, Mike Sarraille, on Jesse Watters. Mike has seen it all, and really gets it. A “tough cookie.” President DJT"
116681581361115247,2026-06-02T17:00:00+00:00,2026-06-02,17,truth_social,truth_social_dataset,theme:defense_geopolitics,defense_geopolitics,6,7,"Fake News Reports that the Islamic Republic of Iran, and the U.S.A., stopped speaking a few days ago are false and erroneous. The conversations between us have been going on continuously, including four days ago, three days ago, two days ago, one day ago, and today. Where they le"
116681895869016849,2026-06-02T18:20:00+00:00,2026-06-02,18,truth_social,truth_social_dataset,sector_keywords|entity_mention,,6,7,"Illegal Immigrants and Foreign Fraudsters steal BILLIONS every year from the American Taxpayer. As part of my Administration’s Historic effort to end FRAUD and reverse MASS ILLEGAL IMMIGRATION, I recently signed a powerful new Executive Order, which will be led by the Treasury De"
116683385134135304,2026-06-03T00:39:00+00:00,2026-06-03,0,truth_social,truth_social_dataset,theme:jobs_economy,jobs_economy,0,1,"Congratulations to Colombian Presidential Candidate, “El Tigre (THE TIGER),” Abelardo de la Espriella, a Smart, Strong, and Tough Leader, on his decisive Victory in the first round of the Colombian Presidential Election! Abelardo fights tirelessly for, and loves, his Great Countr"
116683400326307426,2026-06-03T00:43:00+00:00,2026-06-03,0,truth_social,truth_social_dataset,sector_keywords|entity_mention,,6,7,"It is my Great Honor to endorse America First Patriot, Adriana Guzmán Fralick, who is running to be the next Attorney General of the Wonderful State of Nevada. Adriana is strongly supported by many of the greatest MAGA Warriors in Nevada, including my friend, Governor Joe Lombard"
116687801575068178,2026-06-03T19:22:30.396000+00:00,2026-06-03,19,truth_social,cnn_truth_archive,entity_mention,,1,2,Has anyone ever seen a Happy Communist? President DJT
116690093479247202,2026-06-04T05:05:00+00:00,2026-06-04,5,truth_social,truth_social_dataset,entity_mention,,1,2,There’s BIG cheating by the Dumocrats in California. Votes are all tied up. May not be in for weeks. Under investigation by the U.S. Attorney’s Office in Los Angeles. Why the vote counting DELAY??? President DJT
116691542670526572,2026-06-04T11:13:00+00:00,2026-06-04,11,truth_social,truth_social_dataset,entity_mention|theme:defense_geopolitics,defense_geopolitics,7,8,"Yesterday, in a meaningless vote, the House voted, 4 bad Republicans and all of the Dumocrats, to limit my War Powers, right in the middle of my final negotiations to end the War with the Islamic Republic of Iran. Who would do such an unpatriotic thing. They know where the negoti"
116692428120649540,2026-06-04T14:59:00+00:00,2026-06-04,14,truth_social,truth_social_dataset,entity_mention,,1,2,"FoxNews should get rid of sloppy RINO Karl Rove. He’s called ME and MAGA wrong for 11 years now, and he still doesn’t get it, and he never will, because he suffers from a completely inoperable, and totally dysfunctional, case of Trump Derangement Syndrome. Put Karl Rove out to pa"
116693048289752658,2026-06-04T17:36:48.947000+00:00,2026-06-04,17,truth_social,cnn_truth_archive,sector_keywords|entity_mention,,6,7,"THE SAVE AMERICA ACT!1. ALL VOTERS MUST SHOW PHOTO I.D. (IDENTIFICATION!).2. ALL VOTERS MUST SHOW PROOF OF CITIZENSHIP.3. NO MAIL-IN BALLOTS (EXCEPT FOR ILLNESS, DISABILITY, MILITARY, OR TRAVEL!).4. NO MEN IN WOMEN'S SPORTS.5. NO TRANSGENDER MUTILIZATION SURGERY FOR OUR CHILDREN."
116693181442732474,2026-06-04T18:10:00+00:00,2026-06-04,18,truth_social,truth_social_dataset,entity_mention,,1,2,Our Great “Warriors” who fixed and rebuilt the Reflecting Pool! President DJT
116693179748077154,2026-06-04T18:10:14.873000+00:00,2026-06-04,18,truth_social,cnn_truth_archive,entity_mention,,1,2,Rounding the final turn! President DJT
116694027873070210,2026-06-04T21:45:00+00:00,2026-06-04,21,truth_social,truth_social_dataset,sector_keywords|entity_mention,,6,7,"On Wednesday, June 24th, at 7 P.M., in magnificent Washington, D.C., now totally beautified, and one of the Safest Cities anywhere in the World, and in celebration of our Country’s 250 Year History, we will be bringing you, LIVE, the Greatest Rally, EVER! It will be special at ev"
116694638006168499,2026-06-05T00:21:00+00:00,2026-06-05,0,truth_social,truth_social_dataset,sector_keywords|entity_mention,,6,7,"I’d like to thank our GREAT Senator, Lindsey Graham, for putting up THE SAVE AMERICA ACT for a Vote today. It states that:
1. ALL VOTERS MUST SHOW PHOTO I.D. (IDENTIFICATION!).
2. ALL VOTERS MUST SHOW PROOF OF CITIZENSHIP.
3. NO MAIL-IN BALLOTS (EXCEPT FOR ILLNESS, DISABILITY, MI"
116695215994955038,2026-06-05T02:48:00+00:00,2026-06-05,2,truth_social,truth_social_dataset,sector_keywords|theme:fed_rates,fed_rates,12,13,"The Ballroom is coming along fantastically well. It’s on time, and under budget (Unlike the Federal Reserve Building, where “Too Late” has done a terrible job of Cost and Time Control!), and at a much higher quality than I ever promised, including the DronePort, and ALL of the ot"
116697823135630394,2026-06-05T13:51:00+00:00,2026-06-05,13,truth_social,truth_social_dataset,entity_mention,,1,2,"A great new book by fabulous Ainsley Earhardt, “America, I’m So Glad You Were Born,” is out now. What a great title! Get it now. Make it number ONE!!! President DJT"
116697988425226966,2026-06-05T14:33:00+00:00,2026-06-05,14,truth_social,truth_social_dataset,entity_mention|theme:jobs_economy|theme:fed_rates,jobs_economy/fed_rates,7,8,"With a great Jobs Report, like just announced, stocks should go up, not down. That’s the way it was for 200 years. Growth does not mean inflation! How else can a Country attain GREATNESS??? President DJT"
116698196665878804,2026-06-05T15:26:00+00:00,2026-06-05,15,truth_social,truth_social_dataset,sector_keywords|entity_mention,,6,7,"The Great Reflecting Pool, that stretches between The Lincoln Memorial and The Washington Monument, just opened to “rave reviews” but, maliciously or not, some say, like The Washington Post, it was a “paint job.” This was not a paint job. This was highly sophisticated material, i"
116698625289241287,2026-06-05T17:15:07.171000+00:00,2026-06-05,17,truth_social,cnn_truth_archive,entity_mention,,1,2,RT: https://truthsocial.com/users/realDonaldTrump/statuses/116698624343659358Very impressive. Proud of you! President DJT
116700093262063892,2026-06-05T23:28:00+00:00,2026-06-05,23,truth_social,truth_social_dataset,sector_keywords|theme:pharma_healthcare|theme:tariffs_trade,pharma_healthcare/tariffs_trade,25,26,"I am pleased to announce that TrumpRx.gov is adding another 160 Prescription Drugs, at highly discounted prices, for a new total of over 800 of the most commonly-used Prescription Drugs. TrumpRx.gov will now provide clear, transparent, and DISCOUNTED offerings for FOUR OUT OF FIV"
116700110138790417,2026-06-05T23:32:00+00:00,2026-06-05,23,truth_social,truth_social_dataset,entity_mention,,1,2,"Eric Metaxas, a great guy, has written an incredible new book, “Revolution: The Birth of the Greatest Nation in the History of the World.” As we celebrate our Nation’s 250th Birthday, Eric honors the Faith, Wisdom, and Courage of the Great Patriots who sacrificed so much to secur"
116700129833996613,2026-06-05T23:37:00+00:00,2026-06-05,23,truth_social,truth_social_dataset,theme:jobs_economy,jobs_economy,0,1,"Despite the best efforts of the America Hating Dumocrat Party, which did its very best to DESTROY the U.S.A. during the four long years of the Autopen Administration, over 172,000 AMERICANS found Jobs in the month of May alone! As usual, 100 PERCENT of Bloomberg Economists (who a"
116700134096664481,2026-06-05T23:38:00+00:00,2026-06-05,23,truth_social,truth_social_dataset,sector_keywords,,12,13,"Congressman Barry Moore, an America First Patriot, and friend, who has been with me from the very beginning (he was the first Elected Official in the Country to Endorse me!), is running for the United States Senate in Alabama, a place I love and WON BIG in 2016, 2020, and 2024, g"
116700317044413863,2026-06-06T00:25:21.304000+00:00,2026-06-06,0,truth_social,cnn_truth_archive,sector_keywords|entity_mention,,6,7,"The Governor of the Great State of Maryland, Wes Moore, has put a halt to all work being done at Joint Base Andrews Air Force Base, concerning the renovation and restoration of their two old and dilapidated Golf Courses, into two, World Class, Jack Nicklaus Designed Courses, plus"
116700520262725077,2026-06-06T01:17:00+00:00,2026-06-06,1,truth_social,truth_social_dataset,sector_keywords|entity_mention,,6,7,"I am pleased to announce the nomination of Judge James Crowell to the District of Columbia Court of Appeals! James is one of the best Judges on the D.C. Superior Court, and previously served as a Senior DOJ Official, and Chief of the Criminal Division in the Maryland U.S. Attorne"
116712260792747726,2026-06-08T03:02:00+00:00,2026-06-08,3,truth_social,truth_social_dataset,entity_mention,,1,2,"Has anybody been watching the CROOKED Election going on in California. Two great Republican Candidates are being cheated, and so is America, which if the Dumocrats are able to fulfill their mission, great trouble and consternation will follow. Watch this “Election” closely!!! Pre"
116713809450237814,2026-06-08T09:36:00+00:00,2026-06-08,9,truth_social,truth_social_dataset,theme:defense_geopolitics,defense_geopolitics,6,7,Israel and Iran must immediately stop “shooting.” President DONALD J. TRUMP
116714035637911912,2026-06-08T10:34:00+00:00,2026-06-08,10,truth_social,truth_social_dataset,theme:defense_geopolitics,defense_geopolitics,6,7,"Both sides, Israel and Iran, are looking to do an immediate CEASEFIRE! Final negotiations on “Peace” are proceeding, subject to ignorance or stupidity getting in its way. The Blockade will remain in place, and in full force and effect, until a “Final Deal” is reached. Things shou"
116715381418144428,2026-06-08T16:16:00+00:00,2026-06-08,16,truth_social,truth_social_dataset,entity_mention,,1,2,"Not possible for Spencer Pratt to have lost the L.A. runoffs after the big lead he had. 3rd World Nation. Rigged Elections! Now they’ll be working on great guy Steve Hilton. Won’t have results for, possibly, TWO WEEKS, according to officials. President DJT"
116715601994142024,2026-06-08T17:12:00+00:00,2026-06-08,17,truth_social,truth_social_dataset,sector_keywords|theme:fed_rates,fed_rates,13,14,"Former Governor Paul LePage will be a tremendous Congressman for the amazing people of Maine’s 2nd Congressional District!
A proven America First Fighter, Paul has been with us from the very beginning, helping us, MAKE AMERICA GREAT AGAIN! In Congress, he will work hard to Grow o"
116715603697839026,2026-06-08T17:12:57.168000+00:00,2026-06-08,17,truth_social,cnn_truth_archive,sector_keywords|theme:agriculture,agriculture,12,13,"Congresswoman Julie Fedorchak is doing a fantastic job representing the Great People of North Dakota, a State I love, and WON BIG, THREE TIMES, in 2016, 2020, and 2024! Julie has an incredible Record of Success, and strong support from her Community. In Congress, she is working t"
116715607671988453,2026-06-08T17:13:00+00:00,2026-06-08,17,truth_social,truth_social_dataset,sector_keywords|entity_mention,,6,7,"It is my Great Honor to endorse America First Patriot, Adriana Guzmán Fralick, who is running to be the next Attorney General of the Wonderful State of Nevada. Adriana is strongly supported by many of the Greatest MAGA Warriors in Nevada, including my friend, Governor Joe Lombard"
116715605006475064,2026-06-08T17:13:17.135000+00:00,2026-06-08,17,truth_social,cnn_truth_archive,sector_keywords,,13,14,"Joe Lombardo is the strong and very popular Governor of Nevada, a very special place to me in that we had a BIG Presidential Election Win on November 5, 2024! As the former Sheriff of Clark County, and brave U.S. Army Veteran, Joe strongly supports our incredible Law Enforcement,"
116715606308730372,2026-06-08T17:13:37.006000+00:00,2026-06-08,17,truth_social,cnn_truth_archive,sector_keywords|entity_mention,,6,7,"Stavros Anthony has been a fantastic Lieutenant Governor for the Great People of Nevada! A Highly Respected Police Officer, Civic Leader, and Las Vegas City Council Member, and now, distinguished Lieutenant Governor, working with outstanding Governor Joe Lombardo, Stavros has pro"
116715610606173494,2026-06-08T17:14:00+00:00,2026-06-08,17,truth_social,truth_social_dataset,sector_keywords,,7,8,"It is my Great Honor to endorse America First Patriot, David Flippo, who is running to represent the fantastic people of Nevada’s 2nd Congressional District! He is strongly supported by the most Highly Respected MAGA Warriors in Nevada, and many Republicans in the U.S. House of R"
116715608900561503,2026-06-08T17:14:00+00:00,2026-06-08,17,truth_social,truth_social_dataset,sector_keywords|entity_mention|theme:taxes,taxes,6,7,"It is my Great Honor to endorse Highly Respected State Senator, Carrie Buck, who is running to represent the fantastic people of Nevada’s 1st Congressional District.
Carrie is running against a Career Politician named Dina Titus, who tried to raise Taxes by over 4 Trillion Dollar"
116715621524683482,2026-06-08T17:17:00+00:00,2026-06-08,17,truth_social,truth_social_dataset,sector_keywords|theme:agriculture,agriculture,12,13,"Highly Respected and very popular Lieutenant Governor of South Carolina, Pam Evette, is an America First Patriot who has been with me from the very beginning. She never wavered, never let me down, and was the only South Carolina Gubernatorial Candidate to Endorse me as soon as I "
116715619830723198,2026-06-08T17:17:00+00:00,2026-06-08,17,truth_social,truth_social_dataset,sector_keywords|theme:taxes,taxes,18,19,"It is my Great Honor to endorse America First Patriot, Marty O'Donnell, who is running to represent the incredible people of Nevada’s 3rd Congressional District.
Marty is running against Susie Lee, a true Radical Left Extremist who does not represent the Values of Southern Nevada"
116715622764306728,2026-06-08T17:17:48.099000+00:00,2026-06-08,17,truth_social,cnn_truth_archive,sector_keywords,,12,13,"Senator Lindsey Graham is working incredibly hard for the Great People of South Carolina, a State I love and WON BIG in 2016, 2020, and 2024! Lindsey has been a wonderful friend, and has always been there when I needed him. As the Chair of the Senate Budget Committee, Lindsey is "
116715626878417081,2026-06-08T17:18:00+00:00,2026-06-08,17,truth_social,truth_social_dataset,sector_keywords,,12,13,"Congressman Joe Wilson, who has been with us from the very beginning, is a Tremendous Champion of South Carolina’s 2nd Congressional District!
A retired Colonel from the South Carolina Army National Guard, and Member of the House Armed Services Committee, Joe knows the Wisdom and"
116715623986026200,2026-06-08T17:18:06.741000+00:00,2026-06-08,17,truth_social,cnn_truth_archive,sector_keywords|theme:agriculture,agriculture,12,13,"Highly Respected MAGA Warrior, Cody Simpson, is running for Commissioner of Agriculture in the wonderful State of South Carolina, which I won in 2016, 2020, and 2024, with the Highest Vote in History! Cody is a Fifth Generation Farmer, and Former Agriculture Advisor and Chief Exe"
116715630555341816,2026-06-08T17:19:00+00:00,2026-06-08,17,truth_social,truth_social_dataset,sector_keywords,,12,13,"Congressman Russell Fry is an America First Patriot, who is doing an incredible job representing South Carolina’s 7th Congressional District!
A MAGA Warrior, who has been with us from the very beginning, Russell is working hard to Grow our Economy, Cut Taxes and Regulations, Adva"
116715629293844038,2026-06-08T17:19:00+00:00,2026-06-08,17,truth_social,truth_social_dataset,sector_keywords,,12,13,"Congressman William Timmons is doing a truly fantastic job representing the wonderful people of South Carolina’s 4th Congressional District!
A Captain in the South Carolina Air National Guard, and former Criminal Prosecutor, William knows what it takes to ensure LAW AND ORDER, an"
116715628078883917,2026-06-08T17:19:00+00:00,2026-06-08,17,truth_social,truth_social_dataset,sector_keywords,,12,13,"Congresswoman Sheri Biggs is a terrific Representative for the incredible people of South Carolina’s 3rd Congressional District!
A distinguished Nurse and Lieutenant Colonel in the Air National Guard, Sheri knows the Wisdom and Courage that is necessary to Defend our Country, Sup"
116716568733590358,2026-06-08T21:18:22.445000+00:00,2026-06-08,21,truth_social,cnn_truth_archive,entity_mention,,1,2,I will be doing a TeleRally LIVE at 5:30 P.M. EST for Senator Lindsey Graham and South Carolina Gubernatorial Candidate Pamela Evette — Both have my Complete and Total Endorsement. They will never let you down! Vote for Lindsey and Pam. They LOVE the great people of South Carolin
116716966354552583,2026-06-08T22:59:00+00:00,2026-06-08,22,truth_social,truth_social_dataset,sector_keywords,,12,13,"It is my Great Honor to endorse America First Patriot, Wes Climer, who is running to represent the fantastic people of South Carolina’s 5th Congressional District!
A very successful Business Owner, Civic Leader, and Highly Respected State Senator, Wes has dedicated his life to se"
116716969487041954,2026-06-08T23:00:00+00:00,2026-06-08,23,truth_social,truth_social_dataset,sector_keywords,,12,13,"Early Voting is underway in the Great State of Georgia, where Highly Respected, and very popular Lieutenant Governor, Burt Jones, is running to be your next Governor. He is a fantastic person, and truly loves the people of Georgia, as do I!
As the first member of the Georgia Stat"
116721129088347687,2026-06-09T16:38:07.892000+00:00,2026-06-09,16,truth_social,cnn_truth_archive,sector_keywords|entity_mention,,6,7,"I have just been informed by our Great Military that last night the Iranians shot down one of our highly sophisticated Apache Helicopters while patrolling over the Strait of Hormuz. There were two pilots involved, both are safe and uninjured. Nevertheless, the United States must,"
116722381318407443,2026-06-09T21:56:35.406000+00:00,2026-06-09,21,truth_social,cnn_truth_archive,theme:tariffs_trade,tariffs_trade,19,20,US trade deficit widens by the most in nearly 34 years: https://www.reuters.com/business/us-trade-deficit-widens-by-most-nearly-34-years-november-2026-01-29/
116722383986616231,2026-06-09T21:57:16.123000+00:00,2026-06-09,21,truth_social,cnn_truth_archive,theme:tariffs_trade,tariffs_trade,19,20,Record $327.1 Billion Exports Help Shrink U.S. Trade Deficit: https://dallasexpress.com/national/record-327-1-billion-exports-help-shrink-u-s-trade-deficit-in-april/
116723301122482300,2026-06-10T01:50:30.502000+00:00,2026-06-10,1,truth_social,cnn_truth_archive,entity_mention,,1,2,"Congratulations to Senator Lindsey Graham of the Great State of South Carolina on his BIG WIN tonight. With almost 60% of the vote against a large field of very capable candidates, there will be no runoff. Now Lindsey will be able to devote his time to passing the desperately nee"
116725444469272742,2026-06-10T10:55:00+00:00,2026-06-10,10,truth_social,truth_social_dataset,entity_mention,,1,2,"Joe Scarborough’s ever shrinking, low rated show, one of the most inaccurate detailers of truthful facts on television, is being crushed in the ratings. His serious case on Trump Derangement Syndrome, often referred to as TDS, has made him a laughing stock among those who know wh"
116725476229257491,2026-06-10T11:03:00+00:00,2026-06-10,11,truth_social,truth_social_dataset,sector_keywords|entity_mention|theme:defense_geopolitics,defense_geopolitics,6,7,"Iran’s Military is a complete and total mess. Much of it, like their Navy and Air Force, doesn’t even exist anymore - They have been completely defeated. Iran is all talk and no action. The Bully of the Middle East is DEAD!!! They’ve taken too long to negotiate a deal that would "
116725591109474316,2026-06-10T11:32:52.931000+00:00,2026-06-10,11,truth_social,cnn_truth_archive,sector_keywords|theme:defense_geopolitics,defense_geopolitics,13,14,"The Fake News Media refuses to report how EFFECTIVE the U.S. Naval BLOCKADE is, the most successful Blockade in the history of Naval Warfare. NOTHING GETS THROUGH unless we want it to. IT IS A STEEL WALL! Iran is doing ZERO business, not paying their military, or any of their bil"
116726429558380513,2026-06-10T15:06:06.646000+00:00,2026-06-10,15,truth_social,cnn_truth_archive,sector_keywords|entity_mention,,6,7,"Just like they did on Border Funding, the Radical Left Dumocrats are trying to take our National Security hostage because of unrelated issues. They should stop playing politics with the safety of our Great Country.   I have named William Pulte to be Acting Director of National In"
116727049222420250,2026-06-10T17:43:00+00:00,2026-06-10,17,truth_social,truth_social_dataset,theme:jobs_economy,jobs_economy,0,1,"Congratulations to Colombian Presidential Candidate, “El Tigre (THE TIGER),” Abelardo de la Espriella, a Smart, Strong, and Tough Leader, on his decisive Victory in the first round of the Colombian Presidential Election! Abelardo fights tirelessly for, and loves, his Great Countr"
116727075577305840,2026-06-10T17:50:00+00:00,2026-06-10,17,truth_social,truth_social_dataset,sector_keywords|theme:defense_geopolitics,defense_geopolitics,12,13,"Last month, I directed our Great U.S. Military to execute a secret mission to support Oil Tankers and other Commercial Ships through the Straight of Hormuz. Today, I am pleased to announce that this effort has resulted in more than 100 MILLION Barrels of Oil making its way throug"
116728850395743386,2026-06-11T01:21:00+00:00,2026-06-11,1,truth_social,truth_social_dataset,sector_keywords|entity_mention|theme:defense_geopolitics|theme:fed_rates,defense_geopolitics/fed_rates,12,13,"No other President has ever been more committed to both REBUILDING our Great Military and SAVING our Great Country — And NOW is the time to make it happen, for Generations to come.
I am hereby calling on Republicans in Congress to IMMEDIATELY advance and pass the forthcoming $350"
116731447139970106,2026-06-11T12:22:08.864000+00:00,2026-06-11,12,truth_social,cnn_truth_archive,sector_keywords|theme:defense_geopolitics,defense_geopolitics,13,14,"The United States will be hitting Iran (Whose Navy, Air Force, Radar, Anti Aircraft, and all other forms of Defense, together with most of its offensive capability, are GONE!), VERY HARD TONIGHT. At some point in the not too distant  future, we will be taking Kharg Island, and ot"
116732049110199246,2026-06-11T14:55:14.206000+00:00,2026-06-11,14,truth_social,cnn_truth_archive,entity_mention,,1,2,"The United States of America cannot live with the shackles of Birthright Citizenship. It is not economically, or otherwise, sustainable, and no other Country in the World, of consequence, does it! President DJT"
116732652997120164,2026-06-11T17:28:00+00:00,2026-06-11,17,truth_social,truth_social_dataset,theme:defense_geopolitics|theme:oil_energy_geopolitics,defense_geopolitics/oil_energy_geopolitics,12,13,"Based on the fact that discussions with the Islamic Republic of Iran have been brought to the highest level of Iranian leadership and approved, I have, as President of the United States of America, cancelled the scheduled strikes and bombings against Iran this evening. Discussion"
116733724226062708,2026-06-11T22:01:14.446000+00:00,2026-06-11,22,truth_social,cnn_truth_archive,sector_keywords|entity_mention,,6,7,These are the weapons we are seizing from Mexican Cartels. They are killing thousands of Americans each and every year! President DONALD J. TRUMP
116737418354503074,2026-06-12T13:40:42.372000+00:00,2026-06-12,13,truth_social,cnn_truth_archive,theme:defense_geopolitics,defense_geopolitics,6,7,"The terms that Iran leaked out to the Fake News have NOTHING to do with the terms that were agreed to, in writing. What they said, including their weak and pathetic statement on having a deal, bears no relation to the truth. Very dishonorable people to deal with. With them, there"
116738087808561603,2026-06-12T16:30:00+00:00,2026-06-12,16,truth_social,truth_social_dataset,sector_keywords|theme:agriculture,agriculture,12,13,"Highly Respected America First Congresswoman, Julia Letlow, of the wonderful State of Louisiana, is a Great Star, has been from the very beginning, and only gets better! Julia is running for the United States Senate in Louisiana, a place I love and WON BIG, six times, including P"
116740105083348004,2026-06-13T01:03:58.666000+00:00,2026-06-13,1,truth_social,cnn_truth_archive,sector_keywords|entity_mention,,6,7,"At my direction, the United States Southern Command delivered a swift and lethal kinetic strike to successfully execute Niño Guerrero, the infamous leader of Tren De Aragua, one of the most bloodthirsty Terrorist Organizations on Planet Earth. Before I returned to office, Joe Bid"
116743353225555838,2026-06-13T14:50:01.313000+00:00,2026-06-13,14,truth_social,cnn_truth_archive,entity_mention,,1,2,"Congratulations to Team USA on their Big Win, 4-1, over a very good Paraguay team. Keep it going! President DJT"
116743808155352167,2026-06-13T16:45:00+00:00,2026-06-13,16,truth_social,truth_social_dataset,sector_keywords|entity_mention|theme:defense_geopolitics,defense_geopolitics,6,7,"Barack Hussein Obama’s Deal with Iran, the JCPOA, was an easy, beautiful, smooth road to a Nuclear Weapon, which Iran would have had six years ago, and would have used long before now. My Agreement with Iran is the exact opposite, A WALL TO NO NUCLEAR WEAPON! In fact, they no lon"
116743815454221461,2026-06-13T16:47:00+00:00,2026-06-13,16,truth_social,truth_social_dataset,entity_mention,,1,2,The Obama Library ten years from now will be a “Mecca” for those who hate America! President DJT
116744329783387013,2026-06-13T18:58:22.407000+00:00,2026-06-13,18,truth_social,cnn_truth_archive,entity_mention,,1,2,"I am pleased to announce my intent to appoint James M. McDonald as the United States Attorney for the Southern District of New York. A native of the Great State of Oklahoma, Jamie is a former Assistant U.S. Attorney in the Southern District of New York, and served as Director of "
116746683568766400,2026-06-14T04:56:00+00:00,2026-06-14,4,truth_social,truth_social_dataset,sector_keywords|theme:stock_market_macro|theme:defense_geopolitics|theme:taxes|theme:fed_rates|theme:jobs_economy,stock_market_macro/defense_geopolitics/taxes/fed_rates/jobs_economy,18,19,"It is my Great Honor to endorse “MAGA” Mike Collins, a Highly Respected Congressman who has been with me from the very beginning, and is running for the United States Senate in Georgia, a very special place to me, and where we just had a BIG Presidential Election Win with the Mos"
116749002714205339,2026-06-14T14:46:00+00:00,2026-06-14,14,truth_social,truth_social_dataset,theme:defense_geopolitics,defense_geopolitics,6,7,"This morning’s attack on Beirut should not have happened, particularly on a special day when we are so close to a Peace Deal with Iran. Israel has the right to defend itself against threats, but the attack it was responding to was very small and meaningless, nobody was hurt, inju"
116749412213359330,2026-06-14T16:30:54.170000+00:00,2026-06-14,16,truth_social,cnn_truth_archive,sector_keywords|theme:agriculture,agriculture,12,13,"John Wahl, the Highly Respected former Chairman of the Alabama GOP, is running for Lieutenant Governor of Alabama. John has been with us from the very beginning, and has been key to our many Republican Victories in the Great State of Alabama, which I won with the Highest Vote in "
116749870028302766,2026-06-14T18:27:00+00:00,2026-06-14,18,truth_social,truth_social_dataset,entity_mention,,1,2,"Why are the Dumocrats so afraid of of Bill Pulte at DNI??? He would only be Acting! What do they have to be afraid of, what are they hiding? There must be something BIG, mustn’t there??? President DJT"
116750323241294561,2026-06-14T20:22:35.353000+00:00,2026-06-14,20,truth_social,cnn_truth_archive,sector_keywords|entity_mention|theme:defense_geopolitics,defense_geopolitics,6,7,"Senator Jack Reed, a Dumocrat from R.I., lied when stating the the Deal we just made is not as good as the Obama disaster known as the JCPOA. Reed is either an outright fraud, or incompetent. The Obuma Deal was a road to a Nuclear weapon for Iran, cash and all, one of the worst a"
116750372942466677,2026-06-14T20:35:13.733000+00:00,2026-06-14,20,truth_social,cnn_truth_archive,sector_keywords|entity_mention|theme:defense_geopolitics,defense_geopolitics,7,8,"Victoria Coates of the Heritage Foundation is absolutely fantastic! She gets it like few other do. Thank you Victoria. Iran will never have a Nuclear weapon, and the Strait of Hormuz will be opening up for business very shortly!!! President DJT"
116750587569914985,2026-06-14T21:29:48.647000+00:00,2026-06-14,21,truth_social,cnn_truth_archive,sector_keywords|entity_mention|theme:defense_geopolitics,defense_geopolitics,12,13,"The Deal with the Islamic Republic of Iran is now complete. Congratulations to all! I hereby fully authorize the toll free opening of the Strait of Hormuz, and, simultaneously herewith, authorize the immediate removal of the United States Naval blockade. Ships of the World, start"
116750814874397998,2026-06-14T22:27:37.038000+00:00,2026-06-14,22,truth_social,cnn_truth_archive,sector_keywords|entity_mention|theme:defense_geopolitics,defense_geopolitics,12,13,"This Great Deal will bring Peace and Security to the whole Region. Many presidents have tried to make Peace with Iran, and all have failed before me. The Leaders of the Region have, for the first time, found a President who can help them achieve real Peace. With the opening of th"
116753053952043436,2026-06-15T07:57:02.651000+00:00,2026-06-15,7,truth_social,cnn_truth_archive,sector_keywords|entity_mention,,6,7,The Dumocrats want FISA because that's what they used to go after me for three years during my First Term! I'm against FISA if it doesn't come with The Save America Act (Full version!) firmly attached to it. MAKE AMERICA GREAT AGAIN!  THE SAVE AMERICA ACT!1. ALL VOTERS MUST SHOW 
116753666622772186,2026-06-15T10:32:51.266000+00:00,2026-06-15,10,truth_social,cnn_truth_archive,sector_keywords|entity_mention,,6,7,"Wednesday, June 24th, will be the ""kick off"" of our summer long Celebration of 250 Years of American Independence! Come and enjoy a night filled with beautiful music from our talented U.S. Army and Marine Corps Military Bands (ONLY THE HITS THAT YOU KNOW AND LOVE!), the highly gi"
116753672230328052,2026-06-15T10:34:16.829000+00:00,2026-06-15,10,truth_social,cnn_truth_archive,sector_keywords|entity_mention,,6,7,"On July 4th, at The Lincoln Memorial and Washington Monument, in beautiful and safe Washington D.C., we are going to host the most spectacular TRUMP RALLY of them all, a ""TRIBUTE TO AMERICA."" Starting at 7 P.M. EST, this HUGE Celebration will honor our Country's People, Spirit, S"
116753690331106553,2026-06-15T10:38:53.027000+00:00,2026-06-15,10,truth_social,cnn_truth_archive,sector_keywords|entity_mention,,6,7,"Under the disastrous Open Border Policy of Crooked Joe Biden and his traitorous DHS Secretary Alejandro Mayorkas, TENS OF MILLIONS of criminals, including over 13,000 STONE-COLD MURDERERS, poured into our Country from Prisons and Jails, from Mental Institutions and Insane Asylums"
116754015025026424,2026-06-15T12:01:27.466000+00:00,2026-06-15,12,truth_social,cnn_truth_archive,sector_keywords|theme:agriculture,agriculture,12,13,"It is my Great Honor to endorse T.W. Shannon, an America First Patriot who is running for Lieutenant Governor of Oklahoma, a place I love and WON BIG, winning all 77 out of 77 Counties in 2016, 2020, and 2024!As the youngest House Speaker in Oklahoma's History, the National Chair"
116754016895261150,2026-06-15T12:01:56+00:00,2026-06-15,12,truth_social,cnn_truth_archive,sector_keywords|theme:agriculture|theme:jobs_economy,agriculture/jobs_economy,12,13,"It is my Great Honor to endorse MAGA Warrior, Mike Mazzei, who is running for Governor of Oklahoma, a State which I love, and WON BIG — All 77 out of 77 Counties in 2016, 2020, and 2024, and with the Highest Popular Vote Count, EVER!As a successful Businessman, and former Chairma"
116754018976262039,2026-06-15T12:02:27.757000+00:00,2026-06-15,12,truth_social,cnn_truth_archive,sector_keywords,,12,13,"Highly Respected and very popular Lieutenant Governor, Burt Jones, is running to be the next Governor of the Great State of Georgia, a very special place to me in that we had a BIG Presidential Election Win on November 5, 2024!As the first member of the Georgia State Assembly to "
116754019906128212,2026-06-15T12:02:41.942000+00:00,2026-06-15,12,truth_social,cnn_truth_archive,sector_keywords|theme:stock_market_macro|theme:defense_geopolitics|theme:taxes|theme:fed_rates|theme:jobs_economy,stock_market_macro/defense_geopolitics/taxes/fed_rates/jobs_economy,18,19,"It is my Great Honor to endorse ""MAGA"" Mike Collins, a Highly Respected Congressman who has been with me from the very beginning, and is running for the United States Senate in Georgia, a very special place to me, and where we just had a BIG Presidential Election Win with the Mos"
116754020702467123,2026-06-15T12:02:54.092000+00:00,2026-06-15,12,truth_social,cnn_truth_archive,sector_keywords,,12,13,"Congressman Barry Moore, an America First Patriot who has been with me from the very beginning (He was the first Elected Official in the Country to Endorse me!), is running for the United States Senate in Alabama, a place I love and WON BIG in 2016, 2020, and 2024, getting the Hi"
116754269577470122,2026-06-15T13:06:11.624000+00:00,2026-06-15,13,truth_social,cnn_truth_archive,sector_keywords|entity_mention,,7,8,"Ships are starting to move, many loaded up with Oil, out of the Strait of Hormuz. They are going along the Southern ""Highway,"" which is totally safe, secure, and pristine. There are other areas of travel, also!!!  President DJT"
116756674797972374,2026-06-15T23:17:52.376000+00:00,2026-06-15,23,truth_social,cnn_truth_archive,sector_keywords|entity_mention|theme:defense_geopolitics,defense_geopolitics,7,8,"Iran has agreed to never have a Nuclear Weapon! Also, the story that the U.S. is paying Iran 300 million Dollars is Fake News, put out by the Dumocrats!!! President DJT"
116760642672400305,2026-06-16T16:06:57.335000+00:00,2026-06-16,16,truth_social,cnn_truth_archive,theme:defense_geopolitics,defense_geopolitics,6,7,Former Trump economist says Iran deal means big economic boom for US: https://justthenews.com/nation/free-speech/trumps-former-economist-says-iran-deal-means-big-economic-boom-us
116763612893094366,2026-06-17T04:42:19.311000+00:00,2026-06-17,4,truth_social,cnn_truth_archive,entity_mention,,1,2,I HAD A LOT OF BIG ELECTION WINS LAST NIGHT. THANK YOU TO ALL!!! President DJT
116763691297203565,2026-06-17T05:02:15.657000+00:00,2026-06-17,5,truth_social,cnn_truth_archive,entity_mention,,1,2,"Congratulations to Rick Jackson, who very successfully campaigned on being ""TRUMP,"" and won. He will be your next Governor of Georgia. Can't wait! President DJT"
116763999742755145,2026-06-17T06:20:42.169000+00:00,2026-06-17,6,truth_social,cnn_truth_archive,entity_mention,,1,2,"Rick Jackson ran a great TRUMP Campaign. Very smart! Was with me on Saturday Night making a pitch. Amazing!!! He won against a great guy, Burt Jones, who has a fantastic future!!! President DJT"
116764115535577197,2026-06-17T06:50:09.022000+00:00,2026-06-17,6,truth_social,cnn_truth_archive,entity_mention,,1,2,"So happy for highly respected Congressman Mike Collins. He will win his Senate Race in Georgia against a pathetic failed Dumocrat Senator, Os(jerk!)off, who is a joke in D.C. Nobody even knows who he is!!! I'll be doing Big TRUMP Rallies for Mike in Georgia! President DJT"
116764370070279119,2026-06-17T07:54:52.919000+00:00,2026-06-17,7,truth_social,cnn_truth_archive,entity_mention,,1,2,"The Republicans agreed with Dumocrats to remove very fair, and talented, William Pulte, from serving as Acting DNI in return for getting FISA approved by the Dumocrats. However, the Republicans moved so fast with the hearings of the Great Jay Clayton, current U.S. Attorney for th"
116765811260304660,2026-06-17T14:01:23.728000+00:00,2026-06-17,14,truth_social,cnn_truth_archive,sector_keywords|theme:defense_geopolitics|theme:oil_energy_geopolitics|theme:stock_market_macro|theme:manufacturing_reshoring,defense_geopolitics/oil_energy_geopolitics/stock_market_macro/manufacturing_reshoring,17,18,"I will be doing a Press Conference in 45 minutes from France. I'll then be heading to Versailles for Dinner with French and other European Leaders, and then back home tonight! The trip was a Great Success but, mostly what people wanted to talk about, is the fact that Iran will no"
116768665410839599,2026-06-18T02:07:14.651000+00:00,2026-06-18,2,truth_social,cnn_truth_archive,sector_keywords,,12,13,"It is my Great Honor to endorse Congressman Blake Moore to represent the fantastic people of Utah's 2nd Congressional District!As the Vice Chairman of the House Republican Conference, Blake is doing an incredible job advancing our America First Agenda. He is working hard to Grow "
116768683883291622,2026-06-18T02:11:56.516000+00:00,2026-06-18,2,truth_social,cnn_truth_archive,sector_keywords,,12,13,"It is my Great Honor to endorse Congresswoman Celeste Maloy to represent the tremendous people of Utah's 3rd Congressional District! Celeste has a strong Record of Success, and resounding support from her Community. In Congress, she is working hard to Keep our Border SECURE, Stop"
116768684458318874,2026-06-18T02:12:05.293000+00:00,2026-06-18,2,truth_social,cnn_truth_archive,sector_keywords,,12,13,"It is my Great Honor to endorse Congressman Mike Kennedy, M.D., to represent the wonderful people of Utah's 4th Congressional District! A Proven Leader, Mike has served his Community well as a Family Physician, Lawyer, and Highly Respected State Legislator, prior to becoming a di"
116768689781682400,2026-06-18T02:13:26.519000+00:00,2026-06-18,2,truth_social,cnn_truth_archive,theme:jobs_economy,jobs_economy,0,1,"Colombian Presidential Candidate, ""El Tigre (THE TIGER),"" Abelardo de la Espriella, is a Smart, Strong, and Tough Leader, who fights tirelessly for, and loves, his Great Country and People, just like I do for the United States of America. As President, Abelardo will be tremendous"
116768696093434401,2026-06-18T02:15:02.828000+00:00,2026-06-18,2,truth_social,cnn_truth_archive,sector_keywords|entity_mention,,6,7,"THE SAVE AMERICA ACT!1. ALL VOTERS MUST SHOW PHOTO I.D. (IDENTIFICATION!).2. ALL VOTERS MUST SHOW PROOF OF CITIZENSHIP.3. NO MAIL-IN BALLOTS (EXCEPT FOR ILLNESS, DISABILITY, MILITARY, OR TRAVEL!).4. NO MEN IN WOMEN'S SPORTS.5. NO TRANSGENDER MUTILIZATION SURGERY ON OUR CHILDREN."
116769129718272146,2026-06-18T04:05:19.448000+00:00,2026-06-18,4,truth_social,cnn_truth_archive,entity_mention,,1,2,"Tyrus became famous for saying, long before November 5th, 2024, ""Why we are talking about the 2024 Presidential Election? It's OVER. TRUMP is going to win, and everyone knows it. It's a waste of time to talk about it. They're not going to beat him, and they never will."" He was ri"
116769225357410422,2026-06-18T04:29:38.755000+00:00,2026-06-18,4,truth_social,cnn_truth_archive,sector_keywords|entity_mention|theme:semis_tech_supplychain|theme:manufacturing_reshoring|theme:tariffs_trade,semis_tech_supplychain/manufacturing_reshoring/tariffs_trade,22,23,"The Technology the World relies on was invented in America. We all remember ""Intel Inside."" Stupid Presidents took our Economy for granted, and let Taiwan and others steal our Semiconductor Factories. They forgot to protect our Industries with TARIFFS. When I won my Second Term ("
116769756817692963,2026-06-18T06:44:48.197000+00:00,2026-06-18,6,truth_social,cnn_truth_archive,sector_keywords,,12,13,"State Representative Don Chapman is doing a terrific job representing the wonderful people of South Carolina's8th State House District! A Successful Architect and Businessman, before his service in the State House, Don is a Proven Leader who has dedicated his life to serving his "
116769781426549874,2026-06-18T06:51:03.696000+00:00,2026-06-18,6,truth_social,cnn_truth_archive,sector_keywords|theme:fed_rates,fed_rates,12,13,"The Ballroom is coming along fantastically well. It's on time, and under budget (Unlike the Federal Reserve Building, where ""Too Late"" has done a terrible job of Cost and Time Control!), and at a much higher quality than I ever promised, including the DronePort, and ALL of the ot"
116770180426363226,2026-06-18T08:32:31.915000+00:00,2026-06-18,8,truth_social,cnn_truth_archive,sector_keywords|entity_mention|theme:oil_energy_geopolitics|theme:stock_market_macro|theme:defense_geopolitics,oil_energy_geopolitics/stock_market_macro/defense_geopolitics,13,14,"These fools, who think I haven't been tough enough on Iran, when the Stock Market Just Hit A RECORD HIGH, and Oil prices are ""tumbling"" down, are either jealous, bad people, or stupid. MAKE AMERICA GREAT AGAIN!!! President DJT"
116771222226594566,2026-06-18T12:57:28.559000+00:00,2026-06-18,12,truth_social,cnn_truth_archive,theme:defense_geopolitics,defense_geopolitics,6,7,Pope Leo commends US-Iran peace deal: https://justthenews.com/nation/religion/pope-leo-commends-us-iran-peace-deal-ahead-friday-signing
116771467656011073,2026-06-18T13:59:53.481000+00:00,2026-06-18,13,truth_social,cnn_truth_archive,sector_keywords|entity_mention|theme:defense_geopolitics|theme:stock_market_macro,defense_geopolitics/stock_market_macro,13,14,"OIL IS FLOWING, IRAN CAN NEVER HAVE A NUCLEAR WEAPON (THE WORLD WILL BE SAFE!), THE STOCK MARKETS ARE ROARING, JOBS ARE AT RECORDS, AND PRICES ARE DROPPING (AFFORDABILITY!). OUR COUNTRY IS STRONG, SAFE, AND RESPECTED LIKE NEVER BEFORE. ""YOU'RE WELCOME!"" President DJT"
116772135215188960,2026-06-18T16:49:39.626000+00:00,2026-06-18,16,truth_social,cnn_truth_archive,sector_keywords|entity_mention|theme:oil_energy_geopolitics|theme:stock_market_macro|theme:defense_geopolitics,oil_energy_geopolitics/stock_market_macro/defense_geopolitics,13,14,"There is no 300 Billion Dollar payment to Iran by the U.S. That's Fake News! All there is for the U.S. is Success, Lower Oil Prices, and Victory. Check out the Stock Market. Dumocrat propaganda at play!!! President DJT"
116772416131420569,2026-06-18T18:01:06.103000+00:00,2026-06-18,18,truth_social,cnn_truth_archive,sector_keywords|entity_mention|theme:oil_energy_geopolitics,oil_energy_geopolitics,6,7,"The United States is committed to PEACE, and we encourage everyone in the Middle East Region to maintain their commitment to allowing our negotiations to beautifully unfold. The Markets are loving what is happening with Oil Prices way down, and Stocks way up. We expect a complete"
116772448531484273,2026-06-18T18:09:20.489000+00:00,2026-06-18,18,truth_social,cnn_truth_archive,sector_keywords|entity_mention,,6,7,"It seems as though the Great State of Utah, which I won each time, and handily, is going to the All Mail In Ballot format of Colorado, and the rest, that always head LEFT, as soon as the move is made. We should stop Utah from doing this. All Mail In Ballots, dishonestly handled, "
116773596380247574,2026-06-18T23:01:15.272000+00:00,2026-06-18,23,truth_social,cnn_truth_archive,sector_keywords|entity_mention,,1,2,"MAGA Warrior Mike Mazzei is running for Governor in Oklahoma, where I was the ONLY President to win ALL 77 Counties in three straight Elections. Additionally, I won more votes than any Candidate in the State's History! I LOVE Oklahoma, and Mike has my COMPLETE and TOTAL Endorseme"
116776790136289354,2026-06-19T12:33:28.085000+00:00,2026-06-19,12,truth_social,cnn_truth_archive,sector_keywords|entity_mention|theme:defense_geopolitics,defense_geopolitics,7,8,"The War has diminished Iran! It doesn't, any longer, have an Air Force, a Navy, Antiaircraft Equipment, Radar, or practically anything else, and yet the Dumocrats say that Iran is better off now than it was four months ago. Can you imagine getting away with that??? How stupid can"
116776806511904791,2026-06-19T12:37:37.953000+00:00,2026-06-19,12,truth_social,cnn_truth_archive,theme:defense_geopolitics,defense_geopolitics,6,7,"We didn't meet out of desperation, Iran did. They are FINISHED! We'll play out the 60 days. They get no money, not ten cents!"
116777408397415858,2026-06-19T15:10:41.996000+00:00,2026-06-19,15,truth_social,cnn_truth_archive,sector_keywords,,12,13,"Senator Lindsey Graham is working incredibly hard for the Great People of South Carolina, a State I love and WON BIG in 2016, 2020, and 2024! Lindsey has been a wonderful friend, and has always been there when I needed him. As the Chair of the Senate Budget Committee, Lindsey is "
116782087277472431,2026-06-20T11:00:36.045000+00:00,2026-06-20,11,truth_social,cnn_truth_archive,sector_keywords|entity_mention|theme:defense_geopolitics,defense_geopolitics,7,8,"Radical Left fools and Dumocrats realize how well we have done in our War against Iran, with their Country being completely defeated militarily. Obuma just kept giving them $Billions in cash, and never used our then depleted military for what should have been done to reign in the"
116782277725628816,2026-06-20T11:49:02.054000+00:00,2026-06-20,11,truth_social,cnn_truth_archive,sector_keywords|entity_mention|theme:defense_geopolitics,defense_geopolitics,7,8,"Italian Prime Minister Gigiorgia Meloni asked, over and over, for a picture with me during the G-7 meeting in France. She is doing poorly in Italy with her level of popularity, possibly because she turned down the United States of America, a Country that truly loves and protects "
116782304422351399,2026-06-20T11:55:49.414000+00:00,2026-06-20,11,truth_social,cnn_truth_archive,sector_keywords|entity_mention|theme:defense_geopolitics,defense_geopolitics,7,8,"Funny how the Dumocrats like to say that Iran is in a stronger position today than they were three months ago, despite the fact that they have been defeated militarily, with no Navy or Air Force. That's why I call them the Dumocrats!!! President DJT"
116782416835973120,2026-06-20T12:24:24.704000+00:00,2026-06-20,12,truth_social,cnn_truth_archive,sector_keywords|entity_mention|theme:defense_geopolitics,defense_geopolitics,7,8,"Italian Prime Minister Giorgia Meloni asked, over and over, for a picture with me during the G-7 meeting in France. She is doing poorly in Italy with her level of popularity, possibly because she turned down the United States of America, a Country that truly loves and protects It"
116782997575708953,2026-06-20T14:52:06.094000+00:00,2026-06-20,14,truth_social,cnn_truth_archive,entity_mention,,1,2,"POLL: Which do you prefer, Dumocrat or Dumbocrat? In one case, you simply exchange the ""e"" for ""u,"" so simple and precise (Many people don't know, or assume, that DUMB ends in ""b""). In the other case, you spell out DUMB, but it seems to lose some of the identity to Democrats when"
116783258942981812,2026-06-20T15:58:34.242000+00:00,2026-06-20,15,truth_social,cnn_truth_archive,entity_mention,,1,2,"POLL: ICE has been abused by the Fake News Media at levels never seen before. They are Great Patriots who work hard, and do a fantastic job in a very hostile environment. Much of this hostility is caused by the Dumocrats and the Fake News. The concept I have had for quite some ti"
116784032456610294,2026-06-20T19:15:17.118000+00:00,2026-06-20,19,truth_social,cnn_truth_archive,entity_mention,,1,2,"There will be NO TOLLS in the  Hormuz Strait for 60 days during the Cease Fire Period, and there will be NO TOLLS after the 60 day period has expired, unless they are imposed by and for the United States of America, should the deal not be completed, for services rendered as the G"
116784450971912162,2026-06-20T21:01:43.155000+00:00,2026-06-20,21,truth_social,cnn_truth_archive,entity_mention,,1,2,The United States Park Police have arrested multiple individuals for vandalizing our Nations magnificent Reflecting Poll. Who would do such a thing? These are very serious crimes having to do with the destruction of National Monuments. Years in jail! Work will begin immediately o
116784751146148991,2026-06-20T22:18:03.455000+00:00,2026-06-20,22,truth_social,cnn_truth_archive,entity_mention,,1,2,The United States Park Police have arrested multiple individuals for vandalizing our Nations magnificent Reflecting Pool. Who would do such a thing? These are very serious crimes having to do with the destruction of National Monuments. Years in jail! Work will begin immediately o
116785607752936424,2026-06-21T01:55:54.233000+00:00,2026-06-21,1,truth_social,cnn_truth_archive,entity_mention,,1,2,Great daughter. MyHonor!!! President DJT
116787911354917242,2026-06-21T11:41:44.414000+00:00,2026-06-21,11,truth_social,cnn_truth_archive,sector_keywords|entity_mention|theme:jobs_economy|theme:stock_market_macro,jobs_economy/stock_market_macro,6,7,"Happy Father's Day! Our Country is doing GREAT. Record Jobs Numbers and Stock Market, BEST ECONOMY EVER! Greatest Military in the World, by far. We are WINNING on all fronts, WINNING LIKE NEVER BEFORE. GOD BLESS YOU ALL!!! President DONALD J. TRUMP"
116788188161761991,2026-06-21T12:52:08.151000+00:00,2026-06-21,12,truth_social,cnn_truth_archive,entity_mention,,1,2,"Lots of Killing going on in Chicago. 22 people shot, at least 4 Dead. Why isn't Governor Pritzker calling me for help. I could make Chicago a safe City in ONE MONTH, in ONE YEAR, it would be one of the safest!!! D.C. went from one of the worst, to one of the safest cities in the "
116788337995785578,2026-06-21T13:30:14.432000+00:00,2026-06-21,13,truth_social,cnn_truth_archive,theme:defense_geopolitics,defense_geopolitics,6,7,"Iran must immediately stop their highly paid PROXIES in Lebanon from causing trouble. If they don't, we'll hit Iran very hard again, just like we did last week, only harder!!! President  DONALD J. TRUMP"
116788451975276121,2026-06-21T13:59:13.627000+00:00,2026-06-21,13,truth_social,cnn_truth_archive,sector_keywords|entity_mention,,7,8,Keir Starmer will resign as Prime Minister of The United Kingdom. He failed badly on two very important subjects- IMMIGRATION AND ENERGY (OPEN NORTH SEA OIL!). I wish him well! President DJT
116789789595899412,2026-06-21T19:39:24.097000+00:00,2026-06-21,19,truth_social,cnn_truth_archive,theme:defense_geopolitics,defense_geopolitics,6,7,"After spending Trillions of Dollars on NATO, Italy, and its Prime Minister, wouldn't even think of becoming involved with the Islamic Republic of Iran and their very serious Nuclear Threat. For decades, we defend them but, when tested, they are not there to defend us, and the res"
116790016615762850,2026-06-21T20:37:08.146000+00:00,2026-06-21,20,truth_social,cnn_truth_archive,entity_mention,,1,2,"Work will begin immediately on fixing the seriously vandalized Reflecting Pool. I just inspected it, and could only say to myself, and those gathered around me, WOW, who would do such a thing? SICK, DERANGED PEOPLE! We will fix it? President DJT"
116790096457517049,2026-06-21T20:57:26.429000+00:00,2026-06-21,20,truth_social,cnn_truth_archive,sector_keywords|entity_mention|theme:stock_market_macro|theme:fed_rates|theme:jobs_economy|theme:manufacturing_reshoring,stock_market_macro/fed_rates/jobs_economy/manufacturing_reshoring,19,20,"The headline in the Corrupt and Failing New York Times: ""What Changed After Almost 4 Months of War? Analysts Say Not Much."" REALLY? Their Military is DONE, their Navy is GONE, their Air Force is GONE, their Launching Pads, Missiles, Drones and Manufacturing of same, is almost GON"
116790453299036730,2026-06-21T22:28:11.398000+00:00,2026-06-21,22,truth_social,cnn_truth_archive,entity_mention|theme:defense_geopolitics,defense_geopolitics,7,8,"The way the Corrupt and Failing New York Times is covering stories on a very battered and beat up  Iran, through FAKE & MADE UP ""FACTS"" is, in my opinion, ""TREASONOUS."" I will be adding all of their false and ridiculous reporting to my multi Billion Dollar lawsuit against them. T"
116793994014541387,2026-06-22T13:28:38.434000+00:00,2026-06-22,13,truth_social,cnn_truth_archive,entity_mention,,1,2,"Of the MANY Statues and Fountains that we rebuilt, renovated, cleaned, and fixed, the only one that was Vandalized was the Reflecting Pool, which is being taken care of, ASAP! It has been given a 300 foot long gash, chemicals have been illegally placed in the water, and the beaut"
116794817775547048,2026-06-22T16:58:08.065000+00:00,2026-06-22,16,truth_social,cnn_truth_archive,sector_keywords|entity_mention|theme:defense_geopolitics,defense_geopolitics,6,7,"Everybody is fully aware that Iran will agree to have Major Weapons Inspections in order to ensure ""Nuclear Honesty"" long into the future. President DONALD J. TRUMP"
116794870476217923,2026-06-22T17:11:32.215000+00:00,2026-06-22,17,truth_social,cnn_truth_archive,sector_keywords,,12,13,"Highly Respected and very popular Nassau County Executive, Bruce Blakeman, is running to be the next Governor of New York. Bruce is MAGA all the way, and has been with me from the very beginning. As Nassau County Executive, he is working tirelessly with the Brave Heroes of ICE, B"
116794874431459937,2026-06-22T17:12:32.566000+00:00,2026-06-22,17,truth_social,cnn_truth_archive,sector_keywords,,12,13,"Congresswoman Nicole Malliotakis is a Tremendous Champion for New York's 11th Congressional District! As a Member of the POWERFUL Ways & Means Committee, Nicole knows the America First Policies required to Create GREAT Jobs, Cut Taxes and Regulations, and Champion our Nation's Go"
116794876797632455,2026-06-22T17:13:08.670000+00:00,2026-06-22,17,truth_social,cnn_truth_archive,sector_keywords|theme:jobs_economy,jobs_economy,12,13,"Congressman Mike Lawler is a Strong Champion, and Highly Effective Representative, for the Great People of New York's 17th Congressional District! A true America First Patriot, Mike is fighting hard to Grow our Economy, Create Jobs, Lower Taxes, Promote American Energy DOMINANCE,"
116794878683037090,2026-06-22T17:13:37.439000+00:00,2026-06-22,17,truth_social,cnn_truth_archive,sector_keywords|theme:taxes,taxes,18,19,"It is my Great Honor to endorse Peter Oberacker, an incredible Candidate who is running to represent the fantastic people of New York's 19th Congressional District. He is running against Josh Riley, a true Radical Left Extremist who does not represent the Values of Central New Yo"
116794880201730909,2026-06-22T17:14:00.614000+00:00,2026-06-22,17,truth_social,cnn_truth_archive,sector_keywords,,12,13,"Congressman Nick Langworthy is an America First Patriot, who is doing a fantastic job representing New York's 23rd Congressional District! Nick served as the powerful Chairman of the New York Republican State Committee, prior to becoming a very distinguished and respected U.S. Co"
116794882810036308,2026-06-22T17:14:40.413000+00:00,2026-06-22,17,truth_social,cnn_truth_archive,sector_keywords,,12,13,"Congresswoman Claudia Tenney is a Fantastic Advocate for the wonderful people of New York's 24th Congressional District!
As the Chairwoman of the House Election Integrity Caucus, Claudia is an America First Fighter for Safeguarding our Cherished Right to Free and Fair Elections. "
116794885116775237,2026-06-22T17:15:15.612000+00:00,2026-06-22,17,truth_social,cnn_truth_archive,sector_keywords|theme:agriculture,agriculture,12,13,"Highly Respected MAGA Warrior, Cody Simpson, is running for Commissioner of Agriculture in the wonderful State of South Carolina, which I won in 2016, 2020, and 2024, with the Highest Vote in History! Cody is a Fifth Generation Farmer, and Former Agriculture Advisor and Chief Exe"
116794886373734252,2026-06-22T17:15:34.791000+00:00,2026-06-22,17,truth_social,cnn_truth_archive,sector_keywords,,12,13,"It is my Great Honor to endorse Congressman Blake Moore to represent the fantastic people of Utah's 2nd Congressional District! As the Vice Chairman of the House Republican Conference, Blake is doing an incredible job advancing our America First Agenda. He is working hard to Grow"
116794887661719912,2026-06-22T17:15:54.443000+00:00,2026-06-22,17,truth_social,cnn_truth_archive,sector_keywords,,12,13,"It is my Great Honor to endorse Congresswoman Celeste Maloy to represent the tremendous people of Utah's 3rd Congressional District! Celeste has a strong Record of Success, and resounding support from her Community. In Congress, she is working hard to Keep our Border SECURE, Stop"
116794888797757311,2026-06-22T17:16:11.778000+00:00,2026-06-22,17,truth_social,cnn_truth_archive,sector_keywords,,12,13,"It is my Great Honor to endorse Congressman Mike Kennedy, M.D., to represent the wonderful people of Utah's 4th Congressional District! A Proven Leader, Mike has served his Community well as a Family Physician, Lawyer, and Highly Respected State Legislator, prior to becoming a di"
116795238055514720,2026-06-22T18:45:00.993000+00:00,2026-06-22,18,truth_social,cnn_truth_archive,sector_keywords|theme:agriculture,agriculture,12,13,"It is my Great Honor to endorse America First Patriot, Rhett Marques, who is running to represent the wonderful people of Alabama's 2nd Congressional District. Rhett is strongly supported by many of the Greatest MAGA Warriors in Alabama, including my friend, U.S. Senator Katie Br"
116795239595013935,2026-06-22T18:45:24.484000+00:00,2026-06-22,18,truth_social,cnn_truth_archive,sector_keywords|theme:agriculture,agriculture,12,13,"It is my Great Honor to endorse America First Patriot, Jerry Carl, who is running to represent the wonderful people of Alabama's 1st Congressional District! A Highly Respected Legislator, and Successful Businessman, Jerry has been an incredible Voice for MAGA, and has been with m"
116795259766011755,2026-06-22T18:50:32.270000+00:00,2026-06-22,18,truth_social,cnn_truth_archive,sector_keywords|theme:agriculture,agriculture,12,13,"It is my Great Honor to endorse America First Patriot, Tom Sell, who is running to represent the fantastic people of Texas' 19th Congressional District. A Fifth Generation West Texan, Businessman, Rancher, and Civic Leader, prior to running for Congress, Tom is a Proven Leader wh"
116795268678109473,2026-06-22T18:52:48.257000+00:00,2026-06-22,18,truth_social,cnn_truth_archive,sector_keywords,,12,13,"Congressman Andy Harris is a Great Champion for Maryland's 1st Congressional District!As the Highly Respected Chairman of the House Freedom Caucus, Andy is doing a fantastic job advancing our AMERICA FIRST Agenda. He is fighting tirelessly to Grow our Economy, Cut Taxes and Regul"
116795325176339371,2026-06-22T19:07:10.346000+00:00,2026-06-22,19,truth_social,cnn_truth_archive,sector_keywords,,12,13,"It is my Great Honor to endorse Amir Hassan, who is running to represent the fantastic people of Michigan's 8th Congressional District! From bravely fighting for our incredible U.S. Navy, to protecting his Community as a Federal Law Enforcement Officer, Amir has served our Nation"
116795335297956967,2026-06-22T19:09:44.796000+00:00,2026-06-22,19,truth_social,cnn_truth_archive,sector_keywords,,12,13,"It is my Great Honor to endorse America First Patriot, ""Captain"" Mike Bouchard, who is running to represent the wonderful people of Michigan's 10th Congressional District! A Third Generation Michigander, Brave U.S. Army Veteran, and Bronze Star Recipient, Mike has served his Stat"
116795357855328809,2026-06-22T19:15:28.988000+00:00,2026-06-22,19,truth_social,cnn_truth_archive,sector_keywords,,12,13,"It is my Great Honor to endorse America First Congressman, John James, who is running to become the next Governor of the Beautiful State of Michigan! A West Point Graduate, Combat Pilot, Brave Iraq War Veteran, Successful Businessman and Job Creator, and now, as a Highly Respecte"
116796204866042899,2026-06-22T22:50:53.387000+00:00,2026-06-22,22,truth_social,cnn_truth_archive,sector_keywords|theme:taxes,taxes,12,13,"It is my Great Honor to endorse MAGA Warrior, Mike LiPetri, who is running to represent the fantastic people of New York's 3rd Congressional District against a Congressman who has proven to be a Radical Left Lunatic, who wants Open Borders, Men playing in Women's Sports, Transgen"
116796512818935902,2026-06-23T00:09:12.334000+00:00,2026-06-23,0,truth_social,cnn_truth_archive,entity_mention,,1,2,"In describing the Vandalism that took place at the Reflecting Pool in Washington, D.C., ABC FAKE NEWS, one of the worst in the business, even paying me $16,000,000 for past bad and inaccurate reporting, failed to report that their close ""friends,"" Dumocrats Obama and Biden, spent"
116797477878659134,2026-06-23T04:14:37.982000+00:00,2026-06-23,4,truth_social,cnn_truth_archive,entity_mention,,1,2,"At least 39 people injured, 4 dead, in Chicago weekend shootings. Governor Pritzker, I, as President, can fix this, FAST and Permanently. D.C., Memphis, New Orleans, all down to record lows, and quickly! CALL ME! President DJT"
116799154100072125,2026-06-23T11:20:55.091000+00:00,2026-06-23,11,truth_social,cnn_truth_archive,theme:agriculture|theme:defense_geopolitics,agriculture/defense_geopolitics,6,7,"Despite their protestations and false statements to the contrary, coupled with the drumbeat of the Fake News, which is doing everything possible to make the U.S. Victory as small and insignificant as possible, Iran has fully and completely agreed to highest level Nuclear inspecti"
116799167032916635,2026-06-23T11:24:12.430000+00:00,2026-06-23,11,truth_social,cnn_truth_archive,sector_keywords|entity_mention|theme:oil_energy_geopolitics,oil_energy_geopolitics,6,7,"19 Millions Barrels of Oil flowed out of the Hormuz Strait yesterday, an all time RECORD. Oil prices are tumbling down, and the World is a much safer place!!! President DONALD J. TRUMP"
116799620438726718,2026-06-23T13:19:30.854000+00:00,2026-06-23,13,truth_social,cnn_truth_archive,entity_mention,,1,2,Vote for Andy Biggs for Arizona Governor. He is GREAT!!! President DJT
116799685479849509,2026-06-23T13:36:03.303000+00:00,2026-06-23,13,truth_social,cnn_truth_archive,entity_mention,,1,2,"The GREAT Rush Limbaugh's wonderful wife, Kathryn, was fantastic today on Fox & Friends, as interviewed by Ainsley. We all miss Rush, truly one of a kind!!! President DJT"
116801336239023557,2026-06-23T20:35:51.885000+00:00,2026-06-23,20,truth_social,cnn_truth_archive,entity_mention,,1,2,"Thank you, Scotland!!! President DJT"
116802765132974094,2026-06-24T02:39:15.117000+00:00,2026-06-24,2,truth_social,cnn_truth_archive,entity_mention|theme:defense_geopolitics,defense_geopolitics,7,8,"So, I have Iran on the ""ropes,"" ready to go down for the fall, willing to give us practically anything, and for the first time in decades, respecting the hell out of the United States and its President, ME, and the U.S. Senate decides to have a poorly timed and meaningless War Po"
116802818595314334,2026-06-24T02:52:50.888000+00:00,2026-06-24,2,truth_social,cnn_truth_archive,entity_mention,,1,2,"Wow, Mr. Kellyanne Conway, a Trump Deranged Loser at the highest level, is getting absolutely CRUSHED in the Primaries tonight. He'll end up at about 5% of the vote in a rather weak field of young and aggressive Communists. No wonder his ""husband"" dumped him like a dog! This is a"
116802857184219655,2026-06-24T03:02:39.707000+00:00,2026-06-24,3,truth_social,cnn_truth_archive,entity_mention,,2,3,"Weak and pathetic Congressman Dan Goldman just lost, BIG! I guess people didn't like him illegally targeting President TRUMP. In any event, this jerk is finally GONE! President DJT"
116803051885813542,2026-06-24T03:52:10.618000+00:00,2026-06-24,3,truth_social,cnn_truth_archive,entity_mention,,1,2,Many Communists running in badly failing Blue States. The votes seem to have them doing quite well against each other. The bad news is that history has conclusively shown that the downtrodden States that they will soon be running will ONLY GET WORSE. MAGA! President DJT
116803130747198847,2026-06-24T04:12:13.948000+00:00,2026-06-24,4,truth_social,cnn_truth_archive,sector_keywords|entity_mention,,7,8,"The big Oil Companies are not dropping their price at the pump commensurate with the sharply lower prices they are paying for Oil. Those prices are dropping like a rock! In other words, customers are being ""gouged."" I have instructed the DOJ to immediately start looking into this"
116803704330293684,2026-06-24T06:38:06.131000+00:00,2026-06-24,6,truth_social,cnn_truth_archive,entity_mention,,1,2,America the Beautiful will NEVER be a Communist Country!!! President DJT
116804880689253931,2026-06-24T11:37:15.944000+00:00,2026-06-24,11,truth_social,cnn_truth_archive,theme:defense_geopolitics|theme:agriculture,defense_geopolitics/agriculture,6,7,"Iran has informed the U.S. that, despite troublemaking Fake News reporting to the contrary, there are ""NO TOLLS, NO INSURANCE COSTS, & NO OTHER CHARGES OF ANY KIND BEING SOUGHT OR RECEIVED BY IRAN ON SHIPS TRAVELING THE STRAIT OF HORMUZ."" If this is false information, negotiation"
116804998509920399,2026-06-24T12:07:13.744000+00:00,2026-06-24,12,truth_social,cnn_truth_archive,entity_mention,,2,3,"Even though he tried unsuccessfully to prosecute me, and despite the fact that he is a major Slimeball, I feel sorry for FORMER Congressman Dan Goldman. He is wandering aimlessly, together with the former husband of the great Kellyanne Conway, through a large field of Dumocrat Co"
116805090200626611,2026-06-24T12:30:32.792000+00:00,2026-06-24,12,truth_social,cnn_truth_archive,entity_mention,,1,2,Big Rally tonight on the National Mall. Fantastic Music!!! MAGA!!! FUN!!! Be there at 7:00 P.M. President DJT
116805400052068772,2026-06-24T13:49:20.755000+00:00,2026-06-24,13,truth_social,cnn_truth_archive,sector_keywords|entity_mention|theme:fed_rates,fed_rates,7,8,"The Elizabeth ""Pocahontas"" Warren centric housing bill, which is of minor importance compared to lower interest rates, and even FISA, pales in comparison to passing THE SAVE AMERICA ACT. That is what Americans, both Dumocrats, Republicans, and everyone else, care about. Get the b"
116805503768093822,2026-06-24T14:15:43.336000+00:00,2026-06-24,14,truth_social,cnn_truth_archive,entity_mention,,1,2,"Mayor Mamdani pulled through 3 solid Communists, and has received loud and universal applause from the Fake News Media. Congratulations Mr. Mayor! I went 16-0 last night, helping to elect wonderful American Patriots, and the Media doesn't say a word. Over the last two years, my e"
116805510184370677,2026-06-24T14:17:21.236000+00:00,2026-06-24,14,truth_social,cnn_truth_archive,entity_mention,,1,2,MY REAL POLL NUMBERS ARE THE HIGHEST THEY HAVE EVER BEEN. THANK YOU!!! President DJT
116805545512296111,2026-06-24T14:26:20.301000+00:00,2026-06-24,14,truth_social,cnn_truth_archive,entity_mention,,1,2,"Today's Housing News Conference and Signing is hereby cancelled until such time as we pass the desperately needed SAVE AMERICA ACT, which I consider to be a National Emergency. Thank you for your attention to this matter! President DJT"
116808568420301784,2026-06-25T03:15:06.253000+00:00,2026-06-25,3,truth_social,cnn_truth_archive,entity_mention|theme:defense_geopolitics,defense_geopolitics,7,8,"Wow! The Senate just changed its vote on Iran from 50-48 against, to 50-47 for. Rand Paul and Bill Cassidy changed. Thank you to Leader John Thune, Lindsey Graham, Bernie Moreno, and all. This vote puts Iran on notice! President DJT"
116808686040715251,2026-06-25T03:45:00.999000+00:00,2026-06-25,3,truth_social,cnn_truth_archive,entity_mention,,1,2,"The two major earthquakes that just hit the great people of Venezuela are both massive in scale and have left a devastating number of deaths. The U.S.A. stands ready, willing, and able to help! I have instructed all agencies of our government to get ready to move quickly. We will"
116810046344255729,2026-06-25T09:30:57.585000+00:00,2026-06-25,9,truth_social,cnn_truth_archive,theme:defense_geopolitics,defense_geopolitics,6,7,"After testy exchange, Senate hands Trump win by rejecting bill to rein in his war on Iran: https://justthenews.com/government/congress/after-testy-exchange-senate-hands-trump-win-rejecting-bill-rein-his-war-iran"
116813106147178492,2026-06-25T22:29:06.438000+00:00,2026-06-25,22,truth_social,cnn_truth_archive,sector_keywords|entity_mention,,6,7,"Last night's Rally was packed — 45,000 people. July 4th will be a step beyond anything you've ever seen. The Military flyovers will be the best, EVER — The most planes, the newest planes, the fastest planes! I'll be there to speak about how Great our Country is and, Making Americ"
116813202769287423,2026-06-25T22:53:40.766000+00:00,2026-06-25,22,truth_social,cnn_truth_archive,sector_keywords|entity_mention|theme:pharma_healthcare,pharma_healthcare,6,7,It is my Great Honor to announce the nomination of Chris Klomp @1klomp as our next Deputy Secretary of Health and Human Services (HHS)! His rapid rise in my Administration proves that he is a potential STAR. Chris is a Strong and Inspiring Leader and a Highly Successful Entrepren
116816466651864171,2026-06-26T12:43:43.703000+00:00,2026-06-26,12,truth_social,cnn_truth_archive,entity_mention,,1,2,Roger Marshall of Kansas is a GREAT Republican Senator who just plain GETS THE JOB DONE. Thank you Roger! President DJT
116816735268373974,2026-06-26T13:52:02.465000+00:00,2026-06-26,13,truth_social,cnn_truth_archive,theme:defense_geopolitics,defense_geopolitics,6,7,"Other Polls have my Approval Rating at 65%, and more! Like Journalists, Honest Pollsters are very rare and hard to find! President DJThttps://www.newsmax.com/mclaughlin/mclaughlin-poll-iran/2026/06/25/id/1260918/"
116817203281419093,2026-06-26T15:51:03.777000+00:00,2026-06-26,15,truth_social,cnn_truth_archive,theme:defense_geopolitics,defense_geopolitics,6,7,"The Islamic Republic of Iran shot at least four One Way Attack Drones at Ships transversing the Strait of Hormuz. One of the Drones solidly hit the upper deck of a large and very expensive Cargo Carrying Ship. Damage was done, but the Ship was able to proceed on its way. We knock"
116817320899062447,2026-06-26T16:20:58.479000+00:00,2026-06-26,16,truth_social,cnn_truth_archive,sector_keywords|entity_mention|theme:tariffs_trade,tariffs_trade,19,20,Numerous European Countries have been discussing the imminent implementation of a Digital Services Tax on American Companies. Some of these Countries are close to actually doing this. Please let this statement serve to represent that any Country that imposes such a Tax will immed
116817526085394987,2026-06-26T17:13:09.375000+00:00,2026-06-26,17,truth_social,cnn_truth_archive,sector_keywords|entity_mention,,6,7,"I will be speaking at 1:30 P.M. to The Faith and Freedom Coalition, and one of the Statements I will be making, perhaps the most important of them all, concerns the recent Election of Communists in our Country. Communism is very easy to sell. I'd be the Greatest Communist in Hist"
116818397307589675,2026-06-26T20:54:43.200000+00:00,2026-06-26,20,truth_social,cnn_truth_archive,entity_mention,,1,2,"The U.S.A.'s New Passport, which says, ""Welcome, but be good!"" President DJT"
116818915365927435,2026-06-26T23:06:28.073000+00:00,2026-06-26,23,truth_social,cnn_truth_archive,sector_keywords|theme:agriculture,agriculture,12,13,"Highly Respected America First Congresswoman, Julia Letlow, of the wonderful State of Louisiana, is a Great Star, has been from the very beginning, and only gets better! Julia is running for the United States Senate in Louisiana, a place I love and WON BIG, six times, including P"
116819418021640869,2026-06-27T01:14:18.033000+00:00,2026-06-27,1,truth_social,cnn_truth_archive,entity_mention,,1,2,"John Bolton, a very dumb, unbalanced, and unskilled former representative of the United States of America, just pleads guilty! He is a terrible person, a lunatic who only wanted to start trouble and wars, and who was a needless pusher of death and destruction wherever he went. Ho"
116821470056250616,2026-06-27T09:56:09.624000+00:00,2026-06-27,9,truth_social,cnn_truth_archive,entity_mention,,1,2,RT: https://truthsocial.com/users/realDonaldTrump/statuses/116818915365927435LOUISIANA: VOTE FOR JULIA TODAY!!! DJT
116824603632739697,2026-06-27T23:13:04.138000+00:00,2026-06-27,23,truth_social,cnn_truth_archive,sector_keywords|entity_mention|theme:defense_geopolitics,defense_geopolitics,7,8,"United States aircraft just struck Iranian missile and drone storage locations, and coastal radar sites, for violating the Cease Fire Agreement, AGAIN! It is very possible that they will never learn! There may come a point when we are no longer able to be reasonable, and will be "
116825706034291064,2026-06-28T03:53:25.491000+00:00,2026-06-28,3,truth_social,cnn_truth_archive,sector_keywords|theme:defense_geopolitics|theme:tariffs_trade,defense_geopolitics/tariffs_trade,29,30,Mack to the future: Trump touts Iran deal energy boom that could boost trucking biz: https://justthenews.com/government/white-house/mack-future-trump-touts-tariffs-and-iran-deal-energy-boom-will-boost
116825821568797363,2026-06-28T04:22:48.371000+00:00,2026-06-28,4,truth_social,cnn_truth_archive,sector_keywords|entity_mention|theme:defense_geopolitics,defense_geopolitics,6,7,"Based on a very quick and boring briefing concerning the Magot Hagerman book about me, it is mostly made up, Fake News, largely fiction, as have been most of the things she has written about me for so many years. She is a third rate writer and intellect, who has made a first rate"
116831104490275644,2026-06-29T02:46:19.422000+00:00,2026-06-29,2,truth_social,cnn_truth_archive,entity_mention,,1,2,Great painting!!  President DJT
116832995541119171,2026-06-29T10:47:14.502000+00:00,2026-06-29,10,truth_social,cnn_truth_archive,sector_keywords|entity_mention|theme:defense_geopolitics,defense_geopolitics,6,7,"Highest Poll Numbers Ever. Even Higher than Election Day, November 5th. This despite the fact that, IRAN WILL NOT HAVE A NUCLEAR WEAPON!"
116833127066912322,2026-06-29T11:20:41.422000+00:00,2026-06-29,11,truth_social,cnn_truth_archive,sector_keywords|entity_mention,,7,8,"GAS PRICES COMING DOWN, FAST! REPORT ANY ABUSES AT RETAIL LEVEL!!! President DJT"
116833138299035157,2026-06-29T11:23:32.814000+00:00,2026-06-29,11,truth_social,cnn_truth_archive,sector_keywords|entity_mention|theme:defense_geopolitics,defense_geopolitics,13,14,"WTI CRUDE - $69, and heading down. This is less than it was prior to the start of the Denuclearization of Iran! President DJT"
116833168246538290,2026-06-29T11:31:09.778000+00:00,2026-06-29,11,truth_social,cnn_truth_archive,entity_mention|theme:defense_geopolitics,defense_geopolitics,7,8,IRAN HAS REQUESTED A MEETING. IT WILL TAKE PLACE TOMORROW IN DOHA! President DJT
116834002761429397,2026-06-29T15:03:23.499000+00:00,2026-06-29,15,truth_social,cnn_truth_archive,sector_keywords|entity_mention,,6,0,"In light of the tremendous loss in the Supreme Court today concerning Voter's Rights, and the fact that ""people's"" votes are allowed to be counted LONG AFTER an Election is over, it is more important than ever to pass THE SAVE AMERICA ACT, which is, 1. ALL VOTERS MUST SHOW PHOTO "
116834083672690020,2026-06-29T15:23:58.107000+00:00,2026-06-29,15,truth_social,cnn_truth_archive,sector_keywords|entity_mention|theme:fed_rates,fed_rates,6,0,"The Cook Lawsuit, having to do with her suitability in sitting on the Board of the Federal Reserve, was sent back by the Supreme Court on a strictly procedural basis, we will take appropriate action immediately to make sure that someone who has committed wrongdoing will not be ma"
116836032463779667,2026-06-29T23:39:34.264000+00:00,2026-06-29,23,truth_social,cnn_truth_archive,sector_keywords,,12,0,"Gasoline Retailers must get their Prices down, IMMEDIATELY! They're too high considering that Oil is now at $68 a Barrel, and heading south. The Retailers must quickly react to this statement, and do what they know is right — DROP YOUR PRICE FOR OUR GREAT AMERICAN PEOPLE! There w"
116836441513735171,2026-06-30T01:23:35.867000+00:00,2026-06-30,1,truth_social,cnn_truth_archive,sector_keywords|entity_mention,,6,0,"I am pleased to announce the nomination of Justice Gregory Cook to serve as a Judge on the U.S. District Court for the Northern District of Alabama. Greg was elected to the Alabama Supreme Court in 2022. Before joining the Bench, he had a private practice career spanning more tha"
116840216226791835,2026-06-30T17:23:33.457000+00:00,2026-06-30,17,truth_social,cnn_truth_archive,sector_keywords,,12,0,"Congressman Jeff Hurd is an incredible Representative for the Great People of Colorado's 3rd Congressional District! Jeff has a strong Record of SUCCESS, and resounding support from his Community. In Congress, he is fighting tirelessly to Keep our Border SECURE, Support our Incre"
116840217466948975,2026-06-30T17:23:52.380000+00:00,2026-06-30,17,truth_social,cnn_truth_archive,sector_keywords,,12,0,"Congressman Jeff Crank is doing a truly fantastic job representing the Great People of Colorado's 5th Congressional District! Jeff is a Fierce Advocate for our America First Agenda. In Congress, he is fighting hard to Grow our Economy, Lower Taxes, Cut Regulations, Promote MADE I"
116840218534572591,2026-06-30T17:24:08.672000+00:00,2026-06-30,17,truth_social,cnn_truth_archive,sector_keywords,,12,0,"Congressman Gabe Evans is an America First Patriot who is doing a fantastic job representing Colorado's 8th Congressional District! A decorated Army Helicopter Pilot and former Police Officer, Gabe has served our Nation with Great Honor and Distinction. In Congress, he is fightin"
116840243627255640,2026-06-30T17:30:31.556000+00:00,2026-06-30,17,truth_social,cnn_truth_archive,theme:china,china,13,0,"I would like to congratulate President Xi, and the Great Country of China, on their massive Birthright Citizenship WIN! President DONALD J. TRUMP"
116841220861327348,2026-06-30T21:39:02.922000+00:00,2026-06-30,21,truth_social,cnn_truth_archive,sector_keywords|entity_mention|theme:oil_energy_geopolitics|theme:defense_geopolitics|theme:manufacturing_reshoring,oil_energy_geopolitics/defense_geopolitics/manufacturing_reshoring,17,0,"BIG NEWS! For the first time ever, the Republican Party will hold a MIDTERM CONVENTION. It will be in Dallas, Texas — One of my favorite places in the World. It will be fantastic! It has never been done before, and will be a truly Historic Event. We are going to celebrate the GRE"
116847413162359390,2026-07-01T23:53:49.941000+00:00,2026-07-01,23,truth_social,cnn_truth_archive,sector_keywords|theme:oil_energy_geopolitics|theme:defense_geopolitics,oil_energy_geopolitics/defense_geopolitics,18,0,"Just as I promised, Oil Prices are plummeting FAST, and Gas Prices at the pump are dropping too, but not as fast as they should be. As we approach America's 250th Birthday, I am pleased to announce that a VERY smart Retailer, located throughout the Northeast, is stepping up, and "
116847640860677495,2026-07-02T00:51:44.340000+00:00,2026-07-02,0,truth_social,cnn_truth_archive,sector_keywords|entity_mention,,6,0,Hegseth: We must spend big on defense to save America's economic might: https://nypost.com/2026/06/23/opinion/hegseth-we-must-spend-big-on-defense-to-save-americas-economic-might/
116847906594604040,2026-07-02T01:59:19.117000+00:00,2026-07-02,1,truth_social,cnn_truth_archive,theme:stock_market_macro,stock_market_macro,0,0,S&P 500 closes with strongest quarter since 2020: https://justthenews.com/politics-policy/finance/sp-500-closes-strongest-quarter-2020
116850279579552155,2026-07-02T12:02:47.999000+00:00,2026-07-02,12,truth_social,cnn_truth_archive,entity_mention|theme:defense_geopolitics,defense_geopolitics,7,0,"The United States spends more money on NATO than any other country, by far, to protect them, without getting any benefit from so doing: U.S. 999 Billion Dollars, United Kingdom, 90.5 Billion Dollars, France, 66.5  Billion Dollars, Italy, 48.8 Billion Dollars, Poland, 44.3 Billion"
116850596821921968,2026-07-02T13:23:28.727000+00:00,2026-07-02,13,truth_social,cnn_truth_archive,entity_mention,,1,0,"How about this? Micron, a GREAT American Company, announced that they are putting in 250 Million Dollars into the Trump Accounts for the future benefit of children, and their stock went up 9 points today. Thank you Micron! President DJT"
116851640807022172,2026-07-02T17:48:58.681000+00:00,2026-07-02,17,truth_social,cnn_truth_archive,sector_keywords|entity_mention,,6,0,"Today I am declaring a National Scallops Day to celebrate an action taken by the National Oceanic and Atmospheric Administration (NOAA) that will open up the Northern Edge of Georges Bank to Scallops Fishing, fulfilling the dream to our Great Fishermen who were so badly treated b"
116853549264630885,2026-07-03T01:54:19.433000+00:00,2026-07-03,1,truth_social,cnn_truth_archive,sector_keywords|entity_mention,,6,0,"I am thrilled to announce the opening of SPIRIT OF '76 at FREEDOM PLAZA, a new Exhibition in Washington, D.C., honoring the Heroes and Martyrs of the American Revolution. This Exhibition includes a series of statues, including an equestrian statue of Founding Father Caesar Rodney"
116853791867694191,2026-07-03T02:56:01.261000+00:00,2026-07-03,2,truth_social,cnn_truth_archive,entity_mention,,1,0,Ridiculous for the U.S.A. to continue along this one sided path when the relationship is not reciprocal. They were not there for us!!! President DJT
116857677816767526,2026-07-03T19:24:16.176000+00:00,2026-07-03,19,truth_social,cnn_truth_archive,sector_keywords|entity_mention,,6,0,"It is my Great Honor to have just signed Pardons for six people who were persecuted by the Biden Administration, and were in, or being sent to, prison, for ""fixing their car."" While I know this sounds ridiculous, it is nevertheless a fact, and part of the Weaponization and Stupid"
116859006382890396,2026-07-04T01:02:08.485000+00:00,2026-07-04,1,truth_social,cnn_truth_archive,sector_keywords|entity_mention|theme:stock_market_macro|theme:tariffs_trade|theme:taxes|theme:jobs_economy|theme:manufacturing_reshoring,stock_market_macro/tariffs_trade/taxes/jobs_economy/manufacturing_reshoring,19,0,"THE TRUMP ECONOMY IS SOARING! The Stock Market just completed its BEST QUARTER since the last time I was President. The S&P 500, Nasdaq, and Dow are all SURGING, sending Americans' 401(k)s higher and higher. My Working Families Tax Cuts mean MORE MONEY IN AMERICAN POCKETS. Our Tr"
116859272442865972,2026-07-04T02:09:48.198000+00:00,2026-07-04,2,truth_social,cnn_truth_archive,entity_mention,,1,0,"Heading to beautiful Mount Rushmore to speak, shortly. Big Crowd! On all TV. Enjoy! President DJT"
116863241061573145,2026-07-04T18:59:04.514000+00:00,2026-07-04,18,truth_social,cnn_truth_archive,entity_mention,,1,0,"Europe is learning that when you take in Third World criminals, you become a Third World Country. It happens quickly, in just a blink of the eye. I was elected just in time!!! President DJT"
116864961960694526,2026-07-05T02:16:43.352000+00:00,2026-07-05,2,truth_social,cnn_truth_archive,entity_mention,,1,0,I'M HERE!!! DJT
116865509906385097,2026-07-05T04:36:04.379000+00:00,2026-07-05,4,truth_social,cnn_truth_archive,entity_mention,,1,0,"Best fireworks show, EVER! President DJT"
116868019451683008,2026-07-05T15:14:16.965000+00:00,2026-07-05,15,truth_social,cnn_truth_archive,theme:defense_geopolitics,defense_geopolitics,6,0,Bessent Says Iran Talks Feature Shift to Dollar Invoicing: https://www.bloomberg.com/news/articles/2026-06-24/bessent-says-iran-talks-feature-shifting-to-invoicing-in-dollars?embedded-checkout=true
116868292534134605,2026-07-05T16:23:43.869000+00:00,2026-07-05,16,truth_social,cnn_truth_archive,theme:semis_tech_supplychain|theme:defense_geopolitics,semis_tech_supplychain/defense_geopolitics,15,0,"From Shou Chew, CEO of TikTok: ""Attached are the latest numbers of the President on TikTok. All time views of #Trump TikToks are now at 425 billion. Also, 1 billion new views across UFC 250, Trump's Iran Peace Deal and ""Happy Birthday, Mr. President"" TikToks in just 48 hours!Wish"
116868294476750006,2026-07-05T16:24:13.516000+00:00,2026-07-05,16,truth_social,cnn_truth_archive,theme:semis_tech_supplychain,semis_tech_supplychain,9,0,RT: https://truthsocial.com/users/realDonaldTrump/statuses/116868292534134605Number 1 on TikTok!
116868325177344816,2026-07-05T16:32:01.966000+00:00,2026-07-05,16,truth_social,cnn_truth_archive,sector_keywords|entity_mention,,6,0,Plants like this are going up all over the Country. Many are Defense. They are massive!
